Loading intel/oneapi/mkl/latest
  Loading requirement: intel/oneapi/tbb/latest intel/oneapi/compiler-rt/latest
Reading file nvt.tpr, VERSION 2025.2 (single precision)
I have 6900 beads in 1 molecules
Boundary Condition: orthorhombic
 Box matix: 4.43022 0 0
            0 4.43022 0
            0 0 4.43022
           
List of residues:
0 name: R01 id: 0

List of molecules:
molecule: 1 lmp_system beads: 6900
0 Name 1:R01:A1 Type lmp_003 Mass 12.01 Resnr 0 Resname R01 Charge -0.10048
1 Name 1:R01:A2 Type lmp_009 Mass 1.008 Resnr 0 Resname R01 Charge 0.02361
2 Name 1:R01:A3 Type lmp_009 Mass 1.008 Resnr 0 Resname R01 Charge 0.02361
3 Name 1:R01:A4 Type lmp_009 Mass 1.008 Resnr 0 Resname R01 Charge 0.02361
4 Name 1:R01:A5 Type lmp_004 Mass 12.01 Resnr 0 Resname R01 Charge 0.19001
5 Name 1:R01:A6 Type lmp_003 Mass 12.01 Resnr 0 Resname R01 Charge -0.17889
6 Name 1:R01:A7 Type lmp_009 Mass 1.008 Resnr 0 Resname R01 Charge 0.04121
7 Name 1:R01:A8 Type lmp_009 Mass 1.008 Resnr 0 Resname R01 Charge 0.04121
8 Name 1:R01:A9 Type lmp_009 Mass 1.008 Resnr 0 Resname R01 Charge 0.04121
9 Name 1:R01:Aa Type lmp_005 Mass 12.01 Resnr 0 Resname R01 Charge 0.00401
10 Name 1:R01:Ab Type lmp_006 Mass 12.01 Resnr 0 Resname R01 Charge 0.00111
11 Name 1:R01:Ac Type lmp_005 Mass 12.01 Resnr 0 Resname R01 Charge -0.18989
12 Name 1:R01:Ad Type lmp_008 Mass 1.008 Resnr 0 Resname R01 Charge 0.14431
13 Name 1:R01:Ae Type lmp_005 Mass 12.01 Resnr 0 Resname R01 Charge -0.04879
14 Name 1:R01:Af Type lmp_007 Mass 12.01 Resnr 0 Resname R01 Charge 0.03141
15 Name 1:R01:A10 Type lmp_009 Mass 1.008 Resnr 0 Resname R01 Charge 0.03521
16 Name 1:R01:A11 Type lmp_007 Mass 12.01 Resnr 0 Resname R01 Charge 0.01591
17 Name 1:R01:A12 Type lmp_009 Mass 1.008 Resnr 0 Resname R01 Charge 0.03721
18 Name 1:R01:A13 Type lmp_004 Mass 12.01 Resnr 0 Resname R01 Charge 0.02141
19 Name 1:R01:A14 Type lmp_009 Mass 1.008 Resnr 0 Resname R01 Charge 0.01911
20 Name 1:R01:A15 Type lmp_007 Mass 12.01 Resnr 0 Resname R01 Charge 0.02241
21 Name 1:R01:A16 Type lmp_009 Mass 1.008 Resnr 0 Resname R01 Charge 0.03781
22 Name 1:R01:A17 Type lmp_007 Mass 12.01 Resnr 0 Resname R01 Charge 0.01411
23 Name 1:R01:A18 Type lmp_009 Mass 1.008 Resnr 0 Resname R01 Charge 0.03861
24 Name 1:R01:A19 Type lmp_004 Mass 12.01 Resnr 0 Resname R01 Charge 0.01111
25 Name 1:R01:A1a Type lmp_009 Mass 1.008 Resnr 0 Resname R01 Charge 0.02341
26 Name 1:R01:A1b Type lmp_004 Mass 12.01 Resnr 0 Resname R01 Charge -0.10289
27 Name 1:R01:A1c Type lmp_009 Mass 1.008 Resnr 0 Resname R01 Charge 0.04701
28 Name 1:R01:A1d Type lmp_009 Mass 1.008 Resnr 0 Resname R01 Charge 0.04701
29 Name 1:R01:A1e Type lmp_005 Mass 12.01 Resnr 0 Resname R01 Charge -0.03099
30 Name 1:R01:A1f Type lmp_005 Mass 12.01 Resnr 0 Resname R01 Charge -0.25069
31 Name 1:R01:A20 Type lmp_008 Mass 1.008 Resnr 0 Resname R01 Charge 0.17281
32 Name 1:R01:A21 Type lmp_006 Mass 12.01 Resnr 0 Resname R01 Charge 0.02131
33 Name 1:R01:A22 Type lmp_005 Mass 12.01 Resnr 0 Resname R01 Charge 0.02031
34 Name 1:R01:A23 Type lmp_005 Mass 12.01 Resnr 0 Resname R01 Charge -0.24969
35 Name 1:R01:A24 Type lmp_008 Mass 1.008 Resnr 0 Resname R01 Charge 0.17861
36 Name 1:R01:A25 Type lmp_005 Mass 12.01 Resnr 0 Resname R01 Charge -0.03239
37 Name 1:R01:A26 Type lmp_007 Mass 12.01 Resnr 0 Resname R01 Charge 0.03221
38 Name 1:R01:A27 Type lmp_009 Mass 1.008 Resnr 0 Resname R01 Charge 0.02561
39 Name 1:R01:A28 Type lmp_007 Mass 12.01 Resnr 0 Resname R01 Charge 0.02991
40 Name 1:R01:A29 Type lmp_009 Mass 1.008 Resnr 0 Resname R01 Charge 0.02761
41 Name 1:R01:A2a Type lmp_004 Mass 12.01 Resnr 0 Resname R01 Charge 0.05471
42 Name 1:R01:A2b Type lmp_009 Mass 1.008 Resnr 0 Resname R01 Charge 0.00921
43 Name 1:R01:A2c Type lmp_007 Mass 12.01 Resnr 0 Resname R01 Charge 0.00911
44 Name 1:R01:A2d Type lmp_009 Mass 1.008 Resnr 0 Resname R01 Charge 0.03851
45 Name 1:R01:A2e Type lmp_005 Mass 12.01 Resnr 0 Resname R01 Charge -0.12349
46 Name 1:R01:A2f Type lmp_005 Mass 12.01 Resnr 0 Resname R01 Charge -0.12549
47 Name 1:R01:A30 Type lmp_005 Mass 12.01 Resnr 0 Resname R01 Charge 0.03581
48 Name 1:R01:A31 Type lmp_003 Mass 12.01 Resnr 0 Resname R01 Charge -0.11109
49 Name 1:R01:A32 Type lmp_009 Mass 1.008 Resnr 0 Resname R01 Charge 0.04331
50 Name 1:R01:A33 Type lmp_009 Mass 1.008 Resnr 0 Resname R01 Charge 0.04331
51 Name 1:R01:A34 Type lmp_009 Mass 1.008 Resnr 0 Resname R01 Charge 0.04331
52 Name 1:R01:A35 Type lmp_005 Mass 12.01 Resnr 0 Resname R01 Charge -0.08649
53 Name 1:R01:A36 Type lmp_005 Mass 12.01 Resnr 0 Resname R01 Charge -0.09149
54 Name 1:R01:A37 Type lmp_005 Mass 12.01 Resnr 0 Resname R01 Charge 0.05181
55 Name 1:R01:A38 Type lmp_003 Mass 12.01 Resnr 0 Resname R01 Charge -0.10009
56 Name 1:R01:A39 Type lmp_009 Mass 1.008 Resnr 0 Resname R01 Charge 0.04551
57 Name 1:R01:A3a Type lmp_009 Mass 1.008 Resnr 0 Resname R01 Charge 0.04551
58 Name 1:R01:A3b Type lmp_009 Mass 1.008 Resnr 0 Resname R01 Charge 0.04551
59 Name 1:R01:A3c Type lmp_007 Mass 12.01 Resnr 0 Resname R01 Charge 0.00531
60 Name 1:R01:A3d Type lmp_009 Mass 1.008 Resnr 0 Resname R01 Charge 0.03971
61 Name 1:R01:A3e Type lmp_004 Mass 12.01 Resnr 0 Resname R01 Charge 0.05571
62 Name 1:R01:A3f Type lmp_009 Mass 1.008 Resnr 0 Resname R01 Charge 0.01041
63 Name 1:R01:A40 Type lmp_004 Mass 12.01 Resnr 0 Resname R01 Charge -0.21059
64 Name 1:R01:A41 Type lmp_009 Mass 1.008 Resnr 0 Resname R01 Charge 0.05311
65 Name 1:R01:A42 Type lmp_009 Mass 1.008 Resnr 0 Resname R01 Charge 0.05311
66 Name 1:R01:A43 Type lmp_005 Mass 12.01 Resnr 0 Resname R01 Charge -0.04569
67 Name 1:R01:A44 Type lmp_005 Mass 12.01 Resnr 0 Resname R01 Charge -0.20379
68 Name 1:R01:A45 Type lmp_008 Mass 1.008 Resnr 0 Resname R01 Charge 0.15591
69 Name 1:R01:A46 Type lmp_003 Mass 12.01 Resnr 0 Resname R01 Charge -0.10048
70 Name 1:R01:A47 Type lmp_009 Mass 1.008 Resnr 0 Resname R01 Charge 0.02361
71 Name 1:R01:A48 Type lmp_009 Mass 1.008 Resnr 0 Resname R01 Charge 0.02361
72 Name 1:R01:A49 Type lmp_009 Mass 1.008 Resnr 0 Resname R01 Charge 0.02361
73 Name 1:R01:A4a Type lmp_004 Mass 12.01 Resnr 0 Resname R01 Charge 0.19001
74 Name 1:R01:A4b Type lmp_003 Mass 12.01 Resnr 0 Resname R01 Charge -0.17889
75 Name 1:R01:A4c Type lmp_009 Mass 1.008 Resnr 0 Resname R01 Charge 0.04121
76 Name 1:R01:A4d Type lmp_009 Mass 1.008 Resnr 0 Resname R01 Charge 0.04121
77 Name 1:R01:A4e Type lmp_009 Mass 1.008 Resnr 0 Resname R01 Charge 0.04121
78 Name 1:R01:A4f Type lmp_005 Mass 12.01 Resnr 0 Resname R01 Charge 0.00401
79 Name 1:R01:A50 Type lmp_006 Mass 12.01 Resnr 0 Resname R01 Charge 0.00111
80 Name 1:R01:A51 Type lmp_005 Mass 12.01 Resnr 0 Resname R01 Charge -0.18989
81 Name 1:R01:A52 Type lmp_008 Mass 1.008 Resnr 0 Resname R01 Charge 0.14431
82 Name 1:R01:A53 Type lmp_005 Mass 12.01 Resnr 0 Resname R01 Charge -0.04879
83 Name 1:R01:A54 Type lmp_007 Mass 12.01 Resnr 0 Resname R01 Charge 0.03141
84 Name 1:R01:A55 Type lmp_009 Mass 1.008 Resnr 0 Resname R01 Charge 0.03521
85 Name 1:R01:A56 Type lmp_007 Mass 12.01 Resnr 0 Resname R01 Charge 0.01591
86 Name 1:R01:A57 Type lmp_009 Mass 1.008 Resnr 0 Resname R01 Charge 0.03721
87 Name 1:R01:A58 Type lmp_004 Mass 12.01 Resnr 0 Resname R01 Charge 0.02141
88 Name 1:R01:A59 Type lmp_009 Mass 1.008 Resnr 0 Resname R01 Charge 0.01911
89 Name 1:R01:A5a Type lmp_007 Mass 12.01 Resnr 0 Resname R01 Charge 0.02241
90 Name 1:R01:A5b Type lmp_009 Mass 1.008 Resnr 0 Resname R01 Charge 0.03781
91 Name 1:R01:A5c Type lmp_007 Mass 12.01 Resnr 0 Resname R01 Charge 0.01411
92 Name 1:R01:A5d Type lmp_009 Mass 1.008 Resnr 0 Resname R01 Charge 0.03861
93 Name 1:R01:A5e Type lmp_004 Mass 12.01 Resnr 0 Resname R01 Charge 0.01111
94 Name 1:R01:A5f Type lmp_009 Mass 1.008 Resnr 0 Resname R01 Charge 0.02341
95 Name 1:R01:A60 Type lmp_004 Mass 12.01 Resnr 0 Resname R01 Charge -0.10289
96 Name 1:R01:A61 Type lmp_009 Mass 1.008 Resnr 0 Resname R01 Charge 0.04701
97 Name 1:R01:A62 Type lmp_009 Mass 1.008 Resnr 0 Resname R01 Charge 0.04701
98 Name 1:R01:A63 Type lmp_005 Mass 12.01 Resnr 0 Resname R01 Charge -0.03099
99 Name 1:R01:A64 Type lmp_005 Mass 12.01 Resnr 0 Resname R01 Charge -0.25069
100 Name 1:R01:A65 Type lmp_008 Mass 1.008 Resnr 0 Resname R01 Charge 0.17281
101 Name 1:R01:A66 Type lmp_006 Mass 12.01 Resnr 0 Resname R01 Charge 0.02131
102 Name 1:R01:A67 Type lmp_005 Mass 12.01 Resnr 0 Resname R01 Charge 0.02031
103 Name 1:R01:A68 Type lmp_005 Mass 12.01 Resnr 0 Resname R01 Charge -0.24969
104 Name 1:R01:A69 Type lmp_008 Mass 1.008 Resnr 0 Resname R01 Charge 0.17861
105 Name 1:R01:A6a Type lmp_005 Mass 12.01 Resnr 0 Resname R01 Charge -0.03239
106 Name 1:R01:A6b Type lmp_007 Mass 12.01 Resnr 0 Resname R01 Charge 0.03221
107 Name 1:R01:A6c Type lmp_009 Mass 1.008 Resnr 0 Resname R01 Charge 0.02561
108 Name 1:R01:A6d Type lmp_007 Mass 12.01 Resnr 0 Resname R01 Charge 0.02991
109 Name 1:R01:A6e Type lmp_009 Mass 1.008 Resnr 0 Resname R01 Charge 0.02761
110 Name 1:R01:A6f Type lmp_004 Mass 12.01 Resnr 0 Resname R01 Charge 0.05471
111 Name 1:R01:A70 Type lmp_009 Mass 1.008 Resnr 0 Resname R01 Charge 0.00921
112 Name 1:R01:A71 Type lmp_007 Mass 12.01 Resnr 0 Resname R01 Charge 0.00911
113 Name 1:R01:A72 Type lmp_009 Mass 1.008 Resnr 0 Resname R01 Charge 0.03851
114 Name 1:R01:A73 Type lmp_005 Mass 12.01 Resnr 0 Resname R01 Charge -0.12349
115 Name 1:R01:A74 Type lmp_005 Mass 12.01 Resnr 0 Resname R01 Charge -0.12549
116 Name 1:R01:A75 Type lmp_005 Mass 12.01 Resnr 0 Resname R01 Charge 0.03581
117 Name 1:R01:A76 Type lmp_003 Mass 12.01 Resnr 0 Resname R01 Charge -0.11109
118 Name 1:R01:A77 Type lmp_009 Mass 1.008 Resnr 0 Resname R01 Charge 0.04331
119 Name 1:R01:A78 Type lmp_009 Mass 1.008 Resnr 0 Resname R01 Charge 0.04331
120 Name 1:R01:A79 Type lmp_009 Mass 1.008 Resnr 0 Resname R01 Charge 0.04331
121 Name 1:R01:A7a Type lmp_002 Mass 12.01 Resnr 0 Resname R01 Charge -0.08649
122 Name 1:R01:A7b Type lmp_002 Mass 12.01 Resnr 0 Resname R01 Charge -0.09149
123 Name 1:R01:A7c Type lmp_005 Mass 12.01 Resnr 0 Resname R01 Charge 0.05181
124 Name 1:R01:A7d Type lmp_003 Mass 12.01 Resnr 0 Resname R01 Charge -0.10009
125 Name 1:R01:A7e Type lmp_009 Mass 1.008 Resnr 0 Resname R01 Charge 0.04551
126 Name 1:R01:A7f Type lmp_009 Mass 1.008 Resnr 0 Resname R01 Charge 0.04551
127 Name 1:R01:A80 Type lmp_009 Mass 1.008 Resnr 0 Resname R01 Charge 0.04551
128 Name 1:R01:A81 Type lmp_007 Mass 12.01 Resnr 0 Resname R01 Charge 0.00531
129 Name 1:R01:A82 Type lmp_009 Mass 1.008 Resnr 0 Resname R01 Charge 0.03971
130 Name 1:R01:A83 Type lmp_004 Mass 12.01 Resnr 0 Resname R01 Charge 0.05571
131 Name 1:R01:A84 Type lmp_009 Mass 1.008 Resnr 0 Resname R01 Charge 0.01041
132 Name 1:R01:A85 Type lmp_004 Mass 12.01 Resnr 0 Resname R01 Charge -0.21059
133 Name 1:R01:A86 Type lmp_009 Mass 1.008 Resnr 0 Resname R01 Charge 0.05311
134 Name 1:R01:A87 Type lmp_009 Mass 1.008 Resnr 0 Resname R01 Charge 0.05311
135 Name 1:R01:A88 Type lmp_005 Mass 12.01 Resnr 0 Resname R01 Charge -0.04569
136 Name 1:R01:A89 Type lmp_005 Mass 12.01 Resnr 0 Resname R01 Charge -0.20379
137 Name 1:R01:A8a Type lmp_008 Mass 1.008 Resnr 0 Resname R01 Charge 0.15591
138 Name 1:R01:A8b Type lmp_003 Mass 12.01 Resnr 0 Resname R01 Charge -0.10048
139 Name 1:R01:A8c Type lmp_009 Mass 1.008 Resnr 0 Resname R01 Charge 0.02361
140 Name 1:R01:A8d Type lmp_009 Mass 1.008 Resnr 0 Resname R01 Charge 0.02361
141 Name 1:R01:A8e Type lmp_009 Mass 1.008 Resnr 0 Resname R01 Charge 0.02361
142 Name 1:R01:A8f Type lmp_004 Mass 12.01 Resnr 0 Resname R01 Charge 0.19001
143 Name 1:R01:A90 Type lmp_003 Mass 12.01 Resnr 0 Resname R01 Charge -0.17889
144 Name 1:R01:A91 Type lmp_009 Mass 1.008 Resnr 0 Resname R01 Charge 0.04121
145 Name 1:R01:A92 Type lmp_009 Mass 1.008 Resnr 0 Resname R01 Charge 0.04121
146 Name 1:R01:A93 Type lmp_009 Mass 1.008 Resnr 0 Resname R01 Charge 0.04121
147 Name 1:R01:A94 Type lmp_005 Mass 12.01 Resnr 0 Resname R01 Charge 0.00401
148 Name 1:R01:A95 Type lmp_006 Mass 12.01 Resnr 0 Resname R01 Charge 0.00111
149 Name 1:R01:A96 Type lmp_005 Mass 12.01 Resnr 0 Resname R01 Charge -0.18989
150 Name 1:R01:A97 Type lmp_008 Mass 1.008 Resnr 0 Resname R01 Charge 0.14431
151 Name 1:R01:A98 Type lmp_005 Mass 12.01 Resnr 0 Resname R01 Charge -0.04879
152 Name 1:R01:A99 Type lmp_007 Mass 12.01 Resnr 0 Resname R01 Charge 0.03141
153 Name 1:R01:A9a Type lmp_009 Mass 1.008 Resnr 0 Resname R01 Charge 0.03521
154 Name 1:R01:A9b Type lmp_007 Mass 12.01 Resnr 0 Resname R01 Charge 0.01591
155 Name 1:R01:A9c Type lmp_009 Mass 1.008 Resnr 0 Resname R01 Charge 0.03721
156 Name 1:R01:A9d Type lmp_004 Mass 12.01 Resnr 0 Resname R01 Charge 0.02141
157 Name 1:R01:A9e Type lmp_009 Mass 1.008 Resnr 0 Resname R01 Charge 0.01911
158 Name 1:R01:A9f Type lmp_007 Mass 12.01 Resnr 0 Resname R01 Charge 0.02241
159 Name 1:R01:Aa0 Type lmp_009 Mass 1.008 Resnr 0 Resname R01 Charge 0.03781
160 Name 1:R01:Aa1 Type lmp_007 Mass 12.01 Resnr 0 Resname R01 Charge 0.01411
161 Name 1:R01:Aa2 Type lmp_009 Mass 1.008 Resnr 0 Resname R01 Charge 0.03861
162 Name 1:R01:Aa3 Type lmp_004 Mass 12.01 Resnr 0 Resname R01 Charge 0.01111
163 Name 1:R01:Aa4 Type lmp_009 Mass 1.008 Resnr 0 Resname R01 Charge 0.02341
164 Name 1:R01:Aa5 Type lmp_004 Mass 12.01 Resnr 0 Resname R01 Charge -0.10289
165 Name 1:R01:Aa6 Type lmp_009 Mass 1.008 Resnr 0 Resname R01 Charge 0.04701
166 Name 1:R01:Aa7 Type lmp_009 Mass 1.008 Resnr 0 Resname R01 Charge 0.04701
167 Name 1:R01:Aa8 Type lmp_005 Mass 12.01 Resnr 0 Resname R01 Charge -0.03099
168 Name 1:R01:Aa9 Type lmp_005 Mass 12.01 Resnr 0 Resname R01 Charge -0.25069
169 Name 1:R01:Aaa Type lmp_008 Mass 1.008 Resnr 0 Resname R01 Charge 0.17281
170 Name 1:R01:Aab Type lmp_006 Mass 12.01 Resnr 0 Resname R01 Charge 0.02131
171 Name 1:R01:Aac Type lmp_005 Mass 12.01 Resnr 0 Resname R01 Charge 0.02031
172 Name 1:R01:Aad Type lmp_005 Mass 12.01 Resnr 0 Resname R01 Charge -0.24969
173 Name 1:R01:Aae Type lmp_008 Mass 1.008 Resnr 0 Resname R01 Charge 0.17861
174 Name 1:R01:Aaf Type lmp_005 Mass 12.01 Resnr 0 Resname R01 Charge -0.03239
175 Name 1:R01:Ab0 Type lmp_007 Mass 12.01 Resnr 0 Resname R01 Charge 0.03221
176 Name 1:R01:Ab1 Type lmp_009 Mass 1.008 Resnr 0 Resname R01 Charge 0.02561
177 Name 1:R01:Ab2 Type lmp_007 Mass 12.01 Resnr 0 Resname R01 Charge 0.02991
178 Name 1:R01:Ab3 Type lmp_009 Mass 1.008 Resnr 0 Resname R01 Charge 0.02761
179 Name 1:R01:Ab4 Type lmp_004 Mass 12.01 Resnr 0 Resname R01 Charge 0.05471
180 Name 1:R01:Ab5 Type lmp_009 Mass 1.008 Resnr 0 Resname R01 Charge 0.00921
181 Name 1:R01:Ab6 Type lmp_007 Mass 12.01 Resnr 0 Resname R01 Charge 0.00911
182 Name 1:R01:Ab7 Type lmp_009 Mass 1.008 Resnr 0 Resname R01 Charge 0.03851
183 Name 1:R01:Ab8 Type lmp_005 Mass 12.01 Resnr 0 Resname R01 Charge -0.12349
184 Name 1:R01:Ab9 Type lmp_005 Mass 12.01 Resnr 0 Resname R01 Charge -0.12549
185 Name 1:R01:Aba Type lmp_005 Mass 12.01 Resnr 0 Resname R01 Charge 0.03581
186 Name 1:R01:Abb Type lmp_003 Mass 12.01 Resnr 0 Resname R01 Charge -0.11109
187 Name 1:R01:Abc Type lmp_009 Mass 1.008 Resnr 0 Resname R01 Charge 0.04331
188 Name 1:R01:Abd Type lmp_009 Mass 1.008 Resnr 0 Resname R01 Charge 0.04331
189 Name 1:R01:Abe Type lmp_009 Mass 1.008 Resnr 0 Resname R01 Charge 0.04331
190 Name 1:R01:Abf Type lmp_005 Mass 12.01 Resnr 0 Resname R01 Charge -0.08649
191 Name 1:R01:Ac0 Type lmp_005 Mass 12.01 Resnr 0 Resname R01 Charge -0.09149
192 Name 1:R01:Ac1 Type lmp_005 Mass 12.01 Resnr 0 Resname R01 Charge 0.05181
193 Name 1:R01:Ac2 Type lmp_003 Mass 12.01 Resnr 0 Resname R01 Charge -0.10009
194 Name 1:R01:Ac3 Type lmp_009 Mass 1.008 Resnr 0 Resname R01 Charge 0.04551
195 Name 1:R01:Ac4 Type lmp_009 Mass 1.008 Resnr 0 Resname R01 Charge 0.04551
196 Name 1:R01:Ac5 Type lmp_009 Mass 1.008 Resnr 0 Resname R01 Charge 0.04551
197 Name 1:R01:Ac6 Type lmp_007 Mass 12.01 Resnr 0 Resname R01 Charge 0.00531
198 Name 1:R01:Ac7 Type lmp_009 Mass 1.008 Resnr 0 Resname R01 Charge 0.03971
199 Name 1:R01:Ac8 Type lmp_004 Mass 12.01 Resnr 0 Resname R01 Charge 0.05571
200 Name 1:R01:Ac9 Type lmp_009 Mass 1.008 Resnr 0 Resname R01 Charge 0.01041
201 Name 1:R01:Aca Type lmp_004 Mass 12.01 Resnr 0 Resname R01 Charge -0.21059
202 Name 1:R01:Acb Type lmp_009 Mass 1.008 Resnr 0 Resname R01 Charge 0.05311
203 Name 1:R01:Acc Type lmp_009 Mass 1.008 Resnr 0 Resname R01 Charge 0.05311
204 Name 1:R01:Acd Type lmp_005 Mass 12.01 Resnr 0 Resname R01 Charge -0.04569
205 Name 1:R01:Ace Type lmp_005 Mass 12.01 Resnr 0 Resname R01 Charge -0.20379
206 Name 1:R01:Acf Type lmp_008 Mass 1.008 Resnr 0 Resname R01 Charge 0.15591
207 Name 1:R01:Ad0 Type lmp_003 Mass 12.01 Resnr 0 Resname R01 Charge -0.10048
208 Name 1:R01:Ad1 Type lmp_009 Mass 1.008 Resnr 0 Resname R01 Charge 0.02361
209 Name 1:R01:Ad2 Type lmp_009 Mass 1.008 Resnr 0 Resname R01 Charge 0.02361
210 Name 1:R01:Ad3 Type lmp_009 Mass 1.008 Resnr 0 Resname R01 Charge 0.02361
211 Name 1:R01:Ad4 Type lmp_004 Mass 12.01 Resnr 0 Resname R01 Charge 0.19001
212 Name 1:R01:Ad5 Type lmp_003 Mass 12.01 Resnr 0 Resname R01 Charge -0.17889
213 Name 1:R01:Ad6 Type lmp_009 Mass 1.008 Resnr 0 Resname R01 Charge 0.04121
214 Name 1:R01:Ad7 Type lmp_009 Mass 1.008 Resnr 0 Resname R01 Charge 0.04121
215 Name 1:R01:Ad8 Type lmp_009 Mass 1.008 Resnr 0 Resname R01 Charge 0.04121
216 Name 1:R01:Ad9 Type lmp_005 Mass 12.01 Resnr 0 Resname R01 Charge 0.00401
217 Name 1:R01:Ada Type lmp_006 Mass 12.01 Resnr 0 Resname R01 Charge 0.00111
218 Name 1:R01:Adb Type lmp_005 Mass 12.01 Resnr 0 Resname R01 Charge -0.18989
219 Name 1:R01:Adc Type lmp_008 Mass 1.008 Resnr 0 Resname R01 Charge 0.14431
220 Name 1:R01:Add Type lmp_005 Mass 12.01 Resnr 0 Resname R01 Charge -0.04879
221 Name 1:R01:Ade Type lmp_007 Mass 12.01 Resnr 0 Resname R01 Charge 0.03141
222 Name 1:R01:Adf Type lmp_009 Mass 1.008 Resnr 0 Resname R01 Charge 0.03521
223 Name 1:R01:Ae0 Type lmp_007 Mass 12.01 Resnr 0 Resname R01 Charge 0.01591
224 Name 1:R01:Ae1 Type lmp_009 Mass 1.008 Resnr 0 Resname R01 Charge 0.03721
225 Name 1:R01:Ae2 Type lmp_004 Mass 12.01 Resnr 0 Resname R01 Charge 0.02141
226 Name 1:R01:Ae3 Type lmp_009 Mass 1.008 Resnr 0 Resname R01 Charge 0.01911
227 Name 1:R01:Ae4 Type lmp_007 Mass 12.01 Resnr 0 Resname R01 Charge 0.02241
228 Name 1:R01:Ae5 Type lmp_009 Mass 1.008 Resnr 0 Resname R01 Charge 0.03781
229 Name 1:R01:Ae6 Type lmp_007 Mass 12.01 Resnr 0 Resname R01 Charge 0.01411
230 Name 1:R01:Ae7 Type lmp_009 Mass 1.008 Resnr 0 Resname R01 Charge 0.03861
231 Name 1:R01:Ae8 Type lmp_004 Mass 12.01 Resnr 0 Resname R01 Charge 0.01111
232 Name 1:R01:Ae9 Type lmp_009 Mass 1.008 Resnr 0 Resname R01 Charge 0.02341
233 Name 1:R01:Aea Type lmp_004 Mass 12.01 Resnr 0 Resname R01 Charge -0.10289
234 Name 1:R01:Aeb Type lmp_009 Mass 1.008 Resnr 0 Resname R01 Charge 0.04701
235 Name 1:R01:Aec Type lmp_009 Mass 1.008 Resnr 0 Resname R01 Charge 0.04701
236 Name 1:R01:Aed Type lmp_005 Mass 12.01 Resnr 0 Resname R01 Charge -0.03099
237 Name 1:R01:Aee Type lmp_005 Mass 12.01 Resnr 0 Resname R01 Charge -0.25069
238 Name 1:R01:Aef Type lmp_008 Mass 1.008 Resnr 0 Resname R01 Charge 0.17281
239 Name 1:R01:Af0 Type lmp_006 Mass 12.01 Resnr 0 Resname R01 Charge 0.02131
240 Name 1:R01:Af1 Type lmp_005 Mass 12.01 Resnr 0 Resname R01 Charge 0.02031
241 Name 1:R01:Af2 Type lmp_005 Mass 12.01 Resnr 0 Resname R01 Charge -0.24969
242 Name 1:R01:Af3 Type lmp_008 Mass 1.008 Resnr 0 Resname R01 Charge 0.17861
243 Name 1:R01:Af4 Type lmp_005 Mass 12.01 Resnr 0 Resname R01 Charge -0.03239
244 Name 1:R01:Af5 Type lmp_007 Mass 12.01 Resnr 0 Resname R01 Charge 0.03221
245 Name 1:R01:Af6 Type lmp_009 Mass 1.008 Resnr 0 Resname R01 Charge 0.02561
246 Name 1:R01:Af7 Type lmp_007 Mass 12.01 Resnr 0 Resname R01 Charge 0.02991
247 Name 1:R01:Af8 Type lmp_009 Mass 1.008 Resnr 0 Resname R01 Charge 0.02761
248 Name 1:R01:Af9 Type lmp_004 Mass 12.01 Resnr 0 Resname R01 Charge 0.05471
249 Name 1:R01:Afa Type lmp_009 Mass 1.008 Resnr 0 Resname R01 Charge 0.00921
250 Name 1:R01:Afb Type lmp_007 Mass 12.01 Resnr 0 Resname R01 Charge 0.00911
251 Name 1:R01:Afc Type lmp_009 Mass 1.008 Resnr 0 Resname R01 Charge 0.03851
252 Name 1:R01:Afd Type lmp_005 Mass 12.01 Resnr 0 Resname R01 Charge -0.12349
253 Name 1:R01:Afe Type lmp_005 Mass 12.01 Resnr 0 Resname R01 Charge -0.12549
254 Name 1:R01:Aff Type lmp_005 Mass 12.01 Resnr 0 Resname R01 Charge 0.03581
255 Name 1:R01:A100 Type lmp_003 Mass 12.01 Resnr 0 Resname R01 Charge -0.11109
256 Name 1:R01:A101 Type lmp_009 Mass 1.008 Resnr 0 Resname R01 Charge 0.04331
257 Name 1:R01:A102 Type lmp_009 Mass 1.008 Resnr 0 Resname R01 Charge 0.04331
258 Name 1:R01:A103 Type lmp_009 Mass 1.008 Resnr 0 Resname R01 Charge 0.04331
259 Name 1:R01:A104 Type lmp_005 Mass 12.01 Resnr 0 Resname R01 Charge -0.08649
260 Name 1:R01:A105 Type lmp_005 Mass 12.01 Resnr 0 Resname R01 Charge -0.09149
261 Name 1:R01:A106 Type lmp_005 Mass 12.01 Resnr 0 Resname R01 Charge 0.05181
262 Name 1:R01:A107 Type lmp_003 Mass 12.01 Resnr 0 Resname R01 Charge -0.10009
263 Name 1:R01:A108 Type lmp_009 Mass 1.008 Resnr 0 Resname R01 Charge 0.04551
264 Name 1:R01:A109 Type lmp_009 Mass 1.008 Resnr 0 Resname R01 Charge 0.04551
265 Name 1:R01:A10a Type lmp_009 Mass 1.008 Resnr 0 Resname R01 Charge 0.04551
266 Name 1:R01:A10b Type lmp_007 Mass 12.01 Resnr 0 Resname R01 Charge 0.00531
267 Name 1:R01:A10c Type lmp_009 Mass 1.008 Resnr 0 Resname R01 Charge 0.03971
268 Name 1:R01:A10d Type lmp_004 Mass 12.01 Resnr 0 Resname R01 Charge 0.05571
269 Name 1:R01:A10e Type lmp_009 Mass 1.008 Resnr 0 Resname R01 Charge 0.01041
270 Name 1:R01:A10f Type lmp_004 Mass 12.01 Resnr 0 Resname R01 Charge -0.21059
271 Name 1:R01:A110 Type lmp_009 Mass 1.008 Resnr 0 Resname R01 Charge 0.05311
272 Name 1:R01:A111 Type lmp_009 Mass 1.008 Resnr 0 Resname R01 Charge 0.05311
273 Name 1:R01:A112 Type lmp_005 Mass 12.01 Resnr 0 Resname R01 Charge -0.04569
274 Name 1:R01:A113 Type lmp_005 Mass 12.01 Resnr 0 Resname R01 Charge -0.20379
275 Name 1:R01:A114 Type lmp_008 Mass 1.008 Resnr 0 Resname R01 Charge 0.15591
276 Name 1:R01:A115 Type lmp_003 Mass 12.01 Resnr 0 Resname R01 Charge -0.10048
277 Name 1:R01:A116 Type lmp_009 Mass 1.008 Resnr 0 Resname R01 Charge 0.02361
278 Name 1:R01:A117 Type lmp_009 Mass 1.008 Resnr 0 Resname R01 Charge 0.02361
279 Name 1:R01:A118 Type lmp_009 Mass 1.008 Resnr 0 Resname R01 Charge 0.02361
280 Name 1:R01:A119 Type lmp_004 Mass 12.01 Resnr 0 Resname R01 Charge 0.19001
281 Name 1:R01:A11a Type lmp_003 Mass 12.01 Resnr 0 Resname R01 Charge -0.17889
282 Name 1:R01:A11b Type lmp_009 Mass 1.008 Resnr 0 Resname R01 Charge 0.04121
283 Name 1:R01:A11c Type lmp_009 Mass 1.008 Resnr 0 Resname R01 Charge 0.04121
284 Name 1:R01:A11d Type lmp_009 Mass 1.008 Resnr 0 Resname R01 Charge 0.04121
285 Name 1:R01:A11e Type lmp_005 Mass 12.01 Resnr 0 Resname R01 Charge 0.00401
286 Name 1:R01:A11f Type lmp_006 Mass 12.01 Resnr 0 Resname R01 Charge 0.00111
287 Name 1:R01:A120 Type lmp_005 Mass 12.01 Resnr 0 Resname R01 Charge -0.18989
288 Name 1:R01:A121 Type lmp_008 Mass 1.008 Resnr 0 Resname R01 Charge 0.14431
289 Name 1:R01:A122 Type lmp_005 Mass 12.01 Resnr 0 Resname R01 Charge -0.04879
290 Name 1:R01:A123 Type lmp_007 Mass 12.01 Resnr 0 Resname R01 Charge 0.03141
291 Name 1:R01:A124 Type lmp_009 Mass 1.008 Resnr 0 Resname R01 Charge 0.03521
292 Name 1:R01:A125 Type lmp_007 Mass 12.01 Resnr 0 Resname R01 Charge 0.01591
293 Name 1:R01:A126 Type lmp_009 Mass 1.008 Resnr 0 Resname R01 Charge 0.03721
294 Name 1:R01:A127 Type lmp_004 Mass 12.01 Resnr 0 Resname R01 Charge 0.02141
295 Name 1:R01:A128 Type lmp_009 Mass 1.008 Resnr 0 Resname R01 Charge 0.01911
296 Name 1:R01:A129 Type lmp_007 Mass 12.01 Resnr 0 Resname R01 Charge 0.02241
297 Name 1:R01:A12a Type lmp_009 Mass 1.008 Resnr 0 Resname R01 Charge 0.03781
298 Name 1:R01:A12b Type lmp_007 Mass 12.01 Resnr 0 Resname R01 Charge 0.01411
299 Name 1:R01:A12c Type lmp_009 Mass 1.008 Resnr 0 Resname R01 Charge 0.03861
300 Name 1:R01:A12d Type lmp_004 Mass 12.01 Resnr 0 Resname R01 Charge 0.01111
301 Name 1:R01:A12e Type lmp_009 Mass 1.008 Resnr 0 Resname R01 Charge 0.02341
302 Name 1:R01:A12f Type lmp_004 Mass 12.01 Resnr 0 Resname R01 Charge -0.10289
303 Name 1:R01:A130 Type lmp_009 Mass 1.008 Resnr 0 Resname R01 Charge 0.04701
304 Name 1:R01:A131 Type lmp_009 Mass 1.008 Resnr 0 Resname R01 Charge 0.04701
305 Name 1:R01:A132 Type lmp_005 Mass 12.01 Resnr 0 Resname R01 Charge -0.03099
306 Name 1:R01:A133 Type lmp_005 Mass 12.01 Resnr 0 Resname R01 Charge -0.25069
307 Name 1:R01:A134 Type lmp_008 Mass 1.008 Resnr 0 Resname R01 Charge 0.17281
308 Name 1:R01:A135 Type lmp_006 Mass 12.01 Resnr 0 Resname R01 Charge 0.02131
309 Name 1:R01:A136 Type lmp_005 Mass 12.01 Resnr 0 Resname R01 Charge 0.02031
310 Name 1:R01:A137 Type lmp_005 Mass 12.01 Resnr 0 Resname R01 Charge -0.24969
311 Name 1:R01:A138 Type lmp_008 Mass 1.008 Resnr 0 Resname R01 Charge 0.17861
312 Name 1:R01:A139 Type lmp_005 Mass 12.01 Resnr 0 Resname R01 Charge -0.03239
313 Name 1:R01:A13a Type lmp_007 Mass 12.01 Resnr 0 Resname R01 Charge 0.03221
314 Name 1:R01:A13b Type lmp_009 Mass 1.008 Resnr 0 Resname R01 Charge 0.02561
315 Name 1:R01:A13c Type lmp_007 Mass 12.01 Resnr 0 Resname R01 Charge 0.02991
316 Name 1:R01:A13d Type lmp_009 Mass 1.008 Resnr 0 Resname R01 Charge 0.02761
317 Name 1:R01:A13e Type lmp_004 Mass 12.01 Resnr 0 Resname R01 Charge 0.05471
318 Name 1:R01:A13f Type lmp_009 Mass 1.008 Resnr 0 Resname R01 Charge 0.00921
319 Name 1:R01:A140 Type lmp_007 Mass 12.01 Resnr 0 Resname R01 Charge 0.00911
320 Name 1:R01:A141 Type lmp_009 Mass 1.008 Resnr 0 Resname R01 Charge 0.03851
321 Name 1:R01:A142 Type lmp_005 Mass 12.01 Resnr 0 Resname R01 Charge -0.12349
322 Name 1:R01:A143 Type lmp_005 Mass 12.01 Resnr 0 Resname R01 Charge -0.12549
323 Name 1:R01:A144 Type lmp_005 Mass 12.01 Resnr 0 Resname R01 Charge 0.03581
324 Name 1:R01:A145 Type lmp_003 Mass 12.01 Resnr 0 Resname R01 Charge -0.11109
325 Name 1:R01:A146 Type lmp_009 Mass 1.008 Resnr 0 Resname R01 Charge 0.04331
326 Name 1:R01:A147 Type lmp_009 Mass 1.008 Resnr 0 Resname R01 Charge 0.04331
327 Name 1:R01:A148 Type lmp_009 Mass 1.008 Resnr 0 Resname R01 Charge 0.04331
328 Name 1:R01:A149 Type lmp_005 Mass 12.01 Resnr 0 Resname R01 Charge -0.08649
329 Name 1:R01:A14a Type lmp_005 Mass 12.01 Resnr 0 Resname R01 Charge -0.09149
330 Name 1:R01:A14b Type lmp_005 Mass 12.01 Resnr 0 Resname R01 Charge 0.05181
331 Name 1:R01:A14c Type lmp_003 Mass 12.01 Resnr 0 Resname R01 Charge -0.10009
332 Name 1:R01:A14d Type lmp_009 Mass 1.008 Resnr 0 Resname R01 Charge 0.04551
333 Name 1:R01:A14e Type lmp_009 Mass 1.008 Resnr 0 Resname R01 Charge 0.04551
334 Name 1:R01:A14f Type lmp_009 Mass 1.008 Resnr 0 Resname R01 Charge 0.04551
335 Name 1:R01:A150 Type lmp_007 Mass 12.01 Resnr 0 Resname R01 Charge 0.00531
336 Name 1:R01:A151 Type lmp_009 Mass 1.008 Resnr 0 Resname R01 Charge 0.03971
337 Name 1:R01:A152 Type lmp_004 Mass 12.01 Resnr 0 Resname R01 Charge 0.05571
338 Name 1:R01:A153 Type lmp_009 Mass 1.008 Resnr 0 Resname R01 Charge 0.01041
339 Name 1:R01:A154 Type lmp_004 Mass 12.01 Resnr 0 Resname R01 Charge -0.21059
340 Name 1:R01:A155 Type lmp_009 Mass 1.008 Resnr 0 Resname R01 Charge 0.05311
341 Name 1:R01:A156 Type lmp_009 Mass 1.008 Resnr 0 Resname R01 Charge 0.05311
342 Name 1:R01:A157 Type lmp_005 Mass 12.01 Resnr 0 Resname R01 Charge -0.04569
343 Name 1:R01:A158 Type lmp_005 Mass 12.01 Resnr 0 Resname R01 Charge -0.20379
344 Name 1:R01:A159 Type lmp_008 Mass 1.008 Resnr 0 Resname R01 Charge 0.15591
345 Name 1:R01:A15a Type lmp_003 Mass 12.01 Resnr 0 Resname R01 Charge -0.10048
346 Name 1:R01:A15b Type lmp_009 Mass 1.008 Resnr 0 Resname R01 Charge 0.02361
347 Name 1:R01:A15c Type lmp_009 Mass 1.008 Resnr 0 Resname R01 Charge 0.02361
348 Name 1:R01:A15d Type lmp_009 Mass 1.008 Resnr 0 Resname R01 Charge 0.02361
349 Name 1:R01:A15e Type lmp_004 Mass 12.01 Resnr 0 Resname R01 Charge 0.19001
350 Name 1:R01:A15f Type lmp_003 Mass 12.01 Resnr 0 Resname R01 Charge -0.17889
351 Name 1:R01:A160 Type lmp_009 Mass 1.008 Resnr 0 Resname R01 Charge 0.04121
352 Name 1:R01:A161 Type lmp_009 Mass 1.008 Resnr 0 Resname R01 Charge 0.04121
353 Name 1:R01:A162 Type lmp_009 Mass 1.008 Resnr 0 Resname R01 Charge 0.04121
354 Name 1:R01:A163 Type lmp_005 Mass 12.01 Resnr 0 Resname R01 Charge 0.00401
355 Name 1:R01:A164 Type lmp_006 Mass 12.01 Resnr 0 Resname R01 Charge 0.00111
356 Name 1:R01:A165 Type lmp_005 Mass 12.01 Resnr 0 Resname R01 Charge -0.18989
357 Name 1:R01:A166 Type lmp_008 Mass 1.008 Resnr 0 Resname R01 Charge 0.14431
358 Name 1:R01:A167 Type lmp_005 Mass 12.01 Resnr 0 Resname R01 Charge -0.04879
359 Name 1:R01:A168 Type lmp_007 Mass 12.01 Resnr 0 Resname R01 Charge 0.03141
360 Name 1:R01:A169 Type lmp_009 Mass 1.008 Resnr 0 Resname R01 Charge 0.03521
361 Name 1:R01:A16a Type lmp_007 Mass 12.01 Resnr 0 Resname R01 Charge 0.01591
362 Name 1:R01:A16b Type lmp_009 Mass 1.008 Resnr 0 Resname R01 Charge 0.03721
363 Name 1:R01:A16c Type lmp_004 Mass 12.01 Resnr 0 Resname R01 Charge 0.02141
364 Name 1:R01:A16d Type lmp_009 Mass 1.008 Resnr 0 Resname R01 Charge 0.01911
365 Name 1:R01:A16e Type lmp_007 Mass 12.01 Resnr 0 Resname R01 Charge 0.02241
366 Name 1:R01:A16f Type lmp_009 Mass 1.008 Resnr 0 Resname R01 Charge 0.03781
367 Name 1:R01:A170 Type lmp_007 Mass 12.01 Resnr 0 Resname R01 Charge 0.01411
368 Name 1:R01:A171 Type lmp_009 Mass 1.008 Resnr 0 Resname R01 Charge 0.03861
369 Name 1:R01:A172 Type lmp_004 Mass 12.01 Resnr 0 Resname R01 Charge 0.01111
370 Name 1:R01:A173 Type lmp_009 Mass 1.008 Resnr 0 Resname R01 Charge 0.02341
371 Name 1:R01:A174 Type lmp_004 Mass 12.01 Resnr 0 Resname R01 Charge -0.10289
372 Name 1:R01:A175 Type lmp_009 Mass 1.008 Resnr 0 Resname R01 Charge 0.04701
373 Name 1:R01:A176 Type lmp_009 Mass 1.008 Resnr 0 Resname R01 Charge 0.04701
374 Name 1:R01:A177 Type lmp_005 Mass 12.01 Resnr 0 Resname R01 Charge -0.03099
375 Name 1:R01:A178 Type lmp_005 Mass 12.01 Resnr 0 Resname R01 Charge -0.25069
376 Name 1:R01:A179 Type lmp_008 Mass 1.008 Resnr 0 Resname R01 Charge 0.17281
377 Name 1:R01:A17a Type lmp_006 Mass 12.01 Resnr 0 Resname R01 Charge 0.02131
378 Name 1:R01:A17b Type lmp_005 Mass 12.01 Resnr 0 Resname R01 Charge 0.02031
379 Name 1:R01:A17c Type lmp_005 Mass 12.01 Resnr 0 Resname R01 Charge -0.24969
380 Name 1:R01:A17d Type lmp_008 Mass 1.008 Resnr 0 Resname R01 Charge 0.17861
381 Name 1:R01:A17e Type lmp_005 Mass 12.01 Resnr 0 Resname R01 Charge -0.03239
382 Name 1:R01:A17f Type lmp_007 Mass 12.01 Resnr 0 Resname R01 Charge 0.03221
383 Name 1:R01:A180 Type lmp_009 Mass 1.008 Resnr 0 Resname R01 Charge 0.02561
384 Name 1:R01:A181 Type lmp_007 Mass 12.01 Resnr 0 Resname R01 Charge 0.02991
385 Name 1:R01:A182 Type lmp_009 Mass 1.008 Resnr 0 Resname R01 Charge 0.02761
386 Name 1:R01:A183 Type lmp_004 Mass 12.01 Resnr 0 Resname R01 Charge 0.05471
387 Name 1:R01:A184 Type lmp_009 Mass 1.008 Resnr 0 Resname R01 Charge 0.00921
388 Name 1:R01:A185 Type lmp_007 Mass 12.01 Resnr 0 Resname R01 Charge 0.00911
389 Name 1:R01:A186 Type lmp_009 Mass 1.008 Resnr 0 Resname R01 Charge 0.03851
390 Name 1:R01:A187 Type lmp_005 Mass 12.01 Resnr 0 Resname R01 Charge -0.12349
391 Name 1:R01:A188 Type lmp_005 Mass 12.01 Resnr 0 Resname R01 Charge -0.12549
392 Name 1:R01:A189 Type lmp_005 Mass 12.01 Resnr 0 Resname R01 Charge 0.03581
393 Name 1:R01:A18a Type lmp_003 Mass 12.01 Resnr 0 Resname R01 Charge -0.11109
394 Name 1:R01:A18b Type lmp_009 Mass 1.008 Resnr 0 Resname R01 Charge 0.04331
395 Name 1:R01:A18c Type lmp_009 Mass 1.008 Resnr 0 Resname R01 Charge 0.04331
396 Name 1:R01:A18d Type lmp_009 Mass 1.008 Resnr 0 Resname R01 Charge 0.04331
397 Name 1:R01:A18e Type lmp_002 Mass 12.01 Resnr 0 Resname R01 Charge -0.08649
398 Name 1:R01:A18f Type lmp_002 Mass 12.01 Resnr 0 Resname R01 Charge -0.09149
399 Name 1:R01:A190 Type lmp_005 Mass 12.01 Resnr 0 Resname R01 Charge 0.05181
400 Name 1:R01:A191 Type lmp_003 Mass 12.01 Resnr 0 Resname R01 Charge -0.10009
401 Name 1:R01:A192 Type lmp_009 Mass 1.008 Resnr 0 Resname R01 Charge 0.04551
402 Name 1:R01:A193 Type lmp_009 Mass 1.008 Resnr 0 Resname R01 Charge 0.04551
403 Name 1:R01:A194 Type lmp_009 Mass 1.008 Resnr 0 Resname R01 Charge 0.04551
404 Name 1:R01:A195 Type lmp_007 Mass 12.01 Resnr 0 Resname R01 Charge 0.00531
405 Name 1:R01:A196 Type lmp_009 Mass 1.008 Resnr 0 Resname R01 Charge 0.03971
406 Name 1:R01:A197 Type lmp_004 Mass 12.01 Resnr 0 Resname R01 Charge 0.05571
407 Name 1:R01:A198 Type lmp_009 Mass 1.008 Resnr 0 Resname R01 Charge 0.01041
408 Name 1:R01:A199 Type lmp_004 Mass 12.01 Resnr 0 Resname R01 Charge -0.21059
409 Name 1:R01:A19a Type lmp_009 Mass 1.008 Resnr 0 Resname R01 Charge 0.05311
410 Name 1:R01:A19b Type lmp_009 Mass 1.008 Resnr 0 Resname R01 Charge 0.05311
411 Name 1:R01:A19c Type lmp_005 Mass 12.01 Resnr 0 Resname R01 Charge -0.04569
412 Name 1:R01:A19d Type lmp_005 Mass 12.01 Resnr 0 Resname R01 Charge -0.20379
413 Name 1:R01:A19e Type lmp_008 Mass 1.008 Resnr 0 Resname R01 Charge 0.15591
414 Name 1:R01:A19f Type lmp_003 Mass 12.01 Resnr 0 Resname R01 Charge -0.10048
415 Name 1:R01:A1a0 Type lmp_009 Mass 1.008 Resnr 0 Resname R01 Charge 0.02361
416 Name 1:R01:A1a1 Type lmp_009 Mass 1.008 Resnr 0 Resname R01 Charge 0.02361
417 Name 1:R01:A1a2 Type lmp_009 Mass 1.008 Resnr 0 Resname R01 Charge 0.02361
418 Name 1:R01:A1a3 Type lmp_004 Mass 12.01 Resnr 0 Resname R01 Charge 0.19001
419 Name 1:R01:A1a4 Type lmp_003 Mass 12.01 Resnr 0 Resname R01 Charge -0.17889
420 Name 1:R01:A1a5 Type lmp_009 Mass 1.008 Resnr 0 Resname R01 Charge 0.04121
421 Name 1:R01:A1a6 Type lmp_009 Mass 1.008 Resnr 0 Resname R01 Charge 0.04121
422 Name 1:R01:A1a7 Type lmp_009 Mass 1.008 Resnr 0 Resname R01 Charge 0.04121
423 Name 1:R01:A1a8 Type lmp_005 Mass 12.01 Resnr 0 Resname R01 Charge 0.00401
424 Name 1:R01:A1a9 Type lmp_006 Mass 12.01 Resnr 0 Resname R01 Charge 0.00111
425 Name 1:R01:A1aa Type lmp_005 Mass 12.01 Resnr 0 Resname R01 Charge -0.18989
426 Name 1:R01:A1ab Type lmp_008 Mass 1.008 Resnr 0 Resname R01 Charge 0.14431
427 Name 1:R01:A1ac Type lmp_005 Mass 12.01 Resnr 0 Resname R01 Charge -0.04879
428 Name 1:R01:A1ad Type lmp_007 Mass 12.01 Resnr 0 Resname R01 Charge 0.03141
429 Name 1:R01:A1ae Type lmp_009 Mass 1.008 Resnr 0 Resname R01 Charge 0.03521
430 Name 1:R01:A1af Type lmp_007 Mass 12.01 Resnr 0 Resname R01 Charge 0.01591
431 Name 1:R01:A1b0 Type lmp_009 Mass 1.008 Resnr 0 Resname R01 Charge 0.03721
432 Name 1:R01:A1b1 Type lmp_004 Mass 12.01 Resnr 0 Resname R01 Charge 0.02141
433 Name 1:R01:A1b2 Type lmp_009 Mass 1.008 Resnr 0 Resname R01 Charge 0.01911
434 Name 1:R01:A1b3 Type lmp_007 Mass 12.01 Resnr 0 Resname R01 Charge 0.02241
435 Name 1:R01:A1b4 Type lmp_009 Mass 1.008 Resnr 0 Resname R01 Charge 0.03781
436 Name 1:R01:A1b5 Type lmp_007 Mass 12.01 Resnr 0 Resname R01 Charge 0.01411
437 Name 1:R01:A1b6 Type lmp_009 Mass 1.008 Resnr 0 Resname R01 Charge 0.03861
438 Name 1:R01:A1b7 Type lmp_004 Mass 12.01 Resnr 0 Resname R01 Charge 0.01111
439 Name 1:R01:A1b8 Type lmp_009 Mass 1.008 Resnr 0 Resname R01 Charge 0.02341
440 Name 1:R01:A1b9 Type lmp_004 Mass 12.01 Resnr 0 Resname R01 Charge -0.10289
441 Name 1:R01:A1ba Type lmp_009 Mass 1.008 Resnr 0 Resname R01 Charge 0.04701
442 Name 1:R01:A1bb Type lmp_009 Mass 1.008 Resnr 0 Resname R01 Charge 0.04701
443 Name 1:R01:A1bc Type lmp_005 Mass 12.01 Resnr 0 Resname R01 Charge -0.03099
444 Name 1:R01:A1bd Type lmp_005 Mass 12.01 Resnr 0 Resname R01 Charge -0.25069
445 Name 1:R01:A1be Type lmp_008 Mass 1.008 Resnr 0 Resname R01 Charge 0.17281
446 Name 1:R01:A1bf Type lmp_006 Mass 12.01 Resnr 0 Resname R01 Charge 0.02131
447 Name 1:R01:A1c0 Type lmp_005 Mass 12.01 Resnr 0 Resname R01 Charge 0.02031
448 Name 1:R01:A1c1 Type lmp_005 Mass 12.01 Resnr 0 Resname R01 Charge -0.24969
449 Name 1:R01:A1c2 Type lmp_008 Mass 1.008 Resnr 0 Resname R01 Charge 0.17861
450 Name 1:R01:A1c3 Type lmp_005 Mass 12.01 Resnr 0 Resname R01 Charge -0.03239
451 Name 1:R01:A1c4 Type lmp_007 Mass 12.01 Resnr 0 Resname R01 Charge 0.03221
452 Name 1:R01:A1c5 Type lmp_009 Mass 1.008 Resnr 0 Resname R01 Charge 0.02561
453 Name 1:R01:A1c6 Type lmp_007 Mass 12.01 Resnr 0 Resname R01 Charge 0.02991
454 Name 1:R01:A1c7 Type lmp_009 Mass 1.008 Resnr 0 Resname R01 Charge 0.02761
455 Name 1:R01:A1c8 Type lmp_004 Mass 12.01 Resnr 0 Resname R01 Charge 0.05471
456 Name 1:R01:A1c9 Type lmp_009 Mass 1.008 Resnr 0 Resname R01 Charge 0.00921
457 Name 1:R01:A1ca Type lmp_007 Mass 12.01 Resnr 0 Resname R01 Charge 0.00911
458 Name 1:R01:A1cb Type lmp_009 Mass 1.008 Resnr 0 Resname R01 Charge 0.03851
459 Name 1:R01:A1cc Type lmp_005 Mass 12.01 Resnr 0 Resname R01 Charge -0.12349
460 Name 1:R01:A1cd Type lmp_005 Mass 12.01 Resnr 0 Resname R01 Charge -0.12549
461 Name 1:R01:A1ce Type lmp_005 Mass 12.01 Resnr 0 Resname R01 Charge 0.03581
462 Name 1:R01:A1cf Type lmp_003 Mass 12.01 Resnr 0 Resname R01 Charge -0.11109
463 Name 1:R01:A1d0 Type lmp_009 Mass 1.008 Resnr 0 Resname R01 Charge 0.04331
464 Name 1:R01:A1d1 Type lmp_009 Mass 1.008 Resnr 0 Resname R01 Charge 0.04331
465 Name 1:R01:A1d2 Type lmp_009 Mass 1.008 Resnr 0 Resname R01 Charge 0.04331
466 Name 1:R01:A1d3 Type lmp_005 Mass 12.01 Resnr 0 Resname R01 Charge -0.08649
467 Name 1:R01:A1d4 Type lmp_005 Mass 12.01 Resnr 0 Resname R01 Charge -0.09149
468 Name 1:R01:A1d5 Type lmp_005 Mass 12.01 Resnr 0 Resname R01 Charge 0.05181
469 Name 1:R01:A1d6 Type lmp_003 Mass 12.01 Resnr 0 Resname R01 Charge -0.10009
470 Name 1:R01:A1d7 Type lmp_009 Mass 1.008 Resnr 0 Resname R01 Charge 0.04551
471 Name 1:R01:A1d8 Type lmp_009 Mass 1.008 Resnr 0 Resname R01 Charge 0.04551
472 Name 1:R01:A1d9 Type lmp_009 Mass 1.008 Resnr 0 Resname R01 Charge 0.04551
473 Name 1:R01:A1da Type lmp_007 Mass 12.01 Resnr 0 Resname R01 Charge 0.00531
474 Name 1:R01:A1db Type lmp_009 Mass 1.008 Resnr 0 Resname R01 Charge 0.03971
475 Name 1:R01:A1dc Type lmp_004 Mass 12.01 Resnr 0 Resname R01 Charge 0.05571
476 Name 1:R01:A1dd Type lmp_009 Mass 1.008 Resnr 0 Resname R01 Charge 0.01041
477 Name 1:R01:A1de Type lmp_004 Mass 12.01 Resnr 0 Resname R01 Charge -0.21059
478 Name 1:R01:A1df Type lmp_009 Mass 1.008 Resnr 0 Resname R01 Charge 0.05311
479 Name 1:R01:A1e0 Type lmp_009 Mass 1.008 Resnr 0 Resname R01 Charge 0.05311
480 Name 1:R01:A1e1 Type lmp_005 Mass 12.01 Resnr 0 Resname R01 Charge -0.04569
481 Name 1:R01:A1e2 Type lmp_005 Mass 12.01 Resnr 0 Resname R01 Charge -0.20379
482 Name 1:R01:A1e3 Type lmp_008 Mass 1.008 Resnr 0 Resname R01 Charge 0.15591
483 Name 1:R01:A1e4 Type lmp_003 Mass 12.01 Resnr 0 Resname R01 Charge -0.10048
484 Name 1:R01:A1e5 Type lmp_009 Mass 1.008 Resnr 0 Resname R01 Charge 0.02361
485 Name 1:R01:A1e6 Type lmp_009 Mass 1.008 Resnr 0 Resname R01 Charge 0.02361
486 Name 1:R01:A1e7 Type lmp_009 Mass 1.008 Resnr 0 Resname R01 Charge 0.02361
487 Name 1:R01:A1e8 Type lmp_004 Mass 12.01 Resnr 0 Resname R01 Charge 0.19001
488 Name 1:R01:A1e9 Type lmp_003 Mass 12.01 Resnr 0 Resname R01 Charge -0.17889
489 Name 1:R01:A1ea Type lmp_009 Mass 1.008 Resnr 0 Resname R01 Charge 0.04121
490 Name 1:R01:A1eb Type lmp_009 Mass 1.008 Resnr 0 Resname R01 Charge 0.04121
491 Name 1:R01:A1ec Type lmp_009 Mass 1.008 Resnr 0 Resname R01 Charge 0.04121
492 Name 1:R01:A1ed Type lmp_005 Mass 12.01 Resnr 0 Resname R01 Charge 0.00401
493 Name 1:R01:A1ee Type lmp_006 Mass 12.01 Resnr 0 Resname R01 Charge 0.00111
494 Name 1:R01:A1ef Type lmp_005 Mass 12.01 Resnr 0 Resname R01 Charge -0.18989
495 Name 1:R01:A1f0 Type lmp_008 Mass 1.008 Resnr 0 Resname R01 Charge 0.14431
496 Name 1:R01:A1f1 Type lmp_005 Mass 12.01 Resnr 0 Resname R01 Charge -0.04879
497 Name 1:R01:A1f2 Type lmp_007 Mass 12.01 Resnr 0 Resname R01 Charge 0.03141
498 Name 1:R01:A1f3 Type lmp_009 Mass 1.008 Resnr 0 Resname R01 Charge 0.03521
499 Name 1:R01:A1f4 Type lmp_007 Mass 12.01 Resnr 0 Resname R01 Charge 0.01591
500 Name 1:R01:A1f5 Type lmp_009 Mass 1.008 Resnr 0 Resname R01 Charge 0.03721
501 Name 1:R01:A1f6 Type lmp_004 Mass 12.01 Resnr 0 Resname R01 Charge 0.02141
502 Name 1:R01:A1f7 Type lmp_009 Mass 1.008 Resnr 0 Resname R01 Charge 0.01911
503 Name 1:R01:A1f8 Type lmp_007 Mass 12.01 Resnr 0 Resname R01 Charge 0.02241
504 Name 1:R01:A1f9 Type lmp_009 Mass 1.008 Resnr 0 Resname R01 Charge 0.03781
505 Name 1:R01:A1fa Type lmp_007 Mass 12.01 Resnr 0 Resname R01 Charge 0.01411
506 Name 1:R01:A1fb Type lmp_009 Mass 1.008 Resnr 0 Resname R01 Charge 0.03861
507 Name 1:R01:A1fc Type lmp_004 Mass 12.01 Resnr 0 Resname R01 Charge 0.01111
508 Name 1:R01:A1fd Type lmp_009 Mass 1.008 Resnr 0 Resname R01 Charge 0.02341
509 Name 1:R01:A1fe Type lmp_004 Mass 12.01 Resnr 0 Resname R01 Charge -0.10289
510 Name 1:R01:A1ff Type lmp_009 Mass 1.008 Resnr 0 Resname R01 Charge 0.04701
511 Name 1:R01:A200 Type lmp_009 Mass 1.008 Resnr 0 Resname R01 Charge 0.04701
512 Name 1:R01:A201 Type lmp_005 Mass 12.01 Resnr 0 Resname R01 Charge -0.03099
513 Name 1:R01:A202 Type lmp_005 Mass 12.01 Resnr 0 Resname R01 Charge -0.25069
514 Name 1:R01:A203 Type lmp_008 Mass 1.008 Resnr 0 Resname R01 Charge 0.17281
515 Name 1:R01:A204 Type lmp_006 Mass 12.01 Resnr 0 Resname R01 Charge 0.02131
516 Name 1:R01:A205 Type lmp_005 Mass 12.01 Resnr 0 Resname R01 Charge 0.02031
517 Name 1:R01:A206 Type lmp_005 Mass 12.01 Resnr 0 Resname R01 Charge -0.24969
518 Name 1:R01:A207 Type lmp_008 Mass 1.008 Resnr 0 Resname R01 Charge 0.17861
519 Name 1:R01:A208 Type lmp_005 Mass 12.01 Resnr 0 Resname R01 Charge -0.03239
520 Name 1:R01:A209 Type lmp_007 Mass 12.01 Resnr 0 Resname R01 Charge 0.03221
521 Name 1:R01:A20a Type lmp_009 Mass 1.008 Resnr 0 Resname R01 Charge 0.02561
522 Name 1:R01:A20b Type lmp_007 Mass 12.01 Resnr 0 Resname R01 Charge 0.02991
523 Name 1:R01:A20c Type lmp_009 Mass 1.008 Resnr 0 Resname R01 Charge 0.02761
524 Name 1:R01:A20d Type lmp_004 Mass 12.01 Resnr 0 Resname R01 Charge 0.05471
525 Name 1:R01:A20e Type lmp_009 Mass 1.008 Resnr 0 Resname R01 Charge 0.00921
526 Name 1:R01:A20f Type lmp_007 Mass 12.01 Resnr 0 Resname R01 Charge 0.00911
527 Name 1:R01:A210 Type lmp_009 Mass 1.008 Resnr 0 Resname R01 Charge 0.03851
528 Name 1:R01:A211 Type lmp_005 Mass 12.01 Resnr 0 Resname R01 Charge -0.12349
529 Name 1:R01:A212 Type lmp_005 Mass 12.01 Resnr 0 Resname R01 Charge -0.12549
530 Name 1:R01:A213 Type lmp_005 Mass 12.01 Resnr 0 Resname R01 Charge 0.03581
531 Name 1:R01:A214 Type lmp_003 Mass 12.01 Resnr 0 Resname R01 Charge -0.11109
532 Name 1:R01:A215 Type lmp_009 Mass 1.008 Resnr 0 Resname R01 Charge 0.04331
533 Name 1:R01:A216 Type lmp_009 Mass 1.008 Resnr 0 Resname R01 Charge 0.04331
534 Name 1:R01:A217 Type lmp_009 Mass 1.008 Resnr 0 Resname R01 Charge 0.04331
535 Name 1:R01:A218 Type lmp_005 Mass 12.01 Resnr 0 Resname R01 Charge -0.08649
536 Name 1:R01:A219 Type lmp_005 Mass 12.01 Resnr 0 Resname R01 Charge -0.09149
537 Name 1:R01:A21a Type lmp_005 Mass 12.01 Resnr 0 Resname R01 Charge 0.05181
538 Name 1:R01:A21b Type lmp_003 Mass 12.01 Resnr 0 Resname R01 Charge -0.10009
539 Name 1:R01:A21c Type lmp_009 Mass 1.008 Resnr 0 Resname R01 Charge 0.04551
540 Name 1:R01:A21d Type lmp_009 Mass 1.008 Resnr 0 Resname R01 Charge 0.04551
541 Name 1:R01:A21e Type lmp_009 Mass 1.008 Resnr 0 Resname R01 Charge 0.04551
542 Name 1:R01:A21f Type lmp_007 Mass 12.01 Resnr 0 Resname R01 Charge 0.00531
543 Name 1:R01:A220 Type lmp_009 Mass 1.008 Resnr 0 Resname R01 Charge 0.03971
544 Name 1:R01:A221 Type lmp_004 Mass 12.01 Resnr 0 Resname R01 Charge 0.05571
545 Name 1:R01:A222 Type lmp_009 Mass 1.008 Resnr 0 Resname R01 Charge 0.01041
546 Name 1:R01:A223 Type lmp_004 Mass 12.01 Resnr 0 Resname R01 Charge -0.21059
547 Name 1:R01:A224 Type lmp_009 Mass 1.008 Resnr 0 Resname R01 Charge 0.05311
548 Name 1:R01:A225 Type lmp_009 Mass 1.008 Resnr 0 Resname R01 Charge 0.05311
549 Name 1:R01:A226 Type lmp_005 Mass 12.01 Resnr 0 Resname R01 Charge -0.04569
550 Name 1:R01:A227 Type lmp_005 Mass 12.01 Resnr 0 Resname R01 Charge -0.20379
551 Name 1:R01:A228 Type lmp_008 Mass 1.008 Resnr 0 Resname R01 Charge 0.15591
552 Name 1:R01:A229 Type lmp_003 Mass 12.01 Resnr 0 Resname R01 Charge -0.10048
553 Name 1:R01:A22a Type lmp_009 Mass 1.008 Resnr 0 Resname R01 Charge 0.02361
554 Name 1:R01:A22b Type lmp_009 Mass 1.008 Resnr 0 Resname R01 Charge 0.02361
555 Name 1:R01:A22c Type lmp_009 Mass 1.008 Resnr 0 Resname R01 Charge 0.02361
556 Name 1:R01:A22d Type lmp_004 Mass 12.01 Resnr 0 Resname R01 Charge 0.19001
557 Name 1:R01:A22e Type lmp_003 Mass 12.01 Resnr 0 Resname R01 Charge -0.17889
558 Name 1:R01:A22f Type lmp_009 Mass 1.008 Resnr 0 Resname R01 Charge 0.04121
559 Name 1:R01:A230 Type lmp_009 Mass 1.008 Resnr 0 Resname R01 Charge 0.04121
560 Name 1:R01:A231 Type lmp_009 Mass 1.008 Resnr 0 Resname R01 Charge 0.04121
561 Name 1:R01:A232 Type lmp_005 Mass 12.01 Resnr 0 Resname R01 Charge 0.00401
562 Name 1:R01:A233 Type lmp_006 Mass 12.01 Resnr 0 Resname R01 Charge 0.00111
563 Name 1:R01:A234 Type lmp_005 Mass 12.01 Resnr 0 Resname R01 Charge -0.18989
564 Name 1:R01:A235 Type lmp_008 Mass 1.008 Resnr 0 Resname R01 Charge 0.14431
565 Name 1:R01:A236 Type lmp_005 Mass 12.01 Resnr 0 Resname R01 Charge -0.04879
566 Name 1:R01:A237 Type lmp_007 Mass 12.01 Resnr 0 Resname R01 Charge 0.03141
567 Name 1:R01:A238 Type lmp_009 Mass 1.008 Resnr 0 Resname R01 Charge 0.03521
568 Name 1:R01:A239 Type lmp_007 Mass 12.01 Resnr 0 Resname R01 Charge 0.01591
569 Name 1:R01:A23a Type lmp_009 Mass 1.008 Resnr 0 Resname R01 Charge 0.03721
570 Name 1:R01:A23b Type lmp_004 Mass 12.01 Resnr 0 Resname R01 Charge 0.02141
571 Name 1:R01:A23c Type lmp_009 Mass 1.008 Resnr 0 Resname R01 Charge 0.01911
572 Name 1:R01:A23d Type lmp_007 Mass 12.01 Resnr 0 Resname R01 Charge 0.02241
573 Name 1:R01:A23e Type lmp_009 Mass 1.008 Resnr 0 Resname R01 Charge 0.03781
574 Name 1:R01:A23f Type lmp_007 Mass 12.01 Resnr 0 Resname R01 Charge 0.01411
575 Name 1:R01:A240 Type lmp_009 Mass 1.008 Resnr 0 Resname R01 Charge 0.03861
576 Name 1:R01:A241 Type lmp_004 Mass 12.01 Resnr 0 Resname R01 Charge 0.01111
577 Name 1:R01:A242 Type lmp_009 Mass 1.008 Resnr 0 Resname R01 Charge 0.02341
578 Name 1:R01:A243 Type lmp_004 Mass 12.01 Resnr 0 Resname R01 Charge -0.10289
579 Name 1:R01:A244 Type lmp_009 Mass 1.008 Resnr 0 Resname R01 Charge 0.04701
580 Name 1:R01:A245 Type lmp_009 Mass 1.008 Resnr 0 Resname R01 Charge 0.04701
581 Name 1:R01:A246 Type lmp_005 Mass 12.01 Resnr 0 Resname R01 Charge -0.03099
582 Name 1:R01:A247 Type lmp_005 Mass 12.01 Resnr 0 Resname R01 Charge -0.25069
583 Name 1:R01:A248 Type lmp_008 Mass 1.008 Resnr 0 Resname R01 Charge 0.17281
584 Name 1:R01:A249 Type lmp_006 Mass 12.01 Resnr 0 Resname R01 Charge 0.02131
585 Name 1:R01:A24a Type lmp_005 Mass 12.01 Resnr 0 Resname R01 Charge 0.02031
586 Name 1:R01:A24b Type lmp_005 Mass 12.01 Resnr 0 Resname R01 Charge -0.24969
587 Name 1:R01:A24c Type lmp_008 Mass 1.008 Resnr 0 Resname R01 Charge 0.17861
588 Name 1:R01:A24d Type lmp_005 Mass 12.01 Resnr 0 Resname R01 Charge -0.03239
589 Name 1:R01:A24e Type lmp_007 Mass 12.01 Resnr 0 Resname R01 Charge 0.03221
590 Name 1:R01:A24f Type lmp_009 Mass 1.008 Resnr 0 Resname R01 Charge 0.02561
591 Name 1:R01:A250 Type lmp_007 Mass 12.01 Resnr 0 Resname R01 Charge 0.02991
592 Name 1:R01:A251 Type lmp_009 Mass 1.008 Resnr 0 Resname R01 Charge 0.02761
593 Name 1:R01:A252 Type lmp_004 Mass 12.01 Resnr 0 Resname R01 Charge 0.05471
594 Name 1:R01:A253 Type lmp_009 Mass 1.008 Resnr 0 Resname R01 Charge 0.00921
595 Name 1:R01:A254 Type lmp_007 Mass 12.01 Resnr 0 Resname R01 Charge 0.00911
596 Name 1:R01:A255 Type lmp_009 Mass 1.008 Resnr 0 Resname R01 Charge 0.03851
597 Name 1:R01:A256 Type lmp_005 Mass 12.01 Resnr 0 Resname R01 Charge -0.12349
598 Name 1:R01:A257 Type lmp_005 Mass 12.01 Resnr 0 Resname R01 Charge -0.12549
599 Name 1:R01:A258 Type lmp_005 Mass 12.01 Resnr 0 Resname R01 Charge 0.03581
600 Name 1:R01:A259 Type lmp_003 Mass 12.01 Resnr 0 Resname R01 Charge -0.11109
601 Name 1:R01:A25a Type lmp_009 Mass 1.008 Resnr 0 Resname R01 Charge 0.04331
602 Name 1:R01:A25b Type lmp_009 Mass 1.008 Resnr 0 Resname R01 Charge 0.04331
603 Name 1:R01:A25c Type lmp_009 Mass 1.008 Resnr 0 Resname R01 Charge 0.04331
604 Name 1:R01:A25d Type lmp_005 Mass 12.01 Resnr 0 Resname R01 Charge -0.08649
605 Name 1:R01:A25e Type lmp_005 Mass 12.01 Resnr 0 Resname R01 Charge -0.09149
606 Name 1:R01:A25f Type lmp_005 Mass 12.01 Resnr 0 Resname R01 Charge 0.05181
607 Name 1:R01:A260 Type lmp_003 Mass 12.01 Resnr 0 Resname R01 Charge -0.10009
608 Name 1:R01:A261 Type lmp_009 Mass 1.008 Resnr 0 Resname R01 Charge 0.04551
609 Name 1:R01:A262 Type lmp_009 Mass 1.008 Resnr 0 Resname R01 Charge 0.04551
610 Name 1:R01:A263 Type lmp_009 Mass 1.008 Resnr 0 Resname R01 Charge 0.04551
611 Name 1:R01:A264 Type lmp_007 Mass 12.01 Resnr 0 Resname R01 Charge 0.00531
612 Name 1:R01:A265 Type lmp_009 Mass 1.008 Resnr 0 Resname R01 Charge 0.03971
613 Name 1:R01:A266 Type lmp_004 Mass 12.01 Resnr 0 Resname R01 Charge 0.05571
614 Name 1:R01:A267 Type lmp_009 Mass 1.008 Resnr 0 Resname R01 Charge 0.01041
615 Name 1:R01:A268 Type lmp_004 Mass 12.01 Resnr 0 Resname R01 Charge -0.21059
616 Name 1:R01:A269 Type lmp_009 Mass 1.008 Resnr 0 Resname R01 Charge 0.05311
617 Name 1:R01:A26a Type lmp_009 Mass 1.008 Resnr 0 Resname R01 Charge 0.05311
618 Name 1:R01:A26b Type lmp_005 Mass 12.01 Resnr 0 Resname R01 Charge -0.04569
619 Name 1:R01:A26c Type lmp_005 Mass 12.01 Resnr 0 Resname R01 Charge -0.20379
620 Name 1:R01:A26d Type lmp_008 Mass 1.008 Resnr 0 Resname R01 Charge 0.15591
621 Name 1:R01:A26e Type lmp_003 Mass 12.01 Resnr 0 Resname R01 Charge -0.10048
622 Name 1:R01:A26f Type lmp_009 Mass 1.008 Resnr 0 Resname R01 Charge 0.02361
623 Name 1:R01:A270 Type lmp_009 Mass 1.008 Resnr 0 Resname R01 Charge 0.02361
624 Name 1:R01:A271 Type lmp_009 Mass 1.008 Resnr 0 Resname R01 Charge 0.02361
625 Name 1:R01:A272 Type lmp_004 Mass 12.01 Resnr 0 Resname R01 Charge 0.19001
626 Name 1:R01:A273 Type lmp_003 Mass 12.01 Resnr 0 Resname R01 Charge -0.17889
627 Name 1:R01:A274 Type lmp_009 Mass 1.008 Resnr 0 Resname R01 Charge 0.04121
628 Name 1:R01:A275 Type lmp_009 Mass 1.008 Resnr 0 Resname R01 Charge 0.04121
629 Name 1:R01:A276 Type lmp_009 Mass 1.008 Resnr 0 Resname R01 Charge 0.04121
630 Name 1:R01:A277 Type lmp_005 Mass 12.01 Resnr 0 Resname R01 Charge 0.00401
631 Name 1:R01:A278 Type lmp_006 Mass 12.01 Resnr 0 Resname R01 Charge 0.00111
632 Name 1:R01:A279 Type lmp_005 Mass 12.01 Resnr 0 Resname R01 Charge -0.18989
633 Name 1:R01:A27a Type lmp_008 Mass 1.008 Resnr 0 Resname R01 Charge 0.14431
634 Name 1:R01:A27b Type lmp_005 Mass 12.01 Resnr 0 Resname R01 Charge -0.04879
635 Name 1:R01:A27c Type lmp_007 Mass 12.01 Resnr 0 Resname R01 Charge 0.03141
636 Name 1:R01:A27d Type lmp_009 Mass 1.008 Resnr 0 Resname R01 Charge 0.03521
637 Name 1:R01:A27e Type lmp_007 Mass 12.01 Resnr 0 Resname R01 Charge 0.01591
638 Name 1:R01:A27f Type lmp_009 Mass 1.008 Resnr 0 Resname R01 Charge 0.03721
639 Name 1:R01:A280 Type lmp_004 Mass 12.01 Resnr 0 Resname R01 Charge 0.02141
640 Name 1:R01:A281 Type lmp_009 Mass 1.008 Resnr 0 Resname R01 Charge 0.01911
641 Name 1:R01:A282 Type lmp_007 Mass 12.01 Resnr 0 Resname R01 Charge 0.02241
642 Name 1:R01:A283 Type lmp_009 Mass 1.008 Resnr 0 Resname R01 Charge 0.03781
643 Name 1:R01:A284 Type lmp_007 Mass 12.01 Resnr 0 Resname R01 Charge 0.01411
644 Name 1:R01:A285 Type lmp_009 Mass 1.008 Resnr 0 Resname R01 Charge 0.03861
645 Name 1:R01:A286 Type lmp_004 Mass 12.01 Resnr 0 Resname R01 Charge 0.01111
646 Name 1:R01:A287 Type lmp_009 Mass 1.008 Resnr 0 Resname R01 Charge 0.02341
647 Name 1:R01:A288 Type lmp_004 Mass 12.01 Resnr 0 Resname R01 Charge -0.10289
648 Name 1:R01:A289 Type lmp_009 Mass 1.008 Resnr 0 Resname R01 Charge 0.04701
649 Name 1:R01:A28a Type lmp_009 Mass 1.008 Resnr 0 Resname R01 Charge 0.04701
650 Name 1:R01:A28b Type lmp_005 Mass 12.01 Resnr 0 Resname R01 Charge -0.03099
651 Name 1:R01:A28c Type lmp_005 Mass 12.01 Resnr 0 Resname R01 Charge -0.25069
652 Name 1:R01:A28d Type lmp_008 Mass 1.008 Resnr 0 Resname R01 Charge 0.17281
653 Name 1:R01:A28e Type lmp_006 Mass 12.01 Resnr 0 Resname R01 Charge 0.02131
654 Name 1:R01:A28f Type lmp_005 Mass 12.01 Resnr 0 Resname R01 Charge 0.02031
655 Name 1:R01:A290 Type lmp_005 Mass 12.01 Resnr 0 Resname R01 Charge -0.24969
656 Name 1:R01:A291 Type lmp_008 Mass 1.008 Resnr 0 Resname R01 Charge 0.17861
657 Name 1:R01:A292 Type lmp_005 Mass 12.01 Resnr 0 Resname R01 Charge -0.03239
658 Name 1:R01:A293 Type lmp_007 Mass 12.01 Resnr 0 Resname R01 Charge 0.03221
659 Name 1:R01:A294 Type lmp_009 Mass 1.008 Resnr 0 Resname R01 Charge 0.02561
660 Name 1:R01:A295 Type lmp_007 Mass 12.01 Resnr 0 Resname R01 Charge 0.02991
661 Name 1:R01:A296 Type lmp_009 Mass 1.008 Resnr 0 Resname R01 Charge 0.02761
662 Name 1:R01:A297 Type lmp_004 Mass 12.01 Resnr 0 Resname R01 Charge 0.05471
663 Name 1:R01:A298 Type lmp_009 Mass 1.008 Resnr 0 Resname R01 Charge 0.00921
664 Name 1:R01:A299 Type lmp_007 Mass 12.01 Resnr 0 Resname R01 Charge 0.00911
665 Name 1:R01:A29a Type lmp_009 Mass 1.008 Resnr 0 Resname R01 Charge 0.03851
666 Name 1:R01:A29b Type lmp_005 Mass 12.01 Resnr 0 Resname R01 Charge -0.12349
667 Name 1:R01:A29c Type lmp_005 Mass 12.01 Resnr 0 Resname R01 Charge -0.12549
668 Name 1:R01:A29d Type lmp_005 Mass 12.01 Resnr 0 Resname R01 Charge 0.03581
669 Name 1:R01:A29e Type lmp_003 Mass 12.01 Resnr 0 Resname R01 Charge -0.11109
670 Name 1:R01:A29f Type lmp_009 Mass 1.008 Resnr 0 Resname R01 Charge 0.04331
671 Name 1:R01:A2a0 Type lmp_009 Mass 1.008 Resnr 0 Resname R01 Charge 0.04331
672 Name 1:R01:A2a1 Type lmp_009 Mass 1.008 Resnr 0 Resname R01 Charge 0.04331
673 Name 1:R01:A2a2 Type lmp_005 Mass 12.01 Resnr 0 Resname R01 Charge -0.08649
674 Name 1:R01:A2a3 Type lmp_005 Mass 12.01 Resnr 0 Resname R01 Charge -0.09149
675 Name 1:R01:A2a4 Type lmp_005 Mass 12.01 Resnr 0 Resname R01 Charge 0.05181
676 Name 1:R01:A2a5 Type lmp_003 Mass 12.01 Resnr 0 Resname R01 Charge -0.10009
677 Name 1:R01:A2a6 Type lmp_009 Mass 1.008 Resnr 0 Resname R01 Charge 0.04551
678 Name 1:R01:A2a7 Type lmp_009 Mass 1.008 Resnr 0 Resname R01 Charge 0.04551
679 Name 1:R01:A2a8 Type lmp_009 Mass 1.008 Resnr 0 Resname R01 Charge 0.04551
680 Name 1:R01:A2a9 Type lmp_007 Mass 12.01 Resnr 0 Resname R01 Charge 0.00531
681 Name 1:R01:A2aa Type lmp_009 Mass 1.008 Resnr 0 Resname R01 Charge 0.03971
682 Name 1:R01:A2ab Type lmp_004 Mass 12.01 Resnr 0 Resname R01 Charge 0.05571
683 Name 1:R01:A2ac Type lmp_009 Mass 1.008 Resnr 0 Resname R01 Charge 0.01041
684 Name 1:R01:A2ad Type lmp_004 Mass 12.01 Resnr 0 Resname R01 Charge -0.21059
685 Name 1:R01:A2ae Type lmp_009 Mass 1.008 Resnr 0 Resname R01 Charge 0.05311
686 Name 1:R01:A2af Type lmp_009 Mass 1.008 Resnr 0 Resname R01 Charge 0.05311
687 Name 1:R01:A2b0 Type lmp_005 Mass 12.01 Resnr 0 Resname R01 Charge -0.04569
688 Name 1:R01:A2b1 Type lmp_005 Mass 12.01 Resnr 0 Resname R01 Charge -0.20379
689 Name 1:R01:A2b2 Type lmp_008 Mass 1.008 Resnr 0 Resname R01 Charge 0.15591
690 Name 1:R01:A2b3 Type lmp_003 Mass 12.01 Resnr 0 Resname R01 Charge -0.10048
691 Name 1:R01:A2b4 Type lmp_009 Mass 1.008 Resnr 0 Resname R01 Charge 0.02361
692 Name 1:R01:A2b5 Type lmp_009 Mass 1.008 Resnr 0 Resname R01 Charge 0.02361
693 Name 1:R01:A2b6 Type lmp_009 Mass 1.008 Resnr 0 Resname R01 Charge 0.02361
694 Name 1:R01:A2b7 Type lmp_004 Mass 12.01 Resnr 0 Resname R01 Charge 0.19001
695 Name 1:R01:A2b8 Type lmp_003 Mass 12.01 Resnr 0 Resname R01 Charge -0.17889
696 Name 1:R01:A2b9 Type lmp_009 Mass 1.008 Resnr 0 Resname R01 Charge 0.04121
697 Name 1:R01:A2ba Type lmp_009 Mass 1.008 Resnr 0 Resname R01 Charge 0.04121
698 Name 1:R01:A2bb Type lmp_009 Mass 1.008 Resnr 0 Resname R01 Charge 0.04121
699 Name 1:R01:A2bc Type lmp_005 Mass 12.01 Resnr 0 Resname R01 Charge 0.00401
700 Name 1:R01:A2bd Type lmp_006 Mass 12.01 Resnr 0 Resname R01 Charge 0.00111
701 Name 1:R01:A2be Type lmp_005 Mass 12.01 Resnr 0 Resname R01 Charge -0.18989
702 Name 1:R01:A2bf Type lmp_008 Mass 1.008 Resnr 0 Resname R01 Charge 0.14431
703 Name 1:R01:A2c0 Type lmp_005 Mass 12.01 Resnr 0 Resname R01 Charge -0.04879
704 Name 1:R01:A2c1 Type lmp_007 Mass 12.01 Resnr 0 Resname R01 Charge 0.03141
705 Name 1:R01:A2c2 Type lmp_009 Mass 1.008 Resnr 0 Resname R01 Charge 0.03521
706 Name 1:R01:A2c3 Type lmp_007 Mass 12.01 Resnr 0 Resname R01 Charge 0.01591
707 Name 1:R01:A2c4 Type lmp_009 Mass 1.008 Resnr 0 Resname R01 Charge 0.03721
708 Name 1:R01:A2c5 Type lmp_004 Mass 12.01 Resnr 0 Resname R01 Charge 0.02141
709 Name 1:R01:A2c6 Type lmp_009 Mass 1.008 Resnr 0 Resname R01 Charge 0.01911
710 Name 1:R01:A2c7 Type lmp_007 Mass 12.01 Resnr 0 Resname R01 Charge 0.02241
711 Name 1:R01:A2c8 Type lmp_009 Mass 1.008 Resnr 0 Resname R01 Charge 0.03781
712 Name 1:R01:A2c9 Type lmp_007 Mass 12.01 Resnr 0 Resname R01 Charge 0.01411
713 Name 1:R01:A2ca Type lmp_009 Mass 1.008 Resnr 0 Resname R01 Charge 0.03861
714 Name 1:R01:A2cb Type lmp_004 Mass 12.01 Resnr 0 Resname R01 Charge 0.01111
715 Name 1:R01:A2cc Type lmp_009 Mass 1.008 Resnr 0 Resname R01 Charge 0.02341
716 Name 1:R01:A2cd Type lmp_004 Mass 12.01 Resnr 0 Resname R01 Charge -0.10289
717 Name 1:R01:A2ce Type lmp_009 Mass 1.008 Resnr 0 Resname R01 Charge 0.04701
718 Name 1:R01:A2cf Type lmp_009 Mass 1.008 Resnr 0 Resname R01 Charge 0.04701
719 Name 1:R01:A2d0 Type lmp_005 Mass 12.01 Resnr 0 Resname R01 Charge -0.03099
720 Name 1:R01:A2d1 Type lmp_005 Mass 12.01 Resnr 0 Resname R01 Charge -0.25069
721 Name 1:R01:A2d2 Type lmp_008 Mass 1.008 Resnr 0 Resname R01 Charge 0.17281
722 Name 1:R01:A2d3 Type lmp_006 Mass 12.01 Resnr 0 Resname R01 Charge 0.02131
723 Name 1:R01:A2d4 Type lmp_005 Mass 12.01 Resnr 0 Resname R01 Charge 0.02031
724 Name 1:R01:A2d5 Type lmp_005 Mass 12.01 Resnr 0 Resname R01 Charge -0.24969
725 Name 1:R01:A2d6 Type lmp_008 Mass 1.008 Resnr 0 Resname R01 Charge 0.17861
726 Name 1:R01:A2d7 Type lmp_005 Mass 12.01 Resnr 0 Resname R01 Charge -0.03239
727 Name 1:R01:A2d8 Type lmp_007 Mass 12.01 Resnr 0 Resname R01 Charge 0.03221
728 Name 1:R01:A2d9 Type lmp_009 Mass 1.008 Resnr 0 Resname R01 Charge 0.02561
729 Name 1:R01:A2da Type lmp_007 Mass 12.01 Resnr 0 Resname R01 Charge 0.02991
730 Name 1:R01:A2db Type lmp_009 Mass 1.008 Resnr 0 Resname R01 Charge 0.02761
731 Name 1:R01:A2dc Type lmp_004 Mass 12.01 Resnr 0 Resname R01 Charge 0.05471
732 Name 1:R01:A2dd Type lmp_009 Mass 1.008 Resnr 0 Resname R01 Charge 0.00921
733 Name 1:R01:A2de Type lmp_007 Mass 12.01 Resnr 0 Resname R01 Charge 0.00911
734 Name 1:R01:A2df Type lmp_009 Mass 1.008 Resnr 0 Resname R01 Charge 0.03851
735 Name 1:R01:A2e0 Type lmp_005 Mass 12.01 Resnr 0 Resname R01 Charge -0.12349
736 Name 1:R01:A2e1 Type lmp_005 Mass 12.01 Resnr 0 Resname R01 Charge -0.12549
737 Name 1:R01:A2e2 Type lmp_005 Mass 12.01 Resnr 0 Resname R01 Charge 0.03581
738 Name 1:R01:A2e3 Type lmp_003 Mass 12.01 Resnr 0 Resname R01 Charge -0.11109
739 Name 1:R01:A2e4 Type lmp_009 Mass 1.008 Resnr 0 Resname R01 Charge 0.04331
740 Name 1:R01:A2e5 Type lmp_009 Mass 1.008 Resnr 0 Resname R01 Charge 0.04331
741 Name 1:R01:A2e6 Type lmp_009 Mass 1.008 Resnr 0 Resname R01 Charge 0.04331
742 Name 1:R01:A2e7 Type lmp_005 Mass 12.01 Resnr 0 Resname R01 Charge -0.08649
743 Name 1:R01:A2e8 Type lmp_005 Mass 12.01 Resnr 0 Resname R01 Charge -0.09149
744 Name 1:R01:A2e9 Type lmp_005 Mass 12.01 Resnr 0 Resname R01 Charge 0.05181
745 Name 1:R01:A2ea Type lmp_003 Mass 12.01 Resnr 0 Resname R01 Charge -0.10009
746 Name 1:R01:A2eb Type lmp_009 Mass 1.008 Resnr 0 Resname R01 Charge 0.04551
747 Name 1:R01:A2ec Type lmp_009 Mass 1.008 Resnr 0 Resname R01 Charge 0.04551
748 Name 1:R01:A2ed Type lmp_009 Mass 1.008 Resnr 0 Resname R01 Charge 0.04551
749 Name 1:R01:A2ee Type lmp_007 Mass 12.01 Resnr 0 Resname R01 Charge 0.00531
750 Name 1:R01:A2ef Type lmp_009 Mass 1.008 Resnr 0 Resname R01 Charge 0.03971
751 Name 1:R01:A2f0 Type lmp_004 Mass 12.01 Resnr 0 Resname R01 Charge 0.05571
752 Name 1:R01:A2f1 Type lmp_009 Mass 1.008 Resnr 0 Resname R01 Charge 0.01041
753 Name 1:R01:A2f2 Type lmp_004 Mass 12.01 Resnr 0 Resname R01 Charge -0.21059
754 Name 1:R01:A2f3 Type lmp_009 Mass 1.008 Resnr 0 Resname R01 Charge 0.05311
755 Name 1:R01:A2f4 Type lmp_009 Mass 1.008 Resnr 0 Resname R01 Charge 0.05311
756 Name 1:R01:A2f5 Type lmp_005 Mass 12.01 Resnr 0 Resname R01 Charge -0.04569
757 Name 1:R01:A2f6 Type lmp_005 Mass 12.01 Resnr 0 Resname R01 Charge -0.20379
758 Name 1:R01:A2f7 Type lmp_008 Mass 1.008 Resnr 0 Resname R01 Charge 0.15591
759 Name 1:R01:A2f8 Type lmp_003 Mass 12.01 Resnr 0 Resname R01 Charge -0.10048
760 Name 1:R01:A2f9 Type lmp_009 Mass 1.008 Resnr 0 Resname R01 Charge 0.02361
761 Name 1:R01:A2fa Type lmp_009 Mass 1.008 Resnr 0 Resname R01 Charge 0.02361
762 Name 1:R01:A2fb Type lmp_009 Mass 1.008 Resnr 0 Resname R01 Charge 0.02361
763 Name 1:R01:A2fc Type lmp_004 Mass 12.01 Resnr 0 Resname R01 Charge 0.19001
764 Name 1:R01:A2fd Type lmp_003 Mass 12.01 Resnr 0 Resname R01 Charge -0.17889
765 Name 1:R01:A2fe Type lmp_009 Mass 1.008 Resnr 0 Resname R01 Charge 0.04121
766 Name 1:R01:A2ff Type lmp_009 Mass 1.008 Resnr 0 Resname R01 Charge 0.04121
767 Name 1:R01:A300 Type lmp_009 Mass 1.008 Resnr 0 Resname R01 Charge 0.04121
768 Name 1:R01:A301 Type lmp_005 Mass 12.01 Resnr 0 Resname R01 Charge 0.00401
769 Name 1:R01:A302 Type lmp_006 Mass 12.01 Resnr 0 Resname R01 Charge 0.00111
770 Name 1:R01:A303 Type lmp_005 Mass 12.01 Resnr 0 Resname R01 Charge -0.18989
771 Name 1:R01:A304 Type lmp_008 Mass 1.008 Resnr 0 Resname R01 Charge 0.14431
772 Name 1:R01:A305 Type lmp_005 Mass 12.01 Resnr 0 Resname R01 Charge -0.04879
773 Name 1:R01:A306 Type lmp_007 Mass 12.01 Resnr 0 Resname R01 Charge 0.03141
774 Name 1:R01:A307 Type lmp_009 Mass 1.008 Resnr 0 Resname R01 Charge 0.03521
775 Name 1:R01:A308 Type lmp_007 Mass 12.01 Resnr 0 Resname R01 Charge 0.01591
776 Name 1:R01:A309 Type lmp_009 Mass 1.008 Resnr 0 Resname R01 Charge 0.03721
777 Name 1:R01:A30a Type lmp_004 Mass 12.01 Resnr 0 Resname R01 Charge 0.02141
778 Name 1:R01:A30b Type lmp_009 Mass 1.008 Resnr 0 Resname R01 Charge 0.01911
779 Name 1:R01:A30c Type lmp_007 Mass 12.01 Resnr 0 Resname R01 Charge 0.02241
780 Name 1:R01:A30d Type lmp_009 Mass 1.008 Resnr 0 Resname R01 Charge 0.03781
781 Name 1:R01:A30e Type lmp_007 Mass 12.01 Resnr 0 Resname R01 Charge 0.01411
782 Name 1:R01:A30f Type lmp_009 Mass 1.008 Resnr 0 Resname R01 Charge 0.03861
783 Name 1:R01:A310 Type lmp_004 Mass 12.01 Resnr 0 Resname R01 Charge 0.01111
784 Name 1:R01:A311 Type lmp_009 Mass 1.008 Resnr 0 Resname R01 Charge 0.02341
785 Name 1:R01:A312 Type lmp_004 Mass 12.01 Resnr 0 Resname R01 Charge -0.10289
786 Name 1:R01:A313 Type lmp_009 Mass 1.008 Resnr 0 Resname R01 Charge 0.04701
787 Name 1:R01:A314 Type lmp_009 Mass 1.008 Resnr 0 Resname R01 Charge 0.04701
788 Name 1:R01:A315 Type lmp_005 Mass 12.01 Resnr 0 Resname R01 Charge -0.03099
789 Name 1:R01:A316 Type lmp_005 Mass 12.01 Resnr 0 Resname R01 Charge -0.25069
790 Name 1:R01:A317 Type lmp_008 Mass 1.008 Resnr 0 Resname R01 Charge 0.17281
791 Name 1:R01:A318 Type lmp_006 Mass 12.01 Resnr 0 Resname R01 Charge 0.02131
792 Name 1:R01:A319 Type lmp_005 Mass 12.01 Resnr 0 Resname R01 Charge 0.02031
793 Name 1:R01:A31a Type lmp_005 Mass 12.01 Resnr 0 Resname R01 Charge -0.24969
794 Name 1:R01:A31b Type lmp_008 Mass 1.008 Resnr 0 Resname R01 Charge 0.17861
795 Name 1:R01:A31c Type lmp_005 Mass 12.01 Resnr 0 Resname R01 Charge -0.03239
796 Name 1:R01:A31d Type lmp_007 Mass 12.01 Resnr 0 Resname R01 Charge 0.03221
797 Name 1:R01:A31e Type lmp_009 Mass 1.008 Resnr 0 Resname R01 Charge 0.02561
798 Name 1:R01:A31f Type lmp_007 Mass 12.01 Resnr 0 Resname R01 Charge 0.02991
799 Name 1:R01:A320 Type lmp_009 Mass 1.008 Resnr 0 Resname R01 Charge 0.02761
800 Name 1:R01:A321 Type lmp_004 Mass 12.01 Resnr 0 Resname R01 Charge 0.05471
801 Name 1:R01:A322 Type lmp_009 Mass 1.008 Resnr 0 Resname R01 Charge 0.00921
802 Name 1:R01:A323 Type lmp_007 Mass 12.01 Resnr 0 Resname R01 Charge 0.00911
803 Name 1:R01:A324 Type lmp_009 Mass 1.008 Resnr 0 Resname R01 Charge 0.03851
804 Name 1:R01:A325 Type lmp_005 Mass 12.01 Resnr 0 Resname R01 Charge -0.12349
805 Name 1:R01:A326 Type lmp_005 Mass 12.01 Resnr 0 Resname R01 Charge -0.12549
806 Name 1:R01:A327 Type lmp_005 Mass 12.01 Resnr 0 Resname R01 Charge 0.03581
807 Name 1:R01:A328 Type lmp_003 Mass 12.01 Resnr 0 Resname R01 Charge -0.11109
808 Name 1:R01:A329 Type lmp_009 Mass 1.008 Resnr 0 Resname R01 Charge 0.04331
809 Name 1:R01:A32a Type lmp_009 Mass 1.008 Resnr 0 Resname R01 Charge 0.04331
810 Name 1:R01:A32b Type lmp_009 Mass 1.008 Resnr 0 Resname R01 Charge 0.04331
811 Name 1:R01:A32c Type lmp_005 Mass 12.01 Resnr 0 Resname R01 Charge -0.08649
812 Name 1:R01:A32d Type lmp_005 Mass 12.01 Resnr 0 Resname R01 Charge -0.09149
813 Name 1:R01:A32e Type lmp_005 Mass 12.01 Resnr 0 Resname R01 Charge 0.05181
814 Name 1:R01:A32f Type lmp_003 Mass 12.01 Resnr 0 Resname R01 Charge -0.10009
815 Name 1:R01:A330 Type lmp_009 Mass 1.008 Resnr 0 Resname R01 Charge 0.04551
816 Name 1:R01:A331 Type lmp_009 Mass 1.008 Resnr 0 Resname R01 Charge 0.04551
817 Name 1:R01:A332 Type lmp_009 Mass 1.008 Resnr 0 Resname R01 Charge 0.04551
818 Name 1:R01:A333 Type lmp_007 Mass 12.01 Resnr 0 Resname R01 Charge 0.00531
819 Name 1:R01:A334 Type lmp_009 Mass 1.008 Resnr 0 Resname R01 Charge 0.03971
820 Name 1:R01:A335 Type lmp_004 Mass 12.01 Resnr 0 Resname R01 Charge 0.05571
821 Name 1:R01:A336 Type lmp_009 Mass 1.008 Resnr 0 Resname R01 Charge 0.01041
822 Name 1:R01:A337 Type lmp_004 Mass 12.01 Resnr 0 Resname R01 Charge -0.21059
823 Name 1:R01:A338 Type lmp_009 Mass 1.008 Resnr 0 Resname R01 Charge 0.05311
824 Name 1:R01:A339 Type lmp_009 Mass 1.008 Resnr 0 Resname R01 Charge 0.05311
825 Name 1:R01:A33a Type lmp_005 Mass 12.01 Resnr 0 Resname R01 Charge -0.04569
826 Name 1:R01:A33b Type lmp_005 Mass 12.01 Resnr 0 Resname R01 Charge -0.20379
827 Name 1:R01:A33c Type lmp_008 Mass 1.008 Resnr 0 Resname R01 Charge 0.15591
828 Name 1:R01:A33d Type lmp_003 Mass 12.01 Resnr 0 Resname R01 Charge -0.10048
829 Name 1:R01:A33e Type lmp_009 Mass 1.008 Resnr 0 Resname R01 Charge 0.02361
830 Name 1:R01:A33f Type lmp_009 Mass 1.008 Resnr 0 Resname R01 Charge 0.02361
831 Name 1:R01:A340 Type lmp_009 Mass 1.008 Resnr 0 Resname R01 Charge 0.02361
832 Name 1:R01:A341 Type lmp_004 Mass 12.01 Resnr 0 Resname R01 Charge 0.19001
833 Name 1:R01:A342 Type lmp_003 Mass 12.01 Resnr 0 Resname R01 Charge -0.17889
834 Name 1:R01:A343 Type lmp_009 Mass 1.008 Resnr 0 Resname R01 Charge 0.04121
835 Name 1:R01:A344 Type lmp_009 Mass 1.008 Resnr 0 Resname R01 Charge 0.04121
836 Name 1:R01:A345 Type lmp_009 Mass 1.008 Resnr 0 Resname R01 Charge 0.04121
837 Name 1:R01:A346 Type lmp_005 Mass 12.01 Resnr 0 Resname R01 Charge 0.00401
838 Name 1:R01:A347 Type lmp_006 Mass 12.01 Resnr 0 Resname R01 Charge 0.00111
839 Name 1:R01:A348 Type lmp_005 Mass 12.01 Resnr 0 Resname R01 Charge -0.18989
840 Name 1:R01:A349 Type lmp_008 Mass 1.008 Resnr 0 Resname R01 Charge 0.14431
841 Name 1:R01:A34a Type lmp_005 Mass 12.01 Resnr 0 Resname R01 Charge -0.04879
842 Name 1:R01:A34b Type lmp_007 Mass 12.01 Resnr 0 Resname R01 Charge 0.03141
843 Name 1:R01:A34c Type lmp_009 Mass 1.008 Resnr 0 Resname R01 Charge 0.03521
844 Name 1:R01:A34d Type lmp_007 Mass 12.01 Resnr 0 Resname R01 Charge 0.01591
845 Name 1:R01:A34e Type lmp_009 Mass 1.008 Resnr 0 Resname R01 Charge 0.03721
846 Name 1:R01:A34f Type lmp_004 Mass 12.01 Resnr 0 Resname R01 Charge 0.02141
847 Name 1:R01:A350 Type lmp_009 Mass 1.008 Resnr 0 Resname R01 Charge 0.01911
848 Name 1:R01:A351 Type lmp_007 Mass 12.01 Resnr 0 Resname R01 Charge 0.02241
849 Name 1:R01:A352 Type lmp_009 Mass 1.008 Resnr 0 Resname R01 Charge 0.03781
850 Name 1:R01:A353 Type lmp_007 Mass 12.01 Resnr 0 Resname R01 Charge 0.01411
851 Name 1:R01:A354 Type lmp_009 Mass 1.008 Resnr 0 Resname R01 Charge 0.03861
852 Name 1:R01:A355 Type lmp_004 Mass 12.01 Resnr 0 Resname R01 Charge 0.01111
853 Name 1:R01:A356 Type lmp_009 Mass 1.008 Resnr 0 Resname R01 Charge 0.02341
854 Name 1:R01:A357 Type lmp_004 Mass 12.01 Resnr 0 Resname R01 Charge -0.10289
855 Name 1:R01:A358 Type lmp_009 Mass 1.008 Resnr 0 Resname R01 Charge 0.04701
856 Name 1:R01:A359 Type lmp_009 Mass 1.008 Resnr 0 Resname R01 Charge 0.04701
857 Name 1:R01:A35a Type lmp_005 Mass 12.01 Resnr 0 Resname R01 Charge -0.03099
858 Name 1:R01:A35b Type lmp_005 Mass 12.01 Resnr 0 Resname R01 Charge -0.25069
859 Name 1:R01:A35c Type lmp_008 Mass 1.008 Resnr 0 Resname R01 Charge 0.17281
860 Name 1:R01:A35d Type lmp_006 Mass 12.01 Resnr 0 Resname R01 Charge 0.02131
861 Name 1:R01:A35e Type lmp_005 Mass 12.01 Resnr 0 Resname R01 Charge 0.02031
862 Name 1:R01:A35f Type lmp_005 Mass 12.01 Resnr 0 Resname R01 Charge -0.24969
863 Name 1:R01:A360 Type lmp_008 Mass 1.008 Resnr 0 Resname R01 Charge 0.17861
864 Name 1:R01:A361 Type lmp_005 Mass 12.01 Resnr 0 Resname R01 Charge -0.03239
865 Name 1:R01:A362 Type lmp_007 Mass 12.01 Resnr 0 Resname R01 Charge 0.03221
866 Name 1:R01:A363 Type lmp_009 Mass 1.008 Resnr 0 Resname R01 Charge 0.02561
867 Name 1:R01:A364 Type lmp_007 Mass 12.01 Resnr 0 Resname R01 Charge 0.02991
868 Name 1:R01:A365 Type lmp_009 Mass 1.008 Resnr 0 Resname R01 Charge 0.02761
869 Name 1:R01:A366 Type lmp_004 Mass 12.01 Resnr 0 Resname R01 Charge 0.05471
870 Name 1:R01:A367 Type lmp_009 Mass 1.008 Resnr 0 Resname R01 Charge 0.00921
871 Name 1:R01:A368 Type lmp_007 Mass 12.01 Resnr 0 Resname R01 Charge 0.00911
872 Name 1:R01:A369 Type lmp_009 Mass 1.008 Resnr 0 Resname R01 Charge 0.03851
873 Name 1:R01:A36a Type lmp_005 Mass 12.01 Resnr 0 Resname R01 Charge -0.12349
874 Name 1:R01:A36b Type lmp_005 Mass 12.01 Resnr 0 Resname R01 Charge -0.12549
875 Name 1:R01:A36c Type lmp_005 Mass 12.01 Resnr 0 Resname R01 Charge 0.03581
876 Name 1:R01:A36d Type lmp_003 Mass 12.01 Resnr 0 Resname R01 Charge -0.11109
877 Name 1:R01:A36e Type lmp_009 Mass 1.008 Resnr 0 Resname R01 Charge 0.04331
878 Name 1:R01:A36f Type lmp_009 Mass 1.008 Resnr 0 Resname R01 Charge 0.04331
879 Name 1:R01:A370 Type lmp_009 Mass 1.008 Resnr 0 Resname R01 Charge 0.04331
880 Name 1:R01:A371 Type lmp_005 Mass 12.01 Resnr 0 Resname R01 Charge -0.08649
881 Name 1:R01:A372 Type lmp_005 Mass 12.01 Resnr 0 Resname R01 Charge -0.09149
882 Name 1:R01:A373 Type lmp_005 Mass 12.01 Resnr 0 Resname R01 Charge 0.05181
883 Name 1:R01:A374 Type lmp_003 Mass 12.01 Resnr 0 Resname R01 Charge -0.10009
884 Name 1:R01:A375 Type lmp_009 Mass 1.008 Resnr 0 Resname R01 Charge 0.04551
885 Name 1:R01:A376 Type lmp_009 Mass 1.008 Resnr 0 Resname R01 Charge 0.04551
886 Name 1:R01:A377 Type lmp_009 Mass 1.008 Resnr 0 Resname R01 Charge 0.04551
887 Name 1:R01:A378 Type lmp_007 Mass 12.01 Resnr 0 Resname R01 Charge 0.00531
888 Name 1:R01:A379 Type lmp_009 Mass 1.008 Resnr 0 Resname R01 Charge 0.03971
889 Name 1:R01:A37a Type lmp_004 Mass 12.01 Resnr 0 Resname R01 Charge 0.05571
890 Name 1:R01:A37b Type lmp_009 Mass 1.008 Resnr 0 Resname R01 Charge 0.01041
891 Name 1:R01:A37c Type lmp_004 Mass 12.01 Resnr 0 Resname R01 Charge -0.21059
892 Name 1:R01:A37d Type lmp_009 Mass 1.008 Resnr 0 Resname R01 Charge 0.05311
893 Name 1:R01:A37e Type lmp_009 Mass 1.008 Resnr 0 Resname R01 Charge 0.05311
894 Name 1:R01:A37f Type lmp_005 Mass 12.01 Resnr 0 Resname R01 Charge -0.04569
895 Name 1:R01:A380 Type lmp_005 Mass 12.01 Resnr 0 Resname R01 Charge -0.20379
896 Name 1:R01:A381 Type lmp_008 Mass 1.008 Resnr 0 Resname R01 Charge 0.15591
897 Name 1:R01:A382 Type lmp_003 Mass 12.01 Resnr 0 Resname R01 Charge -0.10048
898 Name 1:R01:A383 Type lmp_009 Mass 1.008 Resnr 0 Resname R01 Charge 0.02361
899 Name 1:R01:A384 Type lmp_009 Mass 1.008 Resnr 0 Resname R01 Charge 0.02361
900 Name 1:R01:A385 Type lmp_009 Mass 1.008 Resnr 0 Resname R01 Charge 0.02361
901 Name 1:R01:A386 Type lmp_004 Mass 12.01 Resnr 0 Resname R01 Charge 0.19001
902 Name 1:R01:A387 Type lmp_003 Mass 12.01 Resnr 0 Resname R01 Charge -0.17889
903 Name 1:R01:A388 Type lmp_009 Mass 1.008 Resnr 0 Resname R01 Charge 0.04121
904 Name 1:R01:A389 Type lmp_009 Mass 1.008 Resnr 0 Resname R01 Charge 0.04121
905 Name 1:R01:A38a Type lmp_009 Mass 1.008 Resnr 0 Resname R01 Charge 0.04121
906 Name 1:R01:A38b Type lmp_005 Mass 12.01 Resnr 0 Resname R01 Charge 0.00401
907 Name 1:R01:A38c Type lmp_006 Mass 12.01 Resnr 0 Resname R01 Charge 0.00111
908 Name 1:R01:A38d Type lmp_005 Mass 12.01 Resnr 0 Resname R01 Charge -0.18989
909 Name 1:R01:A38e Type lmp_008 Mass 1.008 Resnr 0 Resname R01 Charge 0.14431
910 Name 1:R01:A38f Type lmp_005 Mass 12.01 Resnr 0 Resname R01 Charge -0.04879
911 Name 1:R01:A390 Type lmp_007 Mass 12.01 Resnr 0 Resname R01 Charge 0.03141
912 Name 1:R01:A391 Type lmp_009 Mass 1.008 Resnr 0 Resname R01 Charge 0.03521
913 Name 1:R01:A392 Type lmp_007 Mass 12.01 Resnr 0 Resname R01 Charge 0.01591
914 Name 1:R01:A393 Type lmp_009 Mass 1.008 Resnr 0 Resname R01 Charge 0.03721
915 Name 1:R01:A394 Type lmp_004 Mass 12.01 Resnr 0 Resname R01 Charge 0.02141
916 Name 1:R01:A395 Type lmp_009 Mass 1.008 Resnr 0 Resname R01 Charge 0.01911
917 Name 1:R01:A396 Type lmp_007 Mass 12.01 Resnr 0 Resname R01 Charge 0.02241
918 Name 1:R01:A397 Type lmp_009 Mass 1.008 Resnr 0 Resname R01 Charge 0.03781
919 Name 1:R01:A398 Type lmp_007 Mass 12.01 Resnr 0 Resname R01 Charge 0.01411
920 Name 1:R01:A399 Type lmp_009 Mass 1.008 Resnr 0 Resname R01 Charge 0.03861
921 Name 1:R01:A39a Type lmp_004 Mass 12.01 Resnr 0 Resname R01 Charge 0.01111
922 Name 1:R01:A39b Type lmp_009 Mass 1.008 Resnr 0 Resname R01 Charge 0.02341
923 Name 1:R01:A39c Type lmp_004 Mass 12.01 Resnr 0 Resname R01 Charge -0.10289
924 Name 1:R01:A39d Type lmp_009 Mass 1.008 Resnr 0 Resname R01 Charge 0.04701
925 Name 1:R01:A39e Type lmp_009 Mass 1.008 Resnr 0 Resname R01 Charge 0.04701
926 Name 1:R01:A39f Type lmp_005 Mass 12.01 Resnr 0 Resname R01 Charge -0.03099
927 Name 1:R01:A3a0 Type lmp_005 Mass 12.01 Resnr 0 Resname R01 Charge -0.25069
928 Name 1:R01:A3a1 Type lmp_008 Mass 1.008 Resnr 0 Resname R01 Charge 0.17281
929 Name 1:R01:A3a2 Type lmp_006 Mass 12.01 Resnr 0 Resname R01 Charge 0.02131
930 Name 1:R01:A3a3 Type lmp_005 Mass 12.01 Resnr 0 Resname R01 Charge 0.02031
931 Name 1:R01:A3a4 Type lmp_005 Mass 12.01 Resnr 0 Resname R01 Charge -0.24969
932 Name 1:R01:A3a5 Type lmp_008 Mass 1.008 Resnr 0 Resname R01 Charge 0.17861
933 Name 1:R01:A3a6 Type lmp_005 Mass 12.01 Resnr 0 Resname R01 Charge -0.03239
934 Name 1:R01:A3a7 Type lmp_007 Mass 12.01 Resnr 0 Resname R01 Charge 0.03221
935 Name 1:R01:A3a8 Type lmp_009 Mass 1.008 Resnr 0 Resname R01 Charge 0.02561
936 Name 1:R01:A3a9 Type lmp_007 Mass 12.01 Resnr 0 Resname R01 Charge 0.02991
937 Name 1:R01:A3aa Type lmp_009 Mass 1.008 Resnr 0 Resname R01 Charge 0.02761
938 Name 1:R01:A3ab Type lmp_004 Mass 12.01 Resnr 0 Resname R01 Charge 0.05471
939 Name 1:R01:A3ac Type lmp_009 Mass 1.008 Resnr 0 Resname R01 Charge 0.00921
940 Name 1:R01:A3ad Type lmp_007 Mass 12.01 Resnr 0 Resname R01 Charge 0.00911
941 Name 1:R01:A3ae Type lmp_009 Mass 1.008 Resnr 0 Resname R01 Charge 0.03851
942 Name 1:R01:A3af Type lmp_005 Mass 12.01 Resnr 0 Resname R01 Charge -0.12349
943 Name 1:R01:A3b0 Type lmp_005 Mass 12.01 Resnr 0 Resname R01 Charge -0.12549
944 Name 1:R01:A3b1 Type lmp_005 Mass 12.01 Resnr 0 Resname R01 Charge 0.03581
945 Name 1:R01:A3b2 Type lmp_003 Mass 12.01 Resnr 0 Resname R01 Charge -0.11109
946 Name 1:R01:A3b3 Type lmp_009 Mass 1.008 Resnr 0 Resname R01 Charge 0.04331
947 Name 1:R01:A3b4 Type lmp_009 Mass 1.008 Resnr 0 Resname R01 Charge 0.04331
948 Name 1:R01:A3b5 Type lmp_009 Mass 1.008 Resnr 0 Resname R01 Charge 0.04331
949 Name 1:R01:A3b6 Type lmp_005 Mass 12.01 Resnr 0 Resname R01 Charge -0.08649
950 Name 1:R01:A3b7 Type lmp_005 Mass 12.01 Resnr 0 Resname R01 Charge -0.09149
951 Name 1:R01:A3b8 Type lmp_005 Mass 12.01 Resnr 0 Resname R01 Charge 0.05181
952 Name 1:R01:A3b9 Type lmp_003 Mass 12.01 Resnr 0 Resname R01 Charge -0.10009
953 Name 1:R01:A3ba Type lmp_009 Mass 1.008 Resnr 0 Resname R01 Charge 0.04551
954 Name 1:R01:A3bb Type lmp_009 Mass 1.008 Resnr 0 Resname R01 Charge 0.04551
955 Name 1:R01:A3bc Type lmp_009 Mass 1.008 Resnr 0 Resname R01 Charge 0.04551
956 Name 1:R01:A3bd Type lmp_007 Mass 12.01 Resnr 0 Resname R01 Charge 0.00531
957 Name 1:R01:A3be Type lmp_009 Mass 1.008 Resnr 0 Resname R01 Charge 0.03971
958 Name 1:R01:A3bf Type lmp_004 Mass 12.01 Resnr 0 Resname R01 Charge 0.05571
959 Name 1:R01:A3c0 Type lmp_009 Mass 1.008 Resnr 0 Resname R01 Charge 0.01041
960 Name 1:R01:A3c1 Type lmp_004 Mass 12.01 Resnr 0 Resname R01 Charge -0.21059
961 Name 1:R01:A3c2 Type lmp_009 Mass 1.008 Resnr 0 Resname R01 Charge 0.05311
962 Name 1:R01:A3c3 Type lmp_009 Mass 1.008 Resnr 0 Resname R01 Charge 0.05311
963 Name 1:R01:A3c4 Type lmp_005 Mass 12.01 Resnr 0 Resname R01 Charge -0.04569
964 Name 1:R01:A3c5 Type lmp_005 Mass 12.01 Resnr 0 Resname R01 Charge -0.20379
965 Name 1:R01:A3c6 Type lmp_008 Mass 1.008 Resnr 0 Resname R01 Charge 0.15591
966 Name 1:R01:A3c7 Type lmp_003 Mass 12.01 Resnr 0 Resname R01 Charge -0.10048
967 Name 1:R01:A3c8 Type lmp_009 Mass 1.008 Resnr 0 Resname R01 Charge 0.02361
968 Name 1:R01:A3c9 Type lmp_009 Mass 1.008 Resnr 0 Resname R01 Charge 0.02361
969 Name 1:R01:A3ca Type lmp_009 Mass 1.008 Resnr 0 Resname R01 Charge 0.02361
970 Name 1:R01:A3cb Type lmp_004 Mass 12.01 Resnr 0 Resname R01 Charge 0.19001
971 Name 1:R01:A3cc Type lmp_003 Mass 12.01 Resnr 0 Resname R01 Charge -0.17889
972 Name 1:R01:A3cd Type lmp_009 Mass 1.008 Resnr 0 Resname R01 Charge 0.04121
973 Name 1:R01:A3ce Type lmp_009 Mass 1.008 Resnr 0 Resname R01 Charge 0.04121
974 Name 1:R01:A3cf Type lmp_009 Mass 1.008 Resnr 0 Resname R01 Charge 0.04121
975 Name 1:R01:A3d0 Type lmp_005 Mass 12.01 Resnr 0 Resname R01 Charge 0.00401
976 Name 1:R01:A3d1 Type lmp_006 Mass 12.01 Resnr 0 Resname R01 Charge 0.00111
977 Name 1:R01:A3d2 Type lmp_005 Mass 12.01 Resnr 0 Resname R01 Charge -0.18989
978 Name 1:R01:A3d3 Type lmp_008 Mass 1.008 Resnr 0 Resname R01 Charge 0.14431
979 Name 1:R01:A3d4 Type lmp_005 Mass 12.01 Resnr 0 Resname R01 Charge -0.04879
980 Name 1:R01:A3d5 Type lmp_007 Mass 12.01 Resnr 0 Resname R01 Charge 0.03141
981 Name 1:R01:A3d6 Type lmp_009 Mass 1.008 Resnr 0 Resname R01 Charge 0.03521
982 Name 1:R01:A3d7 Type lmp_007 Mass 12.01 Resnr 0 Resname R01 Charge 0.01591
983 Name 1:R01:A3d8 Type lmp_009 Mass 1.008 Resnr 0 Resname R01 Charge 0.03721
984 Name 1:R01:A3d9 Type lmp_004 Mass 12.01 Resnr 0 Resname R01 Charge 0.02141
985 Name 1:R01:A3da Type lmp_009 Mass 1.008 Resnr 0 Resname R01 Charge 0.01911
986 Name 1:R01:A3db Type lmp_007 Mass 12.01 Resnr 0 Resname R01 Charge 0.02241
987 Name 1:R01:A3dc Type lmp_009 Mass 1.008 Resnr 0 Resname R01 Charge 0.03781
988 Name 1:R01:A3dd Type lmp_007 Mass 12.01 Resnr 0 Resname R01 Charge 0.01411
989 Name 1:R01:A3de Type lmp_009 Mass 1.008 Resnr 0 Resname R01 Charge 0.03861
990 Name 1:R01:A3df Type lmp_004 Mass 12.01 Resnr 0 Resname R01 Charge 0.01111
991 Name 1:R01:A3e0 Type lmp_009 Mass 1.008 Resnr 0 Resname R01 Charge 0.02341
992 Name 1:R01:A3e1 Type lmp_004 Mass 12.01 Resnr 0 Resname R01 Charge -0.10289
993 Name 1:R01:A3e2 Type lmp_009 Mass 1.008 Resnr 0 Resname R01 Charge 0.04701
994 Name 1:R01:A3e3 Type lmp_009 Mass 1.008 Resnr 0 Resname R01 Charge 0.04701
995 Name 1:R01:A3e4 Type lmp_005 Mass 12.01 Resnr 0 Resname R01 Charge -0.03099
996 Name 1:R01:A3e5 Type lmp_005 Mass 12.01 Resnr 0 Resname R01 Charge -0.25069
997 Name 1:R01:A3e6 Type lmp_008 Mass 1.008 Resnr 0 Resname R01 Charge 0.17281
998 Name 1:R01:A3e7 Type lmp_006 Mass 12.01 Resnr 0 Resname R01 Charge 0.02131
999 Name 1:R01:A3e8 Type lmp_005 Mass 12.01 Resnr 0 Resname R01 Charge 0.02031
1000 Name 1:R01:A3e9 Type lmp_005 Mass 12.01 Resnr 0 Resname R01 Charge -0.24969
1001 Name 1:R01:A3ea Type lmp_008 Mass 1.008 Resnr 0 Resname R01 Charge 0.17861
1002 Name 1:R01:A3eb Type lmp_005 Mass 12.01 Resnr 0 Resname R01 Charge -0.03239
1003 Name 1:R01:A3ec Type lmp_007 Mass 12.01 Resnr 0 Resname R01 Charge 0.03221
1004 Name 1:R01:A3ed Type lmp_009 Mass 1.008 Resnr 0 Resname R01 Charge 0.02561
1005 Name 1:R01:A3ee Type lmp_007 Mass 12.01 Resnr 0 Resname R01 Charge 0.02991
1006 Name 1:R01:A3ef Type lmp_009 Mass 1.008 Resnr 0 Resname R01 Charge 0.02761
1007 Name 1:R01:A3f0 Type lmp_004 Mass 12.01 Resnr 0 Resname R01 Charge 0.05471
1008 Name 1:R01:A3f1 Type lmp_009 Mass 1.008 Resnr 0 Resname R01 Charge 0.00921
1009 Name 1:R01:A3f2 Type lmp_007 Mass 12.01 Resnr 0 Resname R01 Charge 0.00911
1010 Name 1:R01:A3f3 Type lmp_009 Mass 1.008 Resnr 0 Resname R01 Charge 0.03851
1011 Name 1:R01:A3f4 Type lmp_005 Mass 12.01 Resnr 0 Resname R01 Charge -0.12349
1012 Name 1:R01:A3f5 Type lmp_005 Mass 12.01 Resnr 0 Resname R01 Charge -0.12549
1013 Name 1:R01:A3f6 Type lmp_005 Mass 12.01 Resnr 0 Resname R01 Charge 0.03581
1014 Name 1:R01:A3f7 Type lmp_003 Mass 12.01 Resnr 0 Resname R01 Charge -0.11109
1015 Name 1:R01:A3f8 Type lmp_009 Mass 1.008 Resnr 0 Resname R01 Charge 0.04331
1016 Name 1:R01:A3f9 Type lmp_009 Mass 1.008 Resnr 0 Resname R01 Charge 0.04331
1017 Name 1:R01:A3fa Type lmp_009 Mass 1.008 Resnr 0 Resname R01 Charge 0.04331
1018 Name 1:R01:A3fb Type lmp_005 Mass 12.01 Resnr 0 Resname R01 Charge -0.08649
1019 Name 1:R01:A3fc Type lmp_005 Mass 12.01 Resnr 0 Resname R01 Charge -0.09149
1020 Name 1:R01:A3fd Type lmp_005 Mass 12.01 Resnr 0 Resname R01 Charge 0.05181
1021 Name 1:R01:A3fe Type lmp_003 Mass 12.01 Resnr 0 Resname R01 Charge -0.10009
1022 Name 1:R01:A3ff Type lmp_009 Mass 1.008 Resnr 0 Resname R01 Charge 0.04551
1023 Name 1:R01:A400 Type lmp_009 Mass 1.008 Resnr 0 Resname R01 Charge 0.04551
1024 Name 1:R01:A401 Type lmp_009 Mass 1.008 Resnr 0 Resname R01 Charge 0.04551
1025 Name 1:R01:A402 Type lmp_007 Mass 12.01 Resnr 0 Resname R01 Charge 0.00531
1026 Name 1:R01:A403 Type lmp_009 Mass 1.008 Resnr 0 Resname R01 Charge 0.03971
1027 Name 1:R01:A404 Type lmp_004 Mass 12.01 Resnr 0 Resname R01 Charge 0.05571
1028 Name 1:R01:A405 Type lmp_009 Mass 1.008 Resnr 0 Resname R01 Charge 0.01041
1029 Name 1:R01:A406 Type lmp_004 Mass 12.01 Resnr 0 Resname R01 Charge -0.21059
1030 Name 1:R01:A407 Type lmp_009 Mass 1.008 Resnr 0 Resname R01 Charge 0.05311
1031 Name 1:R01:A408 Type lmp_009 Mass 1.008 Resnr 0 Resname R01 Charge 0.05311
1032 Name 1:R01:A409 Type lmp_005 Mass 12.01 Resnr 0 Resname R01 Charge -0.04569
1033 Name 1:R01:A40a Type lmp_005 Mass 12.01 Resnr 0 Resname R01 Charge -0.20379
1034 Name 1:R01:A40b Type lmp_008 Mass 1.008 Resnr 0 Resname R01 Charge 0.15591
1035 Name 1:R01:A40c Type lmp_003 Mass 12.01 Resnr 0 Resname R01 Charge -0.10048
1036 Name 1:R01:A40d Type lmp_009 Mass 1.008 Resnr 0 Resname R01 Charge 0.02361
1037 Name 1:R01:A40e Type lmp_009 Mass 1.008 Resnr 0 Resname R01 Charge 0.02361
1038 Name 1:R01:A40f Type lmp_009 Mass 1.008 Resnr 0 Resname R01 Charge 0.02361
1039 Name 1:R01:A410 Type lmp_004 Mass 12.01 Resnr 0 Resname R01 Charge 0.19001
1040 Name 1:R01:A411 Type lmp_003 Mass 12.01 Resnr 0 Resname R01 Charge -0.17889
1041 Name 1:R01:A412 Type lmp_009 Mass 1.008 Resnr 0 Resname R01 Charge 0.04121
1042 Name 1:R01:A413 Type lmp_009 Mass 1.008 Resnr 0 Resname R01 Charge 0.04121
1043 Name 1:R01:A414 Type lmp_009 Mass 1.008 Resnr 0 Resname R01 Charge 0.04121
1044 Name 1:R01:A415 Type lmp_005 Mass 12.01 Resnr 0 Resname R01 Charge 0.00401
1045 Name 1:R01:A416 Type lmp_006 Mass 12.01 Resnr 0 Resname R01 Charge 0.00111
1046 Name 1:R01:A417 Type lmp_005 Mass 12.01 Resnr 0 Resname R01 Charge -0.18989
1047 Name 1:R01:A418 Type lmp_008 Mass 1.008 Resnr 0 Resname R01 Charge 0.14431
1048 Name 1:R01:A419 Type lmp_005 Mass 12.01 Resnr 0 Resname R01 Charge -0.04879
1049 Name 1:R01:A41a Type lmp_007 Mass 12.01 Resnr 0 Resname R01 Charge 0.03141
1050 Name 1:R01:A41b Type lmp_009 Mass 1.008 Resnr 0 Resname R01 Charge 0.03521
1051 Name 1:R01:A41c Type lmp_007 Mass 12.01 Resnr 0 Resname R01 Charge 0.01591
1052 Name 1:R01:A41d Type lmp_009 Mass 1.008 Resnr 0 Resname R01 Charge 0.03721
1053 Name 1:R01:A41e Type lmp_004 Mass 12.01 Resnr 0 Resname R01 Charge 0.02141
1054 Name 1:R01:A41f Type lmp_009 Mass 1.008 Resnr 0 Resname R01 Charge 0.01911
1055 Name 1:R01:A420 Type lmp_007 Mass 12.01 Resnr 0 Resname R01 Charge 0.02241
1056 Name 1:R01:A421 Type lmp_009 Mass 1.008 Resnr 0 Resname R01 Charge 0.03781
1057 Name 1:R01:A422 Type lmp_007 Mass 12.01 Resnr 0 Resname R01 Charge 0.01411
1058 Name 1:R01:A423 Type lmp_009 Mass 1.008 Resnr 0 Resname R01 Charge 0.03861
1059 Name 1:R01:A424 Type lmp_004 Mass 12.01 Resnr 0 Resname R01 Charge 0.01111
1060 Name 1:R01:A425 Type lmp_009 Mass 1.008 Resnr 0 Resname R01 Charge 0.02341
1061 Name 1:R01:A426 Type lmp_004 Mass 12.01 Resnr 0 Resname R01 Charge -0.10289
1062 Name 1:R01:A427 Type lmp_009 Mass 1.008 Resnr 0 Resname R01 Charge 0.04701
1063 Name 1:R01:A428 Type lmp_009 Mass 1.008 Resnr 0 Resname R01 Charge 0.04701
1064 Name 1:R01:A429 Type lmp_005 Mass 12.01 Resnr 0 Resname R01 Charge -0.03099
1065 Name 1:R01:A42a Type lmp_005 Mass 12.01 Resnr 0 Resname R01 Charge -0.25069
1066 Name 1:R01:A42b Type lmp_008 Mass 1.008 Resnr 0 Resname R01 Charge 0.17281
1067 Name 1:R01:A42c Type lmp_006 Mass 12.01 Resnr 0 Resname R01 Charge 0.02131
1068 Name 1:R01:A42d Type lmp_005 Mass 12.01 Resnr 0 Resname R01 Charge 0.02031
1069 Name 1:R01:A42e Type lmp_005 Mass 12.01 Resnr 0 Resname R01 Charge -0.24969
1070 Name 1:R01:A42f Type lmp_008 Mass 1.008 Resnr 0 Resname R01 Charge 0.17861
1071 Name 1:R01:A430 Type lmp_005 Mass 12.01 Resnr 0 Resname R01 Charge -0.03239
1072 Name 1:R01:A431 Type lmp_007 Mass 12.01 Resnr 0 Resname R01 Charge 0.03221
1073 Name 1:R01:A432 Type lmp_009 Mass 1.008 Resnr 0 Resname R01 Charge 0.02561
1074 Name 1:R01:A433 Type lmp_007 Mass 12.01 Resnr 0 Resname R01 Charge 0.02991
1075 Name 1:R01:A434 Type lmp_009 Mass 1.008 Resnr 0 Resname R01 Charge 0.02761
1076 Name 1:R01:A435 Type lmp_004 Mass 12.01 Resnr 0 Resname R01 Charge 0.05471
1077 Name 1:R01:A436 Type lmp_009 Mass 1.008 Resnr 0 Resname R01 Charge 0.00921
1078 Name 1:R01:A437 Type lmp_007 Mass 12.01 Resnr 0 Resname R01 Charge 0.00911
1079 Name 1:R01:A438 Type lmp_009 Mass 1.008 Resnr 0 Resname R01 Charge 0.03851
1080 Name 1:R01:A439 Type lmp_005 Mass 12.01 Resnr 0 Resname R01 Charge -0.12349
1081 Name 1:R01:A43a Type lmp_005 Mass 12.01 Resnr 0 Resname R01 Charge -0.12549
1082 Name 1:R01:A43b Type lmp_005 Mass 12.01 Resnr 0 Resname R01 Charge 0.03581
1083 Name 1:R01:A43c Type lmp_003 Mass 12.01 Resnr 0 Resname R01 Charge -0.11109
1084 Name 1:R01:A43d Type lmp_009 Mass 1.008 Resnr 0 Resname R01 Charge 0.04331
1085 Name 1:R01:A43e Type lmp_009 Mass 1.008 Resnr 0 Resname R01 Charge 0.04331
1086 Name 1:R01:A43f Type lmp_009 Mass 1.008 Resnr 0 Resname R01 Charge 0.04331
1087 Name 1:R01:A440 Type lmp_005 Mass 12.01 Resnr 0 Resname R01 Charge -0.08649
1088 Name 1:R01:A441 Type lmp_005 Mass 12.01 Resnr 0 Resname R01 Charge -0.09149
1089 Name 1:R01:A442 Type lmp_005 Mass 12.01 Resnr 0 Resname R01 Charge 0.05181
1090 Name 1:R01:A443 Type lmp_003 Mass 12.01 Resnr 0 Resname R01 Charge -0.10009
1091 Name 1:R01:A444 Type lmp_009 Mass 1.008 Resnr 0 Resname R01 Charge 0.04551
1092 Name 1:R01:A445 Type lmp_009 Mass 1.008 Resnr 0 Resname R01 Charge 0.04551
1093 Name 1:R01:A446 Type lmp_009 Mass 1.008 Resnr 0 Resname R01 Charge 0.04551
1094 Name 1:R01:A447 Type lmp_007 Mass 12.01 Resnr 0 Resname R01 Charge 0.00531
1095 Name 1:R01:A448 Type lmp_009 Mass 1.008 Resnr 0 Resname R01 Charge 0.03971
1096 Name 1:R01:A449 Type lmp_004 Mass 12.01 Resnr 0 Resname R01 Charge 0.05571
1097 Name 1:R01:A44a Type lmp_009 Mass 1.008 Resnr 0 Resname R01 Charge 0.01041
1098 Name 1:R01:A44b Type lmp_004 Mass 12.01 Resnr 0 Resname R01 Charge -0.21059
1099 Name 1:R01:A44c Type lmp_009 Mass 1.008 Resnr 0 Resname R01 Charge 0.05311
1100 Name 1:R01:A44d Type lmp_009 Mass 1.008 Resnr 0 Resname R01 Charge 0.05311
1101 Name 1:R01:A44e Type lmp_005 Mass 12.01 Resnr 0 Resname R01 Charge -0.04569
1102 Name 1:R01:A44f Type lmp_005 Mass 12.01 Resnr 0 Resname R01 Charge -0.20379
1103 Name 1:R01:A450 Type lmp_008 Mass 1.008 Resnr 0 Resname R01 Charge 0.15591
1104 Name 1:R01:A451 Type lmp_003 Mass 12.01 Resnr 0 Resname R01 Charge -0.10048
1105 Name 1:R01:A452 Type lmp_009 Mass 1.008 Resnr 0 Resname R01 Charge 0.02361
1106 Name 1:R01:A453 Type lmp_009 Mass 1.008 Resnr 0 Resname R01 Charge 0.02361
1107 Name 1:R01:A454 Type lmp_009 Mass 1.008 Resnr 0 Resname R01 Charge 0.02361
1108 Name 1:R01:A455 Type lmp_004 Mass 12.01 Resnr 0 Resname R01 Charge 0.19001
1109 Name 1:R01:A456 Type lmp_003 Mass 12.01 Resnr 0 Resname R01 Charge -0.17889
1110 Name 1:R01:A457 Type lmp_009 Mass 1.008 Resnr 0 Resname R01 Charge 0.04121
1111 Name 1:R01:A458 Type lmp_009 Mass 1.008 Resnr 0 Resname R01 Charge 0.04121
1112 Name 1:R01:A459 Type lmp_009 Mass 1.008 Resnr 0 Resname R01 Charge 0.04121
1113 Name 1:R01:A45a Type lmp_005 Mass 12.01 Resnr 0 Resname R01 Charge 0.00401
1114 Name 1:R01:A45b Type lmp_006 Mass 12.01 Resnr 0 Resname R01 Charge 0.00111
1115 Name 1:R01:A45c Type lmp_005 Mass 12.01 Resnr 0 Resname R01 Charge -0.18989
1116 Name 1:R01:A45d Type lmp_008 Mass 1.008 Resnr 0 Resname R01 Charge 0.14431
1117 Name 1:R01:A45e Type lmp_005 Mass 12.01 Resnr 0 Resname R01 Charge -0.04879
1118 Name 1:R01:A45f Type lmp_007 Mass 12.01 Resnr 0 Resname R01 Charge 0.03141
1119 Name 1:R01:A460 Type lmp_009 Mass 1.008 Resnr 0 Resname R01 Charge 0.03521
1120 Name 1:R01:A461 Type lmp_007 Mass 12.01 Resnr 0 Resname R01 Charge 0.01591
1121 Name 1:R01:A462 Type lmp_009 Mass 1.008 Resnr 0 Resname R01 Charge 0.03721
1122 Name 1:R01:A463 Type lmp_004 Mass 12.01 Resnr 0 Resname R01 Charge 0.02141
1123 Name 1:R01:A464 Type lmp_009 Mass 1.008 Resnr 0 Resname R01 Charge 0.01911
1124 Name 1:R01:A465 Type lmp_007 Mass 12.01 Resnr 0 Resname R01 Charge 0.02241
1125 Name 1:R01:A466 Type lmp_009 Mass 1.008 Resnr 0 Resname R01 Charge 0.03781
1126 Name 1:R01:A467 Type lmp_007 Mass 12.01 Resnr 0 Resname R01 Charge 0.01411
1127 Name 1:R01:A468 Type lmp_009 Mass 1.008 Resnr 0 Resname R01 Charge 0.03861
1128 Name 1:R01:A469 Type lmp_004 Mass 12.01 Resnr 0 Resname R01 Charge 0.01111
1129 Name 1:R01:A46a Type lmp_009 Mass 1.008 Resnr 0 Resname R01 Charge 0.02341
1130 Name 1:R01:A46b Type lmp_004 Mass 12.01 Resnr 0 Resname R01 Charge -0.10289
1131 Name 1:R01:A46c Type lmp_009 Mass 1.008 Resnr 0 Resname R01 Charge 0.04701
1132 Name 1:R01:A46d Type lmp_009 Mass 1.008 Resnr 0 Resname R01 Charge 0.04701
1133 Name 1:R01:A46e Type lmp_005 Mass 12.01 Resnr 0 Resname R01 Charge -0.03099
1134 Name 1:R01:A46f Type lmp_005 Mass 12.01 Resnr 0 Resname R01 Charge -0.25069
1135 Name 1:R01:A470 Type lmp_008 Mass 1.008 Resnr 0 Resname R01 Charge 0.17281
1136 Name 1:R01:A471 Type lmp_006 Mass 12.01 Resnr 0 Resname R01 Charge 0.02131
1137 Name 1:R01:A472 Type lmp_005 Mass 12.01 Resnr 0 Resname R01 Charge 0.02031
1138 Name 1:R01:A473 Type lmp_005 Mass 12.01 Resnr 0 Resname R01 Charge -0.24969
1139 Name 1:R01:A474 Type lmp_008 Mass 1.008 Resnr 0 Resname R01 Charge 0.17861
1140 Name 1:R01:A475 Type lmp_005 Mass 12.01 Resnr 0 Resname R01 Charge -0.03239
1141 Name 1:R01:A476 Type lmp_007 Mass 12.01 Resnr 0 Resname R01 Charge 0.03221
1142 Name 1:R01:A477 Type lmp_009 Mass 1.008 Resnr 0 Resname R01 Charge 0.02561
1143 Name 1:R01:A478 Type lmp_007 Mass 12.01 Resnr 0 Resname R01 Charge 0.02991
1144 Name 1:R01:A479 Type lmp_009 Mass 1.008 Resnr 0 Resname R01 Charge 0.02761
1145 Name 1:R01:A47a Type lmp_004 Mass 12.01 Resnr 0 Resname R01 Charge 0.05471
1146 Name 1:R01:A47b Type lmp_009 Mass 1.008 Resnr 0 Resname R01 Charge 0.00921
1147 Name 1:R01:A47c Type lmp_007 Mass 12.01 Resnr 0 Resname R01 Charge 0.00911
1148 Name 1:R01:A47d Type lmp_009 Mass 1.008 Resnr 0 Resname R01 Charge 0.03851
1149 Name 1:R01:A47e Type lmp_005 Mass 12.01 Resnr 0 Resname R01 Charge -0.12349
1150 Name 1:R01:A47f Type lmp_005 Mass 12.01 Resnr 0 Resname R01 Charge -0.12549
1151 Name 1:R01:A480 Type lmp_005 Mass 12.01 Resnr 0 Resname R01 Charge 0.03581
1152 Name 1:R01:A481 Type lmp_003 Mass 12.01 Resnr 0 Resname R01 Charge -0.11109
1153 Name 1:R01:A482 Type lmp_009 Mass 1.008 Resnr 0 Resname R01 Charge 0.04331
1154 Name 1:R01:A483 Type lmp_009 Mass 1.008 Resnr 0 Resname R01 Charge 0.04331
1155 Name 1:R01:A484 Type lmp_009 Mass 1.008 Resnr 0 Resname R01 Charge 0.04331
1156 Name 1:R01:A485 Type lmp_005 Mass 12.01 Resnr 0 Resname R01 Charge -0.08649
1157 Name 1:R01:A486 Type lmp_005 Mass 12.01 Resnr 0 Resname R01 Charge -0.09149
1158 Name 1:R01:A487 Type lmp_005 Mass 12.01 Resnr 0 Resname R01 Charge 0.05181
1159 Name 1:R01:A488 Type lmp_003 Mass 12.01 Resnr 0 Resname R01 Charge -0.10009
1160 Name 1:R01:A489 Type lmp_009 Mass 1.008 Resnr 0 Resname R01 Charge 0.04551
1161 Name 1:R01:A48a Type lmp_009 Mass 1.008 Resnr 0 Resname R01 Charge 0.04551
1162 Name 1:R01:A48b Type lmp_009 Mass 1.008 Resnr 0 Resname R01 Charge 0.04551
1163 Name 1:R01:A48c Type lmp_007 Mass 12.01 Resnr 0 Resname R01 Charge 0.00531
1164 Name 1:R01:A48d Type lmp_009 Mass 1.008 Resnr 0 Resname R01 Charge 0.03971
1165 Name 1:R01:A48e Type lmp_004 Mass 12.01 Resnr 0 Resname R01 Charge 0.05571
1166 Name 1:R01:A48f Type lmp_009 Mass 1.008 Resnr 0 Resname R01 Charge 0.01041
1167 Name 1:R01:A490 Type lmp_004 Mass 12.01 Resnr 0 Resname R01 Charge -0.21059
1168 Name 1:R01:A491 Type lmp_009 Mass 1.008 Resnr 0 Resname R01 Charge 0.05311
1169 Name 1:R01:A492 Type lmp_009 Mass 1.008 Resnr 0 Resname R01 Charge 0.05311
1170 Name 1:R01:A493 Type lmp_005 Mass 12.01 Resnr 0 Resname R01 Charge -0.04569
1171 Name 1:R01:A494 Type lmp_005 Mass 12.01 Resnr 0 Resname R01 Charge -0.20379
1172 Name 1:R01:A495 Type lmp_008 Mass 1.008 Resnr 0 Resname R01 Charge 0.15591
1173 Name 1:R01:A496 Type lmp_003 Mass 12.01 Resnr 0 Resname R01 Charge -0.10048
1174 Name 1:R01:A497 Type lmp_009 Mass 1.008 Resnr 0 Resname R01 Charge 0.02361
1175 Name 1:R01:A498 Type lmp_009 Mass 1.008 Resnr 0 Resname R01 Charge 0.02361
1176 Name 1:R01:A499 Type lmp_009 Mass 1.008 Resnr 0 Resname R01 Charge 0.02361
1177 Name 1:R01:A49a Type lmp_004 Mass 12.01 Resnr 0 Resname R01 Charge 0.19001
1178 Name 1:R01:A49b Type lmp_003 Mass 12.01 Resnr 0 Resname R01 Charge -0.17889
1179 Name 1:R01:A49c Type lmp_009 Mass 1.008 Resnr 0 Resname R01 Charge 0.04121
1180 Name 1:R01:A49d Type lmp_009 Mass 1.008 Resnr 0 Resname R01 Charge 0.04121
1181 Name 1:R01:A49e Type lmp_009 Mass 1.008 Resnr 0 Resname R01 Charge 0.04121
1182 Name 1:R01:A49f Type lmp_005 Mass 12.01 Resnr 0 Resname R01 Charge 0.00401
1183 Name 1:R01:A4a0 Type lmp_006 Mass 12.01 Resnr 0 Resname R01 Charge 0.00111
1184 Name 1:R01:A4a1 Type lmp_005 Mass 12.01 Resnr 0 Resname R01 Charge -0.18989
1185 Name 1:R01:A4a2 Type lmp_008 Mass 1.008 Resnr 0 Resname R01 Charge 0.14431
1186 Name 1:R01:A4a3 Type lmp_005 Mass 12.01 Resnr 0 Resname R01 Charge -0.04879
1187 Name 1:R01:A4a4 Type lmp_007 Mass 12.01 Resnr 0 Resname R01 Charge 0.03141
1188 Name 1:R01:A4a5 Type lmp_009 Mass 1.008 Resnr 0 Resname R01 Charge 0.03521
1189 Name 1:R01:A4a6 Type lmp_007 Mass 12.01 Resnr 0 Resname R01 Charge 0.01591
1190 Name 1:R01:A4a7 Type lmp_009 Mass 1.008 Resnr 0 Resname R01 Charge 0.03721
1191 Name 1:R01:A4a8 Type lmp_004 Mass 12.01 Resnr 0 Resname R01 Charge 0.02141
1192 Name 1:R01:A4a9 Type lmp_009 Mass 1.008 Resnr 0 Resname R01 Charge 0.01911
1193 Name 1:R01:A4aa Type lmp_007 Mass 12.01 Resnr 0 Resname R01 Charge 0.02241
1194 Name 1:R01:A4ab Type lmp_009 Mass 1.008 Resnr 0 Resname R01 Charge 0.03781
1195 Name 1:R01:A4ac Type lmp_007 Mass 12.01 Resnr 0 Resname R01 Charge 0.01411
1196 Name 1:R01:A4ad Type lmp_009 Mass 1.008 Resnr 0 Resname R01 Charge 0.03861
1197 Name 1:R01:A4ae Type lmp_004 Mass 12.01 Resnr 0 Resname R01 Charge 0.01111
1198 Name 1:R01:A4af Type lmp_009 Mass 1.008 Resnr 0 Resname R01 Charge 0.02341
1199 Name 1:R01:A4b0 Type lmp_004 Mass 12.01 Resnr 0 Resname R01 Charge -0.10289
1200 Name 1:R01:A4b1 Type lmp_009 Mass 1.008 Resnr 0 Resname R01 Charge 0.04701
1201 Name 1:R01:A4b2 Type lmp_009 Mass 1.008 Resnr 0 Resname R01 Charge 0.04701
1202 Name 1:R01:A4b3 Type lmp_005 Mass 12.01 Resnr 0 Resname R01 Charge -0.03099
1203 Name 1:R01:A4b4 Type lmp_005 Mass 12.01 Resnr 0 Resname R01 Charge -0.25069
1204 Name 1:R01:A4b5 Type lmp_008 Mass 1.008 Resnr 0 Resname R01 Charge 0.17281
1205 Name 1:R01:A4b6 Type lmp_006 Mass 12.01 Resnr 0 Resname R01 Charge 0.02131
1206 Name 1:R01:A4b7 Type lmp_005 Mass 12.01 Resnr 0 Resname R01 Charge 0.02031
1207 Name 1:R01:A4b8 Type lmp_005 Mass 12.01 Resnr 0 Resname R01 Charge -0.24969
1208 Name 1:R01:A4b9 Type lmp_008 Mass 1.008 Resnr 0 Resname R01 Charge 0.17861
1209 Name 1:R01:A4ba Type lmp_005 Mass 12.01 Resnr 0 Resname R01 Charge -0.03239
1210 Name 1:R01:A4bb Type lmp_007 Mass 12.01 Resnr 0 Resname R01 Charge 0.03221
1211 Name 1:R01:A4bc Type lmp_009 Mass 1.008 Resnr 0 Resname R01 Charge 0.02561
1212 Name 1:R01:A4bd Type lmp_007 Mass 12.01 Resnr 0 Resname R01 Charge 0.02991
1213 Name 1:R01:A4be Type lmp_009 Mass 1.008 Resnr 0 Resname R01 Charge 0.02761
1214 Name 1:R01:A4bf Type lmp_004 Mass 12.01 Resnr 0 Resname R01 Charge 0.05471
1215 Name 1:R01:A4c0 Type lmp_009 Mass 1.008 Resnr 0 Resname R01 Charge 0.00921
1216 Name 1:R01:A4c1 Type lmp_007 Mass 12.01 Resnr 0 Resname R01 Charge 0.00911
1217 Name 1:R01:A4c2 Type lmp_009 Mass 1.008 Resnr 0 Resname R01 Charge 0.03851
1218 Name 1:R01:A4c3 Type lmp_005 Mass 12.01 Resnr 0 Resname R01 Charge -0.12349
1219 Name 1:R01:A4c4 Type lmp_005 Mass 12.01 Resnr 0 Resname R01 Charge -0.12549
1220 Name 1:R01:A4c5 Type lmp_005 Mass 12.01 Resnr 0 Resname R01 Charge 0.03581
1221 Name 1:R01:A4c6 Type lmp_003 Mass 12.01 Resnr 0 Resname R01 Charge -0.11109
1222 Name 1:R01:A4c7 Type lmp_009 Mass 1.008 Resnr 0 Resname R01 Charge 0.04331
1223 Name 1:R01:A4c8 Type lmp_009 Mass 1.008 Resnr 0 Resname R01 Charge 0.04331
1224 Name 1:R01:A4c9 Type lmp_009 Mass 1.008 Resnr 0 Resname R01 Charge 0.04331
1225 Name 1:R01:A4ca Type lmp_005 Mass 12.01 Resnr 0 Resname R01 Charge -0.08649
1226 Name 1:R01:A4cb Type lmp_005 Mass 12.01 Resnr 0 Resname R01 Charge -0.09149
1227 Name 1:R01:A4cc Type lmp_005 Mass 12.01 Resnr 0 Resname R01 Charge 0.05181
1228 Name 1:R01:A4cd Type lmp_003 Mass 12.01 Resnr 0 Resname R01 Charge -0.10009
1229 Name 1:R01:A4ce Type lmp_009 Mass 1.008 Resnr 0 Resname R01 Charge 0.04551
1230 Name 1:R01:A4cf Type lmp_009 Mass 1.008 Resnr 0 Resname R01 Charge 0.04551
1231 Name 1:R01:A4d0 Type lmp_009 Mass 1.008 Resnr 0 Resname R01 Charge 0.04551
1232 Name 1:R01:A4d1 Type lmp_007 Mass 12.01 Resnr 0 Resname R01 Charge 0.00531
1233 Name 1:R01:A4d2 Type lmp_009 Mass 1.008 Resnr 0 Resname R01 Charge 0.03971
1234 Name 1:R01:A4d3 Type lmp_004 Mass 12.01 Resnr 0 Resname R01 Charge 0.05571
1235 Name 1:R01:A4d4 Type lmp_009 Mass 1.008 Resnr 0 Resname R01 Charge 0.01041
1236 Name 1:R01:A4d5 Type lmp_004 Mass 12.01 Resnr 0 Resname R01 Charge -0.21059
1237 Name 1:R01:A4d6 Type lmp_009 Mass 1.008 Resnr 0 Resname R01 Charge 0.05311
1238 Name 1:R01:A4d7 Type lmp_009 Mass 1.008 Resnr 0 Resname R01 Charge 0.05311
1239 Name 1:R01:A4d8 Type lmp_005 Mass 12.01 Resnr 0 Resname R01 Charge -0.04569
1240 Name 1:R01:A4d9 Type lmp_005 Mass 12.01 Resnr 0 Resname R01 Charge -0.20379
1241 Name 1:R01:A4da Type lmp_008 Mass 1.008 Resnr 0 Resname R01 Charge 0.15591
1242 Name 1:R01:A4db Type lmp_003 Mass 12.01 Resnr 0 Resname R01 Charge -0.10048
1243 Name 1:R01:A4dc Type lmp_009 Mass 1.008 Resnr 0 Resname R01 Charge 0.02361
1244 Name 1:R01:A4dd Type lmp_009 Mass 1.008 Resnr 0 Resname R01 Charge 0.02361
1245 Name 1:R01:A4de Type lmp_009 Mass 1.008 Resnr 0 Resname R01 Charge 0.02361
1246 Name 1:R01:A4df Type lmp_004 Mass 12.01 Resnr 0 Resname R01 Charge 0.19001
1247 Name 1:R01:A4e0 Type lmp_003 Mass 12.01 Resnr 0 Resname R01 Charge -0.17889
1248 Name 1:R01:A4e1 Type lmp_009 Mass 1.008 Resnr 0 Resname R01 Charge 0.04121
1249 Name 1:R01:A4e2 Type lmp_009 Mass 1.008 Resnr 0 Resname R01 Charge 0.04121
1250 Name 1:R01:A4e3 Type lmp_009 Mass 1.008 Resnr 0 Resname R01 Charge 0.04121
1251 Name 1:R01:A4e4 Type lmp_005 Mass 12.01 Resnr 0 Resname R01 Charge 0.00401
1252 Name 1:R01:A4e5 Type lmp_006 Mass 12.01 Resnr 0 Resname R01 Charge 0.00111
1253 Name 1:R01:A4e6 Type lmp_005 Mass 12.01 Resnr 0 Resname R01 Charge -0.18989
1254 Name 1:R01:A4e7 Type lmp_008 Mass 1.008 Resnr 0 Resname R01 Charge 0.14431
1255 Name 1:R01:A4e8 Type lmp_005 Mass 12.01 Resnr 0 Resname R01 Charge -0.04879
1256 Name 1:R01:A4e9 Type lmp_007 Mass 12.01 Resnr 0 Resname R01 Charge 0.03141
1257 Name 1:R01:A4ea Type lmp_009 Mass 1.008 Resnr 0 Resname R01 Charge 0.03521
1258 Name 1:R01:A4eb Type lmp_007 Mass 12.01 Resnr 0 Resname R01 Charge 0.01591
1259 Name 1:R01:A4ec Type lmp_009 Mass 1.008 Resnr 0 Resname R01 Charge 0.03721
1260 Name 1:R01:A4ed Type lmp_004 Mass 12.01 Resnr 0 Resname R01 Charge 0.02141
1261 Name 1:R01:A4ee Type lmp_009 Mass 1.008 Resnr 0 Resname R01 Charge 0.01911
1262 Name 1:R01:A4ef Type lmp_007 Mass 12.01 Resnr 0 Resname R01 Charge 0.02241
1263 Name 1:R01:A4f0 Type lmp_009 Mass 1.008 Resnr 0 Resname R01 Charge 0.03781
1264 Name 1:R01:A4f1 Type lmp_007 Mass 12.01 Resnr 0 Resname R01 Charge 0.01411
1265 Name 1:R01:A4f2 Type lmp_009 Mass 1.008 Resnr 0 Resname R01 Charge 0.03861
1266 Name 1:R01:A4f3 Type lmp_004 Mass 12.01 Resnr 0 Resname R01 Charge 0.01111
1267 Name 1:R01:A4f4 Type lmp_009 Mass 1.008 Resnr 0 Resname R01 Charge 0.02341
1268 Name 1:R01:A4f5 Type lmp_004 Mass 12.01 Resnr 0 Resname R01 Charge -0.10289
1269 Name 1:R01:A4f6 Type lmp_009 Mass 1.008 Resnr 0 Resname R01 Charge 0.04701
1270 Name 1:R01:A4f7 Type lmp_009 Mass 1.008 Resnr 0 Resname R01 Charge 0.04701
1271 Name 1:R01:A4f8 Type lmp_005 Mass 12.01 Resnr 0 Resname R01 Charge -0.03099
1272 Name 1:R01:A4f9 Type lmp_005 Mass 12.01 Resnr 0 Resname R01 Charge -0.25069
1273 Name 1:R01:A4fa Type lmp_008 Mass 1.008 Resnr 0 Resname R01 Charge 0.17281
1274 Name 1:R01:A4fb Type lmp_006 Mass 12.01 Resnr 0 Resname R01 Charge 0.02131
1275 Name 1:R01:A4fc Type lmp_005 Mass 12.01 Resnr 0 Resname R01 Charge 0.02031
1276 Name 1:R01:A4fd Type lmp_005 Mass 12.01 Resnr 0 Resname R01 Charge -0.24969
1277 Name 1:R01:A4fe Type lmp_008 Mass 1.008 Resnr 0 Resname R01 Charge 0.17861
1278 Name 1:R01:A4ff Type lmp_005 Mass 12.01 Resnr 0 Resname R01 Charge -0.03239
1279 Name 1:R01:A500 Type lmp_007 Mass 12.01 Resnr 0 Resname R01 Charge 0.03221
1280 Name 1:R01:A501 Type lmp_009 Mass 1.008 Resnr 0 Resname R01 Charge 0.02561
1281 Name 1:R01:A502 Type lmp_007 Mass 12.01 Resnr 0 Resname R01 Charge 0.02991
1282 Name 1:R01:A503 Type lmp_009 Mass 1.008 Resnr 0 Resname R01 Charge 0.02761
1283 Name 1:R01:A504 Type lmp_004 Mass 12.01 Resnr 0 Resname R01 Charge 0.05471
1284 Name 1:R01:A505 Type lmp_009 Mass 1.008 Resnr 0 Resname R01 Charge 0.00921
1285 Name 1:R01:A506 Type lmp_007 Mass 12.01 Resnr 0 Resname R01 Charge 0.00911
1286 Name 1:R01:A507 Type lmp_009 Mass 1.008 Resnr 0 Resname R01 Charge 0.03851
1287 Name 1:R01:A508 Type lmp_005 Mass 12.01 Resnr 0 Resname R01 Charge -0.12349
1288 Name 1:R01:A509 Type lmp_005 Mass 12.01 Resnr 0 Resname R01 Charge -0.12549
1289 Name 1:R01:A50a Type lmp_005 Mass 12.01 Resnr 0 Resname R01 Charge 0.03581
1290 Name 1:R01:A50b Type lmp_003 Mass 12.01 Resnr 0 Resname R01 Charge -0.11109
1291 Name 1:R01:A50c Type lmp_009 Mass 1.008 Resnr 0 Resname R01 Charge 0.04331
1292 Name 1:R01:A50d Type lmp_009 Mass 1.008 Resnr 0 Resname R01 Charge 0.04331
1293 Name 1:R01:A50e Type lmp_009 Mass 1.008 Resnr 0 Resname R01 Charge 0.04331
1294 Name 1:R01:A50f Type lmp_005 Mass 12.01 Resnr 0 Resname R01 Charge -0.08649
1295 Name 1:R01:A510 Type lmp_005 Mass 12.01 Resnr 0 Resname R01 Charge -0.09149
1296 Name 1:R01:A511 Type lmp_005 Mass 12.01 Resnr 0 Resname R01 Charge 0.05181
1297 Name 1:R01:A512 Type lmp_003 Mass 12.01 Resnr 0 Resname R01 Charge -0.10009
1298 Name 1:R01:A513 Type lmp_009 Mass 1.008 Resnr 0 Resname R01 Charge 0.04551
1299 Name 1:R01:A514 Type lmp_009 Mass 1.008 Resnr 0 Resname R01 Charge 0.04551
1300 Name 1:R01:A515 Type lmp_009 Mass 1.008 Resnr 0 Resname R01 Charge 0.04551
1301 Name 1:R01:A516 Type lmp_007 Mass 12.01 Resnr 0 Resname R01 Charge 0.00531
1302 Name 1:R01:A517 Type lmp_009 Mass 1.008 Resnr 0 Resname R01 Charge 0.03971
1303 Name 1:R01:A518 Type lmp_004 Mass 12.01 Resnr 0 Resname R01 Charge 0.05571
1304 Name 1:R01:A519 Type lmp_009 Mass 1.008 Resnr 0 Resname R01 Charge 0.01041
1305 Name 1:R01:A51a Type lmp_004 Mass 12.01 Resnr 0 Resname R01 Charge -0.21059
1306 Name 1:R01:A51b Type lmp_009 Mass 1.008 Resnr 0 Resname R01 Charge 0.05311
1307 Name 1:R01:A51c Type lmp_009 Mass 1.008 Resnr 0 Resname R01 Charge 0.05311
1308 Name 1:R01:A51d Type lmp_005 Mass 12.01 Resnr 0 Resname R01 Charge -0.04569
1309 Name 1:R01:A51e Type lmp_005 Mass 12.01 Resnr 0 Resname R01 Charge -0.20379
1310 Name 1:R01:A51f Type lmp_008 Mass 1.008 Resnr 0 Resname R01 Charge 0.15591
1311 Name 1:R01:A520 Type lmp_003 Mass 12.01 Resnr 0 Resname R01 Charge -0.10048
1312 Name 1:R01:A521 Type lmp_009 Mass 1.008 Resnr 0 Resname R01 Charge 0.02361
1313 Name 1:R01:A522 Type lmp_009 Mass 1.008 Resnr 0 Resname R01 Charge 0.02361
1314 Name 1:R01:A523 Type lmp_009 Mass 1.008 Resnr 0 Resname R01 Charge 0.02361
1315 Name 1:R01:A524 Type lmp_004 Mass 12.01 Resnr 0 Resname R01 Charge 0.19001
1316 Name 1:R01:A525 Type lmp_003 Mass 12.01 Resnr 0 Resname R01 Charge -0.17889
1317 Name 1:R01:A526 Type lmp_009 Mass 1.008 Resnr 0 Resname R01 Charge 0.04121
1318 Name 1:R01:A527 Type lmp_009 Mass 1.008 Resnr 0 Resname R01 Charge 0.04121
1319 Name 1:R01:A528 Type lmp_009 Mass 1.008 Resnr 0 Resname R01 Charge 0.04121
1320 Name 1:R01:A529 Type lmp_005 Mass 12.01 Resnr 0 Resname R01 Charge 0.00401
1321 Name 1:R01:A52a Type lmp_006 Mass 12.01 Resnr 0 Resname R01 Charge 0.00111
1322 Name 1:R01:A52b Type lmp_005 Mass 12.01 Resnr 0 Resname R01 Charge -0.18989
1323 Name 1:R01:A52c Type lmp_008 Mass 1.008 Resnr 0 Resname R01 Charge 0.14431
1324 Name 1:R01:A52d Type lmp_005 Mass 12.01 Resnr 0 Resname R01 Charge -0.04879
1325 Name 1:R01:A52e Type lmp_007 Mass 12.01 Resnr 0 Resname R01 Charge 0.03141
1326 Name 1:R01:A52f Type lmp_009 Mass 1.008 Resnr 0 Resname R01 Charge 0.03521
1327 Name 1:R01:A530 Type lmp_007 Mass 12.01 Resnr 0 Resname R01 Charge 0.01591
1328 Name 1:R01:A531 Type lmp_009 Mass 1.008 Resnr 0 Resname R01 Charge 0.03721
1329 Name 1:R01:A532 Type lmp_004 Mass 12.01 Resnr 0 Resname R01 Charge 0.02141
1330 Name 1:R01:A533 Type lmp_009 Mass 1.008 Resnr 0 Resname R01 Charge 0.01911
1331 Name 1:R01:A534 Type lmp_007 Mass 12.01 Resnr 0 Resname R01 Charge 0.02241
1332 Name 1:R01:A535 Type lmp_009 Mass 1.008 Resnr 0 Resname R01 Charge 0.03781
1333 Name 1:R01:A536 Type lmp_007 Mass 12.01 Resnr 0 Resname R01 Charge 0.01411
1334 Name 1:R01:A537 Type lmp_009 Mass 1.008 Resnr 0 Resname R01 Charge 0.03861
1335 Name 1:R01:A538 Type lmp_004 Mass 12.01 Resnr 0 Resname R01 Charge 0.01111
1336 Name 1:R01:A539 Type lmp_009 Mass 1.008 Resnr 0 Resname R01 Charge 0.02341
1337 Name 1:R01:A53a Type lmp_004 Mass 12.01 Resnr 0 Resname R01 Charge -0.10289
1338 Name 1:R01:A53b Type lmp_009 Mass 1.008 Resnr 0 Resname R01 Charge 0.04701
1339 Name 1:R01:A53c Type lmp_009 Mass 1.008 Resnr 0 Resname R01 Charge 0.04701
1340 Name 1:R01:A53d Type lmp_005 Mass 12.01 Resnr 0 Resname R01 Charge -0.03099
1341 Name 1:R01:A53e Type lmp_005 Mass 12.01 Resnr 0 Resname R01 Charge -0.25069
1342 Name 1:R01:A53f Type lmp_008 Mass 1.008 Resnr 0 Resname R01 Charge 0.17281
1343 Name 1:R01:A540 Type lmp_006 Mass 12.01 Resnr 0 Resname R01 Charge 0.02131
1344 Name 1:R01:A541 Type lmp_005 Mass 12.01 Resnr 0 Resname R01 Charge 0.02031
1345 Name 1:R01:A542 Type lmp_005 Mass 12.01 Resnr 0 Resname R01 Charge -0.24969
1346 Name 1:R01:A543 Type lmp_008 Mass 1.008 Resnr 0 Resname R01 Charge 0.17861
1347 Name 1:R01:A544 Type lmp_005 Mass 12.01 Resnr 0 Resname R01 Charge -0.03239
1348 Name 1:R01:A545 Type lmp_007 Mass 12.01 Resnr 0 Resname R01 Charge 0.03221
1349 Name 1:R01:A546 Type lmp_009 Mass 1.008 Resnr 0 Resname R01 Charge 0.02561
1350 Name 1:R01:A547 Type lmp_007 Mass 12.01 Resnr 0 Resname R01 Charge 0.02991
1351 Name 1:R01:A548 Type lmp_009 Mass 1.008 Resnr 0 Resname R01 Charge 0.02761
1352 Name 1:R01:A549 Type lmp_004 Mass 12.01 Resnr 0 Resname R01 Charge 0.05471
1353 Name 1:R01:A54a Type lmp_009 Mass 1.008 Resnr 0 Resname R01 Charge 0.00921
1354 Name 1:R01:A54b Type lmp_007 Mass 12.01 Resnr 0 Resname R01 Charge 0.00911
1355 Name 1:R01:A54c Type lmp_009 Mass 1.008 Resnr 0 Resname R01 Charge 0.03851
1356 Name 1:R01:A54d Type lmp_005 Mass 12.01 Resnr 0 Resname R01 Charge -0.12349
1357 Name 1:R01:A54e Type lmp_005 Mass 12.01 Resnr 0 Resname R01 Charge -0.12549
1358 Name 1:R01:A54f Type lmp_005 Mass 12.01 Resnr 0 Resname R01 Charge 0.03581
1359 Name 1:R01:A550 Type lmp_003 Mass 12.01 Resnr 0 Resname R01 Charge -0.11109
1360 Name 1:R01:A551 Type lmp_009 Mass 1.008 Resnr 0 Resname R01 Charge 0.04331
1361 Name 1:R01:A552 Type lmp_009 Mass 1.008 Resnr 0 Resname R01 Charge 0.04331
1362 Name 1:R01:A553 Type lmp_009 Mass 1.008 Resnr 0 Resname R01 Charge 0.04331
1363 Name 1:R01:A554 Type lmp_005 Mass 12.01 Resnr 0 Resname R01 Charge -0.08649
1364 Name 1:R01:A555 Type lmp_005 Mass 12.01 Resnr 0 Resname R01 Charge -0.09149
1365 Name 1:R01:A556 Type lmp_005 Mass 12.01 Resnr 0 Resname R01 Charge 0.05181
1366 Name 1:R01:A557 Type lmp_003 Mass 12.01 Resnr 0 Resname R01 Charge -0.10009
1367 Name 1:R01:A558 Type lmp_009 Mass 1.008 Resnr 0 Resname R01 Charge 0.04551
1368 Name 1:R01:A559 Type lmp_009 Mass 1.008 Resnr 0 Resname R01 Charge 0.04551
1369 Name 1:R01:A55a Type lmp_009 Mass 1.008 Resnr 0 Resname R01 Charge 0.04551
1370 Name 1:R01:A55b Type lmp_007 Mass 12.01 Resnr 0 Resname R01 Charge 0.00531
1371 Name 1:R01:A55c Type lmp_009 Mass 1.008 Resnr 0 Resname R01 Charge 0.03971
1372 Name 1:R01:A55d Type lmp_004 Mass 12.01 Resnr 0 Resname R01 Charge 0.05571
1373 Name 1:R01:A55e Type lmp_009 Mass 1.008 Resnr 0 Resname R01 Charge 0.01041
1374 Name 1:R01:A55f Type lmp_004 Mass 12.01 Resnr 0 Resname R01 Charge -0.21059
1375 Name 1:R01:A560 Type lmp_009 Mass 1.008 Resnr 0 Resname R01 Charge 0.05311
1376 Name 1:R01:A561 Type lmp_009 Mass 1.008 Resnr 0 Resname R01 Charge 0.05311
1377 Name 1:R01:A562 Type lmp_005 Mass 12.01 Resnr 0 Resname R01 Charge -0.04569
1378 Name 1:R01:A563 Type lmp_005 Mass 12.01 Resnr 0 Resname R01 Charge -0.20379
1379 Name 1:R01:A564 Type lmp_008 Mass 1.008 Resnr 0 Resname R01 Charge 0.15591
1380 Name 1:R01:A565 Type lmp_003 Mass 12.01 Resnr 0 Resname R01 Charge -0.10048
1381 Name 1:R01:A566 Type lmp_009 Mass 1.008 Resnr 0 Resname R01 Charge 0.02361
1382 Name 1:R01:A567 Type lmp_009 Mass 1.008 Resnr 0 Resname R01 Charge 0.02361
1383 Name 1:R01:A568 Type lmp_009 Mass 1.008 Resnr 0 Resname R01 Charge 0.02361
1384 Name 1:R01:A569 Type lmp_004 Mass 12.01 Resnr 0 Resname R01 Charge 0.19001
1385 Name 1:R01:A56a Type lmp_003 Mass 12.01 Resnr 0 Resname R01 Charge -0.17889
1386 Name 1:R01:A56b Type lmp_009 Mass 1.008 Resnr 0 Resname R01 Charge 0.04121
1387 Name 1:R01:A56c Type lmp_009 Mass 1.008 Resnr 0 Resname R01 Charge 0.04121
1388 Name 1:R01:A56d Type lmp_009 Mass 1.008 Resnr 0 Resname R01 Charge 0.04121
1389 Name 1:R01:A56e Type lmp_005 Mass 12.01 Resnr 0 Resname R01 Charge 0.00401
1390 Name 1:R01:A56f Type lmp_006 Mass 12.01 Resnr 0 Resname R01 Charge 0.00111
1391 Name 1:R01:A570 Type lmp_005 Mass 12.01 Resnr 0 Resname R01 Charge -0.18989
1392 Name 1:R01:A571 Type lmp_008 Mass 1.008 Resnr 0 Resname R01 Charge 0.14431
1393 Name 1:R01:A572 Type lmp_005 Mass 12.01 Resnr 0 Resname R01 Charge -0.04879
1394 Name 1:R01:A573 Type lmp_007 Mass 12.01 Resnr 0 Resname R01 Charge 0.03141
1395 Name 1:R01:A574 Type lmp_009 Mass 1.008 Resnr 0 Resname R01 Charge 0.03521
1396 Name 1:R01:A575 Type lmp_007 Mass 12.01 Resnr 0 Resname R01 Charge 0.01591
1397 Name 1:R01:A576 Type lmp_009 Mass 1.008 Resnr 0 Resname R01 Charge 0.03721
1398 Name 1:R01:A577 Type lmp_004 Mass 12.01 Resnr 0 Resname R01 Charge 0.02141
1399 Name 1:R01:A578 Type lmp_009 Mass 1.008 Resnr 0 Resname R01 Charge 0.01911
1400 Name 1:R01:A579 Type lmp_007 Mass 12.01 Resnr 0 Resname R01 Charge 0.02241
1401 Name 1:R01:A57a Type lmp_009 Mass 1.008 Resnr 0 Resname R01 Charge 0.03781
1402 Name 1:R01:A57b Type lmp_007 Mass 12.01 Resnr 0 Resname R01 Charge 0.01411
1403 Name 1:R01:A57c Type lmp_009 Mass 1.008 Resnr 0 Resname R01 Charge 0.03861
1404 Name 1:R01:A57d Type lmp_004 Mass 12.01 Resnr 0 Resname R01 Charge 0.01111
1405 Name 1:R01:A57e Type lmp_009 Mass 1.008 Resnr 0 Resname R01 Charge 0.02341
1406 Name 1:R01:A57f Type lmp_004 Mass 12.01 Resnr 0 Resname R01 Charge -0.10289
1407 Name 1:R01:A580 Type lmp_009 Mass 1.008 Resnr 0 Resname R01 Charge 0.04701
1408 Name 1:R01:A581 Type lmp_009 Mass 1.008 Resnr 0 Resname R01 Charge 0.04701
1409 Name 1:R01:A582 Type lmp_005 Mass 12.01 Resnr 0 Resname R01 Charge -0.03099
1410 Name 1:R01:A583 Type lmp_005 Mass 12.01 Resnr 0 Resname R01 Charge -0.25069
1411 Name 1:R01:A584 Type lmp_008 Mass 1.008 Resnr 0 Resname R01 Charge 0.17281
1412 Name 1:R01:A585 Type lmp_006 Mass 12.01 Resnr 0 Resname R01 Charge 0.02131
1413 Name 1:R01:A586 Type lmp_005 Mass 12.01 Resnr 0 Resname R01 Charge 0.02031
1414 Name 1:R01:A587 Type lmp_005 Mass 12.01 Resnr 0 Resname R01 Charge -0.24969
1415 Name 1:R01:A588 Type lmp_008 Mass 1.008 Resnr 0 Resname R01 Charge 0.17861
1416 Name 1:R01:A589 Type lmp_005 Mass 12.01 Resnr 0 Resname R01 Charge -0.03239
1417 Name 1:R01:A58a Type lmp_007 Mass 12.01 Resnr 0 Resname R01 Charge 0.03221
1418 Name 1:R01:A58b Type lmp_009 Mass 1.008 Resnr 0 Resname R01 Charge 0.02561
1419 Name 1:R01:A58c Type lmp_007 Mass 12.01 Resnr 0 Resname R01 Charge 0.02991
1420 Name 1:R01:A58d Type lmp_009 Mass 1.008 Resnr 0 Resname R01 Charge 0.02761
1421 Name 1:R01:A58e Type lmp_004 Mass 12.01 Resnr 0 Resname R01 Charge 0.05471
1422 Name 1:R01:A58f Type lmp_009 Mass 1.008 Resnr 0 Resname R01 Charge 0.00921
1423 Name 1:R01:A590 Type lmp_007 Mass 12.01 Resnr 0 Resname R01 Charge 0.00911
1424 Name 1:R01:A591 Type lmp_009 Mass 1.008 Resnr 0 Resname R01 Charge 0.03851
1425 Name 1:R01:A592 Type lmp_005 Mass 12.01 Resnr 0 Resname R01 Charge -0.12349
1426 Name 1:R01:A593 Type lmp_005 Mass 12.01 Resnr 0 Resname R01 Charge -0.12549
1427 Name 1:R01:A594 Type lmp_005 Mass 12.01 Resnr 0 Resname R01 Charge 0.03581
1428 Name 1:R01:A595 Type lmp_003 Mass 12.01 Resnr 0 Resname R01 Charge -0.11109
1429 Name 1:R01:A596 Type lmp_009 Mass 1.008 Resnr 0 Resname R01 Charge 0.04331
1430 Name 1:R01:A597 Type lmp_009 Mass 1.008 Resnr 0 Resname R01 Charge 0.04331
1431 Name 1:R01:A598 Type lmp_009 Mass 1.008 Resnr 0 Resname R01 Charge 0.04331
1432 Name 1:R01:A599 Type lmp_005 Mass 12.01 Resnr 0 Resname R01 Charge -0.08649
1433 Name 1:R01:A59a Type lmp_005 Mass 12.01 Resnr 0 Resname R01 Charge -0.09149
1434 Name 1:R01:A59b Type lmp_005 Mass 12.01 Resnr 0 Resname R01 Charge 0.05181
1435 Name 1:R01:A59c Type lmp_003 Mass 12.01 Resnr 0 Resname R01 Charge -0.10009
1436 Name 1:R01:A59d Type lmp_009 Mass 1.008 Resnr 0 Resname R01 Charge 0.04551
1437 Name 1:R01:A59e Type lmp_009 Mass 1.008 Resnr 0 Resname R01 Charge 0.04551
1438 Name 1:R01:A59f Type lmp_009 Mass 1.008 Resnr 0 Resname R01 Charge 0.04551
1439 Name 1:R01:A5a0 Type lmp_007 Mass 12.01 Resnr 0 Resname R01 Charge 0.00531
1440 Name 1:R01:A5a1 Type lmp_009 Mass 1.008 Resnr 0 Resname R01 Charge 0.03971
1441 Name 1:R01:A5a2 Type lmp_004 Mass 12.01 Resnr 0 Resname R01 Charge 0.05571
1442 Name 1:R01:A5a3 Type lmp_009 Mass 1.008 Resnr 0 Resname R01 Charge 0.01041
1443 Name 1:R01:A5a4 Type lmp_004 Mass 12.01 Resnr 0 Resname R01 Charge -0.21059
1444 Name 1:R01:A5a5 Type lmp_009 Mass 1.008 Resnr 0 Resname R01 Charge 0.05311
1445 Name 1:R01:A5a6 Type lmp_009 Mass 1.008 Resnr 0 Resname R01 Charge 0.05311
1446 Name 1:R01:A5a7 Type lmp_005 Mass 12.01 Resnr 0 Resname R01 Charge -0.04569
1447 Name 1:R01:A5a8 Type lmp_005 Mass 12.01 Resnr 0 Resname R01 Charge -0.20379
1448 Name 1:R01:A5a9 Type lmp_008 Mass 1.008 Resnr 0 Resname R01 Charge 0.15591
1449 Name 1:R01:A5aa Type lmp_003 Mass 12.01 Resnr 0 Resname R01 Charge -0.10048
1450 Name 1:R01:A5ab Type lmp_009 Mass 1.008 Resnr 0 Resname R01 Charge 0.02361
1451 Name 1:R01:A5ac Type lmp_009 Mass 1.008 Resnr 0 Resname R01 Charge 0.02361
1452 Name 1:R01:A5ad Type lmp_009 Mass 1.008 Resnr 0 Resname R01 Charge 0.02361
1453 Name 1:R01:A5ae Type lmp_004 Mass 12.01 Resnr 0 Resname R01 Charge 0.19001
1454 Name 1:R01:A5af Type lmp_003 Mass 12.01 Resnr 0 Resname R01 Charge -0.17889
1455 Name 1:R01:A5b0 Type lmp_009 Mass 1.008 Resnr 0 Resname R01 Charge 0.04121
1456 Name 1:R01:A5b1 Type lmp_009 Mass 1.008 Resnr 0 Resname R01 Charge 0.04121
1457 Name 1:R01:A5b2 Type lmp_009 Mass 1.008 Resnr 0 Resname R01 Charge 0.04121
1458 Name 1:R01:A5b3 Type lmp_005 Mass 12.01 Resnr 0 Resname R01 Charge 0.00401
1459 Name 1:R01:A5b4 Type lmp_006 Mass 12.01 Resnr 0 Resname R01 Charge 0.00111
1460 Name 1:R01:A5b5 Type lmp_005 Mass 12.01 Resnr 0 Resname R01 Charge -0.18989
1461 Name 1:R01:A5b6 Type lmp_008 Mass 1.008 Resnr 0 Resname R01 Charge 0.14431
1462 Name 1:R01:A5b7 Type lmp_005 Mass 12.01 Resnr 0 Resname R01 Charge -0.04879
1463 Name 1:R01:A5b8 Type lmp_007 Mass 12.01 Resnr 0 Resname R01 Charge 0.03141
1464 Name 1:R01:A5b9 Type lmp_009 Mass 1.008 Resnr 0 Resname R01 Charge 0.03521
1465 Name 1:R01:A5ba Type lmp_007 Mass 12.01 Resnr 0 Resname R01 Charge 0.01591
1466 Name 1:R01:A5bb Type lmp_009 Mass 1.008 Resnr 0 Resname R01 Charge 0.03721
1467 Name 1:R01:A5bc Type lmp_004 Mass 12.01 Resnr 0 Resname R01 Charge 0.02141
1468 Name 1:R01:A5bd Type lmp_009 Mass 1.008 Resnr 0 Resname R01 Charge 0.01911
1469 Name 1:R01:A5be Type lmp_007 Mass 12.01 Resnr 0 Resname R01 Charge 0.02241
1470 Name 1:R01:A5bf Type lmp_009 Mass 1.008 Resnr 0 Resname R01 Charge 0.03781
1471 Name 1:R01:A5c0 Type lmp_007 Mass 12.01 Resnr 0 Resname R01 Charge 0.01411
1472 Name 1:R01:A5c1 Type lmp_009 Mass 1.008 Resnr 0 Resname R01 Charge 0.03861
1473 Name 1:R01:A5c2 Type lmp_004 Mass 12.01 Resnr 0 Resname R01 Charge 0.01111
1474 Name 1:R01:A5c3 Type lmp_009 Mass 1.008 Resnr 0 Resname R01 Charge 0.02341
1475 Name 1:R01:A5c4 Type lmp_004 Mass 12.01 Resnr 0 Resname R01 Charge -0.10289
1476 Name 1:R01:A5c5 Type lmp_009 Mass 1.008 Resnr 0 Resname R01 Charge 0.04701
1477 Name 1:R01:A5c6 Type lmp_009 Mass 1.008 Resnr 0 Resname R01 Charge 0.04701
1478 Name 1:R01:A5c7 Type lmp_005 Mass 12.01 Resnr 0 Resname R01 Charge -0.03099
1479 Name 1:R01:A5c8 Type lmp_005 Mass 12.01 Resnr 0 Resname R01 Charge -0.25069
1480 Name 1:R01:A5c9 Type lmp_008 Mass 1.008 Resnr 0 Resname R01 Charge 0.17281
1481 Name 1:R01:A5ca Type lmp_006 Mass 12.01 Resnr 0 Resname R01 Charge 0.02131
1482 Name 1:R01:A5cb Type lmp_005 Mass 12.01 Resnr 0 Resname R01 Charge 0.02031
1483 Name 1:R01:A5cc Type lmp_005 Mass 12.01 Resnr 0 Resname R01 Charge -0.24969
1484 Name 1:R01:A5cd Type lmp_008 Mass 1.008 Resnr 0 Resname R01 Charge 0.17861
1485 Name 1:R01:A5ce Type lmp_005 Mass 12.01 Resnr 0 Resname R01 Charge -0.03239
1486 Name 1:R01:A5cf Type lmp_007 Mass 12.01 Resnr 0 Resname R01 Charge 0.03221
1487 Name 1:R01:A5d0 Type lmp_009 Mass 1.008 Resnr 0 Resname R01 Charge 0.02561
1488 Name 1:R01:A5d1 Type lmp_007 Mass 12.01 Resnr 0 Resname R01 Charge 0.02991
1489 Name 1:R01:A5d2 Type lmp_009 Mass 1.008 Resnr 0 Resname R01 Charge 0.02761
1490 Name 1:R01:A5d3 Type lmp_004 Mass 12.01 Resnr 0 Resname R01 Charge 0.05471
1491 Name 1:R01:A5d4 Type lmp_009 Mass 1.008 Resnr 0 Resname R01 Charge 0.00921
1492 Name 1:R01:A5d5 Type lmp_007 Mass 12.01 Resnr 0 Resname R01 Charge 0.00911
1493 Name 1:R01:A5d6 Type lmp_009 Mass 1.008 Resnr 0 Resname R01 Charge 0.03851
1494 Name 1:R01:A5d7 Type lmp_005 Mass 12.01 Resnr 0 Resname R01 Charge -0.12349
1495 Name 1:R01:A5d8 Type lmp_005 Mass 12.01 Resnr 0 Resname R01 Charge -0.12549
1496 Name 1:R01:A5d9 Type lmp_005 Mass 12.01 Resnr 0 Resname R01 Charge 0.03581
1497 Name 1:R01:A5da Type lmp_003 Mass 12.01 Resnr 0 Resname R01 Charge -0.11109
1498 Name 1:R01:A5db Type lmp_009 Mass 1.008 Resnr 0 Resname R01 Charge 0.04331
1499 Name 1:R01:A5dc Type lmp_009 Mass 1.008 Resnr 0 Resname R01 Charge 0.04331
1500 Name 1:R01:A5dd Type lmp_009 Mass 1.008 Resnr 0 Resname R01 Charge 0.04331
1501 Name 1:R01:A5de Type lmp_005 Mass 12.01 Resnr 0 Resname R01 Charge -0.08649
1502 Name 1:R01:A5df Type lmp_005 Mass 12.01 Resnr 0 Resname R01 Charge -0.09149
1503 Name 1:R01:A5e0 Type lmp_005 Mass 12.01 Resnr 0 Resname R01 Charge 0.05181
1504 Name 1:R01:A5e1 Type lmp_003 Mass 12.01 Resnr 0 Resname R01 Charge -0.10009
1505 Name 1:R01:A5e2 Type lmp_009 Mass 1.008 Resnr 0 Resname R01 Charge 0.04551
1506 Name 1:R01:A5e3 Type lmp_009 Mass 1.008 Resnr 0 Resname R01 Charge 0.04551
1507 Name 1:R01:A5e4 Type lmp_009 Mass 1.008 Resnr 0 Resname R01 Charge 0.04551
1508 Name 1:R01:A5e5 Type lmp_007 Mass 12.01 Resnr 0 Resname R01 Charge 0.00531
1509 Name 1:R01:A5e6 Type lmp_009 Mass 1.008 Resnr 0 Resname R01 Charge 0.03971
1510 Name 1:R01:A5e7 Type lmp_004 Mass 12.01 Resnr 0 Resname R01 Charge 0.05571
1511 Name 1:R01:A5e8 Type lmp_009 Mass 1.008 Resnr 0 Resname R01 Charge 0.01041
1512 Name 1:R01:A5e9 Type lmp_004 Mass 12.01 Resnr 0 Resname R01 Charge -0.21059
1513 Name 1:R01:A5ea Type lmp_009 Mass 1.008 Resnr 0 Resname R01 Charge 0.05311
1514 Name 1:R01:A5eb Type lmp_009 Mass 1.008 Resnr 0 Resname R01 Charge 0.05311
1515 Name 1:R01:A5ec Type lmp_005 Mass 12.01 Resnr 0 Resname R01 Charge -0.04569
1516 Name 1:R01:A5ed Type lmp_005 Mass 12.01 Resnr 0 Resname R01 Charge -0.20379
1517 Name 1:R01:A5ee Type lmp_008 Mass 1.008 Resnr 0 Resname R01 Charge 0.15591
1518 Name 1:R01:A5ef Type lmp_003 Mass 12.01 Resnr 0 Resname R01 Charge -0.10048
1519 Name 1:R01:A5f0 Type lmp_009 Mass 1.008 Resnr 0 Resname R01 Charge 0.02361
1520 Name 1:R01:A5f1 Type lmp_009 Mass 1.008 Resnr 0 Resname R01 Charge 0.02361
1521 Name 1:R01:A5f2 Type lmp_009 Mass 1.008 Resnr 0 Resname R01 Charge 0.02361
1522 Name 1:R01:A5f3 Type lmp_004 Mass 12.01 Resnr 0 Resname R01 Charge 0.19001
1523 Name 1:R01:A5f4 Type lmp_003 Mass 12.01 Resnr 0 Resname R01 Charge -0.17889
1524 Name 1:R01:A5f5 Type lmp_009 Mass 1.008 Resnr 0 Resname R01 Charge 0.04121
1525 Name 1:R01:A5f6 Type lmp_009 Mass 1.008 Resnr 0 Resname R01 Charge 0.04121
1526 Name 1:R01:A5f7 Type lmp_009 Mass 1.008 Resnr 0 Resname R01 Charge 0.04121
1527 Name 1:R01:A5f8 Type lmp_005 Mass 12.01 Resnr 0 Resname R01 Charge 0.00401
1528 Name 1:R01:A5f9 Type lmp_006 Mass 12.01 Resnr 0 Resname R01 Charge 0.00111
1529 Name 1:R01:A5fa Type lmp_005 Mass 12.01 Resnr 0 Resname R01 Charge -0.18989
1530 Name 1:R01:A5fb Type lmp_008 Mass 1.008 Resnr 0 Resname R01 Charge 0.14431
1531 Name 1:R01:A5fc Type lmp_005 Mass 12.01 Resnr 0 Resname R01 Charge -0.04879
1532 Name 1:R01:A5fd Type lmp_007 Mass 12.01 Resnr 0 Resname R01 Charge 0.03141
1533 Name 1:R01:A5fe Type lmp_009 Mass 1.008 Resnr 0 Resname R01 Charge 0.03521
1534 Name 1:R01:A5ff Type lmp_007 Mass 12.01 Resnr 0 Resname R01 Charge 0.01591
1535 Name 1:R01:A600 Type lmp_009 Mass 1.008 Resnr 0 Resname R01 Charge 0.03721
1536 Name 1:R01:A601 Type lmp_004 Mass 12.01 Resnr 0 Resname R01 Charge 0.02141
1537 Name 1:R01:A602 Type lmp_009 Mass 1.008 Resnr 0 Resname R01 Charge 0.01911
1538 Name 1:R01:A603 Type lmp_007 Mass 12.01 Resnr 0 Resname R01 Charge 0.02241
1539 Name 1:R01:A604 Type lmp_009 Mass 1.008 Resnr 0 Resname R01 Charge 0.03781
1540 Name 1:R01:A605 Type lmp_007 Mass 12.01 Resnr 0 Resname R01 Charge 0.01411
1541 Name 1:R01:A606 Type lmp_009 Mass 1.008 Resnr 0 Resname R01 Charge 0.03861
1542 Name 1:R01:A607 Type lmp_004 Mass 12.01 Resnr 0 Resname R01 Charge 0.01111
1543 Name 1:R01:A608 Type lmp_009 Mass 1.008 Resnr 0 Resname R01 Charge 0.02341
1544 Name 1:R01:A609 Type lmp_004 Mass 12.01 Resnr 0 Resname R01 Charge -0.10289
1545 Name 1:R01:A60a Type lmp_009 Mass 1.008 Resnr 0 Resname R01 Charge 0.04701
1546 Name 1:R01:A60b Type lmp_009 Mass 1.008 Resnr 0 Resname R01 Charge 0.04701
1547 Name 1:R01:A60c Type lmp_005 Mass 12.01 Resnr 0 Resname R01 Charge -0.03099
1548 Name 1:R01:A60d Type lmp_005 Mass 12.01 Resnr 0 Resname R01 Charge -0.25069
1549 Name 1:R01:A60e Type lmp_008 Mass 1.008 Resnr 0 Resname R01 Charge 0.17281
1550 Name 1:R01:A60f Type lmp_006 Mass 12.01 Resnr 0 Resname R01 Charge 0.02131
1551 Name 1:R01:A610 Type lmp_005 Mass 12.01 Resnr 0 Resname R01 Charge 0.02031
1552 Name 1:R01:A611 Type lmp_005 Mass 12.01 Resnr 0 Resname R01 Charge -0.24969
1553 Name 1:R01:A612 Type lmp_008 Mass 1.008 Resnr 0 Resname R01 Charge 0.17861
1554 Name 1:R01:A613 Type lmp_005 Mass 12.01 Resnr 0 Resname R01 Charge -0.03239
1555 Name 1:R01:A614 Type lmp_007 Mass 12.01 Resnr 0 Resname R01 Charge 0.03221
1556 Name 1:R01:A615 Type lmp_009 Mass 1.008 Resnr 0 Resname R01 Charge 0.02561
1557 Name 1:R01:A616 Type lmp_007 Mass 12.01 Resnr 0 Resname R01 Charge 0.02991
1558 Name 1:R01:A617 Type lmp_009 Mass 1.008 Resnr 0 Resname R01 Charge 0.02761
1559 Name 1:R01:A618 Type lmp_004 Mass 12.01 Resnr 0 Resname R01 Charge 0.05471
1560 Name 1:R01:A619 Type lmp_009 Mass 1.008 Resnr 0 Resname R01 Charge 0.00921
1561 Name 1:R01:A61a Type lmp_007 Mass 12.01 Resnr 0 Resname R01 Charge 0.00911
1562 Name 1:R01:A61b Type lmp_009 Mass 1.008 Resnr 0 Resname R01 Charge 0.03851
1563 Name 1:R01:A61c Type lmp_005 Mass 12.01 Resnr 0 Resname R01 Charge -0.12349
1564 Name 1:R01:A61d Type lmp_005 Mass 12.01 Resnr 0 Resname R01 Charge -0.12549
1565 Name 1:R01:A61e Type lmp_005 Mass 12.01 Resnr 0 Resname R01 Charge 0.03581
1566 Name 1:R01:A61f Type lmp_003 Mass 12.01 Resnr 0 Resname R01 Charge -0.11109
1567 Name 1:R01:A620 Type lmp_009 Mass 1.008 Resnr 0 Resname R01 Charge 0.04331
1568 Name 1:R01:A621 Type lmp_009 Mass 1.008 Resnr 0 Resname R01 Charge 0.04331
1569 Name 1:R01:A622 Type lmp_009 Mass 1.008 Resnr 0 Resname R01 Charge 0.04331
1570 Name 1:R01:A623 Type lmp_005 Mass 12.01 Resnr 0 Resname R01 Charge -0.08649
1571 Name 1:R01:A624 Type lmp_005 Mass 12.01 Resnr 0 Resname R01 Charge -0.09149
1572 Name 1:R01:A625 Type lmp_005 Mass 12.01 Resnr 0 Resname R01 Charge 0.05181
1573 Name 1:R01:A626 Type lmp_003 Mass 12.01 Resnr 0 Resname R01 Charge -0.10009
1574 Name 1:R01:A627 Type lmp_009 Mass 1.008 Resnr 0 Resname R01 Charge 0.04551
1575 Name 1:R01:A628 Type lmp_009 Mass 1.008 Resnr 0 Resname R01 Charge 0.04551
1576 Name 1:R01:A629 Type lmp_009 Mass 1.008 Resnr 0 Resname R01 Charge 0.04551
1577 Name 1:R01:A62a Type lmp_007 Mass 12.01 Resnr 0 Resname R01 Charge 0.00531
1578 Name 1:R01:A62b Type lmp_009 Mass 1.008 Resnr 0 Resname R01 Charge 0.03971
1579 Name 1:R01:A62c Type lmp_004 Mass 12.01 Resnr 0 Resname R01 Charge 0.05571
1580 Name 1:R01:A62d Type lmp_009 Mass 1.008 Resnr 0 Resname R01 Charge 0.01041
1581 Name 1:R01:A62e Type lmp_004 Mass 12.01 Resnr 0 Resname R01 Charge -0.21059
1582 Name 1:R01:A62f Type lmp_009 Mass 1.008 Resnr 0 Resname R01 Charge 0.05311
1583 Name 1:R01:A630 Type lmp_009 Mass 1.008 Resnr 0 Resname R01 Charge 0.05311
1584 Name 1:R01:A631 Type lmp_005 Mass 12.01 Resnr 0 Resname R01 Charge -0.04569
1585 Name 1:R01:A632 Type lmp_005 Mass 12.01 Resnr 0 Resname R01 Charge -0.20379
1586 Name 1:R01:A633 Type lmp_008 Mass 1.008 Resnr 0 Resname R01 Charge 0.15591
1587 Name 1:R01:A634 Type lmp_003 Mass 12.01 Resnr 0 Resname R01 Charge -0.10048
1588 Name 1:R01:A635 Type lmp_009 Mass 1.008 Resnr 0 Resname R01 Charge 0.02361
1589 Name 1:R01:A636 Type lmp_009 Mass 1.008 Resnr 0 Resname R01 Charge 0.02361
1590 Name 1:R01:A637 Type lmp_009 Mass 1.008 Resnr 0 Resname R01 Charge 0.02361
1591 Name 1:R01:A638 Type lmp_004 Mass 12.01 Resnr 0 Resname R01 Charge 0.19001
1592 Name 1:R01:A639 Type lmp_003 Mass 12.01 Resnr 0 Resname R01 Charge -0.17889
1593 Name 1:R01:A63a Type lmp_009 Mass 1.008 Resnr 0 Resname R01 Charge 0.04121
1594 Name 1:R01:A63b Type lmp_009 Mass 1.008 Resnr 0 Resname R01 Charge 0.04121
1595 Name 1:R01:A63c Type lmp_009 Mass 1.008 Resnr 0 Resname R01 Charge 0.04121
1596 Name 1:R01:A63d Type lmp_005 Mass 12.01 Resnr 0 Resname R01 Charge 0.00401
1597 Name 1:R01:A63e Type lmp_006 Mass 12.01 Resnr 0 Resname R01 Charge 0.00111
1598 Name 1:R01:A63f Type lmp_005 Mass 12.01 Resnr 0 Resname R01 Charge -0.18989
1599 Name 1:R01:A640 Type lmp_008 Mass 1.008 Resnr 0 Resname R01 Charge 0.14431
1600 Name 1:R01:A641 Type lmp_005 Mass 12.01 Resnr 0 Resname R01 Charge -0.04879
1601 Name 1:R01:A642 Type lmp_007 Mass 12.01 Resnr 0 Resname R01 Charge 0.03141
1602 Name 1:R01:A643 Type lmp_009 Mass 1.008 Resnr 0 Resname R01 Charge 0.03521
1603 Name 1:R01:A644 Type lmp_007 Mass 12.01 Resnr 0 Resname R01 Charge 0.01591
1604 Name 1:R01:A645 Type lmp_009 Mass 1.008 Resnr 0 Resname R01 Charge 0.03721
1605 Name 1:R01:A646 Type lmp_004 Mass 12.01 Resnr 0 Resname R01 Charge 0.02141
1606 Name 1:R01:A647 Type lmp_009 Mass 1.008 Resnr 0 Resname R01 Charge 0.01911
1607 Name 1:R01:A648 Type lmp_007 Mass 12.01 Resnr 0 Resname R01 Charge 0.02241
1608 Name 1:R01:A649 Type lmp_009 Mass 1.008 Resnr 0 Resname R01 Charge 0.03781
1609 Name 1:R01:A64a Type lmp_007 Mass 12.01 Resnr 0 Resname R01 Charge 0.01411
1610 Name 1:R01:A64b Type lmp_009 Mass 1.008 Resnr 0 Resname R01 Charge 0.03861
1611 Name 1:R01:A64c Type lmp_004 Mass 12.01 Resnr 0 Resname R01 Charge 0.01111
1612 Name 1:R01:A64d Type lmp_009 Mass 1.008 Resnr 0 Resname R01 Charge 0.02341
1613 Name 1:R01:A64e Type lmp_004 Mass 12.01 Resnr 0 Resname R01 Charge -0.10289
1614 Name 1:R01:A64f Type lmp_009 Mass 1.008 Resnr 0 Resname R01 Charge 0.04701
1615 Name 1:R01:A650 Type lmp_009 Mass 1.008 Resnr 0 Resname R01 Charge 0.04701
1616 Name 1:R01:A651 Type lmp_005 Mass 12.01 Resnr 0 Resname R01 Charge -0.03099
1617 Name 1:R01:A652 Type lmp_005 Mass 12.01 Resnr 0 Resname R01 Charge -0.25069
1618 Name 1:R01:A653 Type lmp_008 Mass 1.008 Resnr 0 Resname R01 Charge 0.17281
1619 Name 1:R01:A654 Type lmp_006 Mass 12.01 Resnr 0 Resname R01 Charge 0.02131
1620 Name 1:R01:A655 Type lmp_005 Mass 12.01 Resnr 0 Resname R01 Charge 0.02031
1621 Name 1:R01:A656 Type lmp_005 Mass 12.01 Resnr 0 Resname R01 Charge -0.24969
1622 Name 1:R01:A657 Type lmp_008 Mass 1.008 Resnr 0 Resname R01 Charge 0.17861
1623 Name 1:R01:A658 Type lmp_005 Mass 12.01 Resnr 0 Resname R01 Charge -0.03239
1624 Name 1:R01:A659 Type lmp_007 Mass 12.01 Resnr 0 Resname R01 Charge 0.03221
1625 Name 1:R01:A65a Type lmp_009 Mass 1.008 Resnr 0 Resname R01 Charge 0.02561
1626 Name 1:R01:A65b Type lmp_007 Mass 12.01 Resnr 0 Resname R01 Charge 0.02991
1627 Name 1:R01:A65c Type lmp_009 Mass 1.008 Resnr 0 Resname R01 Charge 0.02761
1628 Name 1:R01:A65d Type lmp_004 Mass 12.01 Resnr 0 Resname R01 Charge 0.05471
1629 Name 1:R01:A65e Type lmp_009 Mass 1.008 Resnr 0 Resname R01 Charge 0.00921
1630 Name 1:R01:A65f Type lmp_007 Mass 12.01 Resnr 0 Resname R01 Charge 0.00911
1631 Name 1:R01:A660 Type lmp_009 Mass 1.008 Resnr 0 Resname R01 Charge 0.03851
1632 Name 1:R01:A661 Type lmp_005 Mass 12.01 Resnr 0 Resname R01 Charge -0.12349
1633 Name 1:R01:A662 Type lmp_005 Mass 12.01 Resnr 0 Resname R01 Charge -0.12549
1634 Name 1:R01:A663 Type lmp_005 Mass 12.01 Resnr 0 Resname R01 Charge 0.03581
1635 Name 1:R01:A664 Type lmp_003 Mass 12.01 Resnr 0 Resname R01 Charge -0.11109
1636 Name 1:R01:A665 Type lmp_009 Mass 1.008 Resnr 0 Resname R01 Charge 0.04331
1637 Name 1:R01:A666 Type lmp_009 Mass 1.008 Resnr 0 Resname R01 Charge 0.04331
1638 Name 1:R01:A667 Type lmp_009 Mass 1.008 Resnr 0 Resname R01 Charge 0.04331
1639 Name 1:R01:A668 Type lmp_005 Mass 12.01 Resnr 0 Resname R01 Charge -0.08649
1640 Name 1:R01:A669 Type lmp_005 Mass 12.01 Resnr 0 Resname R01 Charge -0.09149
1641 Name 1:R01:A66a Type lmp_005 Mass 12.01 Resnr 0 Resname R01 Charge 0.05181
1642 Name 1:R01:A66b Type lmp_003 Mass 12.01 Resnr 0 Resname R01 Charge -0.10009
1643 Name 1:R01:A66c Type lmp_009 Mass 1.008 Resnr 0 Resname R01 Charge 0.04551
1644 Name 1:R01:A66d Type lmp_009 Mass 1.008 Resnr 0 Resname R01 Charge 0.04551
1645 Name 1:R01:A66e Type lmp_009 Mass 1.008 Resnr 0 Resname R01 Charge 0.04551
1646 Name 1:R01:A66f Type lmp_007 Mass 12.01 Resnr 0 Resname R01 Charge 0.00531
1647 Name 1:R01:A670 Type lmp_009 Mass 1.008 Resnr 0 Resname R01 Charge 0.03971
1648 Name 1:R01:A671 Type lmp_004 Mass 12.01 Resnr 0 Resname R01 Charge 0.05571
1649 Name 1:R01:A672 Type lmp_009 Mass 1.008 Resnr 0 Resname R01 Charge 0.01041
1650 Name 1:R01:A673 Type lmp_004 Mass 12.01 Resnr 0 Resname R01 Charge -0.21059
1651 Name 1:R01:A674 Type lmp_009 Mass 1.008 Resnr 0 Resname R01 Charge 0.05311
1652 Name 1:R01:A675 Type lmp_009 Mass 1.008 Resnr 0 Resname R01 Charge 0.05311
1653 Name 1:R01:A676 Type lmp_005 Mass 12.01 Resnr 0 Resname R01 Charge -0.04569
1654 Name 1:R01:A677 Type lmp_005 Mass 12.01 Resnr 0 Resname R01 Charge -0.20379
1655 Name 1:R01:A678 Type lmp_008 Mass 1.008 Resnr 0 Resname R01 Charge 0.15591
1656 Name 1:R01:A679 Type lmp_003 Mass 12.01 Resnr 0 Resname R01 Charge -0.10048
1657 Name 1:R01:A67a Type lmp_009 Mass 1.008 Resnr 0 Resname R01 Charge 0.02361
1658 Name 1:R01:A67b Type lmp_009 Mass 1.008 Resnr 0 Resname R01 Charge 0.02361
1659 Name 1:R01:A67c Type lmp_009 Mass 1.008 Resnr 0 Resname R01 Charge 0.02361
1660 Name 1:R01:A67d Type lmp_004 Mass 12.01 Resnr 0 Resname R01 Charge 0.19001
1661 Name 1:R01:A67e Type lmp_003 Mass 12.01 Resnr 0 Resname R01 Charge -0.17889
1662 Name 1:R01:A67f Type lmp_009 Mass 1.008 Resnr 0 Resname R01 Charge 0.04121
1663 Name 1:R01:A680 Type lmp_009 Mass 1.008 Resnr 0 Resname R01 Charge 0.04121
1664 Name 1:R01:A681 Type lmp_009 Mass 1.008 Resnr 0 Resname R01 Charge 0.04121
1665 Name 1:R01:A682 Type lmp_005 Mass 12.01 Resnr 0 Resname R01 Charge 0.00401
1666 Name 1:R01:A683 Type lmp_006 Mass 12.01 Resnr 0 Resname R01 Charge 0.00111
1667 Name 1:R01:A684 Type lmp_005 Mass 12.01 Resnr 0 Resname R01 Charge -0.18989
1668 Name 1:R01:A685 Type lmp_008 Mass 1.008 Resnr 0 Resname R01 Charge 0.14431
1669 Name 1:R01:A686 Type lmp_005 Mass 12.01 Resnr 0 Resname R01 Charge -0.04879
1670 Name 1:R01:A687 Type lmp_007 Mass 12.01 Resnr 0 Resname R01 Charge 0.03141
1671 Name 1:R01:A688 Type lmp_009 Mass 1.008 Resnr 0 Resname R01 Charge 0.03521
1672 Name 1:R01:A689 Type lmp_007 Mass 12.01 Resnr 0 Resname R01 Charge 0.01591
1673 Name 1:R01:A68a Type lmp_009 Mass 1.008 Resnr 0 Resname R01 Charge 0.03721
1674 Name 1:R01:A68b Type lmp_004 Mass 12.01 Resnr 0 Resname R01 Charge 0.02141
1675 Name 1:R01:A68c Type lmp_009 Mass 1.008 Resnr 0 Resname R01 Charge 0.01911
1676 Name 1:R01:A68d Type lmp_007 Mass 12.01 Resnr 0 Resname R01 Charge 0.02241
1677 Name 1:R01:A68e Type lmp_009 Mass 1.008 Resnr 0 Resname R01 Charge 0.03781
1678 Name 1:R01:A68f Type lmp_007 Mass 12.01 Resnr 0 Resname R01 Charge 0.01411
1679 Name 1:R01:A690 Type lmp_009 Mass 1.008 Resnr 0 Resname R01 Charge 0.03861
1680 Name 1:R01:A691 Type lmp_004 Mass 12.01 Resnr 0 Resname R01 Charge 0.01111
1681 Name 1:R01:A692 Type lmp_009 Mass 1.008 Resnr 0 Resname R01 Charge 0.02341
1682 Name 1:R01:A693 Type lmp_004 Mass 12.01 Resnr 0 Resname R01 Charge -0.10289
1683 Name 1:R01:A694 Type lmp_009 Mass 1.008 Resnr 0 Resname R01 Charge 0.04701
1684 Name 1:R01:A695 Type lmp_009 Mass 1.008 Resnr 0 Resname R01 Charge 0.04701
1685 Name 1:R01:A696 Type lmp_005 Mass 12.01 Resnr 0 Resname R01 Charge -0.03099
1686 Name 1:R01:A697 Type lmp_005 Mass 12.01 Resnr 0 Resname R01 Charge -0.25069
1687 Name 1:R01:A698 Type lmp_008 Mass 1.008 Resnr 0 Resname R01 Charge 0.17281
1688 Name 1:R01:A699 Type lmp_006 Mass 12.01 Resnr 0 Resname R01 Charge 0.02131
1689 Name 1:R01:A69a Type lmp_005 Mass 12.01 Resnr 0 Resname R01 Charge 0.02031
1690 Name 1:R01:A69b Type lmp_005 Mass 12.01 Resnr 0 Resname R01 Charge -0.24969
1691 Name 1:R01:A69c Type lmp_008 Mass 1.008 Resnr 0 Resname R01 Charge 0.17861
1692 Name 1:R01:A69d Type lmp_005 Mass 12.01 Resnr 0 Resname R01 Charge -0.03239
1693 Name 1:R01:A69e Type lmp_007 Mass 12.01 Resnr 0 Resname R01 Charge 0.03221
1694 Name 1:R01:A69f Type lmp_009 Mass 1.008 Resnr 0 Resname R01 Charge 0.02561
1695 Name 1:R01:A6a0 Type lmp_007 Mass 12.01 Resnr 0 Resname R01 Charge 0.02991
1696 Name 1:R01:A6a1 Type lmp_009 Mass 1.008 Resnr 0 Resname R01 Charge 0.02761
1697 Name 1:R01:A6a2 Type lmp_004 Mass 12.01 Resnr 0 Resname R01 Charge 0.05471
1698 Name 1:R01:A6a3 Type lmp_009 Mass 1.008 Resnr 0 Resname R01 Charge 0.00921
1699 Name 1:R01:A6a4 Type lmp_007 Mass 12.01 Resnr 0 Resname R01 Charge 0.00911
1700 Name 1:R01:A6a5 Type lmp_009 Mass 1.008 Resnr 0 Resname R01 Charge 0.03851
1701 Name 1:R01:A6a6 Type lmp_005 Mass 12.01 Resnr 0 Resname R01 Charge -0.12349
1702 Name 1:R01:A6a7 Type lmp_005 Mass 12.01 Resnr 0 Resname R01 Charge -0.12549
1703 Name 1:R01:A6a8 Type lmp_005 Mass 12.01 Resnr 0 Resname R01 Charge 0.03581
1704 Name 1:R01:A6a9 Type lmp_003 Mass 12.01 Resnr 0 Resname R01 Charge -0.11109
1705 Name 1:R01:A6aa Type lmp_009 Mass 1.008 Resnr 0 Resname R01 Charge 0.04331
1706 Name 1:R01:A6ab Type lmp_009 Mass 1.008 Resnr 0 Resname R01 Charge 0.04331
1707 Name 1:R01:A6ac Type lmp_009 Mass 1.008 Resnr 0 Resname R01 Charge 0.04331
1708 Name 1:R01:A6ad Type lmp_005 Mass 12.01 Resnr 0 Resname R01 Charge -0.08649
1709 Name 1:R01:A6ae Type lmp_005 Mass 12.01 Resnr 0 Resname R01 Charge -0.09149
1710 Name 1:R01:A6af Type lmp_005 Mass 12.01 Resnr 0 Resname R01 Charge 0.05181
1711 Name 1:R01:A6b0 Type lmp_003 Mass 12.01 Resnr 0 Resname R01 Charge -0.10009
1712 Name 1:R01:A6b1 Type lmp_009 Mass 1.008 Resnr 0 Resname R01 Charge 0.04551
1713 Name 1:R01:A6b2 Type lmp_009 Mass 1.008 Resnr 0 Resname R01 Charge 0.04551
1714 Name 1:R01:A6b3 Type lmp_009 Mass 1.008 Resnr 0 Resname R01 Charge 0.04551
1715 Name 1:R01:A6b4 Type lmp_007 Mass 12.01 Resnr 0 Resname R01 Charge 0.00531
1716 Name 1:R01:A6b5 Type lmp_009 Mass 1.008 Resnr 0 Resname R01 Charge 0.03971
1717 Name 1:R01:A6b6 Type lmp_004 Mass 12.01 Resnr 0 Resname R01 Charge 0.05571
1718 Name 1:R01:A6b7 Type lmp_009 Mass 1.008 Resnr 0 Resname R01 Charge 0.01041
1719 Name 1:R01:A6b8 Type lmp_004 Mass 12.01 Resnr 0 Resname R01 Charge -0.21059
1720 Name 1:R01:A6b9 Type lmp_009 Mass 1.008 Resnr 0 Resname R01 Charge 0.05311
1721 Name 1:R01:A6ba Type lmp_009 Mass 1.008 Resnr 0 Resname R01 Charge 0.05311
1722 Name 1:R01:A6bb Type lmp_005 Mass 12.01 Resnr 0 Resname R01 Charge -0.04569
1723 Name 1:R01:A6bc Type lmp_005 Mass 12.01 Resnr 0 Resname R01 Charge -0.20379
1724 Name 1:R01:A6bd Type lmp_008 Mass 1.008 Resnr 0 Resname R01 Charge 0.15591
1725 Name 1:R01:A6be Type lmp_003 Mass 12.01 Resnr 0 Resname R01 Charge -0.10048
1726 Name 1:R01:A6bf Type lmp_009 Mass 1.008 Resnr 0 Resname R01 Charge 0.02361
1727 Name 1:R01:A6c0 Type lmp_009 Mass 1.008 Resnr 0 Resname R01 Charge 0.02361
1728 Name 1:R01:A6c1 Type lmp_009 Mass 1.008 Resnr 0 Resname R01 Charge 0.02361
1729 Name 1:R01:A6c2 Type lmp_004 Mass 12.01 Resnr 0 Resname R01 Charge 0.19001
1730 Name 1:R01:A6c3 Type lmp_003 Mass 12.01 Resnr 0 Resname R01 Charge -0.17889
1731 Name 1:R01:A6c4 Type lmp_009 Mass 1.008 Resnr 0 Resname R01 Charge 0.04121
1732 Name 1:R01:A6c5 Type lmp_009 Mass 1.008 Resnr 0 Resname R01 Charge 0.04121
1733 Name 1:R01:A6c6 Type lmp_009 Mass 1.008 Resnr 0 Resname R01 Charge 0.04121
1734 Name 1:R01:A6c7 Type lmp_005 Mass 12.01 Resnr 0 Resname R01 Charge 0.00401
1735 Name 1:R01:A6c8 Type lmp_006 Mass 12.01 Resnr 0 Resname R01 Charge 0.00111
1736 Name 1:R01:A6c9 Type lmp_005 Mass 12.01 Resnr 0 Resname R01 Charge -0.18989
1737 Name 1:R01:A6ca Type lmp_008 Mass 1.008 Resnr 0 Resname R01 Charge 0.14431
1738 Name 1:R01:A6cb Type lmp_005 Mass 12.01 Resnr 0 Resname R01 Charge -0.04879
1739 Name 1:R01:A6cc Type lmp_007 Mass 12.01 Resnr 0 Resname R01 Charge 0.03141
1740 Name 1:R01:A6cd Type lmp_009 Mass 1.008 Resnr 0 Resname R01 Charge 0.03521
1741 Name 1:R01:A6ce Type lmp_007 Mass 12.01 Resnr 0 Resname R01 Charge 0.01591
1742 Name 1:R01:A6cf Type lmp_009 Mass 1.008 Resnr 0 Resname R01 Charge 0.03721
1743 Name 1:R01:A6d0 Type lmp_004 Mass 12.01 Resnr 0 Resname R01 Charge 0.02141
1744 Name 1:R01:A6d1 Type lmp_009 Mass 1.008 Resnr 0 Resname R01 Charge 0.01911
1745 Name 1:R01:A6d2 Type lmp_007 Mass 12.01 Resnr 0 Resname R01 Charge 0.02241
1746 Name 1:R01:A6d3 Type lmp_009 Mass 1.008 Resnr 0 Resname R01 Charge 0.03781
1747 Name 1:R01:A6d4 Type lmp_007 Mass 12.01 Resnr 0 Resname R01 Charge 0.01411
1748 Name 1:R01:A6d5 Type lmp_009 Mass 1.008 Resnr 0 Resname R01 Charge 0.03861
1749 Name 1:R01:A6d6 Type lmp_004 Mass 12.01 Resnr 0 Resname R01 Charge 0.01111
1750 Name 1:R01:A6d7 Type lmp_009 Mass 1.008 Resnr 0 Resname R01 Charge 0.02341
1751 Name 1:R01:A6d8 Type lmp_004 Mass 12.01 Resnr 0 Resname R01 Charge -0.10289
1752 Name 1:R01:A6d9 Type lmp_009 Mass 1.008 Resnr 0 Resname R01 Charge 0.04701
1753 Name 1:R01:A6da Type lmp_009 Mass 1.008 Resnr 0 Resname R01 Charge 0.04701
1754 Name 1:R01:A6db Type lmp_005 Mass 12.01 Resnr 0 Resname R01 Charge -0.03099
1755 Name 1:R01:A6dc Type lmp_005 Mass 12.01 Resnr 0 Resname R01 Charge -0.25069
1756 Name 1:R01:A6dd Type lmp_008 Mass 1.008 Resnr 0 Resname R01 Charge 0.17281
1757 Name 1:R01:A6de Type lmp_006 Mass 12.01 Resnr 0 Resname R01 Charge 0.02131
1758 Name 1:R01:A6df Type lmp_005 Mass 12.01 Resnr 0 Resname R01 Charge 0.02031
1759 Name 1:R01:A6e0 Type lmp_005 Mass 12.01 Resnr 0 Resname R01 Charge -0.24969
1760 Name 1:R01:A6e1 Type lmp_008 Mass 1.008 Resnr 0 Resname R01 Charge 0.17861
1761 Name 1:R01:A6e2 Type lmp_005 Mass 12.01 Resnr 0 Resname R01 Charge -0.03239
1762 Name 1:R01:A6e3 Type lmp_007 Mass 12.01 Resnr 0 Resname R01 Charge 0.03221
1763 Name 1:R01:A6e4 Type lmp_009 Mass 1.008 Resnr 0 Resname R01 Charge 0.02561
1764 Name 1:R01:A6e5 Type lmp_007 Mass 12.01 Resnr 0 Resname R01 Charge 0.02991
1765 Name 1:R01:A6e6 Type lmp_009 Mass 1.008 Resnr 0 Resname R01 Charge 0.02761
1766 Name 1:R01:A6e7 Type lmp_004 Mass 12.01 Resnr 0 Resname R01 Charge 0.05471
1767 Name 1:R01:A6e8 Type lmp_009 Mass 1.008 Resnr 0 Resname R01 Charge 0.00921
1768 Name 1:R01:A6e9 Type lmp_007 Mass 12.01 Resnr 0 Resname R01 Charge 0.00911
1769 Name 1:R01:A6ea Type lmp_009 Mass 1.008 Resnr 0 Resname R01 Charge 0.03851
1770 Name 1:R01:A6eb Type lmp_005 Mass 12.01 Resnr 0 Resname R01 Charge -0.12349
1771 Name 1:R01:A6ec Type lmp_005 Mass 12.01 Resnr 0 Resname R01 Charge -0.12549
1772 Name 1:R01:A6ed Type lmp_005 Mass 12.01 Resnr 0 Resname R01 Charge 0.03581
1773 Name 1:R01:A6ee Type lmp_003 Mass 12.01 Resnr 0 Resname R01 Charge -0.11109
1774 Name 1:R01:A6ef Type lmp_009 Mass 1.008 Resnr 0 Resname R01 Charge 0.04331
1775 Name 1:R01:A6f0 Type lmp_009 Mass 1.008 Resnr 0 Resname R01 Charge 0.04331
1776 Name 1:R01:A6f1 Type lmp_009 Mass 1.008 Resnr 0 Resname R01 Charge 0.04331
1777 Name 1:R01:A6f2 Type lmp_005 Mass 12.01 Resnr 0 Resname R01 Charge -0.08649
1778 Name 1:R01:A6f3 Type lmp_005 Mass 12.01 Resnr 0 Resname R01 Charge -0.09149
1779 Name 1:R01:A6f4 Type lmp_005 Mass 12.01 Resnr 0 Resname R01 Charge 0.05181
1780 Name 1:R01:A6f5 Type lmp_003 Mass 12.01 Resnr 0 Resname R01 Charge -0.10009
1781 Name 1:R01:A6f6 Type lmp_009 Mass 1.008 Resnr 0 Resname R01 Charge 0.04551
1782 Name 1:R01:A6f7 Type lmp_009 Mass 1.008 Resnr 0 Resname R01 Charge 0.04551
1783 Name 1:R01:A6f8 Type lmp_009 Mass 1.008 Resnr 0 Resname R01 Charge 0.04551
1784 Name 1:R01:A6f9 Type lmp_007 Mass 12.01 Resnr 0 Resname R01 Charge 0.00531
1785 Name 1:R01:A6fa Type lmp_009 Mass 1.008 Resnr 0 Resname R01 Charge 0.03971
1786 Name 1:R01:A6fb Type lmp_004 Mass 12.01 Resnr 0 Resname R01 Charge 0.05571
1787 Name 1:R01:A6fc Type lmp_009 Mass 1.008 Resnr 0 Resname R01 Charge 0.01041
1788 Name 1:R01:A6fd Type lmp_004 Mass 12.01 Resnr 0 Resname R01 Charge -0.21059
1789 Name 1:R01:A6fe Type lmp_009 Mass 1.008 Resnr 0 Resname R01 Charge 0.05311
1790 Name 1:R01:A6ff Type lmp_009 Mass 1.008 Resnr 0 Resname R01 Charge 0.05311
1791 Name 1:R01:A700 Type lmp_005 Mass 12.01 Resnr 0 Resname R01 Charge -0.04569
1792 Name 1:R01:A701 Type lmp_005 Mass 12.01 Resnr 0 Resname R01 Charge -0.20379
1793 Name 1:R01:A702 Type lmp_008 Mass 1.008 Resnr 0 Resname R01 Charge 0.15591
1794 Name 1:R01:A703 Type lmp_003 Mass 12.01 Resnr 0 Resname R01 Charge -0.10048
1795 Name 1:R01:A704 Type lmp_009 Mass 1.008 Resnr 0 Resname R01 Charge 0.02361
1796 Name 1:R01:A705 Type lmp_009 Mass 1.008 Resnr 0 Resname R01 Charge 0.02361
1797 Name 1:R01:A706 Type lmp_009 Mass 1.008 Resnr 0 Resname R01 Charge 0.02361
1798 Name 1:R01:A707 Type lmp_004 Mass 12.01 Resnr 0 Resname R01 Charge 0.19001
1799 Name 1:R01:A708 Type lmp_003 Mass 12.01 Resnr 0 Resname R01 Charge -0.17889
1800 Name 1:R01:A709 Type lmp_009 Mass 1.008 Resnr 0 Resname R01 Charge 0.04121
1801 Name 1:R01:A70a Type lmp_009 Mass 1.008 Resnr 0 Resname R01 Charge 0.04121
1802 Name 1:R01:A70b Type lmp_009 Mass 1.008 Resnr 0 Resname R01 Charge 0.04121
1803 Name 1:R01:A70c Type lmp_005 Mass 12.01 Resnr 0 Resname R01 Charge 0.00401
1804 Name 1:R01:A70d Type lmp_006 Mass 12.01 Resnr 0 Resname R01 Charge 0.00111
1805 Name 1:R01:A70e Type lmp_005 Mass 12.01 Resnr 0 Resname R01 Charge -0.18989
1806 Name 1:R01:A70f Type lmp_008 Mass 1.008 Resnr 0 Resname R01 Charge 0.14431
1807 Name 1:R01:A710 Type lmp_005 Mass 12.01 Resnr 0 Resname R01 Charge -0.04879
1808 Name 1:R01:A711 Type lmp_007 Mass 12.01 Resnr 0 Resname R01 Charge 0.03141
1809 Name 1:R01:A712 Type lmp_009 Mass 1.008 Resnr 0 Resname R01 Charge 0.03521
1810 Name 1:R01:A713 Type lmp_007 Mass 12.01 Resnr 0 Resname R01 Charge 0.01591
1811 Name 1:R01:A714 Type lmp_009 Mass 1.008 Resnr 0 Resname R01 Charge 0.03721
1812 Name 1:R01:A715 Type lmp_004 Mass 12.01 Resnr 0 Resname R01 Charge 0.02141
1813 Name 1:R01:A716 Type lmp_009 Mass 1.008 Resnr 0 Resname R01 Charge 0.01911
1814 Name 1:R01:A717 Type lmp_007 Mass 12.01 Resnr 0 Resname R01 Charge 0.02241
1815 Name 1:R01:A718 Type lmp_009 Mass 1.008 Resnr 0 Resname R01 Charge 0.03781
1816 Name 1:R01:A719 Type lmp_007 Mass 12.01 Resnr 0 Resname R01 Charge 0.01411
1817 Name 1:R01:A71a Type lmp_009 Mass 1.008 Resnr 0 Resname R01 Charge 0.03861
1818 Name 1:R01:A71b Type lmp_004 Mass 12.01 Resnr 0 Resname R01 Charge 0.01111
1819 Name 1:R01:A71c Type lmp_009 Mass 1.008 Resnr 0 Resname R01 Charge 0.02341
1820 Name 1:R01:A71d Type lmp_004 Mass 12.01 Resnr 0 Resname R01 Charge -0.10289
1821 Name 1:R01:A71e Type lmp_009 Mass 1.008 Resnr 0 Resname R01 Charge 0.04701
1822 Name 1:R01:A71f Type lmp_009 Mass 1.008 Resnr 0 Resname R01 Charge 0.04701
1823 Name 1:R01:A720 Type lmp_005 Mass 12.01 Resnr 0 Resname R01 Charge -0.03099
1824 Name 1:R01:A721 Type lmp_005 Mass 12.01 Resnr 0 Resname R01 Charge -0.25069
1825 Name 1:R01:A722 Type lmp_008 Mass 1.008 Resnr 0 Resname R01 Charge 0.17281
1826 Name 1:R01:A723 Type lmp_006 Mass 12.01 Resnr 0 Resname R01 Charge 0.02131
1827 Name 1:R01:A724 Type lmp_005 Mass 12.01 Resnr 0 Resname R01 Charge 0.02031
1828 Name 1:R01:A725 Type lmp_005 Mass 12.01 Resnr 0 Resname R01 Charge -0.24969
1829 Name 1:R01:A726 Type lmp_008 Mass 1.008 Resnr 0 Resname R01 Charge 0.17861
1830 Name 1:R01:A727 Type lmp_005 Mass 12.01 Resnr 0 Resname R01 Charge -0.03239
1831 Name 1:R01:A728 Type lmp_007 Mass 12.01 Resnr 0 Resname R01 Charge 0.03221
1832 Name 1:R01:A729 Type lmp_009 Mass 1.008 Resnr 0 Resname R01 Charge 0.02561
1833 Name 1:R01:A72a Type lmp_007 Mass 12.01 Resnr 0 Resname R01 Charge 0.02991
1834 Name 1:R01:A72b Type lmp_009 Mass 1.008 Resnr 0 Resname R01 Charge 0.02761
1835 Name 1:R01:A72c Type lmp_004 Mass 12.01 Resnr 0 Resname R01 Charge 0.05471
1836 Name 1:R01:A72d Type lmp_009 Mass 1.008 Resnr 0 Resname R01 Charge 0.00921
1837 Name 1:R01:A72e Type lmp_007 Mass 12.01 Resnr 0 Resname R01 Charge 0.00911
1838 Name 1:R01:A72f Type lmp_009 Mass 1.008 Resnr 0 Resname R01 Charge 0.03851
1839 Name 1:R01:A730 Type lmp_005 Mass 12.01 Resnr 0 Resname R01 Charge -0.12349
1840 Name 1:R01:A731 Type lmp_005 Mass 12.01 Resnr 0 Resname R01 Charge -0.12549
1841 Name 1:R01:A732 Type lmp_005 Mass 12.01 Resnr 0 Resname R01 Charge 0.03581
1842 Name 1:R01:A733 Type lmp_003 Mass 12.01 Resnr 0 Resname R01 Charge -0.11109
1843 Name 1:R01:A734 Type lmp_009 Mass 1.008 Resnr 0 Resname R01 Charge 0.04331
1844 Name 1:R01:A735 Type lmp_009 Mass 1.008 Resnr 0 Resname R01 Charge 0.04331
1845 Name 1:R01:A736 Type lmp_009 Mass 1.008 Resnr 0 Resname R01 Charge 0.04331
1846 Name 1:R01:A737 Type lmp_005 Mass 12.01 Resnr 0 Resname R01 Charge -0.08649
1847 Name 1:R01:A738 Type lmp_005 Mass 12.01 Resnr 0 Resname R01 Charge -0.09149
1848 Name 1:R01:A739 Type lmp_005 Mass 12.01 Resnr 0 Resname R01 Charge 0.05181
1849 Name 1:R01:A73a Type lmp_003 Mass 12.01 Resnr 0 Resname R01 Charge -0.10009
1850 Name 1:R01:A73b Type lmp_009 Mass 1.008 Resnr 0 Resname R01 Charge 0.04551
1851 Name 1:R01:A73c Type lmp_009 Mass 1.008 Resnr 0 Resname R01 Charge 0.04551
1852 Name 1:R01:A73d Type lmp_009 Mass 1.008 Resnr 0 Resname R01 Charge 0.04551
1853 Name 1:R01:A73e Type lmp_007 Mass 12.01 Resnr 0 Resname R01 Charge 0.00531
1854 Name 1:R01:A73f Type lmp_009 Mass 1.008 Resnr 0 Resname R01 Charge 0.03971
1855 Name 1:R01:A740 Type lmp_004 Mass 12.01 Resnr 0 Resname R01 Charge 0.05571
1856 Name 1:R01:A741 Type lmp_009 Mass 1.008 Resnr 0 Resname R01 Charge 0.01041
1857 Name 1:R01:A742 Type lmp_004 Mass 12.01 Resnr 0 Resname R01 Charge -0.21059
1858 Name 1:R01:A743 Type lmp_009 Mass 1.008 Resnr 0 Resname R01 Charge 0.05311
1859 Name 1:R01:A744 Type lmp_009 Mass 1.008 Resnr 0 Resname R01 Charge 0.05311
1860 Name 1:R01:A745 Type lmp_005 Mass 12.01 Resnr 0 Resname R01 Charge -0.04569
1861 Name 1:R01:A746 Type lmp_005 Mass 12.01 Resnr 0 Resname R01 Charge -0.20379
1862 Name 1:R01:A747 Type lmp_008 Mass 1.008 Resnr 0 Resname R01 Charge 0.15591
1863 Name 1:R01:A748 Type lmp_003 Mass 12.01 Resnr 0 Resname R01 Charge -0.10048
1864 Name 1:R01:A749 Type lmp_009 Mass 1.008 Resnr 0 Resname R01 Charge 0.02361
1865 Name 1:R01:A74a Type lmp_009 Mass 1.008 Resnr 0 Resname R01 Charge 0.02361
1866 Name 1:R01:A74b Type lmp_009 Mass 1.008 Resnr 0 Resname R01 Charge 0.02361
1867 Name 1:R01:A74c Type lmp_004 Mass 12.01 Resnr 0 Resname R01 Charge 0.19001
1868 Name 1:R01:A74d Type lmp_003 Mass 12.01 Resnr 0 Resname R01 Charge -0.17889
1869 Name 1:R01:A74e Type lmp_009 Mass 1.008 Resnr 0 Resname R01 Charge 0.04121
1870 Name 1:R01:A74f Type lmp_009 Mass 1.008 Resnr 0 Resname R01 Charge 0.04121
1871 Name 1:R01:A750 Type lmp_009 Mass 1.008 Resnr 0 Resname R01 Charge 0.04121
1872 Name 1:R01:A751 Type lmp_005 Mass 12.01 Resnr 0 Resname R01 Charge 0.00401
1873 Name 1:R01:A752 Type lmp_006 Mass 12.01 Resnr 0 Resname R01 Charge 0.00111
1874 Name 1:R01:A753 Type lmp_005 Mass 12.01 Resnr 0 Resname R01 Charge -0.18989
1875 Name 1:R01:A754 Type lmp_008 Mass 1.008 Resnr 0 Resname R01 Charge 0.14431
1876 Name 1:R01:A755 Type lmp_005 Mass 12.01 Resnr 0 Resname R01 Charge -0.04879
1877 Name 1:R01:A756 Type lmp_007 Mass 12.01 Resnr 0 Resname R01 Charge 0.03141
1878 Name 1:R01:A757 Type lmp_009 Mass 1.008 Resnr 0 Resname R01 Charge 0.03521
1879 Name 1:R01:A758 Type lmp_007 Mass 12.01 Resnr 0 Resname R01 Charge 0.01591
1880 Name 1:R01:A759 Type lmp_009 Mass 1.008 Resnr 0 Resname R01 Charge 0.03721
1881 Name 1:R01:A75a Type lmp_004 Mass 12.01 Resnr 0 Resname R01 Charge 0.02141
1882 Name 1:R01:A75b Type lmp_009 Mass 1.008 Resnr 0 Resname R01 Charge 0.01911
1883 Name 1:R01:A75c Type lmp_007 Mass 12.01 Resnr 0 Resname R01 Charge 0.02241
1884 Name 1:R01:A75d Type lmp_009 Mass 1.008 Resnr 0 Resname R01 Charge 0.03781
1885 Name 1:R01:A75e Type lmp_007 Mass 12.01 Resnr 0 Resname R01 Charge 0.01411
1886 Name 1:R01:A75f Type lmp_009 Mass 1.008 Resnr 0 Resname R01 Charge 0.03861
1887 Name 1:R01:A760 Type lmp_004 Mass 12.01 Resnr 0 Resname R01 Charge 0.01111
1888 Name 1:R01:A761 Type lmp_009 Mass 1.008 Resnr 0 Resname R01 Charge 0.02341
1889 Name 1:R01:A762 Type lmp_004 Mass 12.01 Resnr 0 Resname R01 Charge -0.10289
1890 Name 1:R01:A763 Type lmp_009 Mass 1.008 Resnr 0 Resname R01 Charge 0.04701
1891 Name 1:R01:A764 Type lmp_009 Mass 1.008 Resnr 0 Resname R01 Charge 0.04701
1892 Name 1:R01:A765 Type lmp_005 Mass 12.01 Resnr 0 Resname R01 Charge -0.03099
1893 Name 1:R01:A766 Type lmp_005 Mass 12.01 Resnr 0 Resname R01 Charge -0.25069
1894 Name 1:R01:A767 Type lmp_008 Mass 1.008 Resnr 0 Resname R01 Charge 0.17281
1895 Name 1:R01:A768 Type lmp_006 Mass 12.01 Resnr 0 Resname R01 Charge 0.02131
1896 Name 1:R01:A769 Type lmp_005 Mass 12.01 Resnr 0 Resname R01 Charge 0.02031
1897 Name 1:R01:A76a Type lmp_005 Mass 12.01 Resnr 0 Resname R01 Charge -0.24969
1898 Name 1:R01:A76b Type lmp_008 Mass 1.008 Resnr 0 Resname R01 Charge 0.17861
1899 Name 1:R01:A76c Type lmp_005 Mass 12.01 Resnr 0 Resname R01 Charge -0.03239
1900 Name 1:R01:A76d Type lmp_007 Mass 12.01 Resnr 0 Resname R01 Charge 0.03221
1901 Name 1:R01:A76e Type lmp_009 Mass 1.008 Resnr 0 Resname R01 Charge 0.02561
1902 Name 1:R01:A76f Type lmp_007 Mass 12.01 Resnr 0 Resname R01 Charge 0.02991
1903 Name 1:R01:A770 Type lmp_009 Mass 1.008 Resnr 0 Resname R01 Charge 0.02761
1904 Name 1:R01:A771 Type lmp_004 Mass 12.01 Resnr 0 Resname R01 Charge 0.05471
1905 Name 1:R01:A772 Type lmp_009 Mass 1.008 Resnr 0 Resname R01 Charge 0.00921
1906 Name 1:R01:A773 Type lmp_007 Mass 12.01 Resnr 0 Resname R01 Charge 0.00911
1907 Name 1:R01:A774 Type lmp_009 Mass 1.008 Resnr 0 Resname R01 Charge 0.03851
1908 Name 1:R01:A775 Type lmp_005 Mass 12.01 Resnr 0 Resname R01 Charge -0.12349
1909 Name 1:R01:A776 Type lmp_005 Mass 12.01 Resnr 0 Resname R01 Charge -0.12549
1910 Name 1:R01:A777 Type lmp_005 Mass 12.01 Resnr 0 Resname R01 Charge 0.03581
1911 Name 1:R01:A778 Type lmp_003 Mass 12.01 Resnr 0 Resname R01 Charge -0.11109
1912 Name 1:R01:A779 Type lmp_009 Mass 1.008 Resnr 0 Resname R01 Charge 0.04331
1913 Name 1:R01:A77a Type lmp_009 Mass 1.008 Resnr 0 Resname R01 Charge 0.04331
1914 Name 1:R01:A77b Type lmp_009 Mass 1.008 Resnr 0 Resname R01 Charge 0.04331
1915 Name 1:R01:A77c Type lmp_005 Mass 12.01 Resnr 0 Resname R01 Charge -0.08649
1916 Name 1:R01:A77d Type lmp_005 Mass 12.01 Resnr 0 Resname R01 Charge -0.09149
1917 Name 1:R01:A77e Type lmp_005 Mass 12.01 Resnr 0 Resname R01 Charge 0.05181
1918 Name 1:R01:A77f Type lmp_003 Mass 12.01 Resnr 0 Resname R01 Charge -0.10009
1919 Name 1:R01:A780 Type lmp_009 Mass 1.008 Resnr 0 Resname R01 Charge 0.04551
1920 Name 1:R01:A781 Type lmp_009 Mass 1.008 Resnr 0 Resname R01 Charge 0.04551
1921 Name 1:R01:A782 Type lmp_009 Mass 1.008 Resnr 0 Resname R01 Charge 0.04551
1922 Name 1:R01:A783 Type lmp_007 Mass 12.01 Resnr 0 Resname R01 Charge 0.00531
1923 Name 1:R01:A784 Type lmp_009 Mass 1.008 Resnr 0 Resname R01 Charge 0.03971
1924 Name 1:R01:A785 Type lmp_004 Mass 12.01 Resnr 0 Resname R01 Charge 0.05571
1925 Name 1:R01:A786 Type lmp_009 Mass 1.008 Resnr 0 Resname R01 Charge 0.01041
1926 Name 1:R01:A787 Type lmp_004 Mass 12.01 Resnr 0 Resname R01 Charge -0.21059
1927 Name 1:R01:A788 Type lmp_009 Mass 1.008 Resnr 0 Resname R01 Charge 0.05311
1928 Name 1:R01:A789 Type lmp_009 Mass 1.008 Resnr 0 Resname R01 Charge 0.05311
1929 Name 1:R01:A78a Type lmp_005 Mass 12.01 Resnr 0 Resname R01 Charge -0.04569
1930 Name 1:R01:A78b Type lmp_005 Mass 12.01 Resnr 0 Resname R01 Charge -0.20379
1931 Name 1:R01:A78c Type lmp_008 Mass 1.008 Resnr 0 Resname R01 Charge 0.15591
1932 Name 1:R01:A78d Type lmp_003 Mass 12.01 Resnr 0 Resname R01 Charge -0.10048
1933 Name 1:R01:A78e Type lmp_009 Mass 1.008 Resnr 0 Resname R01 Charge 0.02361
1934 Name 1:R01:A78f Type lmp_009 Mass 1.008 Resnr 0 Resname R01 Charge 0.02361
1935 Name 1:R01:A790 Type lmp_009 Mass 1.008 Resnr 0 Resname R01 Charge 0.02361
1936 Name 1:R01:A791 Type lmp_004 Mass 12.01 Resnr 0 Resname R01 Charge 0.19001
1937 Name 1:R01:A792 Type lmp_003 Mass 12.01 Resnr 0 Resname R01 Charge -0.17889
1938 Name 1:R01:A793 Type lmp_009 Mass 1.008 Resnr 0 Resname R01 Charge 0.04121
1939 Name 1:R01:A794 Type lmp_009 Mass 1.008 Resnr 0 Resname R01 Charge 0.04121
1940 Name 1:R01:A795 Type lmp_009 Mass 1.008 Resnr 0 Resname R01 Charge 0.04121
1941 Name 1:R01:A796 Type lmp_005 Mass 12.01 Resnr 0 Resname R01 Charge 0.00401
1942 Name 1:R01:A797 Type lmp_006 Mass 12.01 Resnr 0 Resname R01 Charge 0.00111
1943 Name 1:R01:A798 Type lmp_005 Mass 12.01 Resnr 0 Resname R01 Charge -0.18989
1944 Name 1:R01:A799 Type lmp_008 Mass 1.008 Resnr 0 Resname R01 Charge 0.14431
1945 Name 1:R01:A79a Type lmp_005 Mass 12.01 Resnr 0 Resname R01 Charge -0.04879
1946 Name 1:R01:A79b Type lmp_007 Mass 12.01 Resnr 0 Resname R01 Charge 0.03141
1947 Name 1:R01:A79c Type lmp_009 Mass 1.008 Resnr 0 Resname R01 Charge 0.03521
1948 Name 1:R01:A79d Type lmp_007 Mass 12.01 Resnr 0 Resname R01 Charge 0.01591
1949 Name 1:R01:A79e Type lmp_009 Mass 1.008 Resnr 0 Resname R01 Charge 0.03721
1950 Name 1:R01:A79f Type lmp_004 Mass 12.01 Resnr 0 Resname R01 Charge 0.02141
1951 Name 1:R01:A7a0 Type lmp_009 Mass 1.008 Resnr 0 Resname R01 Charge 0.01911
1952 Name 1:R01:A7a1 Type lmp_007 Mass 12.01 Resnr 0 Resname R01 Charge 0.02241
1953 Name 1:R01:A7a2 Type lmp_009 Mass 1.008 Resnr 0 Resname R01 Charge 0.03781
1954 Name 1:R01:A7a3 Type lmp_007 Mass 12.01 Resnr 0 Resname R01 Charge 0.01411
1955 Name 1:R01:A7a4 Type lmp_009 Mass 1.008 Resnr 0 Resname R01 Charge 0.03861
1956 Name 1:R01:A7a5 Type lmp_004 Mass 12.01 Resnr 0 Resname R01 Charge 0.01111
1957 Name 1:R01:A7a6 Type lmp_009 Mass 1.008 Resnr 0 Resname R01 Charge 0.02341
1958 Name 1:R01:A7a7 Type lmp_004 Mass 12.01 Resnr 0 Resname R01 Charge -0.10289
1959 Name 1:R01:A7a8 Type lmp_009 Mass 1.008 Resnr 0 Resname R01 Charge 0.04701
1960 Name 1:R01:A7a9 Type lmp_009 Mass 1.008 Resnr 0 Resname R01 Charge 0.04701
1961 Name 1:R01:A7aa Type lmp_005 Mass 12.01 Resnr 0 Resname R01 Charge -0.03099
1962 Name 1:R01:A7ab Type lmp_005 Mass 12.01 Resnr 0 Resname R01 Charge -0.25069
1963 Name 1:R01:A7ac Type lmp_008 Mass 1.008 Resnr 0 Resname R01 Charge 0.17281
1964 Name 1:R01:A7ad Type lmp_006 Mass 12.01 Resnr 0 Resname R01 Charge 0.02131
1965 Name 1:R01:A7ae Type lmp_005 Mass 12.01 Resnr 0 Resname R01 Charge 0.02031
1966 Name 1:R01:A7af Type lmp_005 Mass 12.01 Resnr 0 Resname R01 Charge -0.24969
1967 Name 1:R01:A7b0 Type lmp_008 Mass 1.008 Resnr 0 Resname R01 Charge 0.17861
1968 Name 1:R01:A7b1 Type lmp_005 Mass 12.01 Resnr 0 Resname R01 Charge -0.03239
1969 Name 1:R01:A7b2 Type lmp_007 Mass 12.01 Resnr 0 Resname R01 Charge 0.03221
1970 Name 1:R01:A7b3 Type lmp_009 Mass 1.008 Resnr 0 Resname R01 Charge 0.02561
1971 Name 1:R01:A7b4 Type lmp_007 Mass 12.01 Resnr 0 Resname R01 Charge 0.02991
1972 Name 1:R01:A7b5 Type lmp_009 Mass 1.008 Resnr 0 Resname R01 Charge 0.02761
1973 Name 1:R01:A7b6 Type lmp_004 Mass 12.01 Resnr 0 Resname R01 Charge 0.05471
1974 Name 1:R01:A7b7 Type lmp_009 Mass 1.008 Resnr 0 Resname R01 Charge 0.00921
1975 Name 1:R01:A7b8 Type lmp_007 Mass 12.01 Resnr 0 Resname R01 Charge 0.00911
1976 Name 1:R01:A7b9 Type lmp_009 Mass 1.008 Resnr 0 Resname R01 Charge 0.03851
1977 Name 1:R01:A7ba Type lmp_005 Mass 12.01 Resnr 0 Resname R01 Charge -0.12349
1978 Name 1:R01:A7bb Type lmp_005 Mass 12.01 Resnr 0 Resname R01 Charge -0.12549
1979 Name 1:R01:A7bc Type lmp_005 Mass 12.01 Resnr 0 Resname R01 Charge 0.03581
1980 Name 1:R01:A7bd Type lmp_003 Mass 12.01 Resnr 0 Resname R01 Charge -0.11109
1981 Name 1:R01:A7be Type lmp_009 Mass 1.008 Resnr 0 Resname R01 Charge 0.04331
1982 Name 1:R01:A7bf Type lmp_009 Mass 1.008 Resnr 0 Resname R01 Charge 0.04331
1983 Name 1:R01:A7c0 Type lmp_009 Mass 1.008 Resnr 0 Resname R01 Charge 0.04331
1984 Name 1:R01:A7c1 Type lmp_005 Mass 12.01 Resnr 0 Resname R01 Charge -0.08649
1985 Name 1:R01:A7c2 Type lmp_005 Mass 12.01 Resnr 0 Resname R01 Charge -0.09149
1986 Name 1:R01:A7c3 Type lmp_005 Mass 12.01 Resnr 0 Resname R01 Charge 0.05181
1987 Name 1:R01:A7c4 Type lmp_003 Mass 12.01 Resnr 0 Resname R01 Charge -0.10009
1988 Name 1:R01:A7c5 Type lmp_009 Mass 1.008 Resnr 0 Resname R01 Charge 0.04551
1989 Name 1:R01:A7c6 Type lmp_009 Mass 1.008 Resnr 0 Resname R01 Charge 0.04551
1990 Name 1:R01:A7c7 Type lmp_009 Mass 1.008 Resnr 0 Resname R01 Charge 0.04551
1991 Name 1:R01:A7c8 Type lmp_007 Mass 12.01 Resnr 0 Resname R01 Charge 0.00531
1992 Name 1:R01:A7c9 Type lmp_009 Mass 1.008 Resnr 0 Resname R01 Charge 0.03971
1993 Name 1:R01:A7ca Type lmp_004 Mass 12.01 Resnr 0 Resname R01 Charge 0.05571
1994 Name 1:R01:A7cb Type lmp_009 Mass 1.008 Resnr 0 Resname R01 Charge 0.01041
1995 Name 1:R01:A7cc Type lmp_004 Mass 12.01 Resnr 0 Resname R01 Charge -0.21059
1996 Name 1:R01:A7cd Type lmp_009 Mass 1.008 Resnr 0 Resname R01 Charge 0.05311
1997 Name 1:R01:A7ce Type lmp_009 Mass 1.008 Resnr 0 Resname R01 Charge 0.05311
1998 Name 1:R01:A7cf Type lmp_005 Mass 12.01 Resnr 0 Resname R01 Charge -0.04569
1999 Name 1:R01:A7d0 Type lmp_005 Mass 12.01 Resnr 0 Resname R01 Charge -0.20379
2000 Name 1:R01:A7d1 Type lmp_008 Mass 1.008 Resnr 0 Resname R01 Charge 0.15591
2001 Name 1:R01:A7d2 Type lmp_003 Mass 12.01 Resnr 0 Resname R01 Charge -0.10048
2002 Name 1:R01:A7d3 Type lmp_009 Mass 1.008 Resnr 0 Resname R01 Charge 0.02361
2003 Name 1:R01:A7d4 Type lmp_009 Mass 1.008 Resnr 0 Resname R01 Charge 0.02361
2004 Name 1:R01:A7d5 Type lmp_009 Mass 1.008 Resnr 0 Resname R01 Charge 0.02361
2005 Name 1:R01:A7d6 Type lmp_004 Mass 12.01 Resnr 0 Resname R01 Charge 0.19001
2006 Name 1:R01:A7d7 Type lmp_003 Mass 12.01 Resnr 0 Resname R01 Charge -0.17889
2007 Name 1:R01:A7d8 Type lmp_009 Mass 1.008 Resnr 0 Resname R01 Charge 0.04121
2008 Name 1:R01:A7d9 Type lmp_009 Mass 1.008 Resnr 0 Resname R01 Charge 0.04121
2009 Name 1:R01:A7da Type lmp_009 Mass 1.008 Resnr 0 Resname R01 Charge 0.04121
2010 Name 1:R01:A7db Type lmp_005 Mass 12.01 Resnr 0 Resname R01 Charge 0.00401
2011 Name 1:R01:A7dc Type lmp_006 Mass 12.01 Resnr 0 Resname R01 Charge 0.00111
2012 Name 1:R01:A7dd Type lmp_005 Mass 12.01 Resnr 0 Resname R01 Charge -0.18989
2013 Name 1:R01:A7de Type lmp_008 Mass 1.008 Resnr 0 Resname R01 Charge 0.14431
2014 Name 1:R01:A7df Type lmp_005 Mass 12.01 Resnr 0 Resname R01 Charge -0.04879
2015 Name 1:R01:A7e0 Type lmp_007 Mass 12.01 Resnr 0 Resname R01 Charge 0.03141
2016 Name 1:R01:A7e1 Type lmp_009 Mass 1.008 Resnr 0 Resname R01 Charge 0.03521
2017 Name 1:R01:A7e2 Type lmp_007 Mass 12.01 Resnr 0 Resname R01 Charge 0.01591
2018 Name 1:R01:A7e3 Type lmp_009 Mass 1.008 Resnr 0 Resname R01 Charge 0.03721
2019 Name 1:R01:A7e4 Type lmp_004 Mass 12.01 Resnr 0 Resname R01 Charge 0.02141
2020 Name 1:R01:A7e5 Type lmp_009 Mass 1.008 Resnr 0 Resname R01 Charge 0.01911
2021 Name 1:R01:A7e6 Type lmp_007 Mass 12.01 Resnr 0 Resname R01 Charge 0.02241
2022 Name 1:R01:A7e7 Type lmp_009 Mass 1.008 Resnr 0 Resname R01 Charge 0.03781
2023 Name 1:R01:A7e8 Type lmp_007 Mass 12.01 Resnr 0 Resname R01 Charge 0.01411
2024 Name 1:R01:A7e9 Type lmp_009 Mass 1.008 Resnr 0 Resname R01 Charge 0.03861
2025 Name 1:R01:A7ea Type lmp_004 Mass 12.01 Resnr 0 Resname R01 Charge 0.01111
2026 Name 1:R01:A7eb Type lmp_009 Mass 1.008 Resnr 0 Resname R01 Charge 0.02341
2027 Name 1:R01:A7ec Type lmp_004 Mass 12.01 Resnr 0 Resname R01 Charge -0.10289
2028 Name 1:R01:A7ed Type lmp_009 Mass 1.008 Resnr 0 Resname R01 Charge 0.04701
2029 Name 1:R01:A7ee Type lmp_009 Mass 1.008 Resnr 0 Resname R01 Charge 0.04701
2030 Name 1:R01:A7ef Type lmp_005 Mass 12.01 Resnr 0 Resname R01 Charge -0.03099
2031 Name 1:R01:A7f0 Type lmp_005 Mass 12.01 Resnr 0 Resname R01 Charge -0.25069
2032 Name 1:R01:A7f1 Type lmp_008 Mass 1.008 Resnr 0 Resname R01 Charge 0.17281
2033 Name 1:R01:A7f2 Type lmp_006 Mass 12.01 Resnr 0 Resname R01 Charge 0.02131
2034 Name 1:R01:A7f3 Type lmp_005 Mass 12.01 Resnr 0 Resname R01 Charge 0.02031
2035 Name 1:R01:A7f4 Type lmp_005 Mass 12.01 Resnr 0 Resname R01 Charge -0.24969
2036 Name 1:R01:A7f5 Type lmp_008 Mass 1.008 Resnr 0 Resname R01 Charge 0.17861
2037 Name 1:R01:A7f6 Type lmp_005 Mass 12.01 Resnr 0 Resname R01 Charge -0.03239
2038 Name 1:R01:A7f7 Type lmp_007 Mass 12.01 Resnr 0 Resname R01 Charge 0.03221
2039 Name 1:R01:A7f8 Type lmp_009 Mass 1.008 Resnr 0 Resname R01 Charge 0.02561
2040 Name 1:R01:A7f9 Type lmp_007 Mass 12.01 Resnr 0 Resname R01 Charge 0.02991
2041 Name 1:R01:A7fa Type lmp_009 Mass 1.008 Resnr 0 Resname R01 Charge 0.02761
2042 Name 1:R01:A7fb Type lmp_004 Mass 12.01 Resnr 0 Resname R01 Charge 0.05471
2043 Name 1:R01:A7fc Type lmp_009 Mass 1.008 Resnr 0 Resname R01 Charge 0.00921
2044 Name 1:R01:A7fd Type lmp_007 Mass 12.01 Resnr 0 Resname R01 Charge 0.00911
2045 Name 1:R01:A7fe Type lmp_009 Mass 1.008 Resnr 0 Resname R01 Charge 0.03851
2046 Name 1:R01:A7ff Type lmp_005 Mass 12.01 Resnr 0 Resname R01 Charge -0.12349
2047 Name 1:R01:A800 Type lmp_005 Mass 12.01 Resnr 0 Resname R01 Charge -0.12549
2048 Name 1:R01:A801 Type lmp_005 Mass 12.01 Resnr 0 Resname R01 Charge 0.03581
2049 Name 1:R01:A802 Type lmp_003 Mass 12.01 Resnr 0 Resname R01 Charge -0.11109
2050 Name 1:R01:A803 Type lmp_009 Mass 1.008 Resnr 0 Resname R01 Charge 0.04331
2051 Name 1:R01:A804 Type lmp_009 Mass 1.008 Resnr 0 Resname R01 Charge 0.04331
2052 Name 1:R01:A805 Type lmp_009 Mass 1.008 Resnr 0 Resname R01 Charge 0.04331
2053 Name 1:R01:A806 Type lmp_005 Mass 12.01 Resnr 0 Resname R01 Charge -0.08649
2054 Name 1:R01:A807 Type lmp_005 Mass 12.01 Resnr 0 Resname R01 Charge -0.09149
2055 Name 1:R01:A808 Type lmp_005 Mass 12.01 Resnr 0 Resname R01 Charge 0.05181
2056 Name 1:R01:A809 Type lmp_003 Mass 12.01 Resnr 0 Resname R01 Charge -0.10009
2057 Name 1:R01:A80a Type lmp_009 Mass 1.008 Resnr 0 Resname R01 Charge 0.04551
2058 Name 1:R01:A80b Type lmp_009 Mass 1.008 Resnr 0 Resname R01 Charge 0.04551
2059 Name 1:R01:A80c Type lmp_009 Mass 1.008 Resnr 0 Resname R01 Charge 0.04551
2060 Name 1:R01:A80d Type lmp_007 Mass 12.01 Resnr 0 Resname R01 Charge 0.00531
2061 Name 1:R01:A80e Type lmp_009 Mass 1.008 Resnr 0 Resname R01 Charge 0.03971
2062 Name 1:R01:A80f Type lmp_004 Mass 12.01 Resnr 0 Resname R01 Charge 0.05571
2063 Name 1:R01:A810 Type lmp_009 Mass 1.008 Resnr 0 Resname R01 Charge 0.01041
2064 Name 1:R01:A811 Type lmp_004 Mass 12.01 Resnr 0 Resname R01 Charge -0.21059
2065 Name 1:R01:A812 Type lmp_009 Mass 1.008 Resnr 0 Resname R01 Charge 0.05311
2066 Name 1:R01:A813 Type lmp_009 Mass 1.008 Resnr 0 Resname R01 Charge 0.05311
2067 Name 1:R01:A814 Type lmp_005 Mass 12.01 Resnr 0 Resname R01 Charge -0.04569
2068 Name 1:R01:A815 Type lmp_005 Mass 12.01 Resnr 0 Resname R01 Charge -0.20379
2069 Name 1:R01:A816 Type lmp_008 Mass 1.008 Resnr 0 Resname R01 Charge 0.15591
2070 Name 1:R01:A817 Type lmp_003 Mass 12.01 Resnr 0 Resname R01 Charge -0.10048
2071 Name 1:R01:A818 Type lmp_009 Mass 1.008 Resnr 0 Resname R01 Charge 0.02361
2072 Name 1:R01:A819 Type lmp_009 Mass 1.008 Resnr 0 Resname R01 Charge 0.02361
2073 Name 1:R01:A81a Type lmp_009 Mass 1.008 Resnr 0 Resname R01 Charge 0.02361
2074 Name 1:R01:A81b Type lmp_004 Mass 12.01 Resnr 0 Resname R01 Charge 0.19001
2075 Name 1:R01:A81c Type lmp_003 Mass 12.01 Resnr 0 Resname R01 Charge -0.17889
2076 Name 1:R01:A81d Type lmp_009 Mass 1.008 Resnr 0 Resname R01 Charge 0.04121
2077 Name 1:R01:A81e Type lmp_009 Mass 1.008 Resnr 0 Resname R01 Charge 0.04121
2078 Name 1:R01:A81f Type lmp_009 Mass 1.008 Resnr 0 Resname R01 Charge 0.04121
2079 Name 1:R01:A820 Type lmp_005 Mass 12.01 Resnr 0 Resname R01 Charge 0.00401
2080 Name 1:R01:A821 Type lmp_006 Mass 12.01 Resnr 0 Resname R01 Charge 0.00111
2081 Name 1:R01:A822 Type lmp_005 Mass 12.01 Resnr 0 Resname R01 Charge -0.18989
2082 Name 1:R01:A823 Type lmp_008 Mass 1.008 Resnr 0 Resname R01 Charge 0.14431
2083 Name 1:R01:A824 Type lmp_005 Mass 12.01 Resnr 0 Resname R01 Charge -0.04879
2084 Name 1:R01:A825 Type lmp_007 Mass 12.01 Resnr 0 Resname R01 Charge 0.03141
2085 Name 1:R01:A826 Type lmp_009 Mass 1.008 Resnr 0 Resname R01 Charge 0.03521
2086 Name 1:R01:A827 Type lmp_007 Mass 12.01 Resnr 0 Resname R01 Charge 0.01591
2087 Name 1:R01:A828 Type lmp_009 Mass 1.008 Resnr 0 Resname R01 Charge 0.03721
2088 Name 1:R01:A829 Type lmp_004 Mass 12.01 Resnr 0 Resname R01 Charge 0.02141
2089 Name 1:R01:A82a Type lmp_009 Mass 1.008 Resnr 0 Resname R01 Charge 0.01911
2090 Name 1:R01:A82b Type lmp_007 Mass 12.01 Resnr 0 Resname R01 Charge 0.02241
2091 Name 1:R01:A82c Type lmp_009 Mass 1.008 Resnr 0 Resname R01 Charge 0.03781
2092 Name 1:R01:A82d Type lmp_007 Mass 12.01 Resnr 0 Resname R01 Charge 0.01411
2093 Name 1:R01:A82e Type lmp_009 Mass 1.008 Resnr 0 Resname R01 Charge 0.03861
2094 Name 1:R01:A82f Type lmp_004 Mass 12.01 Resnr 0 Resname R01 Charge 0.01111
2095 Name 1:R01:A830 Type lmp_009 Mass 1.008 Resnr 0 Resname R01 Charge 0.02341
2096 Name 1:R01:A831 Type lmp_004 Mass 12.01 Resnr 0 Resname R01 Charge -0.10289
2097 Name 1:R01:A832 Type lmp_009 Mass 1.008 Resnr 0 Resname R01 Charge 0.04701
2098 Name 1:R01:A833 Type lmp_009 Mass 1.008 Resnr 0 Resname R01 Charge 0.04701
2099 Name 1:R01:A834 Type lmp_005 Mass 12.01 Resnr 0 Resname R01 Charge -0.03099
2100 Name 1:R01:A835 Type lmp_005 Mass 12.01 Resnr 0 Resname R01 Charge -0.25069
2101 Name 1:R01:A836 Type lmp_008 Mass 1.008 Resnr 0 Resname R01 Charge 0.17281
2102 Name 1:R01:A837 Type lmp_006 Mass 12.01 Resnr 0 Resname R01 Charge 0.02131
2103 Name 1:R01:A838 Type lmp_005 Mass 12.01 Resnr 0 Resname R01 Charge 0.02031
2104 Name 1:R01:A839 Type lmp_005 Mass 12.01 Resnr 0 Resname R01 Charge -0.24969
2105 Name 1:R01:A83a Type lmp_008 Mass 1.008 Resnr 0 Resname R01 Charge 0.17861
2106 Name 1:R01:A83b Type lmp_005 Mass 12.01 Resnr 0 Resname R01 Charge -0.03239
2107 Name 1:R01:A83c Type lmp_007 Mass 12.01 Resnr 0 Resname R01 Charge 0.03221
2108 Name 1:R01:A83d Type lmp_009 Mass 1.008 Resnr 0 Resname R01 Charge 0.02561
2109 Name 1:R01:A83e Type lmp_007 Mass 12.01 Resnr 0 Resname R01 Charge 0.02991
2110 Name 1:R01:A83f Type lmp_009 Mass 1.008 Resnr 0 Resname R01 Charge 0.02761
2111 Name 1:R01:A840 Type lmp_004 Mass 12.01 Resnr 0 Resname R01 Charge 0.05471
2112 Name 1:R01:A841 Type lmp_009 Mass 1.008 Resnr 0 Resname R01 Charge 0.00921
2113 Name 1:R01:A842 Type lmp_007 Mass 12.01 Resnr 0 Resname R01 Charge 0.00911
2114 Name 1:R01:A843 Type lmp_009 Mass 1.008 Resnr 0 Resname R01 Charge 0.03851
2115 Name 1:R01:A844 Type lmp_005 Mass 12.01 Resnr 0 Resname R01 Charge -0.12349
2116 Name 1:R01:A845 Type lmp_005 Mass 12.01 Resnr 0 Resname R01 Charge -0.12549
2117 Name 1:R01:A846 Type lmp_005 Mass 12.01 Resnr 0 Resname R01 Charge 0.03581
2118 Name 1:R01:A847 Type lmp_003 Mass 12.01 Resnr 0 Resname R01 Charge -0.11109
2119 Name 1:R01:A848 Type lmp_009 Mass 1.008 Resnr 0 Resname R01 Charge 0.04331
2120 Name 1:R01:A849 Type lmp_009 Mass 1.008 Resnr 0 Resname R01 Charge 0.04331
2121 Name 1:R01:A84a Type lmp_009 Mass 1.008 Resnr 0 Resname R01 Charge 0.04331
2122 Name 1:R01:A84b Type lmp_005 Mass 12.01 Resnr 0 Resname R01 Charge -0.08649
2123 Name 1:R01:A84c Type lmp_005 Mass 12.01 Resnr 0 Resname R01 Charge -0.09149
2124 Name 1:R01:A84d Type lmp_005 Mass 12.01 Resnr 0 Resname R01 Charge 0.05181
2125 Name 1:R01:A84e Type lmp_003 Mass 12.01 Resnr 0 Resname R01 Charge -0.10009
2126 Name 1:R01:A84f Type lmp_009 Mass 1.008 Resnr 0 Resname R01 Charge 0.04551
2127 Name 1:R01:A850 Type lmp_009 Mass 1.008 Resnr 0 Resname R01 Charge 0.04551
2128 Name 1:R01:A851 Type lmp_009 Mass 1.008 Resnr 0 Resname R01 Charge 0.04551
2129 Name 1:R01:A852 Type lmp_007 Mass 12.01 Resnr 0 Resname R01 Charge 0.00531
2130 Name 1:R01:A853 Type lmp_009 Mass 1.008 Resnr 0 Resname R01 Charge 0.03971
2131 Name 1:R01:A854 Type lmp_004 Mass 12.01 Resnr 0 Resname R01 Charge 0.05571
2132 Name 1:R01:A855 Type lmp_009 Mass 1.008 Resnr 0 Resname R01 Charge 0.01041
2133 Name 1:R01:A856 Type lmp_004 Mass 12.01 Resnr 0 Resname R01 Charge -0.21059
2134 Name 1:R01:A857 Type lmp_009 Mass 1.008 Resnr 0 Resname R01 Charge 0.05311
2135 Name 1:R01:A858 Type lmp_009 Mass 1.008 Resnr 0 Resname R01 Charge 0.05311
2136 Name 1:R01:A859 Type lmp_005 Mass 12.01 Resnr 0 Resname R01 Charge -0.04569
2137 Name 1:R01:A85a Type lmp_005 Mass 12.01 Resnr 0 Resname R01 Charge -0.20379
2138 Name 1:R01:A85b Type lmp_008 Mass 1.008 Resnr 0 Resname R01 Charge 0.15591
2139 Name 1:R01:A85c Type lmp_003 Mass 12.01 Resnr 0 Resname R01 Charge -0.10048
2140 Name 1:R01:A85d Type lmp_009 Mass 1.008 Resnr 0 Resname R01 Charge 0.02361
2141 Name 1:R01:A85e Type lmp_009 Mass 1.008 Resnr 0 Resname R01 Charge 0.02361
2142 Name 1:R01:A85f Type lmp_009 Mass 1.008 Resnr 0 Resname R01 Charge 0.02361
2143 Name 1:R01:A860 Type lmp_004 Mass 12.01 Resnr 0 Resname R01 Charge 0.19001
2144 Name 1:R01:A861 Type lmp_003 Mass 12.01 Resnr 0 Resname R01 Charge -0.17889
2145 Name 1:R01:A862 Type lmp_009 Mass 1.008 Resnr 0 Resname R01 Charge 0.04121
2146 Name 1:R01:A863 Type lmp_009 Mass 1.008 Resnr 0 Resname R01 Charge 0.04121
2147 Name 1:R01:A864 Type lmp_009 Mass 1.008 Resnr 0 Resname R01 Charge 0.04121
2148 Name 1:R01:A865 Type lmp_005 Mass 12.01 Resnr 0 Resname R01 Charge 0.00401
2149 Name 1:R01:A866 Type lmp_006 Mass 12.01 Resnr 0 Resname R01 Charge 0.00111
2150 Name 1:R01:A867 Type lmp_005 Mass 12.01 Resnr 0 Resname R01 Charge -0.18989
2151 Name 1:R01:A868 Type lmp_008 Mass 1.008 Resnr 0 Resname R01 Charge 0.14431
2152 Name 1:R01:A869 Type lmp_005 Mass 12.01 Resnr 0 Resname R01 Charge -0.04879
2153 Name 1:R01:A86a Type lmp_007 Mass 12.01 Resnr 0 Resname R01 Charge 0.03141
2154 Name 1:R01:A86b Type lmp_009 Mass 1.008 Resnr 0 Resname R01 Charge 0.03521
2155 Name 1:R01:A86c Type lmp_007 Mass 12.01 Resnr 0 Resname R01 Charge 0.01591
2156 Name 1:R01:A86d Type lmp_009 Mass 1.008 Resnr 0 Resname R01 Charge 0.03721
2157 Name 1:R01:A86e Type lmp_004 Mass 12.01 Resnr 0 Resname R01 Charge 0.02141
2158 Name 1:R01:A86f Type lmp_009 Mass 1.008 Resnr 0 Resname R01 Charge 0.01911
2159 Name 1:R01:A870 Type lmp_007 Mass 12.01 Resnr 0 Resname R01 Charge 0.02241
2160 Name 1:R01:A871 Type lmp_009 Mass 1.008 Resnr 0 Resname R01 Charge 0.03781
2161 Name 1:R01:A872 Type lmp_007 Mass 12.01 Resnr 0 Resname R01 Charge 0.01411
2162 Name 1:R01:A873 Type lmp_009 Mass 1.008 Resnr 0 Resname R01 Charge 0.03861
2163 Name 1:R01:A874 Type lmp_004 Mass 12.01 Resnr 0 Resname R01 Charge 0.01111
2164 Name 1:R01:A875 Type lmp_009 Mass 1.008 Resnr 0 Resname R01 Charge 0.02341
2165 Name 1:R01:A876 Type lmp_004 Mass 12.01 Resnr 0 Resname R01 Charge -0.10289
2166 Name 1:R01:A877 Type lmp_009 Mass 1.008 Resnr 0 Resname R01 Charge 0.04701
2167 Name 1:R01:A878 Type lmp_009 Mass 1.008 Resnr 0 Resname R01 Charge 0.04701
2168 Name 1:R01:A879 Type lmp_005 Mass 12.01 Resnr 0 Resname R01 Charge -0.03099
2169 Name 1:R01:A87a Type lmp_005 Mass 12.01 Resnr 0 Resname R01 Charge -0.25069
2170 Name 1:R01:A87b Type lmp_008 Mass 1.008 Resnr 0 Resname R01 Charge 0.17281
2171 Name 1:R01:A87c Type lmp_006 Mass 12.01 Resnr 0 Resname R01 Charge 0.02131
2172 Name 1:R01:A87d Type lmp_005 Mass 12.01 Resnr 0 Resname R01 Charge 0.02031
2173 Name 1:R01:A87e Type lmp_005 Mass 12.01 Resnr 0 Resname R01 Charge -0.24969
2174 Name 1:R01:A87f Type lmp_008 Mass 1.008 Resnr 0 Resname R01 Charge 0.17861
2175 Name 1:R01:A880 Type lmp_005 Mass 12.01 Resnr 0 Resname R01 Charge -0.03239
2176 Name 1:R01:A881 Type lmp_007 Mass 12.01 Resnr 0 Resname R01 Charge 0.03221
2177 Name 1:R01:A882 Type lmp_009 Mass 1.008 Resnr 0 Resname R01 Charge 0.02561
2178 Name 1:R01:A883 Type lmp_007 Mass 12.01 Resnr 0 Resname R01 Charge 0.02991
2179 Name 1:R01:A884 Type lmp_009 Mass 1.008 Resnr 0 Resname R01 Charge 0.02761
2180 Name 1:R01:A885 Type lmp_004 Mass 12.01 Resnr 0 Resname R01 Charge 0.05471
2181 Name 1:R01:A886 Type lmp_009 Mass 1.008 Resnr 0 Resname R01 Charge 0.00921
2182 Name 1:R01:A887 Type lmp_007 Mass 12.01 Resnr 0 Resname R01 Charge 0.00911
2183 Name 1:R01:A888 Type lmp_009 Mass 1.008 Resnr 0 Resname R01 Charge 0.03851
2184 Name 1:R01:A889 Type lmp_005 Mass 12.01 Resnr 0 Resname R01 Charge -0.12349
2185 Name 1:R01:A88a Type lmp_005 Mass 12.01 Resnr 0 Resname R01 Charge -0.12549
2186 Name 1:R01:A88b Type lmp_005 Mass 12.01 Resnr 0 Resname R01 Charge 0.03581
2187 Name 1:R01:A88c Type lmp_003 Mass 12.01 Resnr 0 Resname R01 Charge -0.11109
2188 Name 1:R01:A88d Type lmp_009 Mass 1.008 Resnr 0 Resname R01 Charge 0.04331
2189 Name 1:R01:A88e Type lmp_009 Mass 1.008 Resnr 0 Resname R01 Charge 0.04331
2190 Name 1:R01:A88f Type lmp_009 Mass 1.008 Resnr 0 Resname R01 Charge 0.04331
2191 Name 1:R01:A890 Type lmp_005 Mass 12.01 Resnr 0 Resname R01 Charge -0.08649
2192 Name 1:R01:A891 Type lmp_005 Mass 12.01 Resnr 0 Resname R01 Charge -0.09149
2193 Name 1:R01:A892 Type lmp_005 Mass 12.01 Resnr 0 Resname R01 Charge 0.05181
2194 Name 1:R01:A893 Type lmp_003 Mass 12.01 Resnr 0 Resname R01 Charge -0.10009
2195 Name 1:R01:A894 Type lmp_009 Mass 1.008 Resnr 0 Resname R01 Charge 0.04551
2196 Name 1:R01:A895 Type lmp_009 Mass 1.008 Resnr 0 Resname R01 Charge 0.04551
2197 Name 1:R01:A896 Type lmp_009 Mass 1.008 Resnr 0 Resname R01 Charge 0.04551
2198 Name 1:R01:A897 Type lmp_007 Mass 12.01 Resnr 0 Resname R01 Charge 0.00531
2199 Name 1:R01:A898 Type lmp_009 Mass 1.008 Resnr 0 Resname R01 Charge 0.03971
2200 Name 1:R01:A899 Type lmp_004 Mass 12.01 Resnr 0 Resname R01 Charge 0.05571
2201 Name 1:R01:A89a Type lmp_009 Mass 1.008 Resnr 0 Resname R01 Charge 0.01041
2202 Name 1:R01:A89b Type lmp_004 Mass 12.01 Resnr 0 Resname R01 Charge -0.21059
2203 Name 1:R01:A89c Type lmp_009 Mass 1.008 Resnr 0 Resname R01 Charge 0.05311
2204 Name 1:R01:A89d Type lmp_009 Mass 1.008 Resnr 0 Resname R01 Charge 0.05311
2205 Name 1:R01:A89e Type lmp_005 Mass 12.01 Resnr 0 Resname R01 Charge -0.04569
2206 Name 1:R01:A89f Type lmp_005 Mass 12.01 Resnr 0 Resname R01 Charge -0.20379
2207 Name 1:R01:A8a0 Type lmp_008 Mass 1.008 Resnr 0 Resname R01 Charge 0.15591
2208 Name 1:R01:A8a1 Type lmp_003 Mass 12.01 Resnr 0 Resname R01 Charge -0.10048
2209 Name 1:R01:A8a2 Type lmp_009 Mass 1.008 Resnr 0 Resname R01 Charge 0.02361
2210 Name 1:R01:A8a3 Type lmp_009 Mass 1.008 Resnr 0 Resname R01 Charge 0.02361
2211 Name 1:R01:A8a4 Type lmp_009 Mass 1.008 Resnr 0 Resname R01 Charge 0.02361
2212 Name 1:R01:A8a5 Type lmp_004 Mass 12.01 Resnr 0 Resname R01 Charge 0.19001
2213 Name 1:R01:A8a6 Type lmp_003 Mass 12.01 Resnr 0 Resname R01 Charge -0.17889
2214 Name 1:R01:A8a7 Type lmp_009 Mass 1.008 Resnr 0 Resname R01 Charge 0.04121
2215 Name 1:R01:A8a8 Type lmp_009 Mass 1.008 Resnr 0 Resname R01 Charge 0.04121
2216 Name 1:R01:A8a9 Type lmp_009 Mass 1.008 Resnr 0 Resname R01 Charge 0.04121
2217 Name 1:R01:A8aa Type lmp_005 Mass 12.01 Resnr 0 Resname R01 Charge 0.00401
2218 Name 1:R01:A8ab Type lmp_006 Mass 12.01 Resnr 0 Resname R01 Charge 0.00111
2219 Name 1:R01:A8ac Type lmp_005 Mass 12.01 Resnr 0 Resname R01 Charge -0.18989
2220 Name 1:R01:A8ad Type lmp_008 Mass 1.008 Resnr 0 Resname R01 Charge 0.14431
2221 Name 1:R01:A8ae Type lmp_005 Mass 12.01 Resnr 0 Resname R01 Charge -0.04879
2222 Name 1:R01:A8af Type lmp_007 Mass 12.01 Resnr 0 Resname R01 Charge 0.03141
2223 Name 1:R01:A8b0 Type lmp_009 Mass 1.008 Resnr 0 Resname R01 Charge 0.03521
2224 Name 1:R01:A8b1 Type lmp_007 Mass 12.01 Resnr 0 Resname R01 Charge 0.01591
2225 Name 1:R01:A8b2 Type lmp_009 Mass 1.008 Resnr 0 Resname R01 Charge 0.03721
2226 Name 1:R01:A8b3 Type lmp_004 Mass 12.01 Resnr 0 Resname R01 Charge 0.02141
2227 Name 1:R01:A8b4 Type lmp_009 Mass 1.008 Resnr 0 Resname R01 Charge 0.01911
2228 Name 1:R01:A8b5 Type lmp_007 Mass 12.01 Resnr 0 Resname R01 Charge 0.02241
2229 Name 1:R01:A8b6 Type lmp_009 Mass 1.008 Resnr 0 Resname R01 Charge 0.03781
2230 Name 1:R01:A8b7 Type lmp_007 Mass 12.01 Resnr 0 Resname R01 Charge 0.01411
2231 Name 1:R01:A8b8 Type lmp_009 Mass 1.008 Resnr 0 Resname R01 Charge 0.03861
2232 Name 1:R01:A8b9 Type lmp_004 Mass 12.01 Resnr 0 Resname R01 Charge 0.01111
2233 Name 1:R01:A8ba Type lmp_009 Mass 1.008 Resnr 0 Resname R01 Charge 0.02341
2234 Name 1:R01:A8bb Type lmp_004 Mass 12.01 Resnr 0 Resname R01 Charge -0.10289
2235 Name 1:R01:A8bc Type lmp_009 Mass 1.008 Resnr 0 Resname R01 Charge 0.04701
2236 Name 1:R01:A8bd Type lmp_009 Mass 1.008 Resnr 0 Resname R01 Charge 0.04701
2237 Name 1:R01:A8be Type lmp_005 Mass 12.01 Resnr 0 Resname R01 Charge -0.03099
2238 Name 1:R01:A8bf Type lmp_005 Mass 12.01 Resnr 0 Resname R01 Charge -0.25069
2239 Name 1:R01:A8c0 Type lmp_008 Mass 1.008 Resnr 0 Resname R01 Charge 0.17281
2240 Name 1:R01:A8c1 Type lmp_006 Mass 12.01 Resnr 0 Resname R01 Charge 0.02131
2241 Name 1:R01:A8c2 Type lmp_005 Mass 12.01 Resnr 0 Resname R01 Charge 0.02031
2242 Name 1:R01:A8c3 Type lmp_005 Mass 12.01 Resnr 0 Resname R01 Charge -0.24969
2243 Name 1:R01:A8c4 Type lmp_008 Mass 1.008 Resnr 0 Resname R01 Charge 0.17861
2244 Name 1:R01:A8c5 Type lmp_005 Mass 12.01 Resnr 0 Resname R01 Charge -0.03239
2245 Name 1:R01:A8c6 Type lmp_007 Mass 12.01 Resnr 0 Resname R01 Charge 0.03221
2246 Name 1:R01:A8c7 Type lmp_009 Mass 1.008 Resnr 0 Resname R01 Charge 0.02561
2247 Name 1:R01:A8c8 Type lmp_007 Mass 12.01 Resnr 0 Resname R01 Charge 0.02991
2248 Name 1:R01:A8c9 Type lmp_009 Mass 1.008 Resnr 0 Resname R01 Charge 0.02761
2249 Name 1:R01:A8ca Type lmp_004 Mass 12.01 Resnr 0 Resname R01 Charge 0.05471
2250 Name 1:R01:A8cb Type lmp_009 Mass 1.008 Resnr 0 Resname R01 Charge 0.00921
2251 Name 1:R01:A8cc Type lmp_007 Mass 12.01 Resnr 0 Resname R01 Charge 0.00911
2252 Name 1:R01:A8cd Type lmp_009 Mass 1.008 Resnr 0 Resname R01 Charge 0.03851
2253 Name 1:R01:A8ce Type lmp_005 Mass 12.01 Resnr 0 Resname R01 Charge -0.12349
2254 Name 1:R01:A8cf Type lmp_005 Mass 12.01 Resnr 0 Resname R01 Charge -0.12549
2255 Name 1:R01:A8d0 Type lmp_005 Mass 12.01 Resnr 0 Resname R01 Charge 0.03581
2256 Name 1:R01:A8d1 Type lmp_003 Mass 12.01 Resnr 0 Resname R01 Charge -0.11109
2257 Name 1:R01:A8d2 Type lmp_009 Mass 1.008 Resnr 0 Resname R01 Charge 0.04331
2258 Name 1:R01:A8d3 Type lmp_009 Mass 1.008 Resnr 0 Resname R01 Charge 0.04331
2259 Name 1:R01:A8d4 Type lmp_009 Mass 1.008 Resnr 0 Resname R01 Charge 0.04331
2260 Name 1:R01:A8d5 Type lmp_005 Mass 12.01 Resnr 0 Resname R01 Charge -0.08649
2261 Name 1:R01:A8d6 Type lmp_005 Mass 12.01 Resnr 0 Resname R01 Charge -0.09149
2262 Name 1:R01:A8d7 Type lmp_005 Mass 12.01 Resnr 0 Resname R01 Charge 0.05181
2263 Name 1:R01:A8d8 Type lmp_003 Mass 12.01 Resnr 0 Resname R01 Charge -0.10009
2264 Name 1:R01:A8d9 Type lmp_009 Mass 1.008 Resnr 0 Resname R01 Charge 0.04551
2265 Name 1:R01:A8da Type lmp_009 Mass 1.008 Resnr 0 Resname R01 Charge 0.04551
2266 Name 1:R01:A8db Type lmp_009 Mass 1.008 Resnr 0 Resname R01 Charge 0.04551
2267 Name 1:R01:A8dc Type lmp_007 Mass 12.01 Resnr 0 Resname R01 Charge 0.00531
2268 Name 1:R01:A8dd Type lmp_009 Mass 1.008 Resnr 0 Resname R01 Charge 0.03971
2269 Name 1:R01:A8de Type lmp_004 Mass 12.01 Resnr 0 Resname R01 Charge 0.05571
2270 Name 1:R01:A8df Type lmp_009 Mass 1.008 Resnr 0 Resname R01 Charge 0.01041
2271 Name 1:R01:A8e0 Type lmp_004 Mass 12.01 Resnr 0 Resname R01 Charge -0.21059
2272 Name 1:R01:A8e1 Type lmp_009 Mass 1.008 Resnr 0 Resname R01 Charge 0.05311
2273 Name 1:R01:A8e2 Type lmp_009 Mass 1.008 Resnr 0 Resname R01 Charge 0.05311
2274 Name 1:R01:A8e3 Type lmp_005 Mass 12.01 Resnr 0 Resname R01 Charge -0.04569
2275 Name 1:R01:A8e4 Type lmp_005 Mass 12.01 Resnr 0 Resname R01 Charge -0.20379
2276 Name 1:R01:A8e5 Type lmp_008 Mass 1.008 Resnr 0 Resname R01 Charge 0.15591
2277 Name 1:R01:A8e6 Type lmp_003 Mass 12.01 Resnr 0 Resname R01 Charge -0.10048
2278 Name 1:R01:A8e7 Type lmp_009 Mass 1.008 Resnr 0 Resname R01 Charge 0.02361
2279 Name 1:R01:A8e8 Type lmp_009 Mass 1.008 Resnr 0 Resname R01 Charge 0.02361
2280 Name 1:R01:A8e9 Type lmp_009 Mass 1.008 Resnr 0 Resname R01 Charge 0.02361
2281 Name 1:R01:A8ea Type lmp_004 Mass 12.01 Resnr 0 Resname R01 Charge 0.19001
2282 Name 1:R01:A8eb Type lmp_003 Mass 12.01 Resnr 0 Resname R01 Charge -0.17889
2283 Name 1:R01:A8ec Type lmp_009 Mass 1.008 Resnr 0 Resname R01 Charge 0.04121
2284 Name 1:R01:A8ed Type lmp_009 Mass 1.008 Resnr 0 Resname R01 Charge 0.04121
2285 Name 1:R01:A8ee Type lmp_009 Mass 1.008 Resnr 0 Resname R01 Charge 0.04121
2286 Name 1:R01:A8ef Type lmp_005 Mass 12.01 Resnr 0 Resname R01 Charge 0.00401
2287 Name 1:R01:A8f0 Type lmp_006 Mass 12.01 Resnr 0 Resname R01 Charge 0.00111
2288 Name 1:R01:A8f1 Type lmp_005 Mass 12.01 Resnr 0 Resname R01 Charge -0.18989
2289 Name 1:R01:A8f2 Type lmp_008 Mass 1.008 Resnr 0 Resname R01 Charge 0.14431
2290 Name 1:R01:A8f3 Type lmp_005 Mass 12.01 Resnr 0 Resname R01 Charge -0.04879
2291 Name 1:R01:A8f4 Type lmp_007 Mass 12.01 Resnr 0 Resname R01 Charge 0.03141
2292 Name 1:R01:A8f5 Type lmp_009 Mass 1.008 Resnr 0 Resname R01 Charge 0.03521
2293 Name 1:R01:A8f6 Type lmp_007 Mass 12.01 Resnr 0 Resname R01 Charge 0.01591
2294 Name 1:R01:A8f7 Type lmp_009 Mass 1.008 Resnr 0 Resname R01 Charge 0.03721
2295 Name 1:R01:A8f8 Type lmp_004 Mass 12.01 Resnr 0 Resname R01 Charge 0.02141
2296 Name 1:R01:A8f9 Type lmp_009 Mass 1.008 Resnr 0 Resname R01 Charge 0.01911
2297 Name 1:R01:A8fa Type lmp_007 Mass 12.01 Resnr 0 Resname R01 Charge 0.02241
2298 Name 1:R01:A8fb Type lmp_009 Mass 1.008 Resnr 0 Resname R01 Charge 0.03781
2299 Name 1:R01:A8fc Type lmp_007 Mass 12.01 Resnr 0 Resname R01 Charge 0.01411
2300 Name 1:R01:A8fd Type lmp_009 Mass 1.008 Resnr 0 Resname R01 Charge 0.03861
2301 Name 1:R01:A8fe Type lmp_004 Mass 12.01 Resnr 0 Resname R01 Charge 0.01111
2302 Name 1:R01:A8ff Type lmp_009 Mass 1.008 Resnr 0 Resname R01 Charge 0.02341
2303 Name 1:R01:A900 Type lmp_004 Mass 12.01 Resnr 0 Resname R01 Charge -0.10289
2304 Name 1:R01:A901 Type lmp_009 Mass 1.008 Resnr 0 Resname R01 Charge 0.04701
2305 Name 1:R01:A902 Type lmp_009 Mass 1.008 Resnr 0 Resname R01 Charge 0.04701
2306 Name 1:R01:A903 Type lmp_005 Mass 12.01 Resnr 0 Resname R01 Charge -0.03099
2307 Name 1:R01:A904 Type lmp_005 Mass 12.01 Resnr 0 Resname R01 Charge -0.25069
2308 Name 1:R01:A905 Type lmp_008 Mass 1.008 Resnr 0 Resname R01 Charge 0.17281
2309 Name 1:R01:A906 Type lmp_006 Mass 12.01 Resnr 0 Resname R01 Charge 0.02131
2310 Name 1:R01:A907 Type lmp_005 Mass 12.01 Resnr 0 Resname R01 Charge 0.02031
2311 Name 1:R01:A908 Type lmp_005 Mass 12.01 Resnr 0 Resname R01 Charge -0.24969
2312 Name 1:R01:A909 Type lmp_008 Mass 1.008 Resnr 0 Resname R01 Charge 0.17861
2313 Name 1:R01:A90a Type lmp_005 Mass 12.01 Resnr 0 Resname R01 Charge -0.03239
2314 Name 1:R01:A90b Type lmp_007 Mass 12.01 Resnr 0 Resname R01 Charge 0.03221
2315 Name 1:R01:A90c Type lmp_009 Mass 1.008 Resnr 0 Resname R01 Charge 0.02561
2316 Name 1:R01:A90d Type lmp_007 Mass 12.01 Resnr 0 Resname R01 Charge 0.02991
2317 Name 1:R01:A90e Type lmp_009 Mass 1.008 Resnr 0 Resname R01 Charge 0.02761
2318 Name 1:R01:A90f Type lmp_004 Mass 12.01 Resnr 0 Resname R01 Charge 0.05471
2319 Name 1:R01:A910 Type lmp_009 Mass 1.008 Resnr 0 Resname R01 Charge 0.00921
2320 Name 1:R01:A911 Type lmp_007 Mass 12.01 Resnr 0 Resname R01 Charge 0.00911
2321 Name 1:R01:A912 Type lmp_009 Mass 1.008 Resnr 0 Resname R01 Charge 0.03851
2322 Name 1:R01:A913 Type lmp_005 Mass 12.01 Resnr 0 Resname R01 Charge -0.12349
2323 Name 1:R01:A914 Type lmp_005 Mass 12.01 Resnr 0 Resname R01 Charge -0.12549
2324 Name 1:R01:A915 Type lmp_005 Mass 12.01 Resnr 0 Resname R01 Charge 0.03581
2325 Name 1:R01:A916 Type lmp_003 Mass 12.01 Resnr 0 Resname R01 Charge -0.11109
2326 Name 1:R01:A917 Type lmp_009 Mass 1.008 Resnr 0 Resname R01 Charge 0.04331
2327 Name 1:R01:A918 Type lmp_009 Mass 1.008 Resnr 0 Resname R01 Charge 0.04331
2328 Name 1:R01:A919 Type lmp_009 Mass 1.008 Resnr 0 Resname R01 Charge 0.04331
2329 Name 1:R01:A91a Type lmp_005 Mass 12.01 Resnr 0 Resname R01 Charge -0.08649
2330 Name 1:R01:A91b Type lmp_005 Mass 12.01 Resnr 0 Resname R01 Charge -0.09149
2331 Name 1:R01:A91c Type lmp_005 Mass 12.01 Resnr 0 Resname R01 Charge 0.05181
2332 Name 1:R01:A91d Type lmp_003 Mass 12.01 Resnr 0 Resname R01 Charge -0.10009
2333 Name 1:R01:A91e Type lmp_009 Mass 1.008 Resnr 0 Resname R01 Charge 0.04551
2334 Name 1:R01:A91f Type lmp_009 Mass 1.008 Resnr 0 Resname R01 Charge 0.04551
2335 Name 1:R01:A920 Type lmp_009 Mass 1.008 Resnr 0 Resname R01 Charge 0.04551
2336 Name 1:R01:A921 Type lmp_007 Mass 12.01 Resnr 0 Resname R01 Charge 0.00531
2337 Name 1:R01:A922 Type lmp_009 Mass 1.008 Resnr 0 Resname R01 Charge 0.03971
2338 Name 1:R01:A923 Type lmp_004 Mass 12.01 Resnr 0 Resname R01 Charge 0.05571
2339 Name 1:R01:A924 Type lmp_009 Mass 1.008 Resnr 0 Resname R01 Charge 0.01041
2340 Name 1:R01:A925 Type lmp_004 Mass 12.01 Resnr 0 Resname R01 Charge -0.21059
2341 Name 1:R01:A926 Type lmp_009 Mass 1.008 Resnr 0 Resname R01 Charge 0.05311
2342 Name 1:R01:A927 Type lmp_009 Mass 1.008 Resnr 0 Resname R01 Charge 0.05311
2343 Name 1:R01:A928 Type lmp_005 Mass 12.01 Resnr 0 Resname R01 Charge -0.04569
2344 Name 1:R01:A929 Type lmp_005 Mass 12.01 Resnr 0 Resname R01 Charge -0.20379
2345 Name 1:R01:A92a Type lmp_008 Mass 1.008 Resnr 0 Resname R01 Charge 0.15591
2346 Name 1:R01:A92b Type lmp_003 Mass 12.01 Resnr 0 Resname R01 Charge -0.10048
2347 Name 1:R01:A92c Type lmp_009 Mass 1.008 Resnr 0 Resname R01 Charge 0.02361
2348 Name 1:R01:A92d Type lmp_009 Mass 1.008 Resnr 0 Resname R01 Charge 0.02361
2349 Name 1:R01:A92e Type lmp_009 Mass 1.008 Resnr 0 Resname R01 Charge 0.02361
2350 Name 1:R01:A92f Type lmp_004 Mass 12.01 Resnr 0 Resname R01 Charge 0.19001
2351 Name 1:R01:A930 Type lmp_003 Mass 12.01 Resnr 0 Resname R01 Charge -0.17889
2352 Name 1:R01:A931 Type lmp_009 Mass 1.008 Resnr 0 Resname R01 Charge 0.04121
2353 Name 1:R01:A932 Type lmp_009 Mass 1.008 Resnr 0 Resname R01 Charge 0.04121
2354 Name 1:R01:A933 Type lmp_009 Mass 1.008 Resnr 0 Resname R01 Charge 0.04121
2355 Name 1:R01:A934 Type lmp_005 Mass 12.01 Resnr 0 Resname R01 Charge 0.00401
2356 Name 1:R01:A935 Type lmp_006 Mass 12.01 Resnr 0 Resname R01 Charge 0.00111
2357 Name 1:R01:A936 Type lmp_005 Mass 12.01 Resnr 0 Resname R01 Charge -0.18989
2358 Name 1:R01:A937 Type lmp_008 Mass 1.008 Resnr 0 Resname R01 Charge 0.14431
2359 Name 1:R01:A938 Type lmp_005 Mass 12.01 Resnr 0 Resname R01 Charge -0.04879
2360 Name 1:R01:A939 Type lmp_007 Mass 12.01 Resnr 0 Resname R01 Charge 0.03141
2361 Name 1:R01:A93a Type lmp_009 Mass 1.008 Resnr 0 Resname R01 Charge 0.03521
2362 Name 1:R01:A93b Type lmp_007 Mass 12.01 Resnr 0 Resname R01 Charge 0.01591
2363 Name 1:R01:A93c Type lmp_009 Mass 1.008 Resnr 0 Resname R01 Charge 0.03721
2364 Name 1:R01:A93d Type lmp_004 Mass 12.01 Resnr 0 Resname R01 Charge 0.02141
2365 Name 1:R01:A93e Type lmp_009 Mass 1.008 Resnr 0 Resname R01 Charge 0.01911
2366 Name 1:R01:A93f Type lmp_007 Mass 12.01 Resnr 0 Resname R01 Charge 0.02241
2367 Name 1:R01:A940 Type lmp_009 Mass 1.008 Resnr 0 Resname R01 Charge 0.03781
2368 Name 1:R01:A941 Type lmp_007 Mass 12.01 Resnr 0 Resname R01 Charge 0.01411
2369 Name 1:R01:A942 Type lmp_009 Mass 1.008 Resnr 0 Resname R01 Charge 0.03861
2370 Name 1:R01:A943 Type lmp_004 Mass 12.01 Resnr 0 Resname R01 Charge 0.01111
2371 Name 1:R01:A944 Type lmp_009 Mass 1.008 Resnr 0 Resname R01 Charge 0.02341
2372 Name 1:R01:A945 Type lmp_004 Mass 12.01 Resnr 0 Resname R01 Charge -0.10289
2373 Name 1:R01:A946 Type lmp_009 Mass 1.008 Resnr 0 Resname R01 Charge 0.04701
2374 Name 1:R01:A947 Type lmp_009 Mass 1.008 Resnr 0 Resname R01 Charge 0.04701
2375 Name 1:R01:A948 Type lmp_005 Mass 12.01 Resnr 0 Resname R01 Charge -0.03099
2376 Name 1:R01:A949 Type lmp_005 Mass 12.01 Resnr 0 Resname R01 Charge -0.25069
2377 Name 1:R01:A94a Type lmp_008 Mass 1.008 Resnr 0 Resname R01 Charge 0.17281
2378 Name 1:R01:A94b Type lmp_006 Mass 12.01 Resnr 0 Resname R01 Charge 0.02131
2379 Name 1:R01:A94c Type lmp_005 Mass 12.01 Resnr 0 Resname R01 Charge 0.02031
2380 Name 1:R01:A94d Type lmp_005 Mass 12.01 Resnr 0 Resname R01 Charge -0.24969
2381 Name 1:R01:A94e Type lmp_008 Mass 1.008 Resnr 0 Resname R01 Charge 0.17861
2382 Name 1:R01:A94f Type lmp_005 Mass 12.01 Resnr 0 Resname R01 Charge -0.03239
2383 Name 1:R01:A950 Type lmp_007 Mass 12.01 Resnr 0 Resname R01 Charge 0.03221
2384 Name 1:R01:A951 Type lmp_009 Mass 1.008 Resnr 0 Resname R01 Charge 0.02561
2385 Name 1:R01:A952 Type lmp_007 Mass 12.01 Resnr 0 Resname R01 Charge 0.02991
2386 Name 1:R01:A953 Type lmp_009 Mass 1.008 Resnr 0 Resname R01 Charge 0.02761
2387 Name 1:R01:A954 Type lmp_004 Mass 12.01 Resnr 0 Resname R01 Charge 0.05471
2388 Name 1:R01:A955 Type lmp_009 Mass 1.008 Resnr 0 Resname R01 Charge 0.00921
2389 Name 1:R01:A956 Type lmp_007 Mass 12.01 Resnr 0 Resname R01 Charge 0.00911
2390 Name 1:R01:A957 Type lmp_009 Mass 1.008 Resnr 0 Resname R01 Charge 0.03851
2391 Name 1:R01:A958 Type lmp_005 Mass 12.01 Resnr 0 Resname R01 Charge -0.12349
2392 Name 1:R01:A959 Type lmp_005 Mass 12.01 Resnr 0 Resname R01 Charge -0.12549
2393 Name 1:R01:A95a Type lmp_005 Mass 12.01 Resnr 0 Resname R01 Charge 0.03581
2394 Name 1:R01:A95b Type lmp_003 Mass 12.01 Resnr 0 Resname R01 Charge -0.11109
2395 Name 1:R01:A95c Type lmp_009 Mass 1.008 Resnr 0 Resname R01 Charge 0.04331
2396 Name 1:R01:A95d Type lmp_009 Mass 1.008 Resnr 0 Resname R01 Charge 0.04331
2397 Name 1:R01:A95e Type lmp_009 Mass 1.008 Resnr 0 Resname R01 Charge 0.04331
2398 Name 1:R01:A95f Type lmp_005 Mass 12.01 Resnr 0 Resname R01 Charge -0.08649
2399 Name 1:R01:A960 Type lmp_005 Mass 12.01 Resnr 0 Resname R01 Charge -0.09149
2400 Name 1:R01:A961 Type lmp_005 Mass 12.01 Resnr 0 Resname R01 Charge 0.05181
2401 Name 1:R01:A962 Type lmp_003 Mass 12.01 Resnr 0 Resname R01 Charge -0.10009
2402 Name 1:R01:A963 Type lmp_009 Mass 1.008 Resnr 0 Resname R01 Charge 0.04551
2403 Name 1:R01:A964 Type lmp_009 Mass 1.008 Resnr 0 Resname R01 Charge 0.04551
2404 Name 1:R01:A965 Type lmp_009 Mass 1.008 Resnr 0 Resname R01 Charge 0.04551
2405 Name 1:R01:A966 Type lmp_007 Mass 12.01 Resnr 0 Resname R01 Charge 0.00531
2406 Name 1:R01:A967 Type lmp_009 Mass 1.008 Resnr 0 Resname R01 Charge 0.03971
2407 Name 1:R01:A968 Type lmp_004 Mass 12.01 Resnr 0 Resname R01 Charge 0.05571
2408 Name 1:R01:A969 Type lmp_009 Mass 1.008 Resnr 0 Resname R01 Charge 0.01041
2409 Name 1:R01:A96a Type lmp_004 Mass 12.01 Resnr 0 Resname R01 Charge -0.21059
2410 Name 1:R01:A96b Type lmp_009 Mass 1.008 Resnr 0 Resname R01 Charge 0.05311
2411 Name 1:R01:A96c Type lmp_009 Mass 1.008 Resnr 0 Resname R01 Charge 0.05311
2412 Name 1:R01:A96d Type lmp_005 Mass 12.01 Resnr 0 Resname R01 Charge -0.04569
2413 Name 1:R01:A96e Type lmp_005 Mass 12.01 Resnr 0 Resname R01 Charge -0.20379
2414 Name 1:R01:A96f Type lmp_008 Mass 1.008 Resnr 0 Resname R01 Charge 0.15591
2415 Name 1:R01:A970 Type lmp_003 Mass 12.01 Resnr 0 Resname R01 Charge -0.10048
2416 Name 1:R01:A971 Type lmp_009 Mass 1.008 Resnr 0 Resname R01 Charge 0.02361
2417 Name 1:R01:A972 Type lmp_009 Mass 1.008 Resnr 0 Resname R01 Charge 0.02361
2418 Name 1:R01:A973 Type lmp_009 Mass 1.008 Resnr 0 Resname R01 Charge 0.02361
2419 Name 1:R01:A974 Type lmp_004 Mass 12.01 Resnr 0 Resname R01 Charge 0.19001
2420 Name 1:R01:A975 Type lmp_003 Mass 12.01 Resnr 0 Resname R01 Charge -0.17889
2421 Name 1:R01:A976 Type lmp_009 Mass 1.008 Resnr 0 Resname R01 Charge 0.04121
2422 Name 1:R01:A977 Type lmp_009 Mass 1.008 Resnr 0 Resname R01 Charge 0.04121
2423 Name 1:R01:A978 Type lmp_009 Mass 1.008 Resnr 0 Resname R01 Charge 0.04121
2424 Name 1:R01:A979 Type lmp_005 Mass 12.01 Resnr 0 Resname R01 Charge 0.00401
2425 Name 1:R01:A97a Type lmp_006 Mass 12.01 Resnr 0 Resname R01 Charge 0.00111
2426 Name 1:R01:A97b Type lmp_005 Mass 12.01 Resnr 0 Resname R01 Charge -0.18989
2427 Name 1:R01:A97c Type lmp_008 Mass 1.008 Resnr 0 Resname R01 Charge 0.14431
2428 Name 1:R01:A97d Type lmp_005 Mass 12.01 Resnr 0 Resname R01 Charge -0.04879
2429 Name 1:R01:A97e Type lmp_007 Mass 12.01 Resnr 0 Resname R01 Charge 0.03141
2430 Name 1:R01:A97f Type lmp_009 Mass 1.008 Resnr 0 Resname R01 Charge 0.03521
2431 Name 1:R01:A980 Type lmp_007 Mass 12.01 Resnr 0 Resname R01 Charge 0.01591
2432 Name 1:R01:A981 Type lmp_009 Mass 1.008 Resnr 0 Resname R01 Charge 0.03721
2433 Name 1:R01:A982 Type lmp_004 Mass 12.01 Resnr 0 Resname R01 Charge 0.02141
2434 Name 1:R01:A983 Type lmp_009 Mass 1.008 Resnr 0 Resname R01 Charge 0.01911
2435 Name 1:R01:A984 Type lmp_007 Mass 12.01 Resnr 0 Resname R01 Charge 0.02241
2436 Name 1:R01:A985 Type lmp_009 Mass 1.008 Resnr 0 Resname R01 Charge 0.03781
2437 Name 1:R01:A986 Type lmp_007 Mass 12.01 Resnr 0 Resname R01 Charge 0.01411
2438 Name 1:R01:A987 Type lmp_009 Mass 1.008 Resnr 0 Resname R01 Charge 0.03861
2439 Name 1:R01:A988 Type lmp_004 Mass 12.01 Resnr 0 Resname R01 Charge 0.01111
2440 Name 1:R01:A989 Type lmp_009 Mass 1.008 Resnr 0 Resname R01 Charge 0.02341
2441 Name 1:R01:A98a Type lmp_004 Mass 12.01 Resnr 0 Resname R01 Charge -0.10289
2442 Name 1:R01:A98b Type lmp_009 Mass 1.008 Resnr 0 Resname R01 Charge 0.04701
2443 Name 1:R01:A98c Type lmp_009 Mass 1.008 Resnr 0 Resname R01 Charge 0.04701
2444 Name 1:R01:A98d Type lmp_005 Mass 12.01 Resnr 0 Resname R01 Charge -0.03099
2445 Name 1:R01:A98e Type lmp_005 Mass 12.01 Resnr 0 Resname R01 Charge -0.25069
2446 Name 1:R01:A98f Type lmp_008 Mass 1.008 Resnr 0 Resname R01 Charge 0.17281
2447 Name 1:R01:A990 Type lmp_006 Mass 12.01 Resnr 0 Resname R01 Charge 0.02131
2448 Name 1:R01:A991 Type lmp_005 Mass 12.01 Resnr 0 Resname R01 Charge 0.02031
2449 Name 1:R01:A992 Type lmp_005 Mass 12.01 Resnr 0 Resname R01 Charge -0.24969
2450 Name 1:R01:A993 Type lmp_008 Mass 1.008 Resnr 0 Resname R01 Charge 0.17861
2451 Name 1:R01:A994 Type lmp_005 Mass 12.01 Resnr 0 Resname R01 Charge -0.03239
2452 Name 1:R01:A995 Type lmp_007 Mass 12.01 Resnr 0 Resname R01 Charge 0.03221
2453 Name 1:R01:A996 Type lmp_009 Mass 1.008 Resnr 0 Resname R01 Charge 0.02561
2454 Name 1:R01:A997 Type lmp_007 Mass 12.01 Resnr 0 Resname R01 Charge 0.02991
2455 Name 1:R01:A998 Type lmp_009 Mass 1.008 Resnr 0 Resname R01 Charge 0.02761
2456 Name 1:R01:A999 Type lmp_004 Mass 12.01 Resnr 0 Resname R01 Charge 0.05471
2457 Name 1:R01:A99a Type lmp_009 Mass 1.008 Resnr 0 Resname R01 Charge 0.00921
2458 Name 1:R01:A99b Type lmp_007 Mass 12.01 Resnr 0 Resname R01 Charge 0.00911
2459 Name 1:R01:A99c Type lmp_009 Mass 1.008 Resnr 0 Resname R01 Charge 0.03851
2460 Name 1:R01:A99d Type lmp_005 Mass 12.01 Resnr 0 Resname R01 Charge -0.12349
2461 Name 1:R01:A99e Type lmp_005 Mass 12.01 Resnr 0 Resname R01 Charge -0.12549
2462 Name 1:R01:A99f Type lmp_005 Mass 12.01 Resnr 0 Resname R01 Charge 0.03581
2463 Name 1:R01:A9a0 Type lmp_003 Mass 12.01 Resnr 0 Resname R01 Charge -0.11109
2464 Name 1:R01:A9a1 Type lmp_009 Mass 1.008 Resnr 0 Resname R01 Charge 0.04331
2465 Name 1:R01:A9a2 Type lmp_009 Mass 1.008 Resnr 0 Resname R01 Charge 0.04331
2466 Name 1:R01:A9a3 Type lmp_009 Mass 1.008 Resnr 0 Resname R01 Charge 0.04331
2467 Name 1:R01:A9a4 Type lmp_005 Mass 12.01 Resnr 0 Resname R01 Charge -0.08649
2468 Name 1:R01:A9a5 Type lmp_005 Mass 12.01 Resnr 0 Resname R01 Charge -0.09149
2469 Name 1:R01:A9a6 Type lmp_005 Mass 12.01 Resnr 0 Resname R01 Charge 0.05181
2470 Name 1:R01:A9a7 Type lmp_003 Mass 12.01 Resnr 0 Resname R01 Charge -0.10009
2471 Name 1:R01:A9a8 Type lmp_009 Mass 1.008 Resnr 0 Resname R01 Charge 0.04551
2472 Name 1:R01:A9a9 Type lmp_009 Mass 1.008 Resnr 0 Resname R01 Charge 0.04551
2473 Name 1:R01:A9aa Type lmp_009 Mass 1.008 Resnr 0 Resname R01 Charge 0.04551
2474 Name 1:R01:A9ab Type lmp_007 Mass 12.01 Resnr 0 Resname R01 Charge 0.00531
2475 Name 1:R01:A9ac Type lmp_009 Mass 1.008 Resnr 0 Resname R01 Charge 0.03971
2476 Name 1:R01:A9ad Type lmp_004 Mass 12.01 Resnr 0 Resname R01 Charge 0.05571
2477 Name 1:R01:A9ae Type lmp_009 Mass 1.008 Resnr 0 Resname R01 Charge 0.01041
2478 Name 1:R01:A9af Type lmp_004 Mass 12.01 Resnr 0 Resname R01 Charge -0.21059
2479 Name 1:R01:A9b0 Type lmp_009 Mass 1.008 Resnr 0 Resname R01 Charge 0.05311
2480 Name 1:R01:A9b1 Type lmp_009 Mass 1.008 Resnr 0 Resname R01 Charge 0.05311
2481 Name 1:R01:A9b2 Type lmp_005 Mass 12.01 Resnr 0 Resname R01 Charge -0.04569
2482 Name 1:R01:A9b3 Type lmp_005 Mass 12.01 Resnr 0 Resname R01 Charge -0.20379
2483 Name 1:R01:A9b4 Type lmp_008 Mass 1.008 Resnr 0 Resname R01 Charge 0.15591
2484 Name 1:R01:A9b5 Type lmp_003 Mass 12.01 Resnr 0 Resname R01 Charge -0.10048
2485 Name 1:R01:A9b6 Type lmp_009 Mass 1.008 Resnr 0 Resname R01 Charge 0.02361
2486 Name 1:R01:A9b7 Type lmp_009 Mass 1.008 Resnr 0 Resname R01 Charge 0.02361
2487 Name 1:R01:A9b8 Type lmp_009 Mass 1.008 Resnr 0 Resname R01 Charge 0.02361
2488 Name 1:R01:A9b9 Type lmp_004 Mass 12.01 Resnr 0 Resname R01 Charge 0.19001
2489 Name 1:R01:A9ba Type lmp_003 Mass 12.01 Resnr 0 Resname R01 Charge -0.17889
2490 Name 1:R01:A9bb Type lmp_009 Mass 1.008 Resnr 0 Resname R01 Charge 0.04121
2491 Name 1:R01:A9bc Type lmp_009 Mass 1.008 Resnr 0 Resname R01 Charge 0.04121
2492 Name 1:R01:A9bd Type lmp_009 Mass 1.008 Resnr 0 Resname R01 Charge 0.04121
2493 Name 1:R01:A9be Type lmp_005 Mass 12.01 Resnr 0 Resname R01 Charge 0.00401
2494 Name 1:R01:A9bf Type lmp_006 Mass 12.01 Resnr 0 Resname R01 Charge 0.00111
2495 Name 1:R01:A9c0 Type lmp_005 Mass 12.01 Resnr 0 Resname R01 Charge -0.18989
2496 Name 1:R01:A9c1 Type lmp_008 Mass 1.008 Resnr 0 Resname R01 Charge 0.14431
2497 Name 1:R01:A9c2 Type lmp_005 Mass 12.01 Resnr 0 Resname R01 Charge -0.04879
2498 Name 1:R01:A9c3 Type lmp_007 Mass 12.01 Resnr 0 Resname R01 Charge 0.03141
2499 Name 1:R01:A9c4 Type lmp_009 Mass 1.008 Resnr 0 Resname R01 Charge 0.03521
2500 Name 1:R01:A9c5 Type lmp_007 Mass 12.01 Resnr 0 Resname R01 Charge 0.01591
2501 Name 1:R01:A9c6 Type lmp_009 Mass 1.008 Resnr 0 Resname R01 Charge 0.03721
2502 Name 1:R01:A9c7 Type lmp_004 Mass 12.01 Resnr 0 Resname R01 Charge 0.02141
2503 Name 1:R01:A9c8 Type lmp_009 Mass 1.008 Resnr 0 Resname R01 Charge 0.01911
2504 Name 1:R01:A9c9 Type lmp_001 Mass 12.01 Resnr 0 Resname R01 Charge 0.02241
2505 Name 1:R01:A9ca Type lmp_009 Mass 1.008 Resnr 0 Resname R01 Charge 0.03781
2506 Name 1:R01:A9cb Type lmp_001 Mass 12.01 Resnr 0 Resname R01 Charge 0.01411
2507 Name 1:R01:A9cc Type lmp_009 Mass 1.008 Resnr 0 Resname R01 Charge 0.03861
2508 Name 1:R01:A9cd Type lmp_004 Mass 12.01 Resnr 0 Resname R01 Charge 0.01111
2509 Name 1:R01:A9ce Type lmp_009 Mass 1.008 Resnr 0 Resname R01 Charge 0.02341
2510 Name 1:R01:A9cf Type lmp_004 Mass 12.01 Resnr 0 Resname R01 Charge -0.10289
2511 Name 1:R01:A9d0 Type lmp_009 Mass 1.008 Resnr 0 Resname R01 Charge 0.04701
2512 Name 1:R01:A9d1 Type lmp_009 Mass 1.008 Resnr 0 Resname R01 Charge 0.04701
2513 Name 1:R01:A9d2 Type lmp_005 Mass 12.01 Resnr 0 Resname R01 Charge -0.03099
2514 Name 1:R01:A9d3 Type lmp_005 Mass 12.01 Resnr 0 Resname R01 Charge -0.25069
2515 Name 1:R01:A9d4 Type lmp_008 Mass 1.008 Resnr 0 Resname R01 Charge 0.17281
2516 Name 1:R01:A9d5 Type lmp_006 Mass 12.01 Resnr 0 Resname R01 Charge 0.02131
2517 Name 1:R01:A9d6 Type lmp_005 Mass 12.01 Resnr 0 Resname R01 Charge 0.02031
2518 Name 1:R01:A9d7 Type lmp_005 Mass 12.01 Resnr 0 Resname R01 Charge -0.24969
2519 Name 1:R01:A9d8 Type lmp_008 Mass 1.008 Resnr 0 Resname R01 Charge 0.17861
2520 Name 1:R01:A9d9 Type lmp_005 Mass 12.01 Resnr 0 Resname R01 Charge -0.03239
2521 Name 1:R01:A9da Type lmp_007 Mass 12.01 Resnr 0 Resname R01 Charge 0.03221
2522 Name 1:R01:A9db Type lmp_009 Mass 1.008 Resnr 0 Resname R01 Charge 0.02561
2523 Name 1:R01:A9dc Type lmp_007 Mass 12.01 Resnr 0 Resname R01 Charge 0.02991
2524 Name 1:R01:A9dd Type lmp_009 Mass 1.008 Resnr 0 Resname R01 Charge 0.02761
2525 Name 1:R01:A9de Type lmp_004 Mass 12.01 Resnr 0 Resname R01 Charge 0.05471
2526 Name 1:R01:A9df Type lmp_009 Mass 1.008 Resnr 0 Resname R01 Charge 0.00921
2527 Name 1:R01:A9e0 Type lmp_007 Mass 12.01 Resnr 0 Resname R01 Charge 0.00911
2528 Name 1:R01:A9e1 Type lmp_009 Mass 1.008 Resnr 0 Resname R01 Charge 0.03851
2529 Name 1:R01:A9e2 Type lmp_005 Mass 12.01 Resnr 0 Resname R01 Charge -0.12349
2530 Name 1:R01:A9e3 Type lmp_005 Mass 12.01 Resnr 0 Resname R01 Charge -0.12549
2531 Name 1:R01:A9e4 Type lmp_005 Mass 12.01 Resnr 0 Resname R01 Charge 0.03581
2532 Name 1:R01:A9e5 Type lmp_003 Mass 12.01 Resnr 0 Resname R01 Charge -0.11109
2533 Name 1:R01:A9e6 Type lmp_009 Mass 1.008 Resnr 0 Resname R01 Charge 0.04331
2534 Name 1:R01:A9e7 Type lmp_009 Mass 1.008 Resnr 0 Resname R01 Charge 0.04331
2535 Name 1:R01:A9e8 Type lmp_009 Mass 1.008 Resnr 0 Resname R01 Charge 0.04331
2536 Name 1:R01:A9e9 Type lmp_005 Mass 12.01 Resnr 0 Resname R01 Charge -0.08649
2537 Name 1:R01:A9ea Type lmp_005 Mass 12.01 Resnr 0 Resname R01 Charge -0.09149
2538 Name 1:R01:A9eb Type lmp_005 Mass 12.01 Resnr 0 Resname R01 Charge 0.05181
2539 Name 1:R01:A9ec Type lmp_003 Mass 12.01 Resnr 0 Resname R01 Charge -0.10009
2540 Name 1:R01:A9ed Type lmp_009 Mass 1.008 Resnr 0 Resname R01 Charge 0.04551
2541 Name 1:R01:A9ee Type lmp_009 Mass 1.008 Resnr 0 Resname R01 Charge 0.04551
2542 Name 1:R01:A9ef Type lmp_009 Mass 1.008 Resnr 0 Resname R01 Charge 0.04551
2543 Name 1:R01:A9f0 Type lmp_007 Mass 12.01 Resnr 0 Resname R01 Charge 0.00531
2544 Name 1:R01:A9f1 Type lmp_009 Mass 1.008 Resnr 0 Resname R01 Charge 0.03971
2545 Name 1:R01:A9f2 Type lmp_004 Mass 12.01 Resnr 0 Resname R01 Charge 0.05571
2546 Name 1:R01:A9f3 Type lmp_009 Mass 1.008 Resnr 0 Resname R01 Charge 0.01041
2547 Name 1:R01:A9f4 Type lmp_004 Mass 12.01 Resnr 0 Resname R01 Charge -0.21059
2548 Name 1:R01:A9f5 Type lmp_009 Mass 1.008 Resnr 0 Resname R01 Charge 0.05311
2549 Name 1:R01:A9f6 Type lmp_009 Mass 1.008 Resnr 0 Resname R01 Charge 0.05311
2550 Name 1:R01:A9f7 Type lmp_005 Mass 12.01 Resnr 0 Resname R01 Charge -0.04569
2551 Name 1:R01:A9f8 Type lmp_005 Mass 12.01 Resnr 0 Resname R01 Charge -0.20379
2552 Name 1:R01:A9f9 Type lmp_008 Mass 1.008 Resnr 0 Resname R01 Charge 0.15591
2553 Name 1:R01:A9fa Type lmp_003 Mass 12.01 Resnr 0 Resname R01 Charge -0.10048
2554 Name 1:R01:A9fb Type lmp_009 Mass 1.008 Resnr 0 Resname R01 Charge 0.02361
2555 Name 1:R01:A9fc Type lmp_009 Mass 1.008 Resnr 0 Resname R01 Charge 0.02361
2556 Name 1:R01:A9fd Type lmp_009 Mass 1.008 Resnr 0 Resname R01 Charge 0.02361
2557 Name 1:R01:A9fe Type lmp_004 Mass 12.01 Resnr 0 Resname R01 Charge 0.19001
2558 Name 1:R01:A9ff Type lmp_003 Mass 12.01 Resnr 0 Resname R01 Charge -0.17889
2559 Name 1:R01:Aa00 Type lmp_009 Mass 1.008 Resnr 0 Resname R01 Charge 0.04121
2560 Name 1:R01:Aa01 Type lmp_009 Mass 1.008 Resnr 0 Resname R01 Charge 0.04121
2561 Name 1:R01:Aa02 Type lmp_009 Mass 1.008 Resnr 0 Resname R01 Charge 0.04121
2562 Name 1:R01:Aa03 Type lmp_005 Mass 12.01 Resnr 0 Resname R01 Charge 0.00401
2563 Name 1:R01:Aa04 Type lmp_006 Mass 12.01 Resnr 0 Resname R01 Charge 0.00111
2564 Name 1:R01:Aa05 Type lmp_005 Mass 12.01 Resnr 0 Resname R01 Charge -0.18989
2565 Name 1:R01:Aa06 Type lmp_008 Mass 1.008 Resnr 0 Resname R01 Charge 0.14431
2566 Name 1:R01:Aa07 Type lmp_005 Mass 12.01 Resnr 0 Resname R01 Charge -0.04879
2567 Name 1:R01:Aa08 Type lmp_007 Mass 12.01 Resnr 0 Resname R01 Charge 0.03141
2568 Name 1:R01:Aa09 Type lmp_009 Mass 1.008 Resnr 0 Resname R01 Charge 0.03521
2569 Name 1:R01:Aa0a Type lmp_007 Mass 12.01 Resnr 0 Resname R01 Charge 0.01591
2570 Name 1:R01:Aa0b Type lmp_009 Mass 1.008 Resnr 0 Resname R01 Charge 0.03721
2571 Name 1:R01:Aa0c Type lmp_004 Mass 12.01 Resnr 0 Resname R01 Charge 0.02141
2572 Name 1:R01:Aa0d Type lmp_009 Mass 1.008 Resnr 0 Resname R01 Charge 0.01911
2573 Name 1:R01:Aa0e Type lmp_007 Mass 12.01 Resnr 0 Resname R01 Charge 0.02241
2574 Name 1:R01:Aa0f Type lmp_009 Mass 1.008 Resnr 0 Resname R01 Charge 0.03781
2575 Name 1:R01:Aa10 Type lmp_007 Mass 12.01 Resnr 0 Resname R01 Charge 0.01411
2576 Name 1:R01:Aa11 Type lmp_009 Mass 1.008 Resnr 0 Resname R01 Charge 0.03861
2577 Name 1:R01:Aa12 Type lmp_004 Mass 12.01 Resnr 0 Resname R01 Charge 0.01111
2578 Name 1:R01:Aa13 Type lmp_009 Mass 1.008 Resnr 0 Resname R01 Charge 0.02341
2579 Name 1:R01:Aa14 Type lmp_004 Mass 12.01 Resnr 0 Resname R01 Charge -0.10289
2580 Name 1:R01:Aa15 Type lmp_009 Mass 1.008 Resnr 0 Resname R01 Charge 0.04701
2581 Name 1:R01:Aa16 Type lmp_009 Mass 1.008 Resnr 0 Resname R01 Charge 0.04701
2582 Name 1:R01:Aa17 Type lmp_005 Mass 12.01 Resnr 0 Resname R01 Charge -0.03099
2583 Name 1:R01:Aa18 Type lmp_005 Mass 12.01 Resnr 0 Resname R01 Charge -0.25069
2584 Name 1:R01:Aa19 Type lmp_008 Mass 1.008 Resnr 0 Resname R01 Charge 0.17281
2585 Name 1:R01:Aa1a Type lmp_006 Mass 12.01 Resnr 0 Resname R01 Charge 0.02131
2586 Name 1:R01:Aa1b Type lmp_005 Mass 12.01 Resnr 0 Resname R01 Charge 0.02031
2587 Name 1:R01:Aa1c Type lmp_005 Mass 12.01 Resnr 0 Resname R01 Charge -0.24969
2588 Name 1:R01:Aa1d Type lmp_008 Mass 1.008 Resnr 0 Resname R01 Charge 0.17861
2589 Name 1:R01:Aa1e Type lmp_005 Mass 12.01 Resnr 0 Resname R01 Charge -0.03239
2590 Name 1:R01:Aa1f Type lmp_007 Mass 12.01 Resnr 0 Resname R01 Charge 0.03221
2591 Name 1:R01:Aa20 Type lmp_009 Mass 1.008 Resnr 0 Resname R01 Charge 0.02561
2592 Name 1:R01:Aa21 Type lmp_007 Mass 12.01 Resnr 0 Resname R01 Charge 0.02991
2593 Name 1:R01:Aa22 Type lmp_009 Mass 1.008 Resnr 0 Resname R01 Charge 0.02761
2594 Name 1:R01:Aa23 Type lmp_004 Mass 12.01 Resnr 0 Resname R01 Charge 0.05471
2595 Name 1:R01:Aa24 Type lmp_009 Mass 1.008 Resnr 0 Resname R01 Charge 0.00921
2596 Name 1:R01:Aa25 Type lmp_007 Mass 12.01 Resnr 0 Resname R01 Charge 0.00911
2597 Name 1:R01:Aa26 Type lmp_009 Mass 1.008 Resnr 0 Resname R01 Charge 0.03851
2598 Name 1:R01:Aa27 Type lmp_005 Mass 12.01 Resnr 0 Resname R01 Charge -0.12349
2599 Name 1:R01:Aa28 Type lmp_005 Mass 12.01 Resnr 0 Resname R01 Charge -0.12549
2600 Name 1:R01:Aa29 Type lmp_005 Mass 12.01 Resnr 0 Resname R01 Charge 0.03581
2601 Name 1:R01:Aa2a Type lmp_003 Mass 12.01 Resnr 0 Resname R01 Charge -0.11109
2602 Name 1:R01:Aa2b Type lmp_009 Mass 1.008 Resnr 0 Resname R01 Charge 0.04331
2603 Name 1:R01:Aa2c Type lmp_009 Mass 1.008 Resnr 0 Resname R01 Charge 0.04331
2604 Name 1:R01:Aa2d Type lmp_009 Mass 1.008 Resnr 0 Resname R01 Charge 0.04331
2605 Name 1:R01:Aa2e Type lmp_005 Mass 12.01 Resnr 0 Resname R01 Charge -0.08649
2606 Name 1:R01:Aa2f Type lmp_005 Mass 12.01 Resnr 0 Resname R01 Charge -0.09149
2607 Name 1:R01:Aa30 Type lmp_005 Mass 12.01 Resnr 0 Resname R01 Charge 0.05181
2608 Name 1:R01:Aa31 Type lmp_003 Mass 12.01 Resnr 0 Resname R01 Charge -0.10009
2609 Name 1:R01:Aa32 Type lmp_009 Mass 1.008 Resnr 0 Resname R01 Charge 0.04551
2610 Name 1:R01:Aa33 Type lmp_009 Mass 1.008 Resnr 0 Resname R01 Charge 0.04551
2611 Name 1:R01:Aa34 Type lmp_009 Mass 1.008 Resnr 0 Resname R01 Charge 0.04551
2612 Name 1:R01:Aa35 Type lmp_007 Mass 12.01 Resnr 0 Resname R01 Charge 0.00531
2613 Name 1:R01:Aa36 Type lmp_009 Mass 1.008 Resnr 0 Resname R01 Charge 0.03971
2614 Name 1:R01:Aa37 Type lmp_004 Mass 12.01 Resnr 0 Resname R01 Charge 0.05571
2615 Name 1:R01:Aa38 Type lmp_009 Mass 1.008 Resnr 0 Resname R01 Charge 0.01041
2616 Name 1:R01:Aa39 Type lmp_004 Mass 12.01 Resnr 0 Resname R01 Charge -0.21059
2617 Name 1:R01:Aa3a Type lmp_009 Mass 1.008 Resnr 0 Resname R01 Charge 0.05311
2618 Name 1:R01:Aa3b Type lmp_009 Mass 1.008 Resnr 0 Resname R01 Charge 0.05311
2619 Name 1:R01:Aa3c Type lmp_005 Mass 12.01 Resnr 0 Resname R01 Charge -0.04569
2620 Name 1:R01:Aa3d Type lmp_005 Mass 12.01 Resnr 0 Resname R01 Charge -0.20379
2621 Name 1:R01:Aa3e Type lmp_008 Mass 1.008 Resnr 0 Resname R01 Charge 0.15591
2622 Name 1:R01:Aa3f Type lmp_003 Mass 12.01 Resnr 0 Resname R01 Charge -0.10048
2623 Name 1:R01:Aa40 Type lmp_009 Mass 1.008 Resnr 0 Resname R01 Charge 0.02361
2624 Name 1:R01:Aa41 Type lmp_009 Mass 1.008 Resnr 0 Resname R01 Charge 0.02361
2625 Name 1:R01:Aa42 Type lmp_009 Mass 1.008 Resnr 0 Resname R01 Charge 0.02361
2626 Name 1:R01:Aa43 Type lmp_004 Mass 12.01 Resnr 0 Resname R01 Charge 0.19001
2627 Name 1:R01:Aa44 Type lmp_003 Mass 12.01 Resnr 0 Resname R01 Charge -0.17889
2628 Name 1:R01:Aa45 Type lmp_009 Mass 1.008 Resnr 0 Resname R01 Charge 0.04121
2629 Name 1:R01:Aa46 Type lmp_009 Mass 1.008 Resnr 0 Resname R01 Charge 0.04121
2630 Name 1:R01:Aa47 Type lmp_009 Mass 1.008 Resnr 0 Resname R01 Charge 0.04121
2631 Name 1:R01:Aa48 Type lmp_005 Mass 12.01 Resnr 0 Resname R01 Charge 0.00401
2632 Name 1:R01:Aa49 Type lmp_006 Mass 12.01 Resnr 0 Resname R01 Charge 0.00111
2633 Name 1:R01:Aa4a Type lmp_005 Mass 12.01 Resnr 0 Resname R01 Charge -0.18989
2634 Name 1:R01:Aa4b Type lmp_008 Mass 1.008 Resnr 0 Resname R01 Charge 0.14431
2635 Name 1:R01:Aa4c Type lmp_005 Mass 12.01 Resnr 0 Resname R01 Charge -0.04879
2636 Name 1:R01:Aa4d Type lmp_007 Mass 12.01 Resnr 0 Resname R01 Charge 0.03141
2637 Name 1:R01:Aa4e Type lmp_009 Mass 1.008 Resnr 0 Resname R01 Charge 0.03521
2638 Name 1:R01:Aa4f Type lmp_007 Mass 12.01 Resnr 0 Resname R01 Charge 0.01591
2639 Name 1:R01:Aa50 Type lmp_009 Mass 1.008 Resnr 0 Resname R01 Charge 0.03721
2640 Name 1:R01:Aa51 Type lmp_004 Mass 12.01 Resnr 0 Resname R01 Charge 0.02141
2641 Name 1:R01:Aa52 Type lmp_009 Mass 1.008 Resnr 0 Resname R01 Charge 0.01911
2642 Name 1:R01:Aa53 Type lmp_007 Mass 12.01 Resnr 0 Resname R01 Charge 0.02241
2643 Name 1:R01:Aa54 Type lmp_009 Mass 1.008 Resnr 0 Resname R01 Charge 0.03781
2644 Name 1:R01:Aa55 Type lmp_007 Mass 12.01 Resnr 0 Resname R01 Charge 0.01411
2645 Name 1:R01:Aa56 Type lmp_009 Mass 1.008 Resnr 0 Resname R01 Charge 0.03861
2646 Name 1:R01:Aa57 Type lmp_004 Mass 12.01 Resnr 0 Resname R01 Charge 0.01111
2647 Name 1:R01:Aa58 Type lmp_009 Mass 1.008 Resnr 0 Resname R01 Charge 0.02341
2648 Name 1:R01:Aa59 Type lmp_004 Mass 12.01 Resnr 0 Resname R01 Charge -0.10289
2649 Name 1:R01:Aa5a Type lmp_009 Mass 1.008 Resnr 0 Resname R01 Charge 0.04701
2650 Name 1:R01:Aa5b Type lmp_009 Mass 1.008 Resnr 0 Resname R01 Charge 0.04701
2651 Name 1:R01:Aa5c Type lmp_005 Mass 12.01 Resnr 0 Resname R01 Charge -0.03099
2652 Name 1:R01:Aa5d Type lmp_005 Mass 12.01 Resnr 0 Resname R01 Charge -0.25069
2653 Name 1:R01:Aa5e Type lmp_008 Mass 1.008 Resnr 0 Resname R01 Charge 0.17281
2654 Name 1:R01:Aa5f Type lmp_006 Mass 12.01 Resnr 0 Resname R01 Charge 0.02131
2655 Name 1:R01:Aa60 Type lmp_005 Mass 12.01 Resnr 0 Resname R01 Charge 0.02031
2656 Name 1:R01:Aa61 Type lmp_005 Mass 12.01 Resnr 0 Resname R01 Charge -0.24969
2657 Name 1:R01:Aa62 Type lmp_008 Mass 1.008 Resnr 0 Resname R01 Charge 0.17861
2658 Name 1:R01:Aa63 Type lmp_005 Mass 12.01 Resnr 0 Resname R01 Charge -0.03239
2659 Name 1:R01:Aa64 Type lmp_007 Mass 12.01 Resnr 0 Resname R01 Charge 0.03221
2660 Name 1:R01:Aa65 Type lmp_009 Mass 1.008 Resnr 0 Resname R01 Charge 0.02561
2661 Name 1:R01:Aa66 Type lmp_007 Mass 12.01 Resnr 0 Resname R01 Charge 0.02991
2662 Name 1:R01:Aa67 Type lmp_009 Mass 1.008 Resnr 0 Resname R01 Charge 0.02761
2663 Name 1:R01:Aa68 Type lmp_004 Mass 12.01 Resnr 0 Resname R01 Charge 0.05471
2664 Name 1:R01:Aa69 Type lmp_009 Mass 1.008 Resnr 0 Resname R01 Charge 0.00921
2665 Name 1:R01:Aa6a Type lmp_007 Mass 12.01 Resnr 0 Resname R01 Charge 0.00911
2666 Name 1:R01:Aa6b Type lmp_009 Mass 1.008 Resnr 0 Resname R01 Charge 0.03851
2667 Name 1:R01:Aa6c Type lmp_005 Mass 12.01 Resnr 0 Resname R01 Charge -0.12349
2668 Name 1:R01:Aa6d Type lmp_005 Mass 12.01 Resnr 0 Resname R01 Charge -0.12549
2669 Name 1:R01:Aa6e Type lmp_005 Mass 12.01 Resnr 0 Resname R01 Charge 0.03581
2670 Name 1:R01:Aa6f Type lmp_003 Mass 12.01 Resnr 0 Resname R01 Charge -0.11109
2671 Name 1:R01:Aa70 Type lmp_009 Mass 1.008 Resnr 0 Resname R01 Charge 0.04331
2672 Name 1:R01:Aa71 Type lmp_009 Mass 1.008 Resnr 0 Resname R01 Charge 0.04331
2673 Name 1:R01:Aa72 Type lmp_009 Mass 1.008 Resnr 0 Resname R01 Charge 0.04331
2674 Name 1:R01:Aa73 Type lmp_005 Mass 12.01 Resnr 0 Resname R01 Charge -0.08649
2675 Name 1:R01:Aa74 Type lmp_005 Mass 12.01 Resnr 0 Resname R01 Charge -0.09149
2676 Name 1:R01:Aa75 Type lmp_005 Mass 12.01 Resnr 0 Resname R01 Charge 0.05181
2677 Name 1:R01:Aa76 Type lmp_003 Mass 12.01 Resnr 0 Resname R01 Charge -0.10009
2678 Name 1:R01:Aa77 Type lmp_009 Mass 1.008 Resnr 0 Resname R01 Charge 0.04551
2679 Name 1:R01:Aa78 Type lmp_009 Mass 1.008 Resnr 0 Resname R01 Charge 0.04551
2680 Name 1:R01:Aa79 Type lmp_009 Mass 1.008 Resnr 0 Resname R01 Charge 0.04551
2681 Name 1:R01:Aa7a Type lmp_007 Mass 12.01 Resnr 0 Resname R01 Charge 0.00531
2682 Name 1:R01:Aa7b Type lmp_009 Mass 1.008 Resnr 0 Resname R01 Charge 0.03971
2683 Name 1:R01:Aa7c Type lmp_004 Mass 12.01 Resnr 0 Resname R01 Charge 0.05571
2684 Name 1:R01:Aa7d Type lmp_009 Mass 1.008 Resnr 0 Resname R01 Charge 0.01041
2685 Name 1:R01:Aa7e Type lmp_004 Mass 12.01 Resnr 0 Resname R01 Charge -0.21059
2686 Name 1:R01:Aa7f Type lmp_009 Mass 1.008 Resnr 0 Resname R01 Charge 0.05311
2687 Name 1:R01:Aa80 Type lmp_009 Mass 1.008 Resnr 0 Resname R01 Charge 0.05311
2688 Name 1:R01:Aa81 Type lmp_005 Mass 12.01 Resnr 0 Resname R01 Charge -0.04569
2689 Name 1:R01:Aa82 Type lmp_005 Mass 12.01 Resnr 0 Resname R01 Charge -0.20379
2690 Name 1:R01:Aa83 Type lmp_008 Mass 1.008 Resnr 0 Resname R01 Charge 0.15591
2691 Name 1:R01:Aa84 Type lmp_003 Mass 12.01 Resnr 0 Resname R01 Charge -0.10048
2692 Name 1:R01:Aa85 Type lmp_009 Mass 1.008 Resnr 0 Resname R01 Charge 0.02361
2693 Name 1:R01:Aa86 Type lmp_009 Mass 1.008 Resnr 0 Resname R01 Charge 0.02361
2694 Name 1:R01:Aa87 Type lmp_009 Mass 1.008 Resnr 0 Resname R01 Charge 0.02361
2695 Name 1:R01:Aa88 Type lmp_004 Mass 12.01 Resnr 0 Resname R01 Charge 0.19001
2696 Name 1:R01:Aa89 Type lmp_003 Mass 12.01 Resnr 0 Resname R01 Charge -0.17889
2697 Name 1:R01:Aa8a Type lmp_009 Mass 1.008 Resnr 0 Resname R01 Charge 0.04121
2698 Name 1:R01:Aa8b Type lmp_009 Mass 1.008 Resnr 0 Resname R01 Charge 0.04121
2699 Name 1:R01:Aa8c Type lmp_009 Mass 1.008 Resnr 0 Resname R01 Charge 0.04121
2700 Name 1:R01:Aa8d Type lmp_005 Mass 12.01 Resnr 0 Resname R01 Charge 0.00401
2701 Name 1:R01:Aa8e Type lmp_006 Mass 12.01 Resnr 0 Resname R01 Charge 0.00111
2702 Name 1:R01:Aa8f Type lmp_005 Mass 12.01 Resnr 0 Resname R01 Charge -0.18989
2703 Name 1:R01:Aa90 Type lmp_008 Mass 1.008 Resnr 0 Resname R01 Charge 0.14431
2704 Name 1:R01:Aa91 Type lmp_005 Mass 12.01 Resnr 0 Resname R01 Charge -0.04879
2705 Name 1:R01:Aa92 Type lmp_007 Mass 12.01 Resnr 0 Resname R01 Charge 0.03141
2706 Name 1:R01:Aa93 Type lmp_009 Mass 1.008 Resnr 0 Resname R01 Charge 0.03521
2707 Name 1:R01:Aa94 Type lmp_007 Mass 12.01 Resnr 0 Resname R01 Charge 0.01591
2708 Name 1:R01:Aa95 Type lmp_009 Mass 1.008 Resnr 0 Resname R01 Charge 0.03721
2709 Name 1:R01:Aa96 Type lmp_004 Mass 12.01 Resnr 0 Resname R01 Charge 0.02141
2710 Name 1:R01:Aa97 Type lmp_009 Mass 1.008 Resnr 0 Resname R01 Charge 0.01911
2711 Name 1:R01:Aa98 Type lmp_007 Mass 12.01 Resnr 0 Resname R01 Charge 0.02241
2712 Name 1:R01:Aa99 Type lmp_009 Mass 1.008 Resnr 0 Resname R01 Charge 0.03781
2713 Name 1:R01:Aa9a Type lmp_007 Mass 12.01 Resnr 0 Resname R01 Charge 0.01411
2714 Name 1:R01:Aa9b Type lmp_009 Mass 1.008 Resnr 0 Resname R01 Charge 0.03861
2715 Name 1:R01:Aa9c Type lmp_004 Mass 12.01 Resnr 0 Resname R01 Charge 0.01111
2716 Name 1:R01:Aa9d Type lmp_009 Mass 1.008 Resnr 0 Resname R01 Charge 0.02341
2717 Name 1:R01:Aa9e Type lmp_004 Mass 12.01 Resnr 0 Resname R01 Charge -0.10289
2718 Name 1:R01:Aa9f Type lmp_009 Mass 1.008 Resnr 0 Resname R01 Charge 0.04701
2719 Name 1:R01:Aaa0 Type lmp_009 Mass 1.008 Resnr 0 Resname R01 Charge 0.04701
2720 Name 1:R01:Aaa1 Type lmp_005 Mass 12.01 Resnr 0 Resname R01 Charge -0.03099
2721 Name 1:R01:Aaa2 Type lmp_005 Mass 12.01 Resnr 0 Resname R01 Charge -0.25069
2722 Name 1:R01:Aaa3 Type lmp_008 Mass 1.008 Resnr 0 Resname R01 Charge 0.17281
2723 Name 1:R01:Aaa4 Type lmp_006 Mass 12.01 Resnr 0 Resname R01 Charge 0.02131
2724 Name 1:R01:Aaa5 Type lmp_005 Mass 12.01 Resnr 0 Resname R01 Charge 0.02031
2725 Name 1:R01:Aaa6 Type lmp_005 Mass 12.01 Resnr 0 Resname R01 Charge -0.24969
2726 Name 1:R01:Aaa7 Type lmp_008 Mass 1.008 Resnr 0 Resname R01 Charge 0.17861
2727 Name 1:R01:Aaa8 Type lmp_005 Mass 12.01 Resnr 0 Resname R01 Charge -0.03239
2728 Name 1:R01:Aaa9 Type lmp_007 Mass 12.01 Resnr 0 Resname R01 Charge 0.03221
2729 Name 1:R01:Aaaa Type lmp_009 Mass 1.008 Resnr 0 Resname R01 Charge 0.02561
2730 Name 1:R01:Aaab Type lmp_007 Mass 12.01 Resnr 0 Resname R01 Charge 0.02991
2731 Name 1:R01:Aaac Type lmp_009 Mass 1.008 Resnr 0 Resname R01 Charge 0.02761
2732 Name 1:R01:Aaad Type lmp_004 Mass 12.01 Resnr 0 Resname R01 Charge 0.05471
2733 Name 1:R01:Aaae Type lmp_009 Mass 1.008 Resnr 0 Resname R01 Charge 0.00921
2734 Name 1:R01:Aaaf Type lmp_007 Mass 12.01 Resnr 0 Resname R01 Charge 0.00911
2735 Name 1:R01:Aab0 Type lmp_009 Mass 1.008 Resnr 0 Resname R01 Charge 0.03851
2736 Name 1:R01:Aab1 Type lmp_005 Mass 12.01 Resnr 0 Resname R01 Charge -0.12349
2737 Name 1:R01:Aab2 Type lmp_005 Mass 12.01 Resnr 0 Resname R01 Charge -0.12549
2738 Name 1:R01:Aab3 Type lmp_005 Mass 12.01 Resnr 0 Resname R01 Charge 0.03581
2739 Name 1:R01:Aab4 Type lmp_003 Mass 12.01 Resnr 0 Resname R01 Charge -0.11109
2740 Name 1:R01:Aab5 Type lmp_009 Mass 1.008 Resnr 0 Resname R01 Charge 0.04331
2741 Name 1:R01:Aab6 Type lmp_009 Mass 1.008 Resnr 0 Resname R01 Charge 0.04331
2742 Name 1:R01:Aab7 Type lmp_009 Mass 1.008 Resnr 0 Resname R01 Charge 0.04331
2743 Name 1:R01:Aab8 Type lmp_005 Mass 12.01 Resnr 0 Resname R01 Charge -0.08649
2744 Name 1:R01:Aab9 Type lmp_005 Mass 12.01 Resnr 0 Resname R01 Charge -0.09149
2745 Name 1:R01:Aaba Type lmp_005 Mass 12.01 Resnr 0 Resname R01 Charge 0.05181
2746 Name 1:R01:Aabb Type lmp_003 Mass 12.01 Resnr 0 Resname R01 Charge -0.10009
2747 Name 1:R01:Aabc Type lmp_009 Mass 1.008 Resnr 0 Resname R01 Charge 0.04551
2748 Name 1:R01:Aabd Type lmp_009 Mass 1.008 Resnr 0 Resname R01 Charge 0.04551
2749 Name 1:R01:Aabe Type lmp_009 Mass 1.008 Resnr 0 Resname R01 Charge 0.04551
2750 Name 1:R01:Aabf Type lmp_007 Mass 12.01 Resnr 0 Resname R01 Charge 0.00531
2751 Name 1:R01:Aac0 Type lmp_009 Mass 1.008 Resnr 0 Resname R01 Charge 0.03971
2752 Name 1:R01:Aac1 Type lmp_004 Mass 12.01 Resnr 0 Resname R01 Charge 0.05571
2753 Name 1:R01:Aac2 Type lmp_009 Mass 1.008 Resnr 0 Resname R01 Charge 0.01041
2754 Name 1:R01:Aac3 Type lmp_004 Mass 12.01 Resnr 0 Resname R01 Charge -0.21059
2755 Name 1:R01:Aac4 Type lmp_009 Mass 1.008 Resnr 0 Resname R01 Charge 0.05311
2756 Name 1:R01:Aac5 Type lmp_009 Mass 1.008 Resnr 0 Resname R01 Charge 0.05311
2757 Name 1:R01:Aac6 Type lmp_005 Mass 12.01 Resnr 0 Resname R01 Charge -0.04569
2758 Name 1:R01:Aac7 Type lmp_005 Mass 12.01 Resnr 0 Resname R01 Charge -0.20379
2759 Name 1:R01:Aac8 Type lmp_008 Mass 1.008 Resnr 0 Resname R01 Charge 0.15591
2760 Name 1:R01:Aac9 Type lmp_003 Mass 12.01 Resnr 0 Resname R01 Charge -0.10048
2761 Name 1:R01:Aaca Type lmp_009 Mass 1.008 Resnr 0 Resname R01 Charge 0.02361
2762 Name 1:R01:Aacb Type lmp_009 Mass 1.008 Resnr 0 Resname R01 Charge 0.02361
2763 Name 1:R01:Aacc Type lmp_009 Mass 1.008 Resnr 0 Resname R01 Charge 0.02361
2764 Name 1:R01:Aacd Type lmp_004 Mass 12.01 Resnr 0 Resname R01 Charge 0.19001
2765 Name 1:R01:Aace Type lmp_003 Mass 12.01 Resnr 0 Resname R01 Charge -0.17889
2766 Name 1:R01:Aacf Type lmp_009 Mass 1.008 Resnr 0 Resname R01 Charge 0.04121
2767 Name 1:R01:Aad0 Type lmp_009 Mass 1.008 Resnr 0 Resname R01 Charge 0.04121
2768 Name 1:R01:Aad1 Type lmp_009 Mass 1.008 Resnr 0 Resname R01 Charge 0.04121
2769 Name 1:R01:Aad2 Type lmp_005 Mass 12.01 Resnr 0 Resname R01 Charge 0.00401
2770 Name 1:R01:Aad3 Type lmp_006 Mass 12.01 Resnr 0 Resname R01 Charge 0.00111
2771 Name 1:R01:Aad4 Type lmp_005 Mass 12.01 Resnr 0 Resname R01 Charge -0.18989
2772 Name 1:R01:Aad5 Type lmp_008 Mass 1.008 Resnr 0 Resname R01 Charge 0.14431
2773 Name 1:R01:Aad6 Type lmp_005 Mass 12.01 Resnr 0 Resname R01 Charge -0.04879
2774 Name 1:R01:Aad7 Type lmp_007 Mass 12.01 Resnr 0 Resname R01 Charge 0.03141
2775 Name 1:R01:Aad8 Type lmp_009 Mass 1.008 Resnr 0 Resname R01 Charge 0.03521
2776 Name 1:R01:Aad9 Type lmp_007 Mass 12.01 Resnr 0 Resname R01 Charge 0.01591
2777 Name 1:R01:Aada Type lmp_009 Mass 1.008 Resnr 0 Resname R01 Charge 0.03721
2778 Name 1:R01:Aadb Type lmp_004 Mass 12.01 Resnr 0 Resname R01 Charge 0.02141
2779 Name 1:R01:Aadc Type lmp_009 Mass 1.008 Resnr 0 Resname R01 Charge 0.01911
2780 Name 1:R01:Aadd Type lmp_007 Mass 12.01 Resnr 0 Resname R01 Charge 0.02241
2781 Name 1:R01:Aade Type lmp_009 Mass 1.008 Resnr 0 Resname R01 Charge 0.03781
2782 Name 1:R01:Aadf Type lmp_007 Mass 12.01 Resnr 0 Resname R01 Charge 0.01411
2783 Name 1:R01:Aae0 Type lmp_009 Mass 1.008 Resnr 0 Resname R01 Charge 0.03861
2784 Name 1:R01:Aae1 Type lmp_004 Mass 12.01 Resnr 0 Resname R01 Charge 0.01111
2785 Name 1:R01:Aae2 Type lmp_009 Mass 1.008 Resnr 0 Resname R01 Charge 0.02341
2786 Name 1:R01:Aae3 Type lmp_004 Mass 12.01 Resnr 0 Resname R01 Charge -0.10289
2787 Name 1:R01:Aae4 Type lmp_009 Mass 1.008 Resnr 0 Resname R01 Charge 0.04701
2788 Name 1:R01:Aae5 Type lmp_009 Mass 1.008 Resnr 0 Resname R01 Charge 0.04701
2789 Name 1:R01:Aae6 Type lmp_005 Mass 12.01 Resnr 0 Resname R01 Charge -0.03099
2790 Name 1:R01:Aae7 Type lmp_005 Mass 12.01 Resnr 0 Resname R01 Charge -0.25069
2791 Name 1:R01:Aae8 Type lmp_008 Mass 1.008 Resnr 0 Resname R01 Charge 0.17281
2792 Name 1:R01:Aae9 Type lmp_006 Mass 12.01 Resnr 0 Resname R01 Charge 0.02131
2793 Name 1:R01:Aaea Type lmp_005 Mass 12.01 Resnr 0 Resname R01 Charge 0.02031
2794 Name 1:R01:Aaeb Type lmp_005 Mass 12.01 Resnr 0 Resname R01 Charge -0.24969
2795 Name 1:R01:Aaec Type lmp_008 Mass 1.008 Resnr 0 Resname R01 Charge 0.17861
2796 Name 1:R01:Aaed Type lmp_005 Mass 12.01 Resnr 0 Resname R01 Charge -0.03239
2797 Name 1:R01:Aaee Type lmp_007 Mass 12.01 Resnr 0 Resname R01 Charge 0.03221
2798 Name 1:R01:Aaef Type lmp_009 Mass 1.008 Resnr 0 Resname R01 Charge 0.02561
2799 Name 1:R01:Aaf0 Type lmp_007 Mass 12.01 Resnr 0 Resname R01 Charge 0.02991
2800 Name 1:R01:Aaf1 Type lmp_009 Mass 1.008 Resnr 0 Resname R01 Charge 0.02761
2801 Name 1:R01:Aaf2 Type lmp_004 Mass 12.01 Resnr 0 Resname R01 Charge 0.05471
2802 Name 1:R01:Aaf3 Type lmp_009 Mass 1.008 Resnr 0 Resname R01 Charge 0.00921
2803 Name 1:R01:Aaf4 Type lmp_007 Mass 12.01 Resnr 0 Resname R01 Charge 0.00911
2804 Name 1:R01:Aaf5 Type lmp_009 Mass 1.008 Resnr 0 Resname R01 Charge 0.03851
2805 Name 1:R01:Aaf6 Type lmp_005 Mass 12.01 Resnr 0 Resname R01 Charge -0.12349
2806 Name 1:R01:Aaf7 Type lmp_005 Mass 12.01 Resnr 0 Resname R01 Charge -0.12549
2807 Name 1:R01:Aaf8 Type lmp_005 Mass 12.01 Resnr 0 Resname R01 Charge 0.03581
2808 Name 1:R01:Aaf9 Type lmp_003 Mass 12.01 Resnr 0 Resname R01 Charge -0.11109
2809 Name 1:R01:Aafa Type lmp_009 Mass 1.008 Resnr 0 Resname R01 Charge 0.04331
2810 Name 1:R01:Aafb Type lmp_009 Mass 1.008 Resnr 0 Resname R01 Charge 0.04331
2811 Name 1:R01:Aafc Type lmp_009 Mass 1.008 Resnr 0 Resname R01 Charge 0.04331
2812 Name 1:R01:Aafd Type lmp_002 Mass 12.01 Resnr 0 Resname R01 Charge -0.08649
2813 Name 1:R01:Aafe Type lmp_002 Mass 12.01 Resnr 0 Resname R01 Charge -0.09149
2814 Name 1:R01:Aaff Type lmp_005 Mass 12.01 Resnr 0 Resname R01 Charge 0.05181
2815 Name 1:R01:Ab00 Type lmp_003 Mass 12.01 Resnr 0 Resname R01 Charge -0.10009
2816 Name 1:R01:Ab01 Type lmp_009 Mass 1.008 Resnr 0 Resname R01 Charge 0.04551
2817 Name 1:R01:Ab02 Type lmp_009 Mass 1.008 Resnr 0 Resname R01 Charge 0.04551
2818 Name 1:R01:Ab03 Type lmp_009 Mass 1.008 Resnr 0 Resname R01 Charge 0.04551
2819 Name 1:R01:Ab04 Type lmp_007 Mass 12.01 Resnr 0 Resname R01 Charge 0.00531
2820 Name 1:R01:Ab05 Type lmp_009 Mass 1.008 Resnr 0 Resname R01 Charge 0.03971
2821 Name 1:R01:Ab06 Type lmp_004 Mass 12.01 Resnr 0 Resname R01 Charge 0.05571
2822 Name 1:R01:Ab07 Type lmp_009 Mass 1.008 Resnr 0 Resname R01 Charge 0.01041
2823 Name 1:R01:Ab08 Type lmp_004 Mass 12.01 Resnr 0 Resname R01 Charge -0.21059
2824 Name 1:R01:Ab09 Type lmp_009 Mass 1.008 Resnr 0 Resname R01 Charge 0.05311
2825 Name 1:R01:Ab0a Type lmp_009 Mass 1.008 Resnr 0 Resname R01 Charge 0.05311
2826 Name 1:R01:Ab0b Type lmp_005 Mass 12.01 Resnr 0 Resname R01 Charge -0.04569
2827 Name 1:R01:Ab0c Type lmp_005 Mass 12.01 Resnr 0 Resname R01 Charge -0.20379
2828 Name 1:R01:Ab0d Type lmp_008 Mass 1.008 Resnr 0 Resname R01 Charge 0.15591
2829 Name 1:R01:Ab0e Type lmp_003 Mass 12.01 Resnr 0 Resname R01 Charge -0.10048
2830 Name 1:R01:Ab0f Type lmp_009 Mass 1.008 Resnr 0 Resname R01 Charge 0.02361
2831 Name 1:R01:Ab10 Type lmp_009 Mass 1.008 Resnr 0 Resname R01 Charge 0.02361
2832 Name 1:R01:Ab11 Type lmp_009 Mass 1.008 Resnr 0 Resname R01 Charge 0.02361
2833 Name 1:R01:Ab12 Type lmp_004 Mass 12.01 Resnr 0 Resname R01 Charge 0.19001
2834 Name 1:R01:Ab13 Type lmp_003 Mass 12.01 Resnr 0 Resname R01 Charge -0.17889
2835 Name 1:R01:Ab14 Type lmp_009 Mass 1.008 Resnr 0 Resname R01 Charge 0.04121
2836 Name 1:R01:Ab15 Type lmp_009 Mass 1.008 Resnr 0 Resname R01 Charge 0.04121
2837 Name 1:R01:Ab16 Type lmp_009 Mass 1.008 Resnr 0 Resname R01 Charge 0.04121
2838 Name 1:R01:Ab17 Type lmp_005 Mass 12.01 Resnr 0 Resname R01 Charge 0.00401
2839 Name 1:R01:Ab18 Type lmp_006 Mass 12.01 Resnr 0 Resname R01 Charge 0.00111
2840 Name 1:R01:Ab19 Type lmp_005 Mass 12.01 Resnr 0 Resname R01 Charge -0.18989
2841 Name 1:R01:Ab1a Type lmp_008 Mass 1.008 Resnr 0 Resname R01 Charge 0.14431
2842 Name 1:R01:Ab1b Type lmp_005 Mass 12.01 Resnr 0 Resname R01 Charge -0.04879
2843 Name 1:R01:Ab1c Type lmp_007 Mass 12.01 Resnr 0 Resname R01 Charge 0.03141
2844 Name 1:R01:Ab1d Type lmp_009 Mass 1.008 Resnr 0 Resname R01 Charge 0.03521
2845 Name 1:R01:Ab1e Type lmp_007 Mass 12.01 Resnr 0 Resname R01 Charge 0.01591
2846 Name 1:R01:Ab1f Type lmp_009 Mass 1.008 Resnr 0 Resname R01 Charge 0.03721
2847 Name 1:R01:Ab20 Type lmp_004 Mass 12.01 Resnr 0 Resname R01 Charge 0.02141
2848 Name 1:R01:Ab21 Type lmp_009 Mass 1.008 Resnr 0 Resname R01 Charge 0.01911
2849 Name 1:R01:Ab22 Type lmp_007 Mass 12.01 Resnr 0 Resname R01 Charge 0.02241
2850 Name 1:R01:Ab23 Type lmp_009 Mass 1.008 Resnr 0 Resname R01 Charge 0.03781
2851 Name 1:R01:Ab24 Type lmp_007 Mass 12.01 Resnr 0 Resname R01 Charge 0.01411
2852 Name 1:R01:Ab25 Type lmp_009 Mass 1.008 Resnr 0 Resname R01 Charge 0.03861
2853 Name 1:R01:Ab26 Type lmp_004 Mass 12.01 Resnr 0 Resname R01 Charge 0.01111
2854 Name 1:R01:Ab27 Type lmp_009 Mass 1.008 Resnr 0 Resname R01 Charge 0.02341
2855 Name 1:R01:Ab28 Type lmp_004 Mass 12.01 Resnr 0 Resname R01 Charge -0.10289
2856 Name 1:R01:Ab29 Type lmp_009 Mass 1.008 Resnr 0 Resname R01 Charge 0.04701
2857 Name 1:R01:Ab2a Type lmp_009 Mass 1.008 Resnr 0 Resname R01 Charge 0.04701
2858 Name 1:R01:Ab2b Type lmp_005 Mass 12.01 Resnr 0 Resname R01 Charge -0.03099
2859 Name 1:R01:Ab2c Type lmp_005 Mass 12.01 Resnr 0 Resname R01 Charge -0.25069
2860 Name 1:R01:Ab2d Type lmp_008 Mass 1.008 Resnr 0 Resname R01 Charge 0.17281
2861 Name 1:R01:Ab2e Type lmp_006 Mass 12.01 Resnr 0 Resname R01 Charge 0.02131
2862 Name 1:R01:Ab2f Type lmp_005 Mass 12.01 Resnr 0 Resname R01 Charge 0.02031
2863 Name 1:R01:Ab30 Type lmp_005 Mass 12.01 Resnr 0 Resname R01 Charge -0.24969
2864 Name 1:R01:Ab31 Type lmp_008 Mass 1.008 Resnr 0 Resname R01 Charge 0.17861
2865 Name 1:R01:Ab32 Type lmp_005 Mass 12.01 Resnr 0 Resname R01 Charge -0.03239
2866 Name 1:R01:Ab33 Type lmp_007 Mass 12.01 Resnr 0 Resname R01 Charge 0.03221
2867 Name 1:R01:Ab34 Type lmp_009 Mass 1.008 Resnr 0 Resname R01 Charge 0.02561
2868 Name 1:R01:Ab35 Type lmp_007 Mass 12.01 Resnr 0 Resname R01 Charge 0.02991
2869 Name 1:R01:Ab36 Type lmp_009 Mass 1.008 Resnr 0 Resname R01 Charge 0.02761
2870 Name 1:R01:Ab37 Type lmp_004 Mass 12.01 Resnr 0 Resname R01 Charge 0.05471
2871 Name 1:R01:Ab38 Type lmp_009 Mass 1.008 Resnr 0 Resname R01 Charge 0.00921
2872 Name 1:R01:Ab39 Type lmp_007 Mass 12.01 Resnr 0 Resname R01 Charge 0.00911
2873 Name 1:R01:Ab3a Type lmp_009 Mass 1.008 Resnr 0 Resname R01 Charge 0.03851
2874 Name 1:R01:Ab3b Type lmp_005 Mass 12.01 Resnr 0 Resname R01 Charge -0.12349
2875 Name 1:R01:Ab3c Type lmp_005 Mass 12.01 Resnr 0 Resname R01 Charge -0.12549
2876 Name 1:R01:Ab3d Type lmp_005 Mass 12.01 Resnr 0 Resname R01 Charge 0.03581
2877 Name 1:R01:Ab3e Type lmp_003 Mass 12.01 Resnr 0 Resname R01 Charge -0.11109
2878 Name 1:R01:Ab3f Type lmp_009 Mass 1.008 Resnr 0 Resname R01 Charge 0.04331
2879 Name 1:R01:Ab40 Type lmp_009 Mass 1.008 Resnr 0 Resname R01 Charge 0.04331
2880 Name 1:R01:Ab41 Type lmp_009 Mass 1.008 Resnr 0 Resname R01 Charge 0.04331
2881 Name 1:R01:Ab42 Type lmp_005 Mass 12.01 Resnr 0 Resname R01 Charge -0.08649
2882 Name 1:R01:Ab43 Type lmp_005 Mass 12.01 Resnr 0 Resname R01 Charge -0.09149
2883 Name 1:R01:Ab44 Type lmp_005 Mass 12.01 Resnr 0 Resname R01 Charge 0.05181
2884 Name 1:R01:Ab45 Type lmp_003 Mass 12.01 Resnr 0 Resname R01 Charge -0.10009
2885 Name 1:R01:Ab46 Type lmp_009 Mass 1.008 Resnr 0 Resname R01 Charge 0.04551
2886 Name 1:R01:Ab47 Type lmp_009 Mass 1.008 Resnr 0 Resname R01 Charge 0.04551
2887 Name 1:R01:Ab48 Type lmp_009 Mass 1.008 Resnr 0 Resname R01 Charge 0.04551
2888 Name 1:R01:Ab49 Type lmp_007 Mass 12.01 Resnr 0 Resname R01 Charge 0.00531
2889 Name 1:R01:Ab4a Type lmp_009 Mass 1.008 Resnr 0 Resname R01 Charge 0.03971
2890 Name 1:R01:Ab4b Type lmp_004 Mass 12.01 Resnr 0 Resname R01 Charge 0.05571
2891 Name 1:R01:Ab4c Type lmp_009 Mass 1.008 Resnr 0 Resname R01 Charge 0.01041
2892 Name 1:R01:Ab4d Type lmp_004 Mass 12.01 Resnr 0 Resname R01 Charge -0.21059
2893 Name 1:R01:Ab4e Type lmp_009 Mass 1.008 Resnr 0 Resname R01 Charge 0.05311
2894 Name 1:R01:Ab4f Type lmp_009 Mass 1.008 Resnr 0 Resname R01 Charge 0.05311
2895 Name 1:R01:Ab50 Type lmp_005 Mass 12.01 Resnr 0 Resname R01 Charge -0.04569
2896 Name 1:R01:Ab51 Type lmp_005 Mass 12.01 Resnr 0 Resname R01 Charge -0.20379
2897 Name 1:R01:Ab52 Type lmp_008 Mass 1.008 Resnr 0 Resname R01 Charge 0.15591
2898 Name 1:R01:Ab53 Type lmp_003 Mass 12.01 Resnr 0 Resname R01 Charge -0.10048
2899 Name 1:R01:Ab54 Type lmp_009 Mass 1.008 Resnr 0 Resname R01 Charge 0.02361
2900 Name 1:R01:Ab55 Type lmp_009 Mass 1.008 Resnr 0 Resname R01 Charge 0.02361
2901 Name 1:R01:Ab56 Type lmp_009 Mass 1.008 Resnr 0 Resname R01 Charge 0.02361
2902 Name 1:R01:Ab57 Type lmp_004 Mass 12.01 Resnr 0 Resname R01 Charge 0.19001
2903 Name 1:R01:Ab58 Type lmp_003 Mass 12.01 Resnr 0 Resname R01 Charge -0.17889
2904 Name 1:R01:Ab59 Type lmp_009 Mass 1.008 Resnr 0 Resname R01 Charge 0.04121
2905 Name 1:R01:Ab5a Type lmp_009 Mass 1.008 Resnr 0 Resname R01 Charge 0.04121
2906 Name 1:R01:Ab5b Type lmp_009 Mass 1.008 Resnr 0 Resname R01 Charge 0.04121
2907 Name 1:R01:Ab5c Type lmp_005 Mass 12.01 Resnr 0 Resname R01 Charge 0.00401
2908 Name 1:R01:Ab5d Type lmp_006 Mass 12.01 Resnr 0 Resname R01 Charge 0.00111
2909 Name 1:R01:Ab5e Type lmp_005 Mass 12.01 Resnr 0 Resname R01 Charge -0.18989
2910 Name 1:R01:Ab5f Type lmp_008 Mass 1.008 Resnr 0 Resname R01 Charge 0.14431
2911 Name 1:R01:Ab60 Type lmp_005 Mass 12.01 Resnr 0 Resname R01 Charge -0.04879
2912 Name 1:R01:Ab61 Type lmp_007 Mass 12.01 Resnr 0 Resname R01 Charge 0.03141
2913 Name 1:R01:Ab62 Type lmp_009 Mass 1.008 Resnr 0 Resname R01 Charge 0.03521
2914 Name 1:R01:Ab63 Type lmp_007 Mass 12.01 Resnr 0 Resname R01 Charge 0.01591
2915 Name 1:R01:Ab64 Type lmp_009 Mass 1.008 Resnr 0 Resname R01 Charge 0.03721
2916 Name 1:R01:Ab65 Type lmp_004 Mass 12.01 Resnr 0 Resname R01 Charge 0.02141
2917 Name 1:R01:Ab66 Type lmp_009 Mass 1.008 Resnr 0 Resname R01 Charge 0.01911
2918 Name 1:R01:Ab67 Type lmp_007 Mass 12.01 Resnr 0 Resname R01 Charge 0.02241
2919 Name 1:R01:Ab68 Type lmp_009 Mass 1.008 Resnr 0 Resname R01 Charge 0.03781
2920 Name 1:R01:Ab69 Type lmp_007 Mass 12.01 Resnr 0 Resname R01 Charge 0.01411
2921 Name 1:R01:Ab6a Type lmp_009 Mass 1.008 Resnr 0 Resname R01 Charge 0.03861
2922 Name 1:R01:Ab6b Type lmp_004 Mass 12.01 Resnr 0 Resname R01 Charge 0.01111
2923 Name 1:R01:Ab6c Type lmp_009 Mass 1.008 Resnr 0 Resname R01 Charge 0.02341
2924 Name 1:R01:Ab6d Type lmp_004 Mass 12.01 Resnr 0 Resname R01 Charge -0.10289
2925 Name 1:R01:Ab6e Type lmp_009 Mass 1.008 Resnr 0 Resname R01 Charge 0.04701
2926 Name 1:R01:Ab6f Type lmp_009 Mass 1.008 Resnr 0 Resname R01 Charge 0.04701
2927 Name 1:R01:Ab70 Type lmp_005 Mass 12.01 Resnr 0 Resname R01 Charge -0.03099
2928 Name 1:R01:Ab71 Type lmp_005 Mass 12.01 Resnr 0 Resname R01 Charge -0.25069
2929 Name 1:R01:Ab72 Type lmp_008 Mass 1.008 Resnr 0 Resname R01 Charge 0.17281
2930 Name 1:R01:Ab73 Type lmp_006 Mass 12.01 Resnr 0 Resname R01 Charge 0.02131
2931 Name 1:R01:Ab74 Type lmp_005 Mass 12.01 Resnr 0 Resname R01 Charge 0.02031
2932 Name 1:R01:Ab75 Type lmp_005 Mass 12.01 Resnr 0 Resname R01 Charge -0.24969
2933 Name 1:R01:Ab76 Type lmp_008 Mass 1.008 Resnr 0 Resname R01 Charge 0.17861
2934 Name 1:R01:Ab77 Type lmp_005 Mass 12.01 Resnr 0 Resname R01 Charge -0.03239
2935 Name 1:R01:Ab78 Type lmp_007 Mass 12.01 Resnr 0 Resname R01 Charge 0.03221
2936 Name 1:R01:Ab79 Type lmp_009 Mass 1.008 Resnr 0 Resname R01 Charge 0.02561
2937 Name 1:R01:Ab7a Type lmp_007 Mass 12.01 Resnr 0 Resname R01 Charge 0.02991
2938 Name 1:R01:Ab7b Type lmp_009 Mass 1.008 Resnr 0 Resname R01 Charge 0.02761
2939 Name 1:R01:Ab7c Type lmp_004 Mass 12.01 Resnr 0 Resname R01 Charge 0.05471
2940 Name 1:R01:Ab7d Type lmp_009 Mass 1.008 Resnr 0 Resname R01 Charge 0.00921
2941 Name 1:R01:Ab7e Type lmp_007 Mass 12.01 Resnr 0 Resname R01 Charge 0.00911
2942 Name 1:R01:Ab7f Type lmp_009 Mass 1.008 Resnr 0 Resname R01 Charge 0.03851
2943 Name 1:R01:Ab80 Type lmp_005 Mass 12.01 Resnr 0 Resname R01 Charge -0.12349
2944 Name 1:R01:Ab81 Type lmp_005 Mass 12.01 Resnr 0 Resname R01 Charge -0.12549
2945 Name 1:R01:Ab82 Type lmp_005 Mass 12.01 Resnr 0 Resname R01 Charge 0.03581
2946 Name 1:R01:Ab83 Type lmp_003 Mass 12.01 Resnr 0 Resname R01 Charge -0.11109
2947 Name 1:R01:Ab84 Type lmp_009 Mass 1.008 Resnr 0 Resname R01 Charge 0.04331
2948 Name 1:R01:Ab85 Type lmp_009 Mass 1.008 Resnr 0 Resname R01 Charge 0.04331
2949 Name 1:R01:Ab86 Type lmp_009 Mass 1.008 Resnr 0 Resname R01 Charge 0.04331
2950 Name 1:R01:Ab87 Type lmp_005 Mass 12.01 Resnr 0 Resname R01 Charge -0.08649
2951 Name 1:R01:Ab88 Type lmp_005 Mass 12.01 Resnr 0 Resname R01 Charge -0.09149
2952 Name 1:R01:Ab89 Type lmp_005 Mass 12.01 Resnr 0 Resname R01 Charge 0.05181
2953 Name 1:R01:Ab8a Type lmp_003 Mass 12.01 Resnr 0 Resname R01 Charge -0.10009
2954 Name 1:R01:Ab8b Type lmp_009 Mass 1.008 Resnr 0 Resname R01 Charge 0.04551
2955 Name 1:R01:Ab8c Type lmp_009 Mass 1.008 Resnr 0 Resname R01 Charge 0.04551
2956 Name 1:R01:Ab8d Type lmp_009 Mass 1.008 Resnr 0 Resname R01 Charge 0.04551
2957 Name 1:R01:Ab8e Type lmp_007 Mass 12.01 Resnr 0 Resname R01 Charge 0.00531
2958 Name 1:R01:Ab8f Type lmp_009 Mass 1.008 Resnr 0 Resname R01 Charge 0.03971
2959 Name 1:R01:Ab90 Type lmp_004 Mass 12.01 Resnr 0 Resname R01 Charge 0.05571
2960 Name 1:R01:Ab91 Type lmp_009 Mass 1.008 Resnr 0 Resname R01 Charge 0.01041
2961 Name 1:R01:Ab92 Type lmp_004 Mass 12.01 Resnr 0 Resname R01 Charge -0.21059
2962 Name 1:R01:Ab93 Type lmp_009 Mass 1.008 Resnr 0 Resname R01 Charge 0.05311
2963 Name 1:R01:Ab94 Type lmp_009 Mass 1.008 Resnr 0 Resname R01 Charge 0.05311
2964 Name 1:R01:Ab95 Type lmp_005 Mass 12.01 Resnr 0 Resname R01 Charge -0.04569
2965 Name 1:R01:Ab96 Type lmp_005 Mass 12.01 Resnr 0 Resname R01 Charge -0.20379
2966 Name 1:R01:Ab97 Type lmp_008 Mass 1.008 Resnr 0 Resname R01 Charge 0.15591
2967 Name 1:R01:Ab98 Type lmp_003 Mass 12.01 Resnr 0 Resname R01 Charge -0.10048
2968 Name 1:R01:Ab99 Type lmp_009 Mass 1.008 Resnr 0 Resname R01 Charge 0.02361
2969 Name 1:R01:Ab9a Type lmp_009 Mass 1.008 Resnr 0 Resname R01 Charge 0.02361
2970 Name 1:R01:Ab9b Type lmp_009 Mass 1.008 Resnr 0 Resname R01 Charge 0.02361
2971 Name 1:R01:Ab9c Type lmp_004 Mass 12.01 Resnr 0 Resname R01 Charge 0.19001
2972 Name 1:R01:Ab9d Type lmp_003 Mass 12.01 Resnr 0 Resname R01 Charge -0.17889
2973 Name 1:R01:Ab9e Type lmp_009 Mass 1.008 Resnr 0 Resname R01 Charge 0.04121
2974 Name 1:R01:Ab9f Type lmp_009 Mass 1.008 Resnr 0 Resname R01 Charge 0.04121
2975 Name 1:R01:Aba0 Type lmp_009 Mass 1.008 Resnr 0 Resname R01 Charge 0.04121
2976 Name 1:R01:Aba1 Type lmp_005 Mass 12.01 Resnr 0 Resname R01 Charge 0.00401
2977 Name 1:R01:Aba2 Type lmp_006 Mass 12.01 Resnr 0 Resname R01 Charge 0.00111
2978 Name 1:R01:Aba3 Type lmp_005 Mass 12.01 Resnr 0 Resname R01 Charge -0.18989
2979 Name 1:R01:Aba4 Type lmp_008 Mass 1.008 Resnr 0 Resname R01 Charge 0.14431
2980 Name 1:R01:Aba5 Type lmp_005 Mass 12.01 Resnr 0 Resname R01 Charge -0.04879
2981 Name 1:R01:Aba6 Type lmp_007 Mass 12.01 Resnr 0 Resname R01 Charge 0.03141
2982 Name 1:R01:Aba7 Type lmp_009 Mass 1.008 Resnr 0 Resname R01 Charge 0.03521
2983 Name 1:R01:Aba8 Type lmp_007 Mass 12.01 Resnr 0 Resname R01 Charge 0.01591
2984 Name 1:R01:Aba9 Type lmp_009 Mass 1.008 Resnr 0 Resname R01 Charge 0.03721
2985 Name 1:R01:Abaa Type lmp_004 Mass 12.01 Resnr 0 Resname R01 Charge 0.02141
2986 Name 1:R01:Abab Type lmp_009 Mass 1.008 Resnr 0 Resname R01 Charge 0.01911
2987 Name 1:R01:Abac Type lmp_007 Mass 12.01 Resnr 0 Resname R01 Charge 0.02241
2988 Name 1:R01:Abad Type lmp_009 Mass 1.008 Resnr 0 Resname R01 Charge 0.03781
2989 Name 1:R01:Abae Type lmp_007 Mass 12.01 Resnr 0 Resname R01 Charge 0.01411
2990 Name 1:R01:Abaf Type lmp_009 Mass 1.008 Resnr 0 Resname R01 Charge 0.03861
2991 Name 1:R01:Abb0 Type lmp_004 Mass 12.01 Resnr 0 Resname R01 Charge 0.01111
2992 Name 1:R01:Abb1 Type lmp_009 Mass 1.008 Resnr 0 Resname R01 Charge 0.02341
2993 Name 1:R01:Abb2 Type lmp_004 Mass 12.01 Resnr 0 Resname R01 Charge -0.10289
2994 Name 1:R01:Abb3 Type lmp_009 Mass 1.008 Resnr 0 Resname R01 Charge 0.04701
2995 Name 1:R01:Abb4 Type lmp_009 Mass 1.008 Resnr 0 Resname R01 Charge 0.04701
2996 Name 1:R01:Abb5 Type lmp_005 Mass 12.01 Resnr 0 Resname R01 Charge -0.03099
2997 Name 1:R01:Abb6 Type lmp_005 Mass 12.01 Resnr 0 Resname R01 Charge -0.25069
2998 Name 1:R01:Abb7 Type lmp_008 Mass 1.008 Resnr 0 Resname R01 Charge 0.17281
2999 Name 1:R01:Abb8 Type lmp_006 Mass 12.01 Resnr 0 Resname R01 Charge 0.02131
3000 Name 1:R01:Abb9 Type lmp_005 Mass 12.01 Resnr 0 Resname R01 Charge 0.02031
3001 Name 1:R01:Abba Type lmp_005 Mass 12.01 Resnr 0 Resname R01 Charge -0.24969
3002 Name 1:R01:Abbb Type lmp_008 Mass 1.008 Resnr 0 Resname R01 Charge 0.17861
3003 Name 1:R01:Abbc Type lmp_005 Mass 12.01 Resnr 0 Resname R01 Charge -0.03239
3004 Name 1:R01:Abbd Type lmp_007 Mass 12.01 Resnr 0 Resname R01 Charge 0.03221
3005 Name 1:R01:Abbe Type lmp_009 Mass 1.008 Resnr 0 Resname R01 Charge 0.02561
3006 Name 1:R01:Abbf Type lmp_007 Mass 12.01 Resnr 0 Resname R01 Charge 0.02991
3007 Name 1:R01:Abc0 Type lmp_009 Mass 1.008 Resnr 0 Resname R01 Charge 0.02761
3008 Name 1:R01:Abc1 Type lmp_004 Mass 12.01 Resnr 0 Resname R01 Charge 0.05471
3009 Name 1:R01:Abc2 Type lmp_009 Mass 1.008 Resnr 0 Resname R01 Charge 0.00921
3010 Name 1:R01:Abc3 Type lmp_007 Mass 12.01 Resnr 0 Resname R01 Charge 0.00911
3011 Name 1:R01:Abc4 Type lmp_009 Mass 1.008 Resnr 0 Resname R01 Charge 0.03851
3012 Name 1:R01:Abc5 Type lmp_005 Mass 12.01 Resnr 0 Resname R01 Charge -0.12349
3013 Name 1:R01:Abc6 Type lmp_005 Mass 12.01 Resnr 0 Resname R01 Charge -0.12549
3014 Name 1:R01:Abc7 Type lmp_005 Mass 12.01 Resnr 0 Resname R01 Charge 0.03581
3015 Name 1:R01:Abc8 Type lmp_003 Mass 12.01 Resnr 0 Resname R01 Charge -0.11109
3016 Name 1:R01:Abc9 Type lmp_009 Mass 1.008 Resnr 0 Resname R01 Charge 0.04331
3017 Name 1:R01:Abca Type lmp_009 Mass 1.008 Resnr 0 Resname R01 Charge 0.04331
3018 Name 1:R01:Abcb Type lmp_009 Mass 1.008 Resnr 0 Resname R01 Charge 0.04331
3019 Name 1:R01:Abcc Type lmp_005 Mass 12.01 Resnr 0 Resname R01 Charge -0.08649
3020 Name 1:R01:Abcd Type lmp_005 Mass 12.01 Resnr 0 Resname R01 Charge -0.09149
3021 Name 1:R01:Abce Type lmp_005 Mass 12.01 Resnr 0 Resname R01 Charge 0.05181
3022 Name 1:R01:Abcf Type lmp_003 Mass 12.01 Resnr 0 Resname R01 Charge -0.10009
3023 Name 1:R01:Abd0 Type lmp_009 Mass 1.008 Resnr 0 Resname R01 Charge 0.04551
3024 Name 1:R01:Abd1 Type lmp_009 Mass 1.008 Resnr 0 Resname R01 Charge 0.04551
3025 Name 1:R01:Abd2 Type lmp_009 Mass 1.008 Resnr 0 Resname R01 Charge 0.04551
3026 Name 1:R01:Abd3 Type lmp_007 Mass 12.01 Resnr 0 Resname R01 Charge 0.00531
3027 Name 1:R01:Abd4 Type lmp_009 Mass 1.008 Resnr 0 Resname R01 Charge 0.03971
3028 Name 1:R01:Abd5 Type lmp_004 Mass 12.01 Resnr 0 Resname R01 Charge 0.05571
3029 Name 1:R01:Abd6 Type lmp_009 Mass 1.008 Resnr 0 Resname R01 Charge 0.01041
3030 Name 1:R01:Abd7 Type lmp_004 Mass 12.01 Resnr 0 Resname R01 Charge -0.21059
3031 Name 1:R01:Abd8 Type lmp_009 Mass 1.008 Resnr 0 Resname R01 Charge 0.05311
3032 Name 1:R01:Abd9 Type lmp_009 Mass 1.008 Resnr 0 Resname R01 Charge 0.05311
3033 Name 1:R01:Abda Type lmp_005 Mass 12.01 Resnr 0 Resname R01 Charge -0.04569
3034 Name 1:R01:Abdb Type lmp_005 Mass 12.01 Resnr 0 Resname R01 Charge -0.20379
3035 Name 1:R01:Abdc Type lmp_008 Mass 1.008 Resnr 0 Resname R01 Charge 0.15591
3036 Name 1:R01:Abdd Type lmp_003 Mass 12.01 Resnr 0 Resname R01 Charge -0.10048
3037 Name 1:R01:Abde Type lmp_009 Mass 1.008 Resnr 0 Resname R01 Charge 0.02361
3038 Name 1:R01:Abdf Type lmp_009 Mass 1.008 Resnr 0 Resname R01 Charge 0.02361
3039 Name 1:R01:Abe0 Type lmp_009 Mass 1.008 Resnr 0 Resname R01 Charge 0.02361
3040 Name 1:R01:Abe1 Type lmp_004 Mass 12.01 Resnr 0 Resname R01 Charge 0.19001
3041 Name 1:R01:Abe2 Type lmp_003 Mass 12.01 Resnr 0 Resname R01 Charge -0.17889
3042 Name 1:R01:Abe3 Type lmp_009 Mass 1.008 Resnr 0 Resname R01 Charge 0.04121
3043 Name 1:R01:Abe4 Type lmp_009 Mass 1.008 Resnr 0 Resname R01 Charge 0.04121
3044 Name 1:R01:Abe5 Type lmp_009 Mass 1.008 Resnr 0 Resname R01 Charge 0.04121
3045 Name 1:R01:Abe6 Type lmp_005 Mass 12.01 Resnr 0 Resname R01 Charge 0.00401
3046 Name 1:R01:Abe7 Type lmp_006 Mass 12.01 Resnr 0 Resname R01 Charge 0.00111
3047 Name 1:R01:Abe8 Type lmp_005 Mass 12.01 Resnr 0 Resname R01 Charge -0.18989
3048 Name 1:R01:Abe9 Type lmp_008 Mass 1.008 Resnr 0 Resname R01 Charge 0.14431
3049 Name 1:R01:Abea Type lmp_005 Mass 12.01 Resnr 0 Resname R01 Charge -0.04879
3050 Name 1:R01:Abeb Type lmp_007 Mass 12.01 Resnr 0 Resname R01 Charge 0.03141
3051 Name 1:R01:Abec Type lmp_009 Mass 1.008 Resnr 0 Resname R01 Charge 0.03521
3052 Name 1:R01:Abed Type lmp_007 Mass 12.01 Resnr 0 Resname R01 Charge 0.01591
3053 Name 1:R01:Abee Type lmp_009 Mass 1.008 Resnr 0 Resname R01 Charge 0.03721
3054 Name 1:R01:Abef Type lmp_004 Mass 12.01 Resnr 0 Resname R01 Charge 0.02141
3055 Name 1:R01:Abf0 Type lmp_009 Mass 1.008 Resnr 0 Resname R01 Charge 0.01911
3056 Name 1:R01:Abf1 Type lmp_007 Mass 12.01 Resnr 0 Resname R01 Charge 0.02241
3057 Name 1:R01:Abf2 Type lmp_009 Mass 1.008 Resnr 0 Resname R01 Charge 0.03781
3058 Name 1:R01:Abf3 Type lmp_007 Mass 12.01 Resnr 0 Resname R01 Charge 0.01411
3059 Name 1:R01:Abf4 Type lmp_009 Mass 1.008 Resnr 0 Resname R01 Charge 0.03861
3060 Name 1:R01:Abf5 Type lmp_004 Mass 12.01 Resnr 0 Resname R01 Charge 0.01111
3061 Name 1:R01:Abf6 Type lmp_009 Mass 1.008 Resnr 0 Resname R01 Charge 0.02341
3062 Name 1:R01:Abf7 Type lmp_004 Mass 12.01 Resnr 0 Resname R01 Charge -0.10289
3063 Name 1:R01:Abf8 Type lmp_009 Mass 1.008 Resnr 0 Resname R01 Charge 0.04701
3064 Name 1:R01:Abf9 Type lmp_009 Mass 1.008 Resnr 0 Resname R01 Charge 0.04701
3065 Name 1:R01:Abfa Type lmp_005 Mass 12.01 Resnr 0 Resname R01 Charge -0.03099
3066 Name 1:R01:Abfb Type lmp_005 Mass 12.01 Resnr 0 Resname R01 Charge -0.25069
3067 Name 1:R01:Abfc Type lmp_008 Mass 1.008 Resnr 0 Resname R01 Charge 0.17281
3068 Name 1:R01:Abfd Type lmp_006 Mass 12.01 Resnr 0 Resname R01 Charge 0.02131
3069 Name 1:R01:Abfe Type lmp_005 Mass 12.01 Resnr 0 Resname R01 Charge 0.02031
3070 Name 1:R01:Abff Type lmp_005 Mass 12.01 Resnr 0 Resname R01 Charge -0.24969
3071 Name 1:R01:Ac00 Type lmp_008 Mass 1.008 Resnr 0 Resname R01 Charge 0.17861
3072 Name 1:R01:Ac01 Type lmp_005 Mass 12.01 Resnr 0 Resname R01 Charge -0.03239
3073 Name 1:R01:Ac02 Type lmp_007 Mass 12.01 Resnr 0 Resname R01 Charge 0.03221
3074 Name 1:R01:Ac03 Type lmp_009 Mass 1.008 Resnr 0 Resname R01 Charge 0.02561
3075 Name 1:R01:Ac04 Type lmp_007 Mass 12.01 Resnr 0 Resname R01 Charge 0.02991
3076 Name 1:R01:Ac05 Type lmp_009 Mass 1.008 Resnr 0 Resname R01 Charge 0.02761
3077 Name 1:R01:Ac06 Type lmp_004 Mass 12.01 Resnr 0 Resname R01 Charge 0.05471
3078 Name 1:R01:Ac07 Type lmp_009 Mass 1.008 Resnr 0 Resname R01 Charge 0.00921
3079 Name 1:R01:Ac08 Type lmp_007 Mass 12.01 Resnr 0 Resname R01 Charge 0.00911
3080 Name 1:R01:Ac09 Type lmp_009 Mass 1.008 Resnr 0 Resname R01 Charge 0.03851
3081 Name 1:R01:Ac0a Type lmp_005 Mass 12.01 Resnr 0 Resname R01 Charge -0.12349
3082 Name 1:R01:Ac0b Type lmp_005 Mass 12.01 Resnr 0 Resname R01 Charge -0.12549
3083 Name 1:R01:Ac0c Type lmp_005 Mass 12.01 Resnr 0 Resname R01 Charge 0.03581
3084 Name 1:R01:Ac0d Type lmp_003 Mass 12.01 Resnr 0 Resname R01 Charge -0.11109
3085 Name 1:R01:Ac0e Type lmp_009 Mass 1.008 Resnr 0 Resname R01 Charge 0.04331
3086 Name 1:R01:Ac0f Type lmp_009 Mass 1.008 Resnr 0 Resname R01 Charge 0.04331
3087 Name 1:R01:Ac10 Type lmp_009 Mass 1.008 Resnr 0 Resname R01 Charge 0.04331
3088 Name 1:R01:Ac11 Type lmp_005 Mass 12.01 Resnr 0 Resname R01 Charge -0.08649
3089 Name 1:R01:Ac12 Type lmp_005 Mass 12.01 Resnr 0 Resname R01 Charge -0.09149
3090 Name 1:R01:Ac13 Type lmp_005 Mass 12.01 Resnr 0 Resname R01 Charge 0.05181
3091 Name 1:R01:Ac14 Type lmp_003 Mass 12.01 Resnr 0 Resname R01 Charge -0.10009
3092 Name 1:R01:Ac15 Type lmp_009 Mass 1.008 Resnr 0 Resname R01 Charge 0.04551
3093 Name 1:R01:Ac16 Type lmp_009 Mass 1.008 Resnr 0 Resname R01 Charge 0.04551
3094 Name 1:R01:Ac17 Type lmp_009 Mass 1.008 Resnr 0 Resname R01 Charge 0.04551
3095 Name 1:R01:Ac18 Type lmp_007 Mass 12.01 Resnr 0 Resname R01 Charge 0.00531
3096 Name 1:R01:Ac19 Type lmp_009 Mass 1.008 Resnr 0 Resname R01 Charge 0.03971
3097 Name 1:R01:Ac1a Type lmp_004 Mass 12.01 Resnr 0 Resname R01 Charge 0.05571
3098 Name 1:R01:Ac1b Type lmp_009 Mass 1.008 Resnr 0 Resname R01 Charge 0.01041
3099 Name 1:R01:Ac1c Type lmp_004 Mass 12.01 Resnr 0 Resname R01 Charge -0.21059
3100 Name 1:R01:Ac1d Type lmp_009 Mass 1.008 Resnr 0 Resname R01 Charge 0.05311
3101 Name 1:R01:Ac1e Type lmp_009 Mass 1.008 Resnr 0 Resname R01 Charge 0.05311
3102 Name 1:R01:Ac1f Type lmp_005 Mass 12.01 Resnr 0 Resname R01 Charge -0.04569
3103 Name 1:R01:Ac20 Type lmp_005 Mass 12.01 Resnr 0 Resname R01 Charge -0.20379
3104 Name 1:R01:Ac21 Type lmp_008 Mass 1.008 Resnr 0 Resname R01 Charge 0.15591
3105 Name 1:R01:Ac22 Type lmp_003 Mass 12.01 Resnr 0 Resname R01 Charge -0.10048
3106 Name 1:R01:Ac23 Type lmp_009 Mass 1.008 Resnr 0 Resname R01 Charge 0.02361
3107 Name 1:R01:Ac24 Type lmp_009 Mass 1.008 Resnr 0 Resname R01 Charge 0.02361
3108 Name 1:R01:Ac25 Type lmp_009 Mass 1.008 Resnr 0 Resname R01 Charge 0.02361
3109 Name 1:R01:Ac26 Type lmp_004 Mass 12.01 Resnr 0 Resname R01 Charge 0.19001
3110 Name 1:R01:Ac27 Type lmp_003 Mass 12.01 Resnr 0 Resname R01 Charge -0.17889
3111 Name 1:R01:Ac28 Type lmp_009 Mass 1.008 Resnr 0 Resname R01 Charge 0.04121
3112 Name 1:R01:Ac29 Type lmp_009 Mass 1.008 Resnr 0 Resname R01 Charge 0.04121
3113 Name 1:R01:Ac2a Type lmp_009 Mass 1.008 Resnr 0 Resname R01 Charge 0.04121
3114 Name 1:R01:Ac2b Type lmp_005 Mass 12.01 Resnr 0 Resname R01 Charge 0.00401
3115 Name 1:R01:Ac2c Type lmp_006 Mass 12.01 Resnr 0 Resname R01 Charge 0.00111
3116 Name 1:R01:Ac2d Type lmp_005 Mass 12.01 Resnr 0 Resname R01 Charge -0.18989
3117 Name 1:R01:Ac2e Type lmp_008 Mass 1.008 Resnr 0 Resname R01 Charge 0.14431
3118 Name 1:R01:Ac2f Type lmp_005 Mass 12.01 Resnr 0 Resname R01 Charge -0.04879
3119 Name 1:R01:Ac30 Type lmp_007 Mass 12.01 Resnr 0 Resname R01 Charge 0.03141
3120 Name 1:R01:Ac31 Type lmp_009 Mass 1.008 Resnr 0 Resname R01 Charge 0.03521
3121 Name 1:R01:Ac32 Type lmp_007 Mass 12.01 Resnr 0 Resname R01 Charge 0.01591
3122 Name 1:R01:Ac33 Type lmp_009 Mass 1.008 Resnr 0 Resname R01 Charge 0.03721
3123 Name 1:R01:Ac34 Type lmp_004 Mass 12.01 Resnr 0 Resname R01 Charge 0.02141
3124 Name 1:R01:Ac35 Type lmp_009 Mass 1.008 Resnr 0 Resname R01 Charge 0.01911
3125 Name 1:R01:Ac36 Type lmp_007 Mass 12.01 Resnr 0 Resname R01 Charge 0.02241
3126 Name 1:R01:Ac37 Type lmp_009 Mass 1.008 Resnr 0 Resname R01 Charge 0.03781
3127 Name 1:R01:Ac38 Type lmp_007 Mass 12.01 Resnr 0 Resname R01 Charge 0.01411
3128 Name 1:R01:Ac39 Type lmp_009 Mass 1.008 Resnr 0 Resname R01 Charge 0.03861
3129 Name 1:R01:Ac3a Type lmp_004 Mass 12.01 Resnr 0 Resname R01 Charge 0.01111
3130 Name 1:R01:Ac3b Type lmp_009 Mass 1.008 Resnr 0 Resname R01 Charge 0.02341
3131 Name 1:R01:Ac3c Type lmp_004 Mass 12.01 Resnr 0 Resname R01 Charge -0.10289
3132 Name 1:R01:Ac3d Type lmp_009 Mass 1.008 Resnr 0 Resname R01 Charge 0.04701
3133 Name 1:R01:Ac3e Type lmp_009 Mass 1.008 Resnr 0 Resname R01 Charge 0.04701
3134 Name 1:R01:Ac3f Type lmp_005 Mass 12.01 Resnr 0 Resname R01 Charge -0.03099
3135 Name 1:R01:Ac40 Type lmp_005 Mass 12.01 Resnr 0 Resname R01 Charge -0.25069
3136 Name 1:R01:Ac41 Type lmp_008 Mass 1.008 Resnr 0 Resname R01 Charge 0.17281
3137 Name 1:R01:Ac42 Type lmp_006 Mass 12.01 Resnr 0 Resname R01 Charge 0.02131
3138 Name 1:R01:Ac43 Type lmp_005 Mass 12.01 Resnr 0 Resname R01 Charge 0.02031
3139 Name 1:R01:Ac44 Type lmp_005 Mass 12.01 Resnr 0 Resname R01 Charge -0.24969
3140 Name 1:R01:Ac45 Type lmp_008 Mass 1.008 Resnr 0 Resname R01 Charge 0.17861
3141 Name 1:R01:Ac46 Type lmp_005 Mass 12.01 Resnr 0 Resname R01 Charge -0.03239
3142 Name 1:R01:Ac47 Type lmp_007 Mass 12.01 Resnr 0 Resname R01 Charge 0.03221
3143 Name 1:R01:Ac48 Type lmp_009 Mass 1.008 Resnr 0 Resname R01 Charge 0.02561
3144 Name 1:R01:Ac49 Type lmp_007 Mass 12.01 Resnr 0 Resname R01 Charge 0.02991
3145 Name 1:R01:Ac4a Type lmp_009 Mass 1.008 Resnr 0 Resname R01 Charge 0.02761
3146 Name 1:R01:Ac4b Type lmp_004 Mass 12.01 Resnr 0 Resname R01 Charge 0.05471
3147 Name 1:R01:Ac4c Type lmp_009 Mass 1.008 Resnr 0 Resname R01 Charge 0.00921
3148 Name 1:R01:Ac4d Type lmp_007 Mass 12.01 Resnr 0 Resname R01 Charge 0.00911
3149 Name 1:R01:Ac4e Type lmp_009 Mass 1.008 Resnr 0 Resname R01 Charge 0.03851
3150 Name 1:R01:Ac4f Type lmp_005 Mass 12.01 Resnr 0 Resname R01 Charge -0.12349
3151 Name 1:R01:Ac50 Type lmp_005 Mass 12.01 Resnr 0 Resname R01 Charge -0.12549
3152 Name 1:R01:Ac51 Type lmp_005 Mass 12.01 Resnr 0 Resname R01 Charge 0.03581
3153 Name 1:R01:Ac52 Type lmp_003 Mass 12.01 Resnr 0 Resname R01 Charge -0.11109
3154 Name 1:R01:Ac53 Type lmp_009 Mass 1.008 Resnr 0 Resname R01 Charge 0.04331
3155 Name 1:R01:Ac54 Type lmp_009 Mass 1.008 Resnr 0 Resname R01 Charge 0.04331
3156 Name 1:R01:Ac55 Type lmp_009 Mass 1.008 Resnr 0 Resname R01 Charge 0.04331
3157 Name 1:R01:Ac56 Type lmp_005 Mass 12.01 Resnr 0 Resname R01 Charge -0.08649
3158 Name 1:R01:Ac57 Type lmp_005 Mass 12.01 Resnr 0 Resname R01 Charge -0.09149
3159 Name 1:R01:Ac58 Type lmp_005 Mass 12.01 Resnr 0 Resname R01 Charge 0.05181
3160 Name 1:R01:Ac59 Type lmp_003 Mass 12.01 Resnr 0 Resname R01 Charge -0.10009
3161 Name 1:R01:Ac5a Type lmp_009 Mass 1.008 Resnr 0 Resname R01 Charge 0.04551
3162 Name 1:R01:Ac5b Type lmp_009 Mass 1.008 Resnr 0 Resname R01 Charge 0.04551
3163 Name 1:R01:Ac5c Type lmp_009 Mass 1.008 Resnr 0 Resname R01 Charge 0.04551
3164 Name 1:R01:Ac5d Type lmp_007 Mass 12.01 Resnr 0 Resname R01 Charge 0.00531
3165 Name 1:R01:Ac5e Type lmp_009 Mass 1.008 Resnr 0 Resname R01 Charge 0.03971
3166 Name 1:R01:Ac5f Type lmp_004 Mass 12.01 Resnr 0 Resname R01 Charge 0.05571
3167 Name 1:R01:Ac60 Type lmp_009 Mass 1.008 Resnr 0 Resname R01 Charge 0.01041
3168 Name 1:R01:Ac61 Type lmp_004 Mass 12.01 Resnr 0 Resname R01 Charge -0.21059
3169 Name 1:R01:Ac62 Type lmp_009 Mass 1.008 Resnr 0 Resname R01 Charge 0.05311
3170 Name 1:R01:Ac63 Type lmp_009 Mass 1.008 Resnr 0 Resname R01 Charge 0.05311
3171 Name 1:R01:Ac64 Type lmp_005 Mass 12.01 Resnr 0 Resname R01 Charge -0.04569
3172 Name 1:R01:Ac65 Type lmp_005 Mass 12.01 Resnr 0 Resname R01 Charge -0.20379
3173 Name 1:R01:Ac66 Type lmp_008 Mass 1.008 Resnr 0 Resname R01 Charge 0.15591
3174 Name 1:R01:Ac67 Type lmp_003 Mass 12.01 Resnr 0 Resname R01 Charge -0.10048
3175 Name 1:R01:Ac68 Type lmp_009 Mass 1.008 Resnr 0 Resname R01 Charge 0.02361
3176 Name 1:R01:Ac69 Type lmp_009 Mass 1.008 Resnr 0 Resname R01 Charge 0.02361
3177 Name 1:R01:Ac6a Type lmp_009 Mass 1.008 Resnr 0 Resname R01 Charge 0.02361
3178 Name 1:R01:Ac6b Type lmp_004 Mass 12.01 Resnr 0 Resname R01 Charge 0.19001
3179 Name 1:R01:Ac6c Type lmp_003 Mass 12.01 Resnr 0 Resname R01 Charge -0.17889
3180 Name 1:R01:Ac6d Type lmp_009 Mass 1.008 Resnr 0 Resname R01 Charge 0.04121
3181 Name 1:R01:Ac6e Type lmp_009 Mass 1.008 Resnr 0 Resname R01 Charge 0.04121
3182 Name 1:R01:Ac6f Type lmp_009 Mass 1.008 Resnr 0 Resname R01 Charge 0.04121
3183 Name 1:R01:Ac70 Type lmp_005 Mass 12.01 Resnr 0 Resname R01 Charge 0.00401
3184 Name 1:R01:Ac71 Type lmp_006 Mass 12.01 Resnr 0 Resname R01 Charge 0.00111
3185 Name 1:R01:Ac72 Type lmp_005 Mass 12.01 Resnr 0 Resname R01 Charge -0.18989
3186 Name 1:R01:Ac73 Type lmp_008 Mass 1.008 Resnr 0 Resname R01 Charge 0.14431
3187 Name 1:R01:Ac74 Type lmp_005 Mass 12.01 Resnr 0 Resname R01 Charge -0.04879
3188 Name 1:R01:Ac75 Type lmp_007 Mass 12.01 Resnr 0 Resname R01 Charge 0.03141
3189 Name 1:R01:Ac76 Type lmp_009 Mass 1.008 Resnr 0 Resname R01 Charge 0.03521
3190 Name 1:R01:Ac77 Type lmp_007 Mass 12.01 Resnr 0 Resname R01 Charge 0.01591
3191 Name 1:R01:Ac78 Type lmp_009 Mass 1.008 Resnr 0 Resname R01 Charge 0.03721
3192 Name 1:R01:Ac79 Type lmp_004 Mass 12.01 Resnr 0 Resname R01 Charge 0.02141
3193 Name 1:R01:Ac7a Type lmp_009 Mass 1.008 Resnr 0 Resname R01 Charge 0.01911
3194 Name 1:R01:Ac7b Type lmp_007 Mass 12.01 Resnr 0 Resname R01 Charge 0.02241
3195 Name 1:R01:Ac7c Type lmp_009 Mass 1.008 Resnr 0 Resname R01 Charge 0.03781
3196 Name 1:R01:Ac7d Type lmp_007 Mass 12.01 Resnr 0 Resname R01 Charge 0.01411
3197 Name 1:R01:Ac7e Type lmp_009 Mass 1.008 Resnr 0 Resname R01 Charge 0.03861
3198 Name 1:R01:Ac7f Type lmp_004 Mass 12.01 Resnr 0 Resname R01 Charge 0.01111
3199 Name 1:R01:Ac80 Type lmp_009 Mass 1.008 Resnr 0 Resname R01 Charge 0.02341
3200 Name 1:R01:Ac81 Type lmp_004 Mass 12.01 Resnr 0 Resname R01 Charge -0.10289
3201 Name 1:R01:Ac82 Type lmp_009 Mass 1.008 Resnr 0 Resname R01 Charge 0.04701
3202 Name 1:R01:Ac83 Type lmp_009 Mass 1.008 Resnr 0 Resname R01 Charge 0.04701
3203 Name 1:R01:Ac84 Type lmp_005 Mass 12.01 Resnr 0 Resname R01 Charge -0.03099
3204 Name 1:R01:Ac85 Type lmp_005 Mass 12.01 Resnr 0 Resname R01 Charge -0.25069
3205 Name 1:R01:Ac86 Type lmp_008 Mass 1.008 Resnr 0 Resname R01 Charge 0.17281
3206 Name 1:R01:Ac87 Type lmp_006 Mass 12.01 Resnr 0 Resname R01 Charge 0.02131
3207 Name 1:R01:Ac88 Type lmp_005 Mass 12.01 Resnr 0 Resname R01 Charge 0.02031
3208 Name 1:R01:Ac89 Type lmp_005 Mass 12.01 Resnr 0 Resname R01 Charge -0.24969
3209 Name 1:R01:Ac8a Type lmp_008 Mass 1.008 Resnr 0 Resname R01 Charge 0.17861
3210 Name 1:R01:Ac8b Type lmp_005 Mass 12.01 Resnr 0 Resname R01 Charge -0.03239
3211 Name 1:R01:Ac8c Type lmp_007 Mass 12.01 Resnr 0 Resname R01 Charge 0.03221
3212 Name 1:R01:Ac8d Type lmp_009 Mass 1.008 Resnr 0 Resname R01 Charge 0.02561
3213 Name 1:R01:Ac8e Type lmp_007 Mass 12.01 Resnr 0 Resname R01 Charge 0.02991
3214 Name 1:R01:Ac8f Type lmp_009 Mass 1.008 Resnr 0 Resname R01 Charge 0.02761
3215 Name 1:R01:Ac90 Type lmp_004 Mass 12.01 Resnr 0 Resname R01 Charge 0.05471
3216 Name 1:R01:Ac91 Type lmp_009 Mass 1.008 Resnr 0 Resname R01 Charge 0.00921
3217 Name 1:R01:Ac92 Type lmp_007 Mass 12.01 Resnr 0 Resname R01 Charge 0.00911
3218 Name 1:R01:Ac93 Type lmp_009 Mass 1.008 Resnr 0 Resname R01 Charge 0.03851
3219 Name 1:R01:Ac94 Type lmp_005 Mass 12.01 Resnr 0 Resname R01 Charge -0.12349
3220 Name 1:R01:Ac95 Type lmp_005 Mass 12.01 Resnr 0 Resname R01 Charge -0.12549
3221 Name 1:R01:Ac96 Type lmp_005 Mass 12.01 Resnr 0 Resname R01 Charge 0.03581
3222 Name 1:R01:Ac97 Type lmp_003 Mass 12.01 Resnr 0 Resname R01 Charge -0.11109
3223 Name 1:R01:Ac98 Type lmp_009 Mass 1.008 Resnr 0 Resname R01 Charge 0.04331
3224 Name 1:R01:Ac99 Type lmp_009 Mass 1.008 Resnr 0 Resname R01 Charge 0.04331
3225 Name 1:R01:Ac9a Type lmp_009 Mass 1.008 Resnr 0 Resname R01 Charge 0.04331
3226 Name 1:R01:Ac9b Type lmp_005 Mass 12.01 Resnr 0 Resname R01 Charge -0.08649
3227 Name 1:R01:Ac9c Type lmp_005 Mass 12.01 Resnr 0 Resname R01 Charge -0.09149
3228 Name 1:R01:Ac9d Type lmp_005 Mass 12.01 Resnr 0 Resname R01 Charge 0.05181
3229 Name 1:R01:Ac9e Type lmp_003 Mass 12.01 Resnr 0 Resname R01 Charge -0.10009
3230 Name 1:R01:Ac9f Type lmp_009 Mass 1.008 Resnr 0 Resname R01 Charge 0.04551
3231 Name 1:R01:Aca0 Type lmp_009 Mass 1.008 Resnr 0 Resname R01 Charge 0.04551
3232 Name 1:R01:Aca1 Type lmp_009 Mass 1.008 Resnr 0 Resname R01 Charge 0.04551
3233 Name 1:R01:Aca2 Type lmp_007 Mass 12.01 Resnr 0 Resname R01 Charge 0.00531
3234 Name 1:R01:Aca3 Type lmp_009 Mass 1.008 Resnr 0 Resname R01 Charge 0.03971
3235 Name 1:R01:Aca4 Type lmp_004 Mass 12.01 Resnr 0 Resname R01 Charge 0.05571
3236 Name 1:R01:Aca5 Type lmp_009 Mass 1.008 Resnr 0 Resname R01 Charge 0.01041
3237 Name 1:R01:Aca6 Type lmp_004 Mass 12.01 Resnr 0 Resname R01 Charge -0.21059
3238 Name 1:R01:Aca7 Type lmp_009 Mass 1.008 Resnr 0 Resname R01 Charge 0.05311
3239 Name 1:R01:Aca8 Type lmp_009 Mass 1.008 Resnr 0 Resname R01 Charge 0.05311
3240 Name 1:R01:Aca9 Type lmp_005 Mass 12.01 Resnr 0 Resname R01 Charge -0.04569
3241 Name 1:R01:Acaa Type lmp_005 Mass 12.01 Resnr 0 Resname R01 Charge -0.20379
3242 Name 1:R01:Acab Type lmp_008 Mass 1.008 Resnr 0 Resname R01 Charge 0.15591
3243 Name 1:R01:Acac Type lmp_003 Mass 12.01 Resnr 0 Resname R01 Charge -0.10048
3244 Name 1:R01:Acad Type lmp_009 Mass 1.008 Resnr 0 Resname R01 Charge 0.02361
3245 Name 1:R01:Acae Type lmp_009 Mass 1.008 Resnr 0 Resname R01 Charge 0.02361
3246 Name 1:R01:Acaf Type lmp_009 Mass 1.008 Resnr 0 Resname R01 Charge 0.02361
3247 Name 1:R01:Acb0 Type lmp_004 Mass 12.01 Resnr 0 Resname R01 Charge 0.19001
3248 Name 1:R01:Acb1 Type lmp_003 Mass 12.01 Resnr 0 Resname R01 Charge -0.17889
3249 Name 1:R01:Acb2 Type lmp_009 Mass 1.008 Resnr 0 Resname R01 Charge 0.04121
3250 Name 1:R01:Acb3 Type lmp_009 Mass 1.008 Resnr 0 Resname R01 Charge 0.04121
3251 Name 1:R01:Acb4 Type lmp_009 Mass 1.008 Resnr 0 Resname R01 Charge 0.04121
3252 Name 1:R01:Acb5 Type lmp_005 Mass 12.01 Resnr 0 Resname R01 Charge 0.00401
3253 Name 1:R01:Acb6 Type lmp_006 Mass 12.01 Resnr 0 Resname R01 Charge 0.00111
3254 Name 1:R01:Acb7 Type lmp_005 Mass 12.01 Resnr 0 Resname R01 Charge -0.18989
3255 Name 1:R01:Acb8 Type lmp_008 Mass 1.008 Resnr 0 Resname R01 Charge 0.14431
3256 Name 1:R01:Acb9 Type lmp_005 Mass 12.01 Resnr 0 Resname R01 Charge -0.04879
3257 Name 1:R01:Acba Type lmp_007 Mass 12.01 Resnr 0 Resname R01 Charge 0.03141
3258 Name 1:R01:Acbb Type lmp_009 Mass 1.008 Resnr 0 Resname R01 Charge 0.03521
3259 Name 1:R01:Acbc Type lmp_007 Mass 12.01 Resnr 0 Resname R01 Charge 0.01591
3260 Name 1:R01:Acbd Type lmp_009 Mass 1.008 Resnr 0 Resname R01 Charge 0.03721
3261 Name 1:R01:Acbe Type lmp_004 Mass 12.01 Resnr 0 Resname R01 Charge 0.02141
3262 Name 1:R01:Acbf Type lmp_009 Mass 1.008 Resnr 0 Resname R01 Charge 0.01911
3263 Name 1:R01:Acc0 Type lmp_007 Mass 12.01 Resnr 0 Resname R01 Charge 0.02241
3264 Name 1:R01:Acc1 Type lmp_009 Mass 1.008 Resnr 0 Resname R01 Charge 0.03781
3265 Name 1:R01:Acc2 Type lmp_007 Mass 12.01 Resnr 0 Resname R01 Charge 0.01411
3266 Name 1:R01:Acc3 Type lmp_009 Mass 1.008 Resnr 0 Resname R01 Charge 0.03861
3267 Name 1:R01:Acc4 Type lmp_004 Mass 12.01 Resnr 0 Resname R01 Charge 0.01111
3268 Name 1:R01:Acc5 Type lmp_009 Mass 1.008 Resnr 0 Resname R01 Charge 0.02341
3269 Name 1:R01:Acc6 Type lmp_004 Mass 12.01 Resnr 0 Resname R01 Charge -0.10289
3270 Name 1:R01:Acc7 Type lmp_009 Mass 1.008 Resnr 0 Resname R01 Charge 0.04701
3271 Name 1:R01:Acc8 Type lmp_009 Mass 1.008 Resnr 0 Resname R01 Charge 0.04701
3272 Name 1:R01:Acc9 Type lmp_005 Mass 12.01 Resnr 0 Resname R01 Charge -0.03099
3273 Name 1:R01:Acca Type lmp_005 Mass 12.01 Resnr 0 Resname R01 Charge -0.25069
3274 Name 1:R01:Accb Type lmp_008 Mass 1.008 Resnr 0 Resname R01 Charge 0.17281
3275 Name 1:R01:Accc Type lmp_006 Mass 12.01 Resnr 0 Resname R01 Charge 0.02131
3276 Name 1:R01:Accd Type lmp_005 Mass 12.01 Resnr 0 Resname R01 Charge 0.02031
3277 Name 1:R01:Acce Type lmp_005 Mass 12.01 Resnr 0 Resname R01 Charge -0.24969
3278 Name 1:R01:Accf Type lmp_008 Mass 1.008 Resnr 0 Resname R01 Charge 0.17861
3279 Name 1:R01:Acd0 Type lmp_005 Mass 12.01 Resnr 0 Resname R01 Charge -0.03239
3280 Name 1:R01:Acd1 Type lmp_007 Mass 12.01 Resnr 0 Resname R01 Charge 0.03221
3281 Name 1:R01:Acd2 Type lmp_009 Mass 1.008 Resnr 0 Resname R01 Charge 0.02561
3282 Name 1:R01:Acd3 Type lmp_007 Mass 12.01 Resnr 0 Resname R01 Charge 0.02991
3283 Name 1:R01:Acd4 Type lmp_009 Mass 1.008 Resnr 0 Resname R01 Charge 0.02761
3284 Name 1:R01:Acd5 Type lmp_004 Mass 12.01 Resnr 0 Resname R01 Charge 0.05471
3285 Name 1:R01:Acd6 Type lmp_009 Mass 1.008 Resnr 0 Resname R01 Charge 0.00921
3286 Name 1:R01:Acd7 Type lmp_007 Mass 12.01 Resnr 0 Resname R01 Charge 0.00911
3287 Name 1:R01:Acd8 Type lmp_009 Mass 1.008 Resnr 0 Resname R01 Charge 0.03851
3288 Name 1:R01:Acd9 Type lmp_005 Mass 12.01 Resnr 0 Resname R01 Charge -0.12349
3289 Name 1:R01:Acda Type lmp_005 Mass 12.01 Resnr 0 Resname R01 Charge -0.12549
3290 Name 1:R01:Acdb Type lmp_005 Mass 12.01 Resnr 0 Resname R01 Charge 0.03581
3291 Name 1:R01:Acdc Type lmp_003 Mass 12.01 Resnr 0 Resname R01 Charge -0.11109
3292 Name 1:R01:Acdd Type lmp_009 Mass 1.008 Resnr 0 Resname R01 Charge 0.04331
3293 Name 1:R01:Acde Type lmp_009 Mass 1.008 Resnr 0 Resname R01 Charge 0.04331
3294 Name 1:R01:Acdf Type lmp_009 Mass 1.008 Resnr 0 Resname R01 Charge 0.04331
3295 Name 1:R01:Ace0 Type lmp_005 Mass 12.01 Resnr 0 Resname R01 Charge -0.08649
3296 Name 1:R01:Ace1 Type lmp_005 Mass 12.01 Resnr 0 Resname R01 Charge -0.09149
3297 Name 1:R01:Ace2 Type lmp_005 Mass 12.01 Resnr 0 Resname R01 Charge 0.05181
3298 Name 1:R01:Ace3 Type lmp_003 Mass 12.01 Resnr 0 Resname R01 Charge -0.10009
3299 Name 1:R01:Ace4 Type lmp_009 Mass 1.008 Resnr 0 Resname R01 Charge 0.04551
3300 Name 1:R01:Ace5 Type lmp_009 Mass 1.008 Resnr 0 Resname R01 Charge 0.04551
3301 Name 1:R01:Ace6 Type lmp_009 Mass 1.008 Resnr 0 Resname R01 Charge 0.04551
3302 Name 1:R01:Ace7 Type lmp_007 Mass 12.01 Resnr 0 Resname R01 Charge 0.00531
3303 Name 1:R01:Ace8 Type lmp_009 Mass 1.008 Resnr 0 Resname R01 Charge 0.03971
3304 Name 1:R01:Ace9 Type lmp_004 Mass 12.01 Resnr 0 Resname R01 Charge 0.05571
3305 Name 1:R01:Acea Type lmp_009 Mass 1.008 Resnr 0 Resname R01 Charge 0.01041
3306 Name 1:R01:Aceb Type lmp_004 Mass 12.01 Resnr 0 Resname R01 Charge -0.21059
3307 Name 1:R01:Acec Type lmp_009 Mass 1.008 Resnr 0 Resname R01 Charge 0.05311
3308 Name 1:R01:Aced Type lmp_009 Mass 1.008 Resnr 0 Resname R01 Charge 0.05311
3309 Name 1:R01:Acee Type lmp_005 Mass 12.01 Resnr 0 Resname R01 Charge -0.04569
3310 Name 1:R01:Acef Type lmp_005 Mass 12.01 Resnr 0 Resname R01 Charge -0.20379
3311 Name 1:R01:Acf0 Type lmp_008 Mass 1.008 Resnr 0 Resname R01 Charge 0.15591
3312 Name 1:R01:Acf1 Type lmp_003 Mass 12.01 Resnr 0 Resname R01 Charge -0.10048
3313 Name 1:R01:Acf2 Type lmp_009 Mass 1.008 Resnr 0 Resname R01 Charge 0.02361
3314 Name 1:R01:Acf3 Type lmp_009 Mass 1.008 Resnr 0 Resname R01 Charge 0.02361
3315 Name 1:R01:Acf4 Type lmp_009 Mass 1.008 Resnr 0 Resname R01 Charge 0.02361
3316 Name 1:R01:Acf5 Type lmp_004 Mass 12.01 Resnr 0 Resname R01 Charge 0.19001
3317 Name 1:R01:Acf6 Type lmp_003 Mass 12.01 Resnr 0 Resname R01 Charge -0.17889
3318 Name 1:R01:Acf7 Type lmp_009 Mass 1.008 Resnr 0 Resname R01 Charge 0.04121
3319 Name 1:R01:Acf8 Type lmp_009 Mass 1.008 Resnr 0 Resname R01 Charge 0.04121
3320 Name 1:R01:Acf9 Type lmp_009 Mass 1.008 Resnr 0 Resname R01 Charge 0.04121
3321 Name 1:R01:Acfa Type lmp_005 Mass 12.01 Resnr 0 Resname R01 Charge 0.00401
3322 Name 1:R01:Acfb Type lmp_006 Mass 12.01 Resnr 0 Resname R01 Charge 0.00111
3323 Name 1:R01:Acfc Type lmp_005 Mass 12.01 Resnr 0 Resname R01 Charge -0.18989
3324 Name 1:R01:Acfd Type lmp_008 Mass 1.008 Resnr 0 Resname R01 Charge 0.14431
3325 Name 1:R01:Acfe Type lmp_005 Mass 12.01 Resnr 0 Resname R01 Charge -0.04879
3326 Name 1:R01:Acff Type lmp_007 Mass 12.01 Resnr 0 Resname R01 Charge 0.03141
3327 Name 1:R01:Ad00 Type lmp_009 Mass 1.008 Resnr 0 Resname R01 Charge 0.03521
3328 Name 1:R01:Ad01 Type lmp_007 Mass 12.01 Resnr 0 Resname R01 Charge 0.01591
3329 Name 1:R01:Ad02 Type lmp_009 Mass 1.008 Resnr 0 Resname R01 Charge 0.03721
3330 Name 1:R01:Ad03 Type lmp_004 Mass 12.01 Resnr 0 Resname R01 Charge 0.02141
3331 Name 1:R01:Ad04 Type lmp_009 Mass 1.008 Resnr 0 Resname R01 Charge 0.01911
3332 Name 1:R01:Ad05 Type lmp_007 Mass 12.01 Resnr 0 Resname R01 Charge 0.02241
3333 Name 1:R01:Ad06 Type lmp_009 Mass 1.008 Resnr 0 Resname R01 Charge 0.03781
3334 Name 1:R01:Ad07 Type lmp_007 Mass 12.01 Resnr 0 Resname R01 Charge 0.01411
3335 Name 1:R01:Ad08 Type lmp_009 Mass 1.008 Resnr 0 Resname R01 Charge 0.03861
3336 Name 1:R01:Ad09 Type lmp_004 Mass 12.01 Resnr 0 Resname R01 Charge 0.01111
3337 Name 1:R01:Ad0a Type lmp_009 Mass 1.008 Resnr 0 Resname R01 Charge 0.02341
3338 Name 1:R01:Ad0b Type lmp_004 Mass 12.01 Resnr 0 Resname R01 Charge -0.10289
3339 Name 1:R01:Ad0c Type lmp_009 Mass 1.008 Resnr 0 Resname R01 Charge 0.04701
3340 Name 1:R01:Ad0d Type lmp_009 Mass 1.008 Resnr 0 Resname R01 Charge 0.04701
3341 Name 1:R01:Ad0e Type lmp_005 Mass 12.01 Resnr 0 Resname R01 Charge -0.03099
3342 Name 1:R01:Ad0f Type lmp_005 Mass 12.01 Resnr 0 Resname R01 Charge -0.25069
3343 Name 1:R01:Ad10 Type lmp_008 Mass 1.008 Resnr 0 Resname R01 Charge 0.17281
3344 Name 1:R01:Ad11 Type lmp_006 Mass 12.01 Resnr 0 Resname R01 Charge 0.02131
3345 Name 1:R01:Ad12 Type lmp_005 Mass 12.01 Resnr 0 Resname R01 Charge 0.02031
3346 Name 1:R01:Ad13 Type lmp_005 Mass 12.01 Resnr 0 Resname R01 Charge -0.24969
3347 Name 1:R01:Ad14 Type lmp_008 Mass 1.008 Resnr 0 Resname R01 Charge 0.17861
3348 Name 1:R01:Ad15 Type lmp_005 Mass 12.01 Resnr 0 Resname R01 Charge -0.03239
3349 Name 1:R01:Ad16 Type lmp_007 Mass 12.01 Resnr 0 Resname R01 Charge 0.03221
3350 Name 1:R01:Ad17 Type lmp_009 Mass 1.008 Resnr 0 Resname R01 Charge 0.02561
3351 Name 1:R01:Ad18 Type lmp_007 Mass 12.01 Resnr 0 Resname R01 Charge 0.02991
3352 Name 1:R01:Ad19 Type lmp_009 Mass 1.008 Resnr 0 Resname R01 Charge 0.02761
3353 Name 1:R01:Ad1a Type lmp_004 Mass 12.01 Resnr 0 Resname R01 Charge 0.05471
3354 Name 1:R01:Ad1b Type lmp_009 Mass 1.008 Resnr 0 Resname R01 Charge 0.00921
3355 Name 1:R01:Ad1c Type lmp_007 Mass 12.01 Resnr 0 Resname R01 Charge 0.00911
3356 Name 1:R01:Ad1d Type lmp_009 Mass 1.008 Resnr 0 Resname R01 Charge 0.03851
3357 Name 1:R01:Ad1e Type lmp_005 Mass 12.01 Resnr 0 Resname R01 Charge -0.12349
3358 Name 1:R01:Ad1f Type lmp_005 Mass 12.01 Resnr 0 Resname R01 Charge -0.12549
3359 Name 1:R01:Ad20 Type lmp_005 Mass 12.01 Resnr 0 Resname R01 Charge 0.03581
3360 Name 1:R01:Ad21 Type lmp_003 Mass 12.01 Resnr 0 Resname R01 Charge -0.11109
3361 Name 1:R01:Ad22 Type lmp_009 Mass 1.008 Resnr 0 Resname R01 Charge 0.04331
3362 Name 1:R01:Ad23 Type lmp_009 Mass 1.008 Resnr 0 Resname R01 Charge 0.04331
3363 Name 1:R01:Ad24 Type lmp_009 Mass 1.008 Resnr 0 Resname R01 Charge 0.04331
3364 Name 1:R01:Ad25 Type lmp_005 Mass 12.01 Resnr 0 Resname R01 Charge -0.08649
3365 Name 1:R01:Ad26 Type lmp_005 Mass 12.01 Resnr 0 Resname R01 Charge -0.09149
3366 Name 1:R01:Ad27 Type lmp_005 Mass 12.01 Resnr 0 Resname R01 Charge 0.05181
3367 Name 1:R01:Ad28 Type lmp_003 Mass 12.01 Resnr 0 Resname R01 Charge -0.10009
3368 Name 1:R01:Ad29 Type lmp_009 Mass 1.008 Resnr 0 Resname R01 Charge 0.04551
3369 Name 1:R01:Ad2a Type lmp_009 Mass 1.008 Resnr 0 Resname R01 Charge 0.04551
3370 Name 1:R01:Ad2b Type lmp_009 Mass 1.008 Resnr 0 Resname R01 Charge 0.04551
3371 Name 1:R01:Ad2c Type lmp_007 Mass 12.01 Resnr 0 Resname R01 Charge 0.00531
3372 Name 1:R01:Ad2d Type lmp_009 Mass 1.008 Resnr 0 Resname R01 Charge 0.03971
3373 Name 1:R01:Ad2e Type lmp_004 Mass 12.01 Resnr 0 Resname R01 Charge 0.05571
3374 Name 1:R01:Ad2f Type lmp_009 Mass 1.008 Resnr 0 Resname R01 Charge 0.01041
3375 Name 1:R01:Ad30 Type lmp_004 Mass 12.01 Resnr 0 Resname R01 Charge -0.21059
3376 Name 1:R01:Ad31 Type lmp_009 Mass 1.008 Resnr 0 Resname R01 Charge 0.05311
3377 Name 1:R01:Ad32 Type lmp_009 Mass 1.008 Resnr 0 Resname R01 Charge 0.05311
3378 Name 1:R01:Ad33 Type lmp_005 Mass 12.01 Resnr 0 Resname R01 Charge -0.04569
3379 Name 1:R01:Ad34 Type lmp_005 Mass 12.01 Resnr 0 Resname R01 Charge -0.20379
3380 Name 1:R01:Ad35 Type lmp_008 Mass 1.008 Resnr 0 Resname R01 Charge 0.15591
3381 Name 1:R01:Ad36 Type lmp_003 Mass 12.01 Resnr 0 Resname R01 Charge -0.10048
3382 Name 1:R01:Ad37 Type lmp_009 Mass 1.008 Resnr 0 Resname R01 Charge 0.02361
3383 Name 1:R01:Ad38 Type lmp_009 Mass 1.008 Resnr 0 Resname R01 Charge 0.02361
3384 Name 1:R01:Ad39 Type lmp_009 Mass 1.008 Resnr 0 Resname R01 Charge 0.02361
3385 Name 1:R01:Ad3a Type lmp_004 Mass 12.01 Resnr 0 Resname R01 Charge 0.19001
3386 Name 1:R01:Ad3b Type lmp_003 Mass 12.01 Resnr 0 Resname R01 Charge -0.17889
3387 Name 1:R01:Ad3c Type lmp_009 Mass 1.008 Resnr 0 Resname R01 Charge 0.04121
3388 Name 1:R01:Ad3d Type lmp_009 Mass 1.008 Resnr 0 Resname R01 Charge 0.04121
3389 Name 1:R01:Ad3e Type lmp_009 Mass 1.008 Resnr 0 Resname R01 Charge 0.04121
3390 Name 1:R01:Ad3f Type lmp_005 Mass 12.01 Resnr 0 Resname R01 Charge 0.00401
3391 Name 1:R01:Ad40 Type lmp_006 Mass 12.01 Resnr 0 Resname R01 Charge 0.00111
3392 Name 1:R01:Ad41 Type lmp_005 Mass 12.01 Resnr 0 Resname R01 Charge -0.18989
3393 Name 1:R01:Ad42 Type lmp_008 Mass 1.008 Resnr 0 Resname R01 Charge 0.14431
3394 Name 1:R01:Ad43 Type lmp_005 Mass 12.01 Resnr 0 Resname R01 Charge -0.04879
3395 Name 1:R01:Ad44 Type lmp_007 Mass 12.01 Resnr 0 Resname R01 Charge 0.03141
3396 Name 1:R01:Ad45 Type lmp_009 Mass 1.008 Resnr 0 Resname R01 Charge 0.03521
3397 Name 1:R01:Ad46 Type lmp_007 Mass 12.01 Resnr 0 Resname R01 Charge 0.01591
3398 Name 1:R01:Ad47 Type lmp_009 Mass 1.008 Resnr 0 Resname R01 Charge 0.03721
3399 Name 1:R01:Ad48 Type lmp_004 Mass 12.01 Resnr 0 Resname R01 Charge 0.02141
3400 Name 1:R01:Ad49 Type lmp_009 Mass 1.008 Resnr 0 Resname R01 Charge 0.01911
3401 Name 1:R01:Ad4a Type lmp_007 Mass 12.01 Resnr 0 Resname R01 Charge 0.02241
3402 Name 1:R01:Ad4b Type lmp_009 Mass 1.008 Resnr 0 Resname R01 Charge 0.03781
3403 Name 1:R01:Ad4c Type lmp_007 Mass 12.01 Resnr 0 Resname R01 Charge 0.01411
3404 Name 1:R01:Ad4d Type lmp_009 Mass 1.008 Resnr 0 Resname R01 Charge 0.03861
3405 Name 1:R01:Ad4e Type lmp_004 Mass 12.01 Resnr 0 Resname R01 Charge 0.01111
3406 Name 1:R01:Ad4f Type lmp_009 Mass 1.008 Resnr 0 Resname R01 Charge 0.02341
3407 Name 1:R01:Ad50 Type lmp_004 Mass 12.01 Resnr 0 Resname R01 Charge -0.10289
3408 Name 1:R01:Ad51 Type lmp_009 Mass 1.008 Resnr 0 Resname R01 Charge 0.04701
3409 Name 1:R01:Ad52 Type lmp_009 Mass 1.008 Resnr 0 Resname R01 Charge 0.04701
3410 Name 1:R01:Ad53 Type lmp_005 Mass 12.01 Resnr 0 Resname R01 Charge -0.03099
3411 Name 1:R01:Ad54 Type lmp_005 Mass 12.01 Resnr 0 Resname R01 Charge -0.25069
3412 Name 1:R01:Ad55 Type lmp_008 Mass 1.008 Resnr 0 Resname R01 Charge 0.17281
3413 Name 1:R01:Ad56 Type lmp_006 Mass 12.01 Resnr 0 Resname R01 Charge 0.02131
3414 Name 1:R01:Ad57 Type lmp_005 Mass 12.01 Resnr 0 Resname R01 Charge 0.02031
3415 Name 1:R01:Ad58 Type lmp_005 Mass 12.01 Resnr 0 Resname R01 Charge -0.24969
3416 Name 1:R01:Ad59 Type lmp_008 Mass 1.008 Resnr 0 Resname R01 Charge 0.17861
3417 Name 1:R01:Ad5a Type lmp_005 Mass 12.01 Resnr 0 Resname R01 Charge -0.03239
3418 Name 1:R01:Ad5b Type lmp_007 Mass 12.01 Resnr 0 Resname R01 Charge 0.03221
3419 Name 1:R01:Ad5c Type lmp_009 Mass 1.008 Resnr 0 Resname R01 Charge 0.02561
3420 Name 1:R01:Ad5d Type lmp_007 Mass 12.01 Resnr 0 Resname R01 Charge 0.02991
3421 Name 1:R01:Ad5e Type lmp_009 Mass 1.008 Resnr 0 Resname R01 Charge 0.02761
3422 Name 1:R01:Ad5f Type lmp_004 Mass 12.01 Resnr 0 Resname R01 Charge 0.05471
3423 Name 1:R01:Ad60 Type lmp_009 Mass 1.008 Resnr 0 Resname R01 Charge 0.00921
3424 Name 1:R01:Ad61 Type lmp_007 Mass 12.01 Resnr 0 Resname R01 Charge 0.00911
3425 Name 1:R01:Ad62 Type lmp_009 Mass 1.008 Resnr 0 Resname R01 Charge 0.03851
3426 Name 1:R01:Ad63 Type lmp_005 Mass 12.01 Resnr 0 Resname R01 Charge -0.12349
3427 Name 1:R01:Ad64 Type lmp_005 Mass 12.01 Resnr 0 Resname R01 Charge -0.12549
3428 Name 1:R01:Ad65 Type lmp_005 Mass 12.01 Resnr 0 Resname R01 Charge 0.03581
3429 Name 1:R01:Ad66 Type lmp_003 Mass 12.01 Resnr 0 Resname R01 Charge -0.11109
3430 Name 1:R01:Ad67 Type lmp_009 Mass 1.008 Resnr 0 Resname R01 Charge 0.04331
3431 Name 1:R01:Ad68 Type lmp_009 Mass 1.008 Resnr 0 Resname R01 Charge 0.04331
3432 Name 1:R01:Ad69 Type lmp_009 Mass 1.008 Resnr 0 Resname R01 Charge 0.04331
3433 Name 1:R01:Ad6a Type lmp_005 Mass 12.01 Resnr 0 Resname R01 Charge -0.08649
3434 Name 1:R01:Ad6b Type lmp_005 Mass 12.01 Resnr 0 Resname R01 Charge -0.09149
3435 Name 1:R01:Ad6c Type lmp_005 Mass 12.01 Resnr 0 Resname R01 Charge 0.05181
3436 Name 1:R01:Ad6d Type lmp_003 Mass 12.01 Resnr 0 Resname R01 Charge -0.10009
3437 Name 1:R01:Ad6e Type lmp_009 Mass 1.008 Resnr 0 Resname R01 Charge 0.04551
3438 Name 1:R01:Ad6f Type lmp_009 Mass 1.008 Resnr 0 Resname R01 Charge 0.04551
3439 Name 1:R01:Ad70 Type lmp_009 Mass 1.008 Resnr 0 Resname R01 Charge 0.04551
3440 Name 1:R01:Ad71 Type lmp_007 Mass 12.01 Resnr 0 Resname R01 Charge 0.00531
3441 Name 1:R01:Ad72 Type lmp_009 Mass 1.008 Resnr 0 Resname R01 Charge 0.03971
3442 Name 1:R01:Ad73 Type lmp_004 Mass 12.01 Resnr 0 Resname R01 Charge 0.05571
3443 Name 1:R01:Ad74 Type lmp_009 Mass 1.008 Resnr 0 Resname R01 Charge 0.01041
3444 Name 1:R01:Ad75 Type lmp_004 Mass 12.01 Resnr 0 Resname R01 Charge -0.21059
3445 Name 1:R01:Ad76 Type lmp_009 Mass 1.008 Resnr 0 Resname R01 Charge 0.05311
3446 Name 1:R01:Ad77 Type lmp_009 Mass 1.008 Resnr 0 Resname R01 Charge 0.05311
3447 Name 1:R01:Ad78 Type lmp_005 Mass 12.01 Resnr 0 Resname R01 Charge -0.04569
3448 Name 1:R01:Ad79 Type lmp_005 Mass 12.01 Resnr 0 Resname R01 Charge -0.20379
3449 Name 1:R01:Ad7a Type lmp_008 Mass 1.008 Resnr 0 Resname R01 Charge 0.15591
3450 Name 1:R01:Ad7b Type lmp_003 Mass 12.01 Resnr 0 Resname R01 Charge -0.10048
3451 Name 1:R01:Ad7c Type lmp_009 Mass 1.008 Resnr 0 Resname R01 Charge 0.02361
3452 Name 1:R01:Ad7d Type lmp_009 Mass 1.008 Resnr 0 Resname R01 Charge 0.02361
3453 Name 1:R01:Ad7e Type lmp_009 Mass 1.008 Resnr 0 Resname R01 Charge 0.02361
3454 Name 1:R01:Ad7f Type lmp_004 Mass 12.01 Resnr 0 Resname R01 Charge 0.19001
3455 Name 1:R01:Ad80 Type lmp_003 Mass 12.01 Resnr 0 Resname R01 Charge -0.17889
3456 Name 1:R01:Ad81 Type lmp_009 Mass 1.008 Resnr 0 Resname R01 Charge 0.04121
3457 Name 1:R01:Ad82 Type lmp_009 Mass 1.008 Resnr 0 Resname R01 Charge 0.04121
3458 Name 1:R01:Ad83 Type lmp_009 Mass 1.008 Resnr 0 Resname R01 Charge 0.04121
3459 Name 1:R01:Ad84 Type lmp_005 Mass 12.01 Resnr 0 Resname R01 Charge 0.00401
3460 Name 1:R01:Ad85 Type lmp_006 Mass 12.01 Resnr 0 Resname R01 Charge 0.00111
3461 Name 1:R01:Ad86 Type lmp_005 Mass 12.01 Resnr 0 Resname R01 Charge -0.18989
3462 Name 1:R01:Ad87 Type lmp_008 Mass 1.008 Resnr 0 Resname R01 Charge 0.14431
3463 Name 1:R01:Ad88 Type lmp_005 Mass 12.01 Resnr 0 Resname R01 Charge -0.04879
3464 Name 1:R01:Ad89 Type lmp_007 Mass 12.01 Resnr 0 Resname R01 Charge 0.03141
3465 Name 1:R01:Ad8a Type lmp_009 Mass 1.008 Resnr 0 Resname R01 Charge 0.03521
3466 Name 1:R01:Ad8b Type lmp_007 Mass 12.01 Resnr 0 Resname R01 Charge 0.01591
3467 Name 1:R01:Ad8c Type lmp_009 Mass 1.008 Resnr 0 Resname R01 Charge 0.03721
3468 Name 1:R01:Ad8d Type lmp_004 Mass 12.01 Resnr 0 Resname R01 Charge 0.02141
3469 Name 1:R01:Ad8e Type lmp_009 Mass 1.008 Resnr 0 Resname R01 Charge 0.01911
3470 Name 1:R01:Ad8f Type lmp_007 Mass 12.01 Resnr 0 Resname R01 Charge 0.02241
3471 Name 1:R01:Ad90 Type lmp_009 Mass 1.008 Resnr 0 Resname R01 Charge 0.03781
3472 Name 1:R01:Ad91 Type lmp_007 Mass 12.01 Resnr 0 Resname R01 Charge 0.01411
3473 Name 1:R01:Ad92 Type lmp_009 Mass 1.008 Resnr 0 Resname R01 Charge 0.03861
3474 Name 1:R01:Ad93 Type lmp_004 Mass 12.01 Resnr 0 Resname R01 Charge 0.01111
3475 Name 1:R01:Ad94 Type lmp_009 Mass 1.008 Resnr 0 Resname R01 Charge 0.02341
3476 Name 1:R01:Ad95 Type lmp_004 Mass 12.01 Resnr 0 Resname R01 Charge -0.10289
3477 Name 1:R01:Ad96 Type lmp_009 Mass 1.008 Resnr 0 Resname R01 Charge 0.04701
3478 Name 1:R01:Ad97 Type lmp_009 Mass 1.008 Resnr 0 Resname R01 Charge 0.04701
3479 Name 1:R01:Ad98 Type lmp_005 Mass 12.01 Resnr 0 Resname R01 Charge -0.03099
3480 Name 1:R01:Ad99 Type lmp_005 Mass 12.01 Resnr 0 Resname R01 Charge -0.25069
3481 Name 1:R01:Ad9a Type lmp_008 Mass 1.008 Resnr 0 Resname R01 Charge 0.17281
3482 Name 1:R01:Ad9b Type lmp_006 Mass 12.01 Resnr 0 Resname R01 Charge 0.02131
3483 Name 1:R01:Ad9c Type lmp_005 Mass 12.01 Resnr 0 Resname R01 Charge 0.02031
3484 Name 1:R01:Ad9d Type lmp_005 Mass 12.01 Resnr 0 Resname R01 Charge -0.24969
3485 Name 1:R01:Ad9e Type lmp_008 Mass 1.008 Resnr 0 Resname R01 Charge 0.17861
3486 Name 1:R01:Ad9f Type lmp_005 Mass 12.01 Resnr 0 Resname R01 Charge -0.03239
3487 Name 1:R01:Ada0 Type lmp_007 Mass 12.01 Resnr 0 Resname R01 Charge 0.03221
3488 Name 1:R01:Ada1 Type lmp_009 Mass 1.008 Resnr 0 Resname R01 Charge 0.02561
3489 Name 1:R01:Ada2 Type lmp_007 Mass 12.01 Resnr 0 Resname R01 Charge 0.02991
3490 Name 1:R01:Ada3 Type lmp_009 Mass 1.008 Resnr 0 Resname R01 Charge 0.02761
3491 Name 1:R01:Ada4 Type lmp_004 Mass 12.01 Resnr 0 Resname R01 Charge 0.05471
3492 Name 1:R01:Ada5 Type lmp_009 Mass 1.008 Resnr 0 Resname R01 Charge 0.00921
3493 Name 1:R01:Ada6 Type lmp_007 Mass 12.01 Resnr 0 Resname R01 Charge 0.00911
3494 Name 1:R01:Ada7 Type lmp_009 Mass 1.008 Resnr 0 Resname R01 Charge 0.03851
3495 Name 1:R01:Ada8 Type lmp_005 Mass 12.01 Resnr 0 Resname R01 Charge -0.12349
3496 Name 1:R01:Ada9 Type lmp_005 Mass 12.01 Resnr 0 Resname R01 Charge -0.12549
3497 Name 1:R01:Adaa Type lmp_005 Mass 12.01 Resnr 0 Resname R01 Charge 0.03581
3498 Name 1:R01:Adab Type lmp_003 Mass 12.01 Resnr 0 Resname R01 Charge -0.11109
3499 Name 1:R01:Adac Type lmp_009 Mass 1.008 Resnr 0 Resname R01 Charge 0.04331
3500 Name 1:R01:Adad Type lmp_009 Mass 1.008 Resnr 0 Resname R01 Charge 0.04331
3501 Name 1:R01:Adae Type lmp_009 Mass 1.008 Resnr 0 Resname R01 Charge 0.04331
3502 Name 1:R01:Adaf Type lmp_005 Mass 12.01 Resnr 0 Resname R01 Charge -0.08649
3503 Name 1:R01:Adb0 Type lmp_005 Mass 12.01 Resnr 0 Resname R01 Charge -0.09149
3504 Name 1:R01:Adb1 Type lmp_005 Mass 12.01 Resnr 0 Resname R01 Charge 0.05181
3505 Name 1:R01:Adb2 Type lmp_003 Mass 12.01 Resnr 0 Resname R01 Charge -0.10009
3506 Name 1:R01:Adb3 Type lmp_009 Mass 1.008 Resnr 0 Resname R01 Charge 0.04551
3507 Name 1:R01:Adb4 Type lmp_009 Mass 1.008 Resnr 0 Resname R01 Charge 0.04551
3508 Name 1:R01:Adb5 Type lmp_009 Mass 1.008 Resnr 0 Resname R01 Charge 0.04551
3509 Name 1:R01:Adb6 Type lmp_007 Mass 12.01 Resnr 0 Resname R01 Charge 0.00531
3510 Name 1:R01:Adb7 Type lmp_009 Mass 1.008 Resnr 0 Resname R01 Charge 0.03971
3511 Name 1:R01:Adb8 Type lmp_004 Mass 12.01 Resnr 0 Resname R01 Charge 0.05571
3512 Name 1:R01:Adb9 Type lmp_009 Mass 1.008 Resnr 0 Resname R01 Charge 0.01041
3513 Name 1:R01:Adba Type lmp_004 Mass 12.01 Resnr 0 Resname R01 Charge -0.21059
3514 Name 1:R01:Adbb Type lmp_009 Mass 1.008 Resnr 0 Resname R01 Charge 0.05311
3515 Name 1:R01:Adbc Type lmp_009 Mass 1.008 Resnr 0 Resname R01 Charge 0.05311
3516 Name 1:R01:Adbd Type lmp_005 Mass 12.01 Resnr 0 Resname R01 Charge -0.04569
3517 Name 1:R01:Adbe Type lmp_005 Mass 12.01 Resnr 0 Resname R01 Charge -0.20379
3518 Name 1:R01:Adbf Type lmp_008 Mass 1.008 Resnr 0 Resname R01 Charge 0.15591
3519 Name 1:R01:Adc0 Type lmp_003 Mass 12.01 Resnr 0 Resname R01 Charge -0.10048
3520 Name 1:R01:Adc1 Type lmp_009 Mass 1.008 Resnr 0 Resname R01 Charge 0.02361
3521 Name 1:R01:Adc2 Type lmp_009 Mass 1.008 Resnr 0 Resname R01 Charge 0.02361
3522 Name 1:R01:Adc3 Type lmp_009 Mass 1.008 Resnr 0 Resname R01 Charge 0.02361
3523 Name 1:R01:Adc4 Type lmp_004 Mass 12.01 Resnr 0 Resname R01 Charge 0.19001
3524 Name 1:R01:Adc5 Type lmp_003 Mass 12.01 Resnr 0 Resname R01 Charge -0.17889
3525 Name 1:R01:Adc6 Type lmp_009 Mass 1.008 Resnr 0 Resname R01 Charge 0.04121
3526 Name 1:R01:Adc7 Type lmp_009 Mass 1.008 Resnr 0 Resname R01 Charge 0.04121
3527 Name 1:R01:Adc8 Type lmp_009 Mass 1.008 Resnr 0 Resname R01 Charge 0.04121
3528 Name 1:R01:Adc9 Type lmp_005 Mass 12.01 Resnr 0 Resname R01 Charge 0.00401
3529 Name 1:R01:Adca Type lmp_006 Mass 12.01 Resnr 0 Resname R01 Charge 0.00111
3530 Name 1:R01:Adcb Type lmp_005 Mass 12.01 Resnr 0 Resname R01 Charge -0.18989
3531 Name 1:R01:Adcc Type lmp_008 Mass 1.008 Resnr 0 Resname R01 Charge 0.14431
3532 Name 1:R01:Adcd Type lmp_005 Mass 12.01 Resnr 0 Resname R01 Charge -0.04879
3533 Name 1:R01:Adce Type lmp_007 Mass 12.01 Resnr 0 Resname R01 Charge 0.03141
3534 Name 1:R01:Adcf Type lmp_009 Mass 1.008 Resnr 0 Resname R01 Charge 0.03521
3535 Name 1:R01:Add0 Type lmp_007 Mass 12.01 Resnr 0 Resname R01 Charge 0.01591
3536 Name 1:R01:Add1 Type lmp_009 Mass 1.008 Resnr 0 Resname R01 Charge 0.03721
3537 Name 1:R01:Add2 Type lmp_004 Mass 12.01 Resnr 0 Resname R01 Charge 0.02141
3538 Name 1:R01:Add3 Type lmp_009 Mass 1.008 Resnr 0 Resname R01 Charge 0.01911
3539 Name 1:R01:Add4 Type lmp_007 Mass 12.01 Resnr 0 Resname R01 Charge 0.02241
3540 Name 1:R01:Add5 Type lmp_009 Mass 1.008 Resnr 0 Resname R01 Charge 0.03781
3541 Name 1:R01:Add6 Type lmp_007 Mass 12.01 Resnr 0 Resname R01 Charge 0.01411
3542 Name 1:R01:Add7 Type lmp_009 Mass 1.008 Resnr 0 Resname R01 Charge 0.03861
3543 Name 1:R01:Add8 Type lmp_004 Mass 12.01 Resnr 0 Resname R01 Charge 0.01111
3544 Name 1:R01:Add9 Type lmp_009 Mass 1.008 Resnr 0 Resname R01 Charge 0.02341
3545 Name 1:R01:Adda Type lmp_004 Mass 12.01 Resnr 0 Resname R01 Charge -0.10289
3546 Name 1:R01:Addb Type lmp_009 Mass 1.008 Resnr 0 Resname R01 Charge 0.04701
3547 Name 1:R01:Addc Type lmp_009 Mass 1.008 Resnr 0 Resname R01 Charge 0.04701
3548 Name 1:R01:Addd Type lmp_005 Mass 12.01 Resnr 0 Resname R01 Charge -0.03099
3549 Name 1:R01:Adde Type lmp_005 Mass 12.01 Resnr 0 Resname R01 Charge -0.25069
3550 Name 1:R01:Addf Type lmp_008 Mass 1.008 Resnr 0 Resname R01 Charge 0.17281
3551 Name 1:R01:Ade0 Type lmp_006 Mass 12.01 Resnr 0 Resname R01 Charge 0.02131
3552 Name 1:R01:Ade1 Type lmp_005 Mass 12.01 Resnr 0 Resname R01 Charge 0.02031
3553 Name 1:R01:Ade2 Type lmp_005 Mass 12.01 Resnr 0 Resname R01 Charge -0.24969
3554 Name 1:R01:Ade3 Type lmp_008 Mass 1.008 Resnr 0 Resname R01 Charge 0.17861
3555 Name 1:R01:Ade4 Type lmp_005 Mass 12.01 Resnr 0 Resname R01 Charge -0.03239
3556 Name 1:R01:Ade5 Type lmp_007 Mass 12.01 Resnr 0 Resname R01 Charge 0.03221
3557 Name 1:R01:Ade6 Type lmp_009 Mass 1.008 Resnr 0 Resname R01 Charge 0.02561
3558 Name 1:R01:Ade7 Type lmp_007 Mass 12.01 Resnr 0 Resname R01 Charge 0.02991
3559 Name 1:R01:Ade8 Type lmp_009 Mass 1.008 Resnr 0 Resname R01 Charge 0.02761
3560 Name 1:R01:Ade9 Type lmp_004 Mass 12.01 Resnr 0 Resname R01 Charge 0.05471
3561 Name 1:R01:Adea Type lmp_009 Mass 1.008 Resnr 0 Resname R01 Charge 0.00921
3562 Name 1:R01:Adeb Type lmp_007 Mass 12.01 Resnr 0 Resname R01 Charge 0.00911
3563 Name 1:R01:Adec Type lmp_009 Mass 1.008 Resnr 0 Resname R01 Charge 0.03851
3564 Name 1:R01:Aded Type lmp_005 Mass 12.01 Resnr 0 Resname R01 Charge -0.12349
3565 Name 1:R01:Adee Type lmp_005 Mass 12.01 Resnr 0 Resname R01 Charge -0.12549
3566 Name 1:R01:Adef Type lmp_005 Mass 12.01 Resnr 0 Resname R01 Charge 0.03581
3567 Name 1:R01:Adf0 Type lmp_003 Mass 12.01 Resnr 0 Resname R01 Charge -0.11109
3568 Name 1:R01:Adf1 Type lmp_009 Mass 1.008 Resnr 0 Resname R01 Charge 0.04331
3569 Name 1:R01:Adf2 Type lmp_009 Mass 1.008 Resnr 0 Resname R01 Charge 0.04331
3570 Name 1:R01:Adf3 Type lmp_009 Mass 1.008 Resnr 0 Resname R01 Charge 0.04331
3571 Name 1:R01:Adf4 Type lmp_005 Mass 12.01 Resnr 0 Resname R01 Charge -0.08649
3572 Name 1:R01:Adf5 Type lmp_005 Mass 12.01 Resnr 0 Resname R01 Charge -0.09149
3573 Name 1:R01:Adf6 Type lmp_005 Mass 12.01 Resnr 0 Resname R01 Charge 0.05181
3574 Name 1:R01:Adf7 Type lmp_003 Mass 12.01 Resnr 0 Resname R01 Charge -0.10009
3575 Name 1:R01:Adf8 Type lmp_009 Mass 1.008 Resnr 0 Resname R01 Charge 0.04551
3576 Name 1:R01:Adf9 Type lmp_009 Mass 1.008 Resnr 0 Resname R01 Charge 0.04551
3577 Name 1:R01:Adfa Type lmp_009 Mass 1.008 Resnr 0 Resname R01 Charge 0.04551
3578 Name 1:R01:Adfb Type lmp_007 Mass 12.01 Resnr 0 Resname R01 Charge 0.00531
3579 Name 1:R01:Adfc Type lmp_009 Mass 1.008 Resnr 0 Resname R01 Charge 0.03971
3580 Name 1:R01:Adfd Type lmp_004 Mass 12.01 Resnr 0 Resname R01 Charge 0.05571
3581 Name 1:R01:Adfe Type lmp_009 Mass 1.008 Resnr 0 Resname R01 Charge 0.01041
3582 Name 1:R01:Adff Type lmp_004 Mass 12.01 Resnr 0 Resname R01 Charge -0.21059
3583 Name 1:R01:Ae00 Type lmp_009 Mass 1.008 Resnr 0 Resname R01 Charge 0.05311
3584 Name 1:R01:Ae01 Type lmp_009 Mass 1.008 Resnr 0 Resname R01 Charge 0.05311
3585 Name 1:R01:Ae02 Type lmp_005 Mass 12.01 Resnr 0 Resname R01 Charge -0.04569
3586 Name 1:R01:Ae03 Type lmp_005 Mass 12.01 Resnr 0 Resname R01 Charge -0.20379
3587 Name 1:R01:Ae04 Type lmp_008 Mass 1.008 Resnr 0 Resname R01 Charge 0.15591
3588 Name 1:R01:Ae05 Type lmp_003 Mass 12.01 Resnr 0 Resname R01 Charge -0.10048
3589 Name 1:R01:Ae06 Type lmp_009 Mass 1.008 Resnr 0 Resname R01 Charge 0.02361
3590 Name 1:R01:Ae07 Type lmp_009 Mass 1.008 Resnr 0 Resname R01 Charge 0.02361
3591 Name 1:R01:Ae08 Type lmp_009 Mass 1.008 Resnr 0 Resname R01 Charge 0.02361
3592 Name 1:R01:Ae09 Type lmp_004 Mass 12.01 Resnr 0 Resname R01 Charge 0.19001
3593 Name 1:R01:Ae0a Type lmp_003 Mass 12.01 Resnr 0 Resname R01 Charge -0.17889
3594 Name 1:R01:Ae0b Type lmp_009 Mass 1.008 Resnr 0 Resname R01 Charge 0.04121
3595 Name 1:R01:Ae0c Type lmp_009 Mass 1.008 Resnr 0 Resname R01 Charge 0.04121
3596 Name 1:R01:Ae0d Type lmp_009 Mass 1.008 Resnr 0 Resname R01 Charge 0.04121
3597 Name 1:R01:Ae0e Type lmp_005 Mass 12.01 Resnr 0 Resname R01 Charge 0.00401
3598 Name 1:R01:Ae0f Type lmp_006 Mass 12.01 Resnr 0 Resname R01 Charge 0.00111
3599 Name 1:R01:Ae10 Type lmp_005 Mass 12.01 Resnr 0 Resname R01 Charge -0.18989
3600 Name 1:R01:Ae11 Type lmp_008 Mass 1.008 Resnr 0 Resname R01 Charge 0.14431
3601 Name 1:R01:Ae12 Type lmp_005 Mass 12.01 Resnr 0 Resname R01 Charge -0.04879
3602 Name 1:R01:Ae13 Type lmp_007 Mass 12.01 Resnr 0 Resname R01 Charge 0.03141
3603 Name 1:R01:Ae14 Type lmp_009 Mass 1.008 Resnr 0 Resname R01 Charge 0.03521
3604 Name 1:R01:Ae15 Type lmp_007 Mass 12.01 Resnr 0 Resname R01 Charge 0.01591
3605 Name 1:R01:Ae16 Type lmp_009 Mass 1.008 Resnr 0 Resname R01 Charge 0.03721
3606 Name 1:R01:Ae17 Type lmp_004 Mass 12.01 Resnr 0 Resname R01 Charge 0.02141
3607 Name 1:R01:Ae18 Type lmp_009 Mass 1.008 Resnr 0 Resname R01 Charge 0.01911
3608 Name 1:R01:Ae19 Type lmp_007 Mass 12.01 Resnr 0 Resname R01 Charge 0.02241
3609 Name 1:R01:Ae1a Type lmp_009 Mass 1.008 Resnr 0 Resname R01 Charge 0.03781
3610 Name 1:R01:Ae1b Type lmp_007 Mass 12.01 Resnr 0 Resname R01 Charge 0.01411
3611 Name 1:R01:Ae1c Type lmp_009 Mass 1.008 Resnr 0 Resname R01 Charge 0.03861
3612 Name 1:R01:Ae1d Type lmp_004 Mass 12.01 Resnr 0 Resname R01 Charge 0.01111
3613 Name 1:R01:Ae1e Type lmp_009 Mass 1.008 Resnr 0 Resname R01 Charge 0.02341
3614 Name 1:R01:Ae1f Type lmp_004 Mass 12.01 Resnr 0 Resname R01 Charge -0.10289
3615 Name 1:R01:Ae20 Type lmp_009 Mass 1.008 Resnr 0 Resname R01 Charge 0.04701
3616 Name 1:R01:Ae21 Type lmp_009 Mass 1.008 Resnr 0 Resname R01 Charge 0.04701
3617 Name 1:R01:Ae22 Type lmp_005 Mass 12.01 Resnr 0 Resname R01 Charge -0.03099
3618 Name 1:R01:Ae23 Type lmp_005 Mass 12.01 Resnr 0 Resname R01 Charge -0.25069
3619 Name 1:R01:Ae24 Type lmp_008 Mass 1.008 Resnr 0 Resname R01 Charge 0.17281
3620 Name 1:R01:Ae25 Type lmp_006 Mass 12.01 Resnr 0 Resname R01 Charge 0.02131
3621 Name 1:R01:Ae26 Type lmp_005 Mass 12.01 Resnr 0 Resname R01 Charge 0.02031
3622 Name 1:R01:Ae27 Type lmp_005 Mass 12.01 Resnr 0 Resname R01 Charge -0.24969
3623 Name 1:R01:Ae28 Type lmp_008 Mass 1.008 Resnr 0 Resname R01 Charge 0.17861
3624 Name 1:R01:Ae29 Type lmp_005 Mass 12.01 Resnr 0 Resname R01 Charge -0.03239
3625 Name 1:R01:Ae2a Type lmp_007 Mass 12.01 Resnr 0 Resname R01 Charge 0.03221
3626 Name 1:R01:Ae2b Type lmp_009 Mass 1.008 Resnr 0 Resname R01 Charge 0.02561
3627 Name 1:R01:Ae2c Type lmp_007 Mass 12.01 Resnr 0 Resname R01 Charge 0.02991
3628 Name 1:R01:Ae2d Type lmp_009 Mass 1.008 Resnr 0 Resname R01 Charge 0.02761
3629 Name 1:R01:Ae2e Type lmp_004 Mass 12.01 Resnr 0 Resname R01 Charge 0.05471
3630 Name 1:R01:Ae2f Type lmp_009 Mass 1.008 Resnr 0 Resname R01 Charge 0.00921
3631 Name 1:R01:Ae30 Type lmp_007 Mass 12.01 Resnr 0 Resname R01 Charge 0.00911
3632 Name 1:R01:Ae31 Type lmp_009 Mass 1.008 Resnr 0 Resname R01 Charge 0.03851
3633 Name 1:R01:Ae32 Type lmp_005 Mass 12.01 Resnr 0 Resname R01 Charge -0.12349
3634 Name 1:R01:Ae33 Type lmp_005 Mass 12.01 Resnr 0 Resname R01 Charge -0.12549
3635 Name 1:R01:Ae34 Type lmp_005 Mass 12.01 Resnr 0 Resname R01 Charge 0.03581
3636 Name 1:R01:Ae35 Type lmp_003 Mass 12.01 Resnr 0 Resname R01 Charge -0.11109
3637 Name 1:R01:Ae36 Type lmp_009 Mass 1.008 Resnr 0 Resname R01 Charge 0.04331
3638 Name 1:R01:Ae37 Type lmp_009 Mass 1.008 Resnr 0 Resname R01 Charge 0.04331
3639 Name 1:R01:Ae38 Type lmp_009 Mass 1.008 Resnr 0 Resname R01 Charge 0.04331
3640 Name 1:R01:Ae39 Type lmp_005 Mass 12.01 Resnr 0 Resname R01 Charge -0.08649
3641 Name 1:R01:Ae3a Type lmp_005 Mass 12.01 Resnr 0 Resname R01 Charge -0.09149
3642 Name 1:R01:Ae3b Type lmp_005 Mass 12.01 Resnr 0 Resname R01 Charge 0.05181
3643 Name 1:R01:Ae3c Type lmp_003 Mass 12.01 Resnr 0 Resname R01 Charge -0.10009
3644 Name 1:R01:Ae3d Type lmp_009 Mass 1.008 Resnr 0 Resname R01 Charge 0.04551
3645 Name 1:R01:Ae3e Type lmp_009 Mass 1.008 Resnr 0 Resname R01 Charge 0.04551
3646 Name 1:R01:Ae3f Type lmp_009 Mass 1.008 Resnr 0 Resname R01 Charge 0.04551
3647 Name 1:R01:Ae40 Type lmp_007 Mass 12.01 Resnr 0 Resname R01 Charge 0.00531
3648 Name 1:R01:Ae41 Type lmp_009 Mass 1.008 Resnr 0 Resname R01 Charge 0.03971
3649 Name 1:R01:Ae42 Type lmp_004 Mass 12.01 Resnr 0 Resname R01 Charge 0.05571
3650 Name 1:R01:Ae43 Type lmp_009 Mass 1.008 Resnr 0 Resname R01 Charge 0.01041
3651 Name 1:R01:Ae44 Type lmp_004 Mass 12.01 Resnr 0 Resname R01 Charge -0.21059
3652 Name 1:R01:Ae45 Type lmp_009 Mass 1.008 Resnr 0 Resname R01 Charge 0.05311
3653 Name 1:R01:Ae46 Type lmp_009 Mass 1.008 Resnr 0 Resname R01 Charge 0.05311
3654 Name 1:R01:Ae47 Type lmp_005 Mass 12.01 Resnr 0 Resname R01 Charge -0.04569
3655 Name 1:R01:Ae48 Type lmp_005 Mass 12.01 Resnr 0 Resname R01 Charge -0.20379
3656 Name 1:R01:Ae49 Type lmp_008 Mass 1.008 Resnr 0 Resname R01 Charge 0.15591
3657 Name 1:R01:Ae4a Type lmp_003 Mass 12.01 Resnr 0 Resname R01 Charge -0.10048
3658 Name 1:R01:Ae4b Type lmp_009 Mass 1.008 Resnr 0 Resname R01 Charge 0.02361
3659 Name 1:R01:Ae4c Type lmp_009 Mass 1.008 Resnr 0 Resname R01 Charge 0.02361
3660 Name 1:R01:Ae4d Type lmp_009 Mass 1.008 Resnr 0 Resname R01 Charge 0.02361
3661 Name 1:R01:Ae4e Type lmp_004 Mass 12.01 Resnr 0 Resname R01 Charge 0.19001
3662 Name 1:R01:Ae4f Type lmp_003 Mass 12.01 Resnr 0 Resname R01 Charge -0.17889
3663 Name 1:R01:Ae50 Type lmp_009 Mass 1.008 Resnr 0 Resname R01 Charge 0.04121
3664 Name 1:R01:Ae51 Type lmp_009 Mass 1.008 Resnr 0 Resname R01 Charge 0.04121
3665 Name 1:R01:Ae52 Type lmp_009 Mass 1.008 Resnr 0 Resname R01 Charge 0.04121
3666 Name 1:R01:Ae53 Type lmp_005 Mass 12.01 Resnr 0 Resname R01 Charge 0.00401
3667 Name 1:R01:Ae54 Type lmp_006 Mass 12.01 Resnr 0 Resname R01 Charge 0.00111
3668 Name 1:R01:Ae55 Type lmp_005 Mass 12.01 Resnr 0 Resname R01 Charge -0.18989
3669 Name 1:R01:Ae56 Type lmp_008 Mass 1.008 Resnr 0 Resname R01 Charge 0.14431
3670 Name 1:R01:Ae57 Type lmp_005 Mass 12.01 Resnr 0 Resname R01 Charge -0.04879
3671 Name 1:R01:Ae58 Type lmp_007 Mass 12.01 Resnr 0 Resname R01 Charge 0.03141
3672 Name 1:R01:Ae59 Type lmp_009 Mass 1.008 Resnr 0 Resname R01 Charge 0.03521
3673 Name 1:R01:Ae5a Type lmp_007 Mass 12.01 Resnr 0 Resname R01 Charge 0.01591
3674 Name 1:R01:Ae5b Type lmp_009 Mass 1.008 Resnr 0 Resname R01 Charge 0.03721
3675 Name 1:R01:Ae5c Type lmp_004 Mass 12.01 Resnr 0 Resname R01 Charge 0.02141
3676 Name 1:R01:Ae5d Type lmp_009 Mass 1.008 Resnr 0 Resname R01 Charge 0.01911
3677 Name 1:R01:Ae5e Type lmp_007 Mass 12.01 Resnr 0 Resname R01 Charge 0.02241
3678 Name 1:R01:Ae5f Type lmp_009 Mass 1.008 Resnr 0 Resname R01 Charge 0.03781
3679 Name 1:R01:Ae60 Type lmp_007 Mass 12.01 Resnr 0 Resname R01 Charge 0.01411
3680 Name 1:R01:Ae61 Type lmp_009 Mass 1.008 Resnr 0 Resname R01 Charge 0.03861
3681 Name 1:R01:Ae62 Type lmp_004 Mass 12.01 Resnr 0 Resname R01 Charge 0.01111
3682 Name 1:R01:Ae63 Type lmp_009 Mass 1.008 Resnr 0 Resname R01 Charge 0.02341
3683 Name 1:R01:Ae64 Type lmp_004 Mass 12.01 Resnr 0 Resname R01 Charge -0.10289
3684 Name 1:R01:Ae65 Type lmp_009 Mass 1.008 Resnr 0 Resname R01 Charge 0.04701
3685 Name 1:R01:Ae66 Type lmp_009 Mass 1.008 Resnr 0 Resname R01 Charge 0.04701
3686 Name 1:R01:Ae67 Type lmp_005 Mass 12.01 Resnr 0 Resname R01 Charge -0.03099
3687 Name 1:R01:Ae68 Type lmp_005 Mass 12.01 Resnr 0 Resname R01 Charge -0.25069
3688 Name 1:R01:Ae69 Type lmp_008 Mass 1.008 Resnr 0 Resname R01 Charge 0.17281
3689 Name 1:R01:Ae6a Type lmp_006 Mass 12.01 Resnr 0 Resname R01 Charge 0.02131
3690 Name 1:R01:Ae6b Type lmp_005 Mass 12.01 Resnr 0 Resname R01 Charge 0.02031
3691 Name 1:R01:Ae6c Type lmp_005 Mass 12.01 Resnr 0 Resname R01 Charge -0.24969
3692 Name 1:R01:Ae6d Type lmp_008 Mass 1.008 Resnr 0 Resname R01 Charge 0.17861
3693 Name 1:R01:Ae6e Type lmp_005 Mass 12.01 Resnr 0 Resname R01 Charge -0.03239
3694 Name 1:R01:Ae6f Type lmp_007 Mass 12.01 Resnr 0 Resname R01 Charge 0.03221
3695 Name 1:R01:Ae70 Type lmp_009 Mass 1.008 Resnr 0 Resname R01 Charge 0.02561
3696 Name 1:R01:Ae71 Type lmp_007 Mass 12.01 Resnr 0 Resname R01 Charge 0.02991
3697 Name 1:R01:Ae72 Type lmp_009 Mass 1.008 Resnr 0 Resname R01 Charge 0.02761
3698 Name 1:R01:Ae73 Type lmp_004 Mass 12.01 Resnr 0 Resname R01 Charge 0.05471
3699 Name 1:R01:Ae74 Type lmp_009 Mass 1.008 Resnr 0 Resname R01 Charge 0.00921
3700 Name 1:R01:Ae75 Type lmp_007 Mass 12.01 Resnr 0 Resname R01 Charge 0.00911
3701 Name 1:R01:Ae76 Type lmp_009 Mass 1.008 Resnr 0 Resname R01 Charge 0.03851
3702 Name 1:R01:Ae77 Type lmp_005 Mass 12.01 Resnr 0 Resname R01 Charge -0.12349
3703 Name 1:R01:Ae78 Type lmp_005 Mass 12.01 Resnr 0 Resname R01 Charge -0.12549
3704 Name 1:R01:Ae79 Type lmp_005 Mass 12.01 Resnr 0 Resname R01 Charge 0.03581
3705 Name 1:R01:Ae7a Type lmp_003 Mass 12.01 Resnr 0 Resname R01 Charge -0.11109
3706 Name 1:R01:Ae7b Type lmp_009 Mass 1.008 Resnr 0 Resname R01 Charge 0.04331
3707 Name 1:R01:Ae7c Type lmp_009 Mass 1.008 Resnr 0 Resname R01 Charge 0.04331
3708 Name 1:R01:Ae7d Type lmp_009 Mass 1.008 Resnr 0 Resname R01 Charge 0.04331
3709 Name 1:R01:Ae7e Type lmp_005 Mass 12.01 Resnr 0 Resname R01 Charge -0.08649
3710 Name 1:R01:Ae7f Type lmp_005 Mass 12.01 Resnr 0 Resname R01 Charge -0.09149
3711 Name 1:R01:Ae80 Type lmp_005 Mass 12.01 Resnr 0 Resname R01 Charge 0.05181
3712 Name 1:R01:Ae81 Type lmp_003 Mass 12.01 Resnr 0 Resname R01 Charge -0.10009
3713 Name 1:R01:Ae82 Type lmp_009 Mass 1.008 Resnr 0 Resname R01 Charge 0.04551
3714 Name 1:R01:Ae83 Type lmp_009 Mass 1.008 Resnr 0 Resname R01 Charge 0.04551
3715 Name 1:R01:Ae84 Type lmp_009 Mass 1.008 Resnr 0 Resname R01 Charge 0.04551
3716 Name 1:R01:Ae85 Type lmp_007 Mass 12.01 Resnr 0 Resname R01 Charge 0.00531
3717 Name 1:R01:Ae86 Type lmp_009 Mass 1.008 Resnr 0 Resname R01 Charge 0.03971
3718 Name 1:R01:Ae87 Type lmp_004 Mass 12.01 Resnr 0 Resname R01 Charge 0.05571
3719 Name 1:R01:Ae88 Type lmp_009 Mass 1.008 Resnr 0 Resname R01 Charge 0.01041
3720 Name 1:R01:Ae89 Type lmp_004 Mass 12.01 Resnr 0 Resname R01 Charge -0.21059
3721 Name 1:R01:Ae8a Type lmp_009 Mass 1.008 Resnr 0 Resname R01 Charge 0.05311
3722 Name 1:R01:Ae8b Type lmp_009 Mass 1.008 Resnr 0 Resname R01 Charge 0.05311
3723 Name 1:R01:Ae8c Type lmp_005 Mass 12.01 Resnr 0 Resname R01 Charge -0.04569
3724 Name 1:R01:Ae8d Type lmp_005 Mass 12.01 Resnr 0 Resname R01 Charge -0.20379
3725 Name 1:R01:Ae8e Type lmp_008 Mass 1.008 Resnr 0 Resname R01 Charge 0.15591
3726 Name 1:R01:Ae8f Type lmp_003 Mass 12.01 Resnr 0 Resname R01 Charge -0.10048
3727 Name 1:R01:Ae90 Type lmp_009 Mass 1.008 Resnr 0 Resname R01 Charge 0.02361
3728 Name 1:R01:Ae91 Type lmp_009 Mass 1.008 Resnr 0 Resname R01 Charge 0.02361
3729 Name 1:R01:Ae92 Type lmp_009 Mass 1.008 Resnr 0 Resname R01 Charge 0.02361
3730 Name 1:R01:Ae93 Type lmp_004 Mass 12.01 Resnr 0 Resname R01 Charge 0.19001
3731 Name 1:R01:Ae94 Type lmp_003 Mass 12.01 Resnr 0 Resname R01 Charge -0.17889
3732 Name 1:R01:Ae95 Type lmp_009 Mass 1.008 Resnr 0 Resname R01 Charge 0.04121
3733 Name 1:R01:Ae96 Type lmp_009 Mass 1.008 Resnr 0 Resname R01 Charge 0.04121
3734 Name 1:R01:Ae97 Type lmp_009 Mass 1.008 Resnr 0 Resname R01 Charge 0.04121
3735 Name 1:R01:Ae98 Type lmp_005 Mass 12.01 Resnr 0 Resname R01 Charge 0.00401
3736 Name 1:R01:Ae99 Type lmp_006 Mass 12.01 Resnr 0 Resname R01 Charge 0.00111
3737 Name 1:R01:Ae9a Type lmp_005 Mass 12.01 Resnr 0 Resname R01 Charge -0.18989
3738 Name 1:R01:Ae9b Type lmp_008 Mass 1.008 Resnr 0 Resname R01 Charge 0.14431
3739 Name 1:R01:Ae9c Type lmp_005 Mass 12.01 Resnr 0 Resname R01 Charge -0.04879
3740 Name 1:R01:Ae9d Type lmp_007 Mass 12.01 Resnr 0 Resname R01 Charge 0.03141
3741 Name 1:R01:Ae9e Type lmp_009 Mass 1.008 Resnr 0 Resname R01 Charge 0.03521
3742 Name 1:R01:Ae9f Type lmp_007 Mass 12.01 Resnr 0 Resname R01 Charge 0.01591
3743 Name 1:R01:Aea0 Type lmp_009 Mass 1.008 Resnr 0 Resname R01 Charge 0.03721
3744 Name 1:R01:Aea1 Type lmp_004 Mass 12.01 Resnr 0 Resname R01 Charge 0.02141
3745 Name 1:R01:Aea2 Type lmp_009 Mass 1.008 Resnr 0 Resname R01 Charge 0.01911
3746 Name 1:R01:Aea3 Type lmp_007 Mass 12.01 Resnr 0 Resname R01 Charge 0.02241
3747 Name 1:R01:Aea4 Type lmp_009 Mass 1.008 Resnr 0 Resname R01 Charge 0.03781
3748 Name 1:R01:Aea5 Type lmp_007 Mass 12.01 Resnr 0 Resname R01 Charge 0.01411
3749 Name 1:R01:Aea6 Type lmp_009 Mass 1.008 Resnr 0 Resname R01 Charge 0.03861
3750 Name 1:R01:Aea7 Type lmp_004 Mass 12.01 Resnr 0 Resname R01 Charge 0.01111
3751 Name 1:R01:Aea8 Type lmp_009 Mass 1.008 Resnr 0 Resname R01 Charge 0.02341
3752 Name 1:R01:Aea9 Type lmp_004 Mass 12.01 Resnr 0 Resname R01 Charge -0.10289
3753 Name 1:R01:Aeaa Type lmp_009 Mass 1.008 Resnr 0 Resname R01 Charge 0.04701
3754 Name 1:R01:Aeab Type lmp_009 Mass 1.008 Resnr 0 Resname R01 Charge 0.04701
3755 Name 1:R01:Aeac Type lmp_005 Mass 12.01 Resnr 0 Resname R01 Charge -0.03099
3756 Name 1:R01:Aead Type lmp_005 Mass 12.01 Resnr 0 Resname R01 Charge -0.25069
3757 Name 1:R01:Aeae Type lmp_008 Mass 1.008 Resnr 0 Resname R01 Charge 0.17281
3758 Name 1:R01:Aeaf Type lmp_006 Mass 12.01 Resnr 0 Resname R01 Charge 0.02131
3759 Name 1:R01:Aeb0 Type lmp_005 Mass 12.01 Resnr 0 Resname R01 Charge 0.02031
3760 Name 1:R01:Aeb1 Type lmp_005 Mass 12.01 Resnr 0 Resname R01 Charge -0.24969
3761 Name 1:R01:Aeb2 Type lmp_008 Mass 1.008 Resnr 0 Resname R01 Charge 0.17861
3762 Name 1:R01:Aeb3 Type lmp_005 Mass 12.01 Resnr 0 Resname R01 Charge -0.03239
3763 Name 1:R01:Aeb4 Type lmp_007 Mass 12.01 Resnr 0 Resname R01 Charge 0.03221
3764 Name 1:R01:Aeb5 Type lmp_009 Mass 1.008 Resnr 0 Resname R01 Charge 0.02561
3765 Name 1:R01:Aeb6 Type lmp_007 Mass 12.01 Resnr 0 Resname R01 Charge 0.02991
3766 Name 1:R01:Aeb7 Type lmp_009 Mass 1.008 Resnr 0 Resname R01 Charge 0.02761
3767 Name 1:R01:Aeb8 Type lmp_004 Mass 12.01 Resnr 0 Resname R01 Charge 0.05471
3768 Name 1:R01:Aeb9 Type lmp_009 Mass 1.008 Resnr 0 Resname R01 Charge 0.00921
3769 Name 1:R01:Aeba Type lmp_007 Mass 12.01 Resnr 0 Resname R01 Charge 0.00911
3770 Name 1:R01:Aebb Type lmp_009 Mass 1.008 Resnr 0 Resname R01 Charge 0.03851
3771 Name 1:R01:Aebc Type lmp_005 Mass 12.01 Resnr 0 Resname R01 Charge -0.12349
3772 Name 1:R01:Aebd Type lmp_005 Mass 12.01 Resnr 0 Resname R01 Charge -0.12549
3773 Name 1:R01:Aebe Type lmp_005 Mass 12.01 Resnr 0 Resname R01 Charge 0.03581
3774 Name 1:R01:Aebf Type lmp_003 Mass 12.01 Resnr 0 Resname R01 Charge -0.11109
3775 Name 1:R01:Aec0 Type lmp_009 Mass 1.008 Resnr 0 Resname R01 Charge 0.04331
3776 Name 1:R01:Aec1 Type lmp_009 Mass 1.008 Resnr 0 Resname R01 Charge 0.04331
3777 Name 1:R01:Aec2 Type lmp_009 Mass 1.008 Resnr 0 Resname R01 Charge 0.04331
3778 Name 1:R01:Aec3 Type lmp_005 Mass 12.01 Resnr 0 Resname R01 Charge -0.08649
3779 Name 1:R01:Aec4 Type lmp_005 Mass 12.01 Resnr 0 Resname R01 Charge -0.09149
3780 Name 1:R01:Aec5 Type lmp_005 Mass 12.01 Resnr 0 Resname R01 Charge 0.05181
3781 Name 1:R01:Aec6 Type lmp_003 Mass 12.01 Resnr 0 Resname R01 Charge -0.10009
3782 Name 1:R01:Aec7 Type lmp_009 Mass 1.008 Resnr 0 Resname R01 Charge 0.04551
3783 Name 1:R01:Aec8 Type lmp_009 Mass 1.008 Resnr 0 Resname R01 Charge 0.04551
3784 Name 1:R01:Aec9 Type lmp_009 Mass 1.008 Resnr 0 Resname R01 Charge 0.04551
3785 Name 1:R01:Aeca Type lmp_007 Mass 12.01 Resnr 0 Resname R01 Charge 0.00531
3786 Name 1:R01:Aecb Type lmp_009 Mass 1.008 Resnr 0 Resname R01 Charge 0.03971
3787 Name 1:R01:Aecc Type lmp_004 Mass 12.01 Resnr 0 Resname R01 Charge 0.05571
3788 Name 1:R01:Aecd Type lmp_009 Mass 1.008 Resnr 0 Resname R01 Charge 0.01041
3789 Name 1:R01:Aece Type lmp_004 Mass 12.01 Resnr 0 Resname R01 Charge -0.21059
3790 Name 1:R01:Aecf Type lmp_009 Mass 1.008 Resnr 0 Resname R01 Charge 0.05311
3791 Name 1:R01:Aed0 Type lmp_009 Mass 1.008 Resnr 0 Resname R01 Charge 0.05311
3792 Name 1:R01:Aed1 Type lmp_005 Mass 12.01 Resnr 0 Resname R01 Charge -0.04569
3793 Name 1:R01:Aed2 Type lmp_005 Mass 12.01 Resnr 0 Resname R01 Charge -0.20379
3794 Name 1:R01:Aed3 Type lmp_008 Mass 1.008 Resnr 0 Resname R01 Charge 0.15591
3795 Name 1:R01:Aed4 Type lmp_003 Mass 12.01 Resnr 0 Resname R01 Charge -0.10048
3796 Name 1:R01:Aed5 Type lmp_009 Mass 1.008 Resnr 0 Resname R01 Charge 0.02361
3797 Name 1:R01:Aed6 Type lmp_009 Mass 1.008 Resnr 0 Resname R01 Charge 0.02361
3798 Name 1:R01:Aed7 Type lmp_009 Mass 1.008 Resnr 0 Resname R01 Charge 0.02361
3799 Name 1:R01:Aed8 Type lmp_004 Mass 12.01 Resnr 0 Resname R01 Charge 0.19001
3800 Name 1:R01:Aed9 Type lmp_003 Mass 12.01 Resnr 0 Resname R01 Charge -0.17889
3801 Name 1:R01:Aeda Type lmp_009 Mass 1.008 Resnr 0 Resname R01 Charge 0.04121
3802 Name 1:R01:Aedb Type lmp_009 Mass 1.008 Resnr 0 Resname R01 Charge 0.04121
3803 Name 1:R01:Aedc Type lmp_009 Mass 1.008 Resnr 0 Resname R01 Charge 0.04121
3804 Name 1:R01:Aedd Type lmp_005 Mass 12.01 Resnr 0 Resname R01 Charge 0.00401
3805 Name 1:R01:Aede Type lmp_006 Mass 12.01 Resnr 0 Resname R01 Charge 0.00111
3806 Name 1:R01:Aedf Type lmp_005 Mass 12.01 Resnr 0 Resname R01 Charge -0.18989
3807 Name 1:R01:Aee0 Type lmp_008 Mass 1.008 Resnr 0 Resname R01 Charge 0.14431
3808 Name 1:R01:Aee1 Type lmp_005 Mass 12.01 Resnr 0 Resname R01 Charge -0.04879
3809 Name 1:R01:Aee2 Type lmp_007 Mass 12.01 Resnr 0 Resname R01 Charge 0.03141
3810 Name 1:R01:Aee3 Type lmp_009 Mass 1.008 Resnr 0 Resname R01 Charge 0.03521
3811 Name 1:R01:Aee4 Type lmp_007 Mass 12.01 Resnr 0 Resname R01 Charge 0.01591
3812 Name 1:R01:Aee5 Type lmp_009 Mass 1.008 Resnr 0 Resname R01 Charge 0.03721
3813 Name 1:R01:Aee6 Type lmp_004 Mass 12.01 Resnr 0 Resname R01 Charge 0.02141
3814 Name 1:R01:Aee7 Type lmp_009 Mass 1.008 Resnr 0 Resname R01 Charge 0.01911
3815 Name 1:R01:Aee8 Type lmp_007 Mass 12.01 Resnr 0 Resname R01 Charge 0.02241
3816 Name 1:R01:Aee9 Type lmp_009 Mass 1.008 Resnr 0 Resname R01 Charge 0.03781
3817 Name 1:R01:Aeea Type lmp_007 Mass 12.01 Resnr 0 Resname R01 Charge 0.01411
3818 Name 1:R01:Aeeb Type lmp_009 Mass 1.008 Resnr 0 Resname R01 Charge 0.03861
3819 Name 1:R01:Aeec Type lmp_004 Mass 12.01 Resnr 0 Resname R01 Charge 0.01111
3820 Name 1:R01:Aeed Type lmp_009 Mass 1.008 Resnr 0 Resname R01 Charge 0.02341
3821 Name 1:R01:Aeee Type lmp_004 Mass 12.01 Resnr 0 Resname R01 Charge -0.10289
3822 Name 1:R01:Aeef Type lmp_009 Mass 1.008 Resnr 0 Resname R01 Charge 0.04701
3823 Name 1:R01:Aef0 Type lmp_009 Mass 1.008 Resnr 0 Resname R01 Charge 0.04701
3824 Name 1:R01:Aef1 Type lmp_005 Mass 12.01 Resnr 0 Resname R01 Charge -0.03099
3825 Name 1:R01:Aef2 Type lmp_005 Mass 12.01 Resnr 0 Resname R01 Charge -0.25069
3826 Name 1:R01:Aef3 Type lmp_008 Mass 1.008 Resnr 0 Resname R01 Charge 0.17281
3827 Name 1:R01:Aef4 Type lmp_006 Mass 12.01 Resnr 0 Resname R01 Charge 0.02131
3828 Name 1:R01:Aef5 Type lmp_005 Mass 12.01 Resnr 0 Resname R01 Charge 0.02031
3829 Name 1:R01:Aef6 Type lmp_005 Mass 12.01 Resnr 0 Resname R01 Charge -0.24969
3830 Name 1:R01:Aef7 Type lmp_008 Mass 1.008 Resnr 0 Resname R01 Charge 0.17861
3831 Name 1:R01:Aef8 Type lmp_005 Mass 12.01 Resnr 0 Resname R01 Charge -0.03239
3832 Name 1:R01:Aef9 Type lmp_007 Mass 12.01 Resnr 0 Resname R01 Charge 0.03221
3833 Name 1:R01:Aefa Type lmp_009 Mass 1.008 Resnr 0 Resname R01 Charge 0.02561
3834 Name 1:R01:Aefb Type lmp_007 Mass 12.01 Resnr 0 Resname R01 Charge 0.02991
3835 Name 1:R01:Aefc Type lmp_009 Mass 1.008 Resnr 0 Resname R01 Charge 0.02761
3836 Name 1:R01:Aefd Type lmp_004 Mass 12.01 Resnr 0 Resname R01 Charge 0.05471
3837 Name 1:R01:Aefe Type lmp_009 Mass 1.008 Resnr 0 Resname R01 Charge 0.00921
3838 Name 1:R01:Aeff Type lmp_007 Mass 12.01 Resnr 0 Resname R01 Charge 0.00911
3839 Name 1:R01:Af00 Type lmp_009 Mass 1.008 Resnr 0 Resname R01 Charge 0.03851
3840 Name 1:R01:Af01 Type lmp_005 Mass 12.01 Resnr 0 Resname R01 Charge -0.12349
3841 Name 1:R01:Af02 Type lmp_005 Mass 12.01 Resnr 0 Resname R01 Charge -0.12549
3842 Name 1:R01:Af03 Type lmp_005 Mass 12.01 Resnr 0 Resname R01 Charge 0.03581
3843 Name 1:R01:Af04 Type lmp_003 Mass 12.01 Resnr 0 Resname R01 Charge -0.11109
3844 Name 1:R01:Af05 Type lmp_009 Mass 1.008 Resnr 0 Resname R01 Charge 0.04331
3845 Name 1:R01:Af06 Type lmp_009 Mass 1.008 Resnr 0 Resname R01 Charge 0.04331
3846 Name 1:R01:Af07 Type lmp_009 Mass 1.008 Resnr 0 Resname R01 Charge 0.04331
3847 Name 1:R01:Af08 Type lmp_005 Mass 12.01 Resnr 0 Resname R01 Charge -0.08649
3848 Name 1:R01:Af09 Type lmp_005 Mass 12.01 Resnr 0 Resname R01 Charge -0.09149
3849 Name 1:R01:Af0a Type lmp_005 Mass 12.01 Resnr 0 Resname R01 Charge 0.05181
3850 Name 1:R01:Af0b Type lmp_003 Mass 12.01 Resnr 0 Resname R01 Charge -0.10009
3851 Name 1:R01:Af0c Type lmp_009 Mass 1.008 Resnr 0 Resname R01 Charge 0.04551
3852 Name 1:R01:Af0d Type lmp_009 Mass 1.008 Resnr 0 Resname R01 Charge 0.04551
3853 Name 1:R01:Af0e Type lmp_009 Mass 1.008 Resnr 0 Resname R01 Charge 0.04551
3854 Name 1:R01:Af0f Type lmp_007 Mass 12.01 Resnr 0 Resname R01 Charge 0.00531
3855 Name 1:R01:Af10 Type lmp_009 Mass 1.008 Resnr 0 Resname R01 Charge 0.03971
3856 Name 1:R01:Af11 Type lmp_004 Mass 12.01 Resnr 0 Resname R01 Charge 0.05571
3857 Name 1:R01:Af12 Type lmp_009 Mass 1.008 Resnr 0 Resname R01 Charge 0.01041
3858 Name 1:R01:Af13 Type lmp_004 Mass 12.01 Resnr 0 Resname R01 Charge -0.21059
3859 Name 1:R01:Af14 Type lmp_009 Mass 1.008 Resnr 0 Resname R01 Charge 0.05311
3860 Name 1:R01:Af15 Type lmp_009 Mass 1.008 Resnr 0 Resname R01 Charge 0.05311
3861 Name 1:R01:Af16 Type lmp_005 Mass 12.01 Resnr 0 Resname R01 Charge -0.04569
3862 Name 1:R01:Af17 Type lmp_005 Mass 12.01 Resnr 0 Resname R01 Charge -0.20379
3863 Name 1:R01:Af18 Type lmp_008 Mass 1.008 Resnr 0 Resname R01 Charge 0.15591
3864 Name 1:R01:Af19 Type lmp_003 Mass 12.01 Resnr 0 Resname R01 Charge -0.10048
3865 Name 1:R01:Af1a Type lmp_009 Mass 1.008 Resnr 0 Resname R01 Charge 0.02361
3866 Name 1:R01:Af1b Type lmp_009 Mass 1.008 Resnr 0 Resname R01 Charge 0.02361
3867 Name 1:R01:Af1c Type lmp_009 Mass 1.008 Resnr 0 Resname R01 Charge 0.02361
3868 Name 1:R01:Af1d Type lmp_004 Mass 12.01 Resnr 0 Resname R01 Charge 0.19001
3869 Name 1:R01:Af1e Type lmp_003 Mass 12.01 Resnr 0 Resname R01 Charge -0.17889
3870 Name 1:R01:Af1f Type lmp_009 Mass 1.008 Resnr 0 Resname R01 Charge 0.04121
3871 Name 1:R01:Af20 Type lmp_009 Mass 1.008 Resnr 0 Resname R01 Charge 0.04121
3872 Name 1:R01:Af21 Type lmp_009 Mass 1.008 Resnr 0 Resname R01 Charge 0.04121
3873 Name 1:R01:Af22 Type lmp_005 Mass 12.01 Resnr 0 Resname R01 Charge 0.00401
3874 Name 1:R01:Af23 Type lmp_006 Mass 12.01 Resnr 0 Resname R01 Charge 0.00111
3875 Name 1:R01:Af24 Type lmp_005 Mass 12.01 Resnr 0 Resname R01 Charge -0.18989
3876 Name 1:R01:Af25 Type lmp_008 Mass 1.008 Resnr 0 Resname R01 Charge 0.14431
3877 Name 1:R01:Af26 Type lmp_005 Mass 12.01 Resnr 0 Resname R01 Charge -0.04879
3878 Name 1:R01:Af27 Type lmp_007 Mass 12.01 Resnr 0 Resname R01 Charge 0.03141
3879 Name 1:R01:Af28 Type lmp_009 Mass 1.008 Resnr 0 Resname R01 Charge 0.03521
3880 Name 1:R01:Af29 Type lmp_007 Mass 12.01 Resnr 0 Resname R01 Charge 0.01591
3881 Name 1:R01:Af2a Type lmp_009 Mass 1.008 Resnr 0 Resname R01 Charge 0.03721
3882 Name 1:R01:Af2b Type lmp_004 Mass 12.01 Resnr 0 Resname R01 Charge 0.02141
3883 Name 1:R01:Af2c Type lmp_009 Mass 1.008 Resnr 0 Resname R01 Charge 0.01911
3884 Name 1:R01:Af2d Type lmp_007 Mass 12.01 Resnr 0 Resname R01 Charge 0.02241
3885 Name 1:R01:Af2e Type lmp_009 Mass 1.008 Resnr 0 Resname R01 Charge 0.03781
3886 Name 1:R01:Af2f Type lmp_007 Mass 12.01 Resnr 0 Resname R01 Charge 0.01411
3887 Name 1:R01:Af30 Type lmp_009 Mass 1.008 Resnr 0 Resname R01 Charge 0.03861
3888 Name 1:R01:Af31 Type lmp_004 Mass 12.01 Resnr 0 Resname R01 Charge 0.01111
3889 Name 1:R01:Af32 Type lmp_009 Mass 1.008 Resnr 0 Resname R01 Charge 0.02341
3890 Name 1:R01:Af33 Type lmp_004 Mass 12.01 Resnr 0 Resname R01 Charge -0.10289
3891 Name 1:R01:Af34 Type lmp_009 Mass 1.008 Resnr 0 Resname R01 Charge 0.04701
3892 Name 1:R01:Af35 Type lmp_009 Mass 1.008 Resnr 0 Resname R01 Charge 0.04701
3893 Name 1:R01:Af36 Type lmp_005 Mass 12.01 Resnr 0 Resname R01 Charge -0.03099
3894 Name 1:R01:Af37 Type lmp_005 Mass 12.01 Resnr 0 Resname R01 Charge -0.25069
3895 Name 1:R01:Af38 Type lmp_008 Mass 1.008 Resnr 0 Resname R01 Charge 0.17281
3896 Name 1:R01:Af39 Type lmp_006 Mass 12.01 Resnr 0 Resname R01 Charge 0.02131
3897 Name 1:R01:Af3a Type lmp_005 Mass 12.01 Resnr 0 Resname R01 Charge 0.02031
3898 Name 1:R01:Af3b Type lmp_005 Mass 12.01 Resnr 0 Resname R01 Charge -0.24969
3899 Name 1:R01:Af3c Type lmp_008 Mass 1.008 Resnr 0 Resname R01 Charge 0.17861
3900 Name 1:R01:Af3d Type lmp_005 Mass 12.01 Resnr 0 Resname R01 Charge -0.03239
3901 Name 1:R01:Af3e Type lmp_007 Mass 12.01 Resnr 0 Resname R01 Charge 0.03221
3902 Name 1:R01:Af3f Type lmp_009 Mass 1.008 Resnr 0 Resname R01 Charge 0.02561
3903 Name 1:R01:Af40 Type lmp_007 Mass 12.01 Resnr 0 Resname R01 Charge 0.02991
3904 Name 1:R01:Af41 Type lmp_009 Mass 1.008 Resnr 0 Resname R01 Charge 0.02761
3905 Name 1:R01:Af42 Type lmp_004 Mass 12.01 Resnr 0 Resname R01 Charge 0.05471
3906 Name 1:R01:Af43 Type lmp_009 Mass 1.008 Resnr 0 Resname R01 Charge 0.00921
3907 Name 1:R01:Af44 Type lmp_007 Mass 12.01 Resnr 0 Resname R01 Charge 0.00911
3908 Name 1:R01:Af45 Type lmp_009 Mass 1.008 Resnr 0 Resname R01 Charge 0.03851
3909 Name 1:R01:Af46 Type lmp_005 Mass 12.01 Resnr 0 Resname R01 Charge -0.12349
3910 Name 1:R01:Af47 Type lmp_005 Mass 12.01 Resnr 0 Resname R01 Charge -0.12549
3911 Name 1:R01:Af48 Type lmp_005 Mass 12.01 Resnr 0 Resname R01 Charge 0.03581
3912 Name 1:R01:Af49 Type lmp_003 Mass 12.01 Resnr 0 Resname R01 Charge -0.11109
3913 Name 1:R01:Af4a Type lmp_009 Mass 1.008 Resnr 0 Resname R01 Charge 0.04331
3914 Name 1:R01:Af4b Type lmp_009 Mass 1.008 Resnr 0 Resname R01 Charge 0.04331
3915 Name 1:R01:Af4c Type lmp_009 Mass 1.008 Resnr 0 Resname R01 Charge 0.04331
3916 Name 1:R01:Af4d Type lmp_005 Mass 12.01 Resnr 0 Resname R01 Charge -0.08649
3917 Name 1:R01:Af4e Type lmp_005 Mass 12.01 Resnr 0 Resname R01 Charge -0.09149
3918 Name 1:R01:Af4f Type lmp_005 Mass 12.01 Resnr 0 Resname R01 Charge 0.05181
3919 Name 1:R01:Af50 Type lmp_003 Mass 12.01 Resnr 0 Resname R01 Charge -0.10009
3920 Name 1:R01:Af51 Type lmp_009 Mass 1.008 Resnr 0 Resname R01 Charge 0.04551
3921 Name 1:R01:Af52 Type lmp_009 Mass 1.008 Resnr 0 Resname R01 Charge 0.04551
3922 Name 1:R01:Af53 Type lmp_009 Mass 1.008 Resnr 0 Resname R01 Charge 0.04551
3923 Name 1:R01:Af54 Type lmp_007 Mass 12.01 Resnr 0 Resname R01 Charge 0.00531
3924 Name 1:R01:Af55 Type lmp_009 Mass 1.008 Resnr 0 Resname R01 Charge 0.03971
3925 Name 1:R01:Af56 Type lmp_004 Mass 12.01 Resnr 0 Resname R01 Charge 0.05571
3926 Name 1:R01:Af57 Type lmp_009 Mass 1.008 Resnr 0 Resname R01 Charge 0.01041
3927 Name 1:R01:Af58 Type lmp_004 Mass 12.01 Resnr 0 Resname R01 Charge -0.21059
3928 Name 1:R01:Af59 Type lmp_009 Mass 1.008 Resnr 0 Resname R01 Charge 0.05311
3929 Name 1:R01:Af5a Type lmp_009 Mass 1.008 Resnr 0 Resname R01 Charge 0.05311
3930 Name 1:R01:Af5b Type lmp_005 Mass 12.01 Resnr 0 Resname R01 Charge -0.04569
3931 Name 1:R01:Af5c Type lmp_005 Mass 12.01 Resnr 0 Resname R01 Charge -0.20379
3932 Name 1:R01:Af5d Type lmp_008 Mass 1.008 Resnr 0 Resname R01 Charge 0.15591
3933 Name 1:R01:Af5e Type lmp_003 Mass 12.01 Resnr 0 Resname R01 Charge -0.10048
3934 Name 1:R01:Af5f Type lmp_009 Mass 1.008 Resnr 0 Resname R01 Charge 0.02361
3935 Name 1:R01:Af60 Type lmp_009 Mass 1.008 Resnr 0 Resname R01 Charge 0.02361
3936 Name 1:R01:Af61 Type lmp_009 Mass 1.008 Resnr 0 Resname R01 Charge 0.02361
3937 Name 1:R01:Af62 Type lmp_004 Mass 12.01 Resnr 0 Resname R01 Charge 0.19001
3938 Name 1:R01:Af63 Type lmp_003 Mass 12.01 Resnr 0 Resname R01 Charge -0.17889
3939 Name 1:R01:Af64 Type lmp_009 Mass 1.008 Resnr 0 Resname R01 Charge 0.04121
3940 Name 1:R01:Af65 Type lmp_009 Mass 1.008 Resnr 0 Resname R01 Charge 0.04121
3941 Name 1:R01:Af66 Type lmp_009 Mass 1.008 Resnr 0 Resname R01 Charge 0.04121
3942 Name 1:R01:Af67 Type lmp_005 Mass 12.01 Resnr 0 Resname R01 Charge 0.00401
3943 Name 1:R01:Af68 Type lmp_006 Mass 12.01 Resnr 0 Resname R01 Charge 0.00111
3944 Name 1:R01:Af69 Type lmp_005 Mass 12.01 Resnr 0 Resname R01 Charge -0.18989
3945 Name 1:R01:Af6a Type lmp_008 Mass 1.008 Resnr 0 Resname R01 Charge 0.14431
3946 Name 1:R01:Af6b Type lmp_005 Mass 12.01 Resnr 0 Resname R01 Charge -0.04879
3947 Name 1:R01:Af6c Type lmp_007 Mass 12.01 Resnr 0 Resname R01 Charge 0.03141
3948 Name 1:R01:Af6d Type lmp_009 Mass 1.008 Resnr 0 Resname R01 Charge 0.03521
3949 Name 1:R01:Af6e Type lmp_007 Mass 12.01 Resnr 0 Resname R01 Charge 0.01591
3950 Name 1:R01:Af6f Type lmp_009 Mass 1.008 Resnr 0 Resname R01 Charge 0.03721
3951 Name 1:R01:Af70 Type lmp_004 Mass 12.01 Resnr 0 Resname R01 Charge 0.02141
3952 Name 1:R01:Af71 Type lmp_009 Mass 1.008 Resnr 0 Resname R01 Charge 0.01911
3953 Name 1:R01:Af72 Type lmp_007 Mass 12.01 Resnr 0 Resname R01 Charge 0.02241
3954 Name 1:R01:Af73 Type lmp_009 Mass 1.008 Resnr 0 Resname R01 Charge 0.03781
3955 Name 1:R01:Af74 Type lmp_007 Mass 12.01 Resnr 0 Resname R01 Charge 0.01411
3956 Name 1:R01:Af75 Type lmp_009 Mass 1.008 Resnr 0 Resname R01 Charge 0.03861
3957 Name 1:R01:Af76 Type lmp_004 Mass 12.01 Resnr 0 Resname R01 Charge 0.01111
3958 Name 1:R01:Af77 Type lmp_009 Mass 1.008 Resnr 0 Resname R01 Charge 0.02341
3959 Name 1:R01:Af78 Type lmp_004 Mass 12.01 Resnr 0 Resname R01 Charge -0.10289
3960 Name 1:R01:Af79 Type lmp_009 Mass 1.008 Resnr 0 Resname R01 Charge 0.04701
3961 Name 1:R01:Af7a Type lmp_009 Mass 1.008 Resnr 0 Resname R01 Charge 0.04701
3962 Name 1:R01:Af7b Type lmp_005 Mass 12.01 Resnr 0 Resname R01 Charge -0.03099
3963 Name 1:R01:Af7c Type lmp_005 Mass 12.01 Resnr 0 Resname R01 Charge -0.25069
3964 Name 1:R01:Af7d Type lmp_008 Mass 1.008 Resnr 0 Resname R01 Charge 0.17281
3965 Name 1:R01:Af7e Type lmp_006 Mass 12.01 Resnr 0 Resname R01 Charge 0.02131
3966 Name 1:R01:Af7f Type lmp_005 Mass 12.01 Resnr 0 Resname R01 Charge 0.02031
3967 Name 1:R01:Af80 Type lmp_005 Mass 12.01 Resnr 0 Resname R01 Charge -0.24969
3968 Name 1:R01:Af81 Type lmp_008 Mass 1.008 Resnr 0 Resname R01 Charge 0.17861
3969 Name 1:R01:Af82 Type lmp_005 Mass 12.01 Resnr 0 Resname R01 Charge -0.03239
3970 Name 1:R01:Af83 Type lmp_007 Mass 12.01 Resnr 0 Resname R01 Charge 0.03221
3971 Name 1:R01:Af84 Type lmp_009 Mass 1.008 Resnr 0 Resname R01 Charge 0.02561
3972 Name 1:R01:Af85 Type lmp_007 Mass 12.01 Resnr 0 Resname R01 Charge 0.02991
3973 Name 1:R01:Af86 Type lmp_009 Mass 1.008 Resnr 0 Resname R01 Charge 0.02761
3974 Name 1:R01:Af87 Type lmp_004 Mass 12.01 Resnr 0 Resname R01 Charge 0.05471
3975 Name 1:R01:Af88 Type lmp_009 Mass 1.008 Resnr 0 Resname R01 Charge 0.00921
3976 Name 1:R01:Af89 Type lmp_007 Mass 12.01 Resnr 0 Resname R01 Charge 0.00911
3977 Name 1:R01:Af8a Type lmp_009 Mass 1.008 Resnr 0 Resname R01 Charge 0.03851
3978 Name 1:R01:Af8b Type lmp_005 Mass 12.01 Resnr 0 Resname R01 Charge -0.12349
3979 Name 1:R01:Af8c Type lmp_005 Mass 12.01 Resnr 0 Resname R01 Charge -0.12549
3980 Name 1:R01:Af8d Type lmp_005 Mass 12.01 Resnr 0 Resname R01 Charge 0.03581
3981 Name 1:R01:Af8e Type lmp_003 Mass 12.01 Resnr 0 Resname R01 Charge -0.11109
3982 Name 1:R01:Af8f Type lmp_009 Mass 1.008 Resnr 0 Resname R01 Charge 0.04331
3983 Name 1:R01:Af90 Type lmp_009 Mass 1.008 Resnr 0 Resname R01 Charge 0.04331
3984 Name 1:R01:Af91 Type lmp_009 Mass 1.008 Resnr 0 Resname R01 Charge 0.04331
3985 Name 1:R01:Af92 Type lmp_005 Mass 12.01 Resnr 0 Resname R01 Charge -0.08649
3986 Name 1:R01:Af93 Type lmp_005 Mass 12.01 Resnr 0 Resname R01 Charge -0.09149
3987 Name 1:R01:Af94 Type lmp_005 Mass 12.01 Resnr 0 Resname R01 Charge 0.05181
3988 Name 1:R01:Af95 Type lmp_003 Mass 12.01 Resnr 0 Resname R01 Charge -0.10009
3989 Name 1:R01:Af96 Type lmp_009 Mass 1.008 Resnr 0 Resname R01 Charge 0.04551
3990 Name 1:R01:Af97 Type lmp_009 Mass 1.008 Resnr 0 Resname R01 Charge 0.04551
3991 Name 1:R01:Af98 Type lmp_009 Mass 1.008 Resnr 0 Resname R01 Charge 0.04551
3992 Name 1:R01:Af99 Type lmp_007 Mass 12.01 Resnr 0 Resname R01 Charge 0.00531
3993 Name 1:R01:Af9a Type lmp_009 Mass 1.008 Resnr 0 Resname R01 Charge 0.03971
3994 Name 1:R01:Af9b Type lmp_004 Mass 12.01 Resnr 0 Resname R01 Charge 0.05571
3995 Name 1:R01:Af9c Type lmp_009 Mass 1.008 Resnr 0 Resname R01 Charge 0.01041
3996 Name 1:R01:Af9d Type lmp_004 Mass 12.01 Resnr 0 Resname R01 Charge -0.21059
3997 Name 1:R01:Af9e Type lmp_009 Mass 1.008 Resnr 0 Resname R01 Charge 0.05311
3998 Name 1:R01:Af9f Type lmp_009 Mass 1.008 Resnr 0 Resname R01 Charge 0.05311
3999 Name 1:R01:Afa0 Type lmp_005 Mass 12.01 Resnr 0 Resname R01 Charge -0.04569
4000 Name 1:R01:Afa1 Type lmp_005 Mass 12.01 Resnr 0 Resname R01 Charge -0.20379
4001 Name 1:R01:Afa2 Type lmp_008 Mass 1.008 Resnr 0 Resname R01 Charge 0.15591
4002 Name 1:R01:Afa3 Type lmp_003 Mass 12.01 Resnr 0 Resname R01 Charge -0.10048
4003 Name 1:R01:Afa4 Type lmp_009 Mass 1.008 Resnr 0 Resname R01 Charge 0.02361
4004 Name 1:R01:Afa5 Type lmp_009 Mass 1.008 Resnr 0 Resname R01 Charge 0.02361
4005 Name 1:R01:Afa6 Type lmp_009 Mass 1.008 Resnr 0 Resname R01 Charge 0.02361
4006 Name 1:R01:Afa7 Type lmp_004 Mass 12.01 Resnr 0 Resname R01 Charge 0.19001
4007 Name 1:R01:Afa8 Type lmp_003 Mass 12.01 Resnr 0 Resname R01 Charge -0.17889
4008 Name 1:R01:Afa9 Type lmp_009 Mass 1.008 Resnr 0 Resname R01 Charge 0.04121
4009 Name 1:R01:Afaa Type lmp_009 Mass 1.008 Resnr 0 Resname R01 Charge 0.04121
4010 Name 1:R01:Afab Type lmp_009 Mass 1.008 Resnr 0 Resname R01 Charge 0.04121
4011 Name 1:R01:Afac Type lmp_005 Mass 12.01 Resnr 0 Resname R01 Charge 0.00401
4012 Name 1:R01:Afad Type lmp_006 Mass 12.01 Resnr 0 Resname R01 Charge 0.00111
4013 Name 1:R01:Afae Type lmp_005 Mass 12.01 Resnr 0 Resname R01 Charge -0.18989
4014 Name 1:R01:Afaf Type lmp_008 Mass 1.008 Resnr 0 Resname R01 Charge 0.14431
4015 Name 1:R01:Afb0 Type lmp_005 Mass 12.01 Resnr 0 Resname R01 Charge -0.04879
4016 Name 1:R01:Afb1 Type lmp_007 Mass 12.01 Resnr 0 Resname R01 Charge 0.03141
4017 Name 1:R01:Afb2 Type lmp_009 Mass 1.008 Resnr 0 Resname R01 Charge 0.03521
4018 Name 1:R01:Afb3 Type lmp_007 Mass 12.01 Resnr 0 Resname R01 Charge 0.01591
4019 Name 1:R01:Afb4 Type lmp_009 Mass 1.008 Resnr 0 Resname R01 Charge 0.03721
4020 Name 1:R01:Afb5 Type lmp_004 Mass 12.01 Resnr 0 Resname R01 Charge 0.02141
4021 Name 1:R01:Afb6 Type lmp_009 Mass 1.008 Resnr 0 Resname R01 Charge 0.01911
4022 Name 1:R01:Afb7 Type lmp_007 Mass 12.01 Resnr 0 Resname R01 Charge 0.02241
4023 Name 1:R01:Afb8 Type lmp_009 Mass 1.008 Resnr 0 Resname R01 Charge 0.03781
4024 Name 1:R01:Afb9 Type lmp_007 Mass 12.01 Resnr 0 Resname R01 Charge 0.01411
4025 Name 1:R01:Afba Type lmp_009 Mass 1.008 Resnr 0 Resname R01 Charge 0.03861
4026 Name 1:R01:Afbb Type lmp_004 Mass 12.01 Resnr 0 Resname R01 Charge 0.01111
4027 Name 1:R01:Afbc Type lmp_009 Mass 1.008 Resnr 0 Resname R01 Charge 0.02341
4028 Name 1:R01:Afbd Type lmp_004 Mass 12.01 Resnr 0 Resname R01 Charge -0.10289
4029 Name 1:R01:Afbe Type lmp_009 Mass 1.008 Resnr 0 Resname R01 Charge 0.04701
4030 Name 1:R01:Afbf Type lmp_009 Mass 1.008 Resnr 0 Resname R01 Charge 0.04701
4031 Name 1:R01:Afc0 Type lmp_005 Mass 12.01 Resnr 0 Resname R01 Charge -0.03099
4032 Name 1:R01:Afc1 Type lmp_005 Mass 12.01 Resnr 0 Resname R01 Charge -0.25069
4033 Name 1:R01:Afc2 Type lmp_008 Mass 1.008 Resnr 0 Resname R01 Charge 0.17281
4034 Name 1:R01:Afc3 Type lmp_006 Mass 12.01 Resnr 0 Resname R01 Charge 0.02131
4035 Name 1:R01:Afc4 Type lmp_005 Mass 12.01 Resnr 0 Resname R01 Charge 0.02031
4036 Name 1:R01:Afc5 Type lmp_005 Mass 12.01 Resnr 0 Resname R01 Charge -0.24969
4037 Name 1:R01:Afc6 Type lmp_008 Mass 1.008 Resnr 0 Resname R01 Charge 0.17861
4038 Name 1:R01:Afc7 Type lmp_005 Mass 12.01 Resnr 0 Resname R01 Charge -0.03239
4039 Name 1:R01:Afc8 Type lmp_007 Mass 12.01 Resnr 0 Resname R01 Charge 0.03221
4040 Name 1:R01:Afc9 Type lmp_009 Mass 1.008 Resnr 0 Resname R01 Charge 0.02561
4041 Name 1:R01:Afca Type lmp_007 Mass 12.01 Resnr 0 Resname R01 Charge 0.02991
4042 Name 1:R01:Afcb Type lmp_009 Mass 1.008 Resnr 0 Resname R01 Charge 0.02761
4043 Name 1:R01:Afcc Type lmp_004 Mass 12.01 Resnr 0 Resname R01 Charge 0.05471
4044 Name 1:R01:Afcd Type lmp_009 Mass 1.008 Resnr 0 Resname R01 Charge 0.00921
4045 Name 1:R01:Afce Type lmp_007 Mass 12.01 Resnr 0 Resname R01 Charge 0.00911
4046 Name 1:R01:Afcf Type lmp_009 Mass 1.008 Resnr 0 Resname R01 Charge 0.03851
4047 Name 1:R01:Afd0 Type lmp_005 Mass 12.01 Resnr 0 Resname R01 Charge -0.12349
4048 Name 1:R01:Afd1 Type lmp_005 Mass 12.01 Resnr 0 Resname R01 Charge -0.12549
4049 Name 1:R01:Afd2 Type lmp_005 Mass 12.01 Resnr 0 Resname R01 Charge 0.03581
4050 Name 1:R01:Afd3 Type lmp_003 Mass 12.01 Resnr 0 Resname R01 Charge -0.11109
4051 Name 1:R01:Afd4 Type lmp_009 Mass 1.008 Resnr 0 Resname R01 Charge 0.04331
4052 Name 1:R01:Afd5 Type lmp_009 Mass 1.008 Resnr 0 Resname R01 Charge 0.04331
4053 Name 1:R01:Afd6 Type lmp_009 Mass 1.008 Resnr 0 Resname R01 Charge 0.04331
4054 Name 1:R01:Afd7 Type lmp_005 Mass 12.01 Resnr 0 Resname R01 Charge -0.08649
4055 Name 1:R01:Afd8 Type lmp_005 Mass 12.01 Resnr 0 Resname R01 Charge -0.09149
4056 Name 1:R01:Afd9 Type lmp_005 Mass 12.01 Resnr 0 Resname R01 Charge 0.05181
4057 Name 1:R01:Afda Type lmp_003 Mass 12.01 Resnr 0 Resname R01 Charge -0.10009
4058 Name 1:R01:Afdb Type lmp_009 Mass 1.008 Resnr 0 Resname R01 Charge 0.04551
4059 Name 1:R01:Afdc Type lmp_009 Mass 1.008 Resnr 0 Resname R01 Charge 0.04551
4060 Name 1:R01:Afdd Type lmp_009 Mass 1.008 Resnr 0 Resname R01 Charge 0.04551
4061 Name 1:R01:Afde Type lmp_007 Mass 12.01 Resnr 0 Resname R01 Charge 0.00531
4062 Name 1:R01:Afdf Type lmp_009 Mass 1.008 Resnr 0 Resname R01 Charge 0.03971
4063 Name 1:R01:Afe0 Type lmp_004 Mass 12.01 Resnr 0 Resname R01 Charge 0.05571
4064 Name 1:R01:Afe1 Type lmp_009 Mass 1.008 Resnr 0 Resname R01 Charge 0.01041
4065 Name 1:R01:Afe2 Type lmp_004 Mass 12.01 Resnr 0 Resname R01 Charge -0.21059
4066 Name 1:R01:Afe3 Type lmp_009 Mass 1.008 Resnr 0 Resname R01 Charge 0.05311
4067 Name 1:R01:Afe4 Type lmp_009 Mass 1.008 Resnr 0 Resname R01 Charge 0.05311
4068 Name 1:R01:Afe5 Type lmp_005 Mass 12.01 Resnr 0 Resname R01 Charge -0.04569
4069 Name 1:R01:Afe6 Type lmp_005 Mass 12.01 Resnr 0 Resname R01 Charge -0.20379
4070 Name 1:R01:Afe7 Type lmp_008 Mass 1.008 Resnr 0 Resname R01 Charge 0.15591
4071 Name 1:R01:Afe8 Type lmp_003 Mass 12.01 Resnr 0 Resname R01 Charge -0.10048
4072 Name 1:R01:Afe9 Type lmp_009 Mass 1.008 Resnr 0 Resname R01 Charge 0.02361
4073 Name 1:R01:Afea Type lmp_009 Mass 1.008 Resnr 0 Resname R01 Charge 0.02361
4074 Name 1:R01:Afeb Type lmp_009 Mass 1.008 Resnr 0 Resname R01 Charge 0.02361
4075 Name 1:R01:Afec Type lmp_004 Mass 12.01 Resnr 0 Resname R01 Charge 0.19001
4076 Name 1:R01:Afed Type lmp_003 Mass 12.01 Resnr 0 Resname R01 Charge -0.17889
4077 Name 1:R01:Afee Type lmp_009 Mass 1.008 Resnr 0 Resname R01 Charge 0.04121
4078 Name 1:R01:Afef Type lmp_009 Mass 1.008 Resnr 0 Resname R01 Charge 0.04121
4079 Name 1:R01:Aff0 Type lmp_009 Mass 1.008 Resnr 0 Resname R01 Charge 0.04121
4080 Name 1:R01:Aff1 Type lmp_005 Mass 12.01 Resnr 0 Resname R01 Charge 0.00401
4081 Name 1:R01:Aff2 Type lmp_006 Mass 12.01 Resnr 0 Resname R01 Charge 0.00111
4082 Name 1:R01:Aff3 Type lmp_005 Mass 12.01 Resnr 0 Resname R01 Charge -0.18989
4083 Name 1:R01:Aff4 Type lmp_008 Mass 1.008 Resnr 0 Resname R01 Charge 0.14431
4084 Name 1:R01:Aff5 Type lmp_005 Mass 12.01 Resnr 0 Resname R01 Charge -0.04879
4085 Name 1:R01:Aff6 Type lmp_007 Mass 12.01 Resnr 0 Resname R01 Charge 0.03141
4086 Name 1:R01:Aff7 Type lmp_009 Mass 1.008 Resnr 0 Resname R01 Charge 0.03521
4087 Name 1:R01:Aff8 Type lmp_007 Mass 12.01 Resnr 0 Resname R01 Charge 0.01591
4088 Name 1:R01:Aff9 Type lmp_009 Mass 1.008 Resnr 0 Resname R01 Charge 0.03721
4089 Name 1:R01:Affa Type lmp_004 Mass 12.01 Resnr 0 Resname R01 Charge 0.02141
4090 Name 1:R01:Affb Type lmp_009 Mass 1.008 Resnr 0 Resname R01 Charge 0.01911
4091 Name 1:R01:Affc Type lmp_007 Mass 12.01 Resnr 0 Resname R01 Charge 0.02241
4092 Name 1:R01:Affd Type lmp_009 Mass 1.008 Resnr 0 Resname R01 Charge 0.03781
4093 Name 1:R01:Affe Type lmp_007 Mass 12.01 Resnr 0 Resname R01 Charge 0.01411
4094 Name 1:R01:Afff Type lmp_009 Mass 1.008 Resnr 0 Resname R01 Charge 0.03861
4095 Name 1:R01:A1000 Type lmp_004 Mass 12.01 Resnr 0 Resname R01 Charge 0.01111
4096 Name 1:R01:A1001 Type lmp_009 Mass 1.008 Resnr 0 Resname R01 Charge 0.02341
4097 Name 1:R01:A1002 Type lmp_004 Mass 12.01 Resnr 0 Resname R01 Charge -0.10289
4098 Name 1:R01:A1003 Type lmp_009 Mass 1.008 Resnr 0 Resname R01 Charge 0.04701
4099 Name 1:R01:A1004 Type lmp_009 Mass 1.008 Resnr 0 Resname R01 Charge 0.04701
4100 Name 1:R01:A1005 Type lmp_005 Mass 12.01 Resnr 0 Resname R01 Charge -0.03099
4101 Name 1:R01:A1006 Type lmp_005 Mass 12.01 Resnr 0 Resname R01 Charge -0.25069
4102 Name 1:R01:A1007 Type lmp_008 Mass 1.008 Resnr 0 Resname R01 Charge 0.17281
4103 Name 1:R01:A1008 Type lmp_006 Mass 12.01 Resnr 0 Resname R01 Charge 0.02131
4104 Name 1:R01:A1009 Type lmp_005 Mass 12.01 Resnr 0 Resname R01 Charge 0.02031
4105 Name 1:R01:A100a Type lmp_005 Mass 12.01 Resnr 0 Resname R01 Charge -0.24969
4106 Name 1:R01:A100b Type lmp_008 Mass 1.008 Resnr 0 Resname R01 Charge 0.17861
4107 Name 1:R01:A100c Type lmp_005 Mass 12.01 Resnr 0 Resname R01 Charge -0.03239
4108 Name 1:R01:A100d Type lmp_007 Mass 12.01 Resnr 0 Resname R01 Charge 0.03221
4109 Name 1:R01:A100e Type lmp_009 Mass 1.008 Resnr 0 Resname R01 Charge 0.02561
4110 Name 1:R01:A100f Type lmp_007 Mass 12.01 Resnr 0 Resname R01 Charge 0.02991
4111 Name 1:R01:A1010 Type lmp_009 Mass 1.008 Resnr 0 Resname R01 Charge 0.02761
4112 Name 1:R01:A1011 Type lmp_004 Mass 12.01 Resnr 0 Resname R01 Charge 0.05471
4113 Name 1:R01:A1012 Type lmp_009 Mass 1.008 Resnr 0 Resname R01 Charge 0.00921
4114 Name 1:R01:A1013 Type lmp_007 Mass 12.01 Resnr 0 Resname R01 Charge 0.00911
4115 Name 1:R01:A1014 Type lmp_009 Mass 1.008 Resnr 0 Resname R01 Charge 0.03851
4116 Name 1:R01:A1015 Type lmp_005 Mass 12.01 Resnr 0 Resname R01 Charge -0.12349
4117 Name 1:R01:A1016 Type lmp_005 Mass 12.01 Resnr 0 Resname R01 Charge -0.12549
4118 Name 1:R01:A1017 Type lmp_005 Mass 12.01 Resnr 0 Resname R01 Charge 0.03581
4119 Name 1:R01:A1018 Type lmp_003 Mass 12.01 Resnr 0 Resname R01 Charge -0.11109
4120 Name 1:R01:A1019 Type lmp_009 Mass 1.008 Resnr 0 Resname R01 Charge 0.04331
4121 Name 1:R01:A101a Type lmp_009 Mass 1.008 Resnr 0 Resname R01 Charge 0.04331
4122 Name 1:R01:A101b Type lmp_009 Mass 1.008 Resnr 0 Resname R01 Charge 0.04331
4123 Name 1:R01:A101c Type lmp_005 Mass 12.01 Resnr 0 Resname R01 Charge -0.08649
4124 Name 1:R01:A101d Type lmp_005 Mass 12.01 Resnr 0 Resname R01 Charge -0.09149
4125 Name 1:R01:A101e Type lmp_005 Mass 12.01 Resnr 0 Resname R01 Charge 0.05181
4126 Name 1:R01:A101f Type lmp_003 Mass 12.01 Resnr 0 Resname R01 Charge -0.10009
4127 Name 1:R01:A1020 Type lmp_009 Mass 1.008 Resnr 0 Resname R01 Charge 0.04551
4128 Name 1:R01:A1021 Type lmp_009 Mass 1.008 Resnr 0 Resname R01 Charge 0.04551
4129 Name 1:R01:A1022 Type lmp_009 Mass 1.008 Resnr 0 Resname R01 Charge 0.04551
4130 Name 1:R01:A1023 Type lmp_007 Mass 12.01 Resnr 0 Resname R01 Charge 0.00531
4131 Name 1:R01:A1024 Type lmp_009 Mass 1.008 Resnr 0 Resname R01 Charge 0.03971
4132 Name 1:R01:A1025 Type lmp_004 Mass 12.01 Resnr 0 Resname R01 Charge 0.05571
4133 Name 1:R01:A1026 Type lmp_009 Mass 1.008 Resnr 0 Resname R01 Charge 0.01041
4134 Name 1:R01:A1027 Type lmp_004 Mass 12.01 Resnr 0 Resname R01 Charge -0.21059
4135 Name 1:R01:A1028 Type lmp_009 Mass 1.008 Resnr 0 Resname R01 Charge 0.05311
4136 Name 1:R01:A1029 Type lmp_009 Mass 1.008 Resnr 0 Resname R01 Charge 0.05311
4137 Name 1:R01:A102a Type lmp_005 Mass 12.01 Resnr 0 Resname R01 Charge -0.04569
4138 Name 1:R01:A102b Type lmp_005 Mass 12.01 Resnr 0 Resname R01 Charge -0.20379
4139 Name 1:R01:A102c Type lmp_008 Mass 1.008 Resnr 0 Resname R01 Charge 0.15591
4140 Name 1:R01:A102d Type lmp_003 Mass 12.01 Resnr 0 Resname R01 Charge -0.10048
4141 Name 1:R01:A102e Type lmp_009 Mass 1.008 Resnr 0 Resname R01 Charge 0.02361
4142 Name 1:R01:A102f Type lmp_009 Mass 1.008 Resnr 0 Resname R01 Charge 0.02361
4143 Name 1:R01:A1030 Type lmp_009 Mass 1.008 Resnr 0 Resname R01 Charge 0.02361
4144 Name 1:R01:A1031 Type lmp_004 Mass 12.01 Resnr 0 Resname R01 Charge 0.19001
4145 Name 1:R01:A1032 Type lmp_003 Mass 12.01 Resnr 0 Resname R01 Charge -0.17889
4146 Name 1:R01:A1033 Type lmp_009 Mass 1.008 Resnr 0 Resname R01 Charge 0.04121
4147 Name 1:R01:A1034 Type lmp_009 Mass 1.008 Resnr 0 Resname R01 Charge 0.04121
4148 Name 1:R01:A1035 Type lmp_009 Mass 1.008 Resnr 0 Resname R01 Charge 0.04121
4149 Name 1:R01:A1036 Type lmp_005 Mass 12.01 Resnr 0 Resname R01 Charge 0.00401
4150 Name 1:R01:A1037 Type lmp_006 Mass 12.01 Resnr 0 Resname R01 Charge 0.00111
4151 Name 1:R01:A1038 Type lmp_005 Mass 12.01 Resnr 0 Resname R01 Charge -0.18989
4152 Name 1:R01:A1039 Type lmp_008 Mass 1.008 Resnr 0 Resname R01 Charge 0.14431
4153 Name 1:R01:A103a Type lmp_005 Mass 12.01 Resnr 0 Resname R01 Charge -0.04879
4154 Name 1:R01:A103b Type lmp_007 Mass 12.01 Resnr 0 Resname R01 Charge 0.03141
4155 Name 1:R01:A103c Type lmp_009 Mass 1.008 Resnr 0 Resname R01 Charge 0.03521
4156 Name 1:R01:A103d Type lmp_007 Mass 12.01 Resnr 0 Resname R01 Charge 0.01591
4157 Name 1:R01:A103e Type lmp_009 Mass 1.008 Resnr 0 Resname R01 Charge 0.03721
4158 Name 1:R01:A103f Type lmp_004 Mass 12.01 Resnr 0 Resname R01 Charge 0.02141
4159 Name 1:R01:A1040 Type lmp_009 Mass 1.008 Resnr 0 Resname R01 Charge 0.01911
4160 Name 1:R01:A1041 Type lmp_007 Mass 12.01 Resnr 0 Resname R01 Charge 0.02241
4161 Name 1:R01:A1042 Type lmp_009 Mass 1.008 Resnr 0 Resname R01 Charge 0.03781
4162 Name 1:R01:A1043 Type lmp_007 Mass 12.01 Resnr 0 Resname R01 Charge 0.01411
4163 Name 1:R01:A1044 Type lmp_009 Mass 1.008 Resnr 0 Resname R01 Charge 0.03861
4164 Name 1:R01:A1045 Type lmp_004 Mass 12.01 Resnr 0 Resname R01 Charge 0.01111
4165 Name 1:R01:A1046 Type lmp_009 Mass 1.008 Resnr 0 Resname R01 Charge 0.02341
4166 Name 1:R01:A1047 Type lmp_004 Mass 12.01 Resnr 0 Resname R01 Charge -0.10289
4167 Name 1:R01:A1048 Type lmp_009 Mass 1.008 Resnr 0 Resname R01 Charge 0.04701
4168 Name 1:R01:A1049 Type lmp_009 Mass 1.008 Resnr 0 Resname R01 Charge 0.04701
4169 Name 1:R01:A104a Type lmp_005 Mass 12.01 Resnr 0 Resname R01 Charge -0.03099
4170 Name 1:R01:A104b Type lmp_005 Mass 12.01 Resnr 0 Resname R01 Charge -0.25069
4171 Name 1:R01:A104c Type lmp_008 Mass 1.008 Resnr 0 Resname R01 Charge 0.17281
4172 Name 1:R01:A104d Type lmp_006 Mass 12.01 Resnr 0 Resname R01 Charge 0.02131
4173 Name 1:R01:A104e Type lmp_005 Mass 12.01 Resnr 0 Resname R01 Charge 0.02031
4174 Name 1:R01:A104f Type lmp_005 Mass 12.01 Resnr 0 Resname R01 Charge -0.24969
4175 Name 1:R01:A1050 Type lmp_008 Mass 1.008 Resnr 0 Resname R01 Charge 0.17861
4176 Name 1:R01:A1051 Type lmp_005 Mass 12.01 Resnr 0 Resname R01 Charge -0.03239
4177 Name 1:R01:A1052 Type lmp_007 Mass 12.01 Resnr 0 Resname R01 Charge 0.03221
4178 Name 1:R01:A1053 Type lmp_009 Mass 1.008 Resnr 0 Resname R01 Charge 0.02561
4179 Name 1:R01:A1054 Type lmp_007 Mass 12.01 Resnr 0 Resname R01 Charge 0.02991
4180 Name 1:R01:A1055 Type lmp_009 Mass 1.008 Resnr 0 Resname R01 Charge 0.02761
4181 Name 1:R01:A1056 Type lmp_004 Mass 12.01 Resnr 0 Resname R01 Charge 0.05471
4182 Name 1:R01:A1057 Type lmp_009 Mass 1.008 Resnr 0 Resname R01 Charge 0.00921
4183 Name 1:R01:A1058 Type lmp_007 Mass 12.01 Resnr 0 Resname R01 Charge 0.00911
4184 Name 1:R01:A1059 Type lmp_009 Mass 1.008 Resnr 0 Resname R01 Charge 0.03851
4185 Name 1:R01:A105a Type lmp_005 Mass 12.01 Resnr 0 Resname R01 Charge -0.12349
4186 Name 1:R01:A105b Type lmp_005 Mass 12.01 Resnr 0 Resname R01 Charge -0.12549
4187 Name 1:R01:A105c Type lmp_005 Mass 12.01 Resnr 0 Resname R01 Charge 0.03581
4188 Name 1:R01:A105d Type lmp_003 Mass 12.01 Resnr 0 Resname R01 Charge -0.11109
4189 Name 1:R01:A105e Type lmp_009 Mass 1.008 Resnr 0 Resname R01 Charge 0.04331
4190 Name 1:R01:A105f Type lmp_009 Mass 1.008 Resnr 0 Resname R01 Charge 0.04331
4191 Name 1:R01:A1060 Type lmp_009 Mass 1.008 Resnr 0 Resname R01 Charge 0.04331
4192 Name 1:R01:A1061 Type lmp_005 Mass 12.01 Resnr 0 Resname R01 Charge -0.08649
4193 Name 1:R01:A1062 Type lmp_005 Mass 12.01 Resnr 0 Resname R01 Charge -0.09149
4194 Name 1:R01:A1063 Type lmp_005 Mass 12.01 Resnr 0 Resname R01 Charge 0.05181
4195 Name 1:R01:A1064 Type lmp_003 Mass 12.01 Resnr 0 Resname R01 Charge -0.10009
4196 Name 1:R01:A1065 Type lmp_009 Mass 1.008 Resnr 0 Resname R01 Charge 0.04551
4197 Name 1:R01:A1066 Type lmp_009 Mass 1.008 Resnr 0 Resname R01 Charge 0.04551
4198 Name 1:R01:A1067 Type lmp_009 Mass 1.008 Resnr 0 Resname R01 Charge 0.04551
4199 Name 1:R01:A1068 Type lmp_007 Mass 12.01 Resnr 0 Resname R01 Charge 0.00531
4200 Name 1:R01:A1069 Type lmp_009 Mass 1.008 Resnr 0 Resname R01 Charge 0.03971
4201 Name 1:R01:A106a Type lmp_004 Mass 12.01 Resnr 0 Resname R01 Charge 0.05571
4202 Name 1:R01:A106b Type lmp_009 Mass 1.008 Resnr 0 Resname R01 Charge 0.01041
4203 Name 1:R01:A106c Type lmp_004 Mass 12.01 Resnr 0 Resname R01 Charge -0.21059
4204 Name 1:R01:A106d Type lmp_009 Mass 1.008 Resnr 0 Resname R01 Charge 0.05311
4205 Name 1:R01:A106e Type lmp_009 Mass 1.008 Resnr 0 Resname R01 Charge 0.05311
4206 Name 1:R01:A106f Type lmp_005 Mass 12.01 Resnr 0 Resname R01 Charge -0.04569
4207 Name 1:R01:A1070 Type lmp_005 Mass 12.01 Resnr 0 Resname R01 Charge -0.20379
4208 Name 1:R01:A1071 Type lmp_008 Mass 1.008 Resnr 0 Resname R01 Charge 0.15591
4209 Name 1:R01:A1072 Type lmp_003 Mass 12.01 Resnr 0 Resname R01 Charge -0.10048
4210 Name 1:R01:A1073 Type lmp_009 Mass 1.008 Resnr 0 Resname R01 Charge 0.02361
4211 Name 1:R01:A1074 Type lmp_009 Mass 1.008 Resnr 0 Resname R01 Charge 0.02361
4212 Name 1:R01:A1075 Type lmp_009 Mass 1.008 Resnr 0 Resname R01 Charge 0.02361
4213 Name 1:R01:A1076 Type lmp_004 Mass 12.01 Resnr 0 Resname R01 Charge 0.19001
4214 Name 1:R01:A1077 Type lmp_003 Mass 12.01 Resnr 0 Resname R01 Charge -0.17889
4215 Name 1:R01:A1078 Type lmp_009 Mass 1.008 Resnr 0 Resname R01 Charge 0.04121
4216 Name 1:R01:A1079 Type lmp_009 Mass 1.008 Resnr 0 Resname R01 Charge 0.04121
4217 Name 1:R01:A107a Type lmp_009 Mass 1.008 Resnr 0 Resname R01 Charge 0.04121
4218 Name 1:R01:A107b Type lmp_005 Mass 12.01 Resnr 0 Resname R01 Charge 0.00401
4219 Name 1:R01:A107c Type lmp_006 Mass 12.01 Resnr 0 Resname R01 Charge 0.00111
4220 Name 1:R01:A107d Type lmp_005 Mass 12.01 Resnr 0 Resname R01 Charge -0.18989
4221 Name 1:R01:A107e Type lmp_008 Mass 1.008 Resnr 0 Resname R01 Charge 0.14431
4222 Name 1:R01:A107f Type lmp_005 Mass 12.01 Resnr 0 Resname R01 Charge -0.04879
4223 Name 1:R01:A1080 Type lmp_007 Mass 12.01 Resnr 0 Resname R01 Charge 0.03141
4224 Name 1:R01:A1081 Type lmp_009 Mass 1.008 Resnr 0 Resname R01 Charge 0.03521
4225 Name 1:R01:A1082 Type lmp_007 Mass 12.01 Resnr 0 Resname R01 Charge 0.01591
4226 Name 1:R01:A1083 Type lmp_009 Mass 1.008 Resnr 0 Resname R01 Charge 0.03721
4227 Name 1:R01:A1084 Type lmp_004 Mass 12.01 Resnr 0 Resname R01 Charge 0.02141
4228 Name 1:R01:A1085 Type lmp_009 Mass 1.008 Resnr 0 Resname R01 Charge 0.01911
4229 Name 1:R01:A1086 Type lmp_001 Mass 12.01 Resnr 0 Resname R01 Charge 0.02241
4230 Name 1:R01:A1087 Type lmp_009 Mass 1.008 Resnr 0 Resname R01 Charge 0.03781
4231 Name 1:R01:A1088 Type lmp_001 Mass 12.01 Resnr 0 Resname R01 Charge 0.01411
4232 Name 1:R01:A1089 Type lmp_009 Mass 1.008 Resnr 0 Resname R01 Charge 0.03861
4233 Name 1:R01:A108a Type lmp_004 Mass 12.01 Resnr 0 Resname R01 Charge 0.01111
4234 Name 1:R01:A108b Type lmp_009 Mass 1.008 Resnr 0 Resname R01 Charge 0.02341
4235 Name 1:R01:A108c Type lmp_004 Mass 12.01 Resnr 0 Resname R01 Charge -0.10289
4236 Name 1:R01:A108d Type lmp_009 Mass 1.008 Resnr 0 Resname R01 Charge 0.04701
4237 Name 1:R01:A108e Type lmp_009 Mass 1.008 Resnr 0 Resname R01 Charge 0.04701
4238 Name 1:R01:A108f Type lmp_005 Mass 12.01 Resnr 0 Resname R01 Charge -0.03099
4239 Name 1:R01:A1090 Type lmp_005 Mass 12.01 Resnr 0 Resname R01 Charge -0.25069
4240 Name 1:R01:A1091 Type lmp_008 Mass 1.008 Resnr 0 Resname R01 Charge 0.17281
4241 Name 1:R01:A1092 Type lmp_006 Mass 12.01 Resnr 0 Resname R01 Charge 0.02131
4242 Name 1:R01:A1093 Type lmp_005 Mass 12.01 Resnr 0 Resname R01 Charge 0.02031
4243 Name 1:R01:A1094 Type lmp_005 Mass 12.01 Resnr 0 Resname R01 Charge -0.24969
4244 Name 1:R01:A1095 Type lmp_008 Mass 1.008 Resnr 0 Resname R01 Charge 0.17861
4245 Name 1:R01:A1096 Type lmp_005 Mass 12.01 Resnr 0 Resname R01 Charge -0.03239
4246 Name 1:R01:A1097 Type lmp_007 Mass 12.01 Resnr 0 Resname R01 Charge 0.03221
4247 Name 1:R01:A1098 Type lmp_009 Mass 1.008 Resnr 0 Resname R01 Charge 0.02561
4248 Name 1:R01:A1099 Type lmp_007 Mass 12.01 Resnr 0 Resname R01 Charge 0.02991
4249 Name 1:R01:A109a Type lmp_009 Mass 1.008 Resnr 0 Resname R01 Charge 0.02761
4250 Name 1:R01:A109b Type lmp_004 Mass 12.01 Resnr 0 Resname R01 Charge 0.05471
4251 Name 1:R01:A109c Type lmp_009 Mass 1.008 Resnr 0 Resname R01 Charge 0.00921
4252 Name 1:R01:A109d Type lmp_007 Mass 12.01 Resnr 0 Resname R01 Charge 0.00911
4253 Name 1:R01:A109e Type lmp_009 Mass 1.008 Resnr 0 Resname R01 Charge 0.03851
4254 Name 1:R01:A109f Type lmp_005 Mass 12.01 Resnr 0 Resname R01 Charge -0.12349
4255 Name 1:R01:A10a0 Type lmp_005 Mass 12.01 Resnr 0 Resname R01 Charge -0.12549
4256 Name 1:R01:A10a1 Type lmp_005 Mass 12.01 Resnr 0 Resname R01 Charge 0.03581
4257 Name 1:R01:A10a2 Type lmp_003 Mass 12.01 Resnr 0 Resname R01 Charge -0.11109
4258 Name 1:R01:A10a3 Type lmp_009 Mass 1.008 Resnr 0 Resname R01 Charge 0.04331
4259 Name 1:R01:A10a4 Type lmp_009 Mass 1.008 Resnr 0 Resname R01 Charge 0.04331
4260 Name 1:R01:A10a5 Type lmp_009 Mass 1.008 Resnr 0 Resname R01 Charge 0.04331
4261 Name 1:R01:A10a6 Type lmp_005 Mass 12.01 Resnr 0 Resname R01 Charge -0.08649
4262 Name 1:R01:A10a7 Type lmp_005 Mass 12.01 Resnr 0 Resname R01 Charge -0.09149
4263 Name 1:R01:A10a8 Type lmp_005 Mass 12.01 Resnr 0 Resname R01 Charge 0.05181
4264 Name 1:R01:A10a9 Type lmp_003 Mass 12.01 Resnr 0 Resname R01 Charge -0.10009
4265 Name 1:R01:A10aa Type lmp_009 Mass 1.008 Resnr 0 Resname R01 Charge 0.04551
4266 Name 1:R01:A10ab Type lmp_009 Mass 1.008 Resnr 0 Resname R01 Charge 0.04551
4267 Name 1:R01:A10ac Type lmp_009 Mass 1.008 Resnr 0 Resname R01 Charge 0.04551
4268 Name 1:R01:A10ad Type lmp_007 Mass 12.01 Resnr 0 Resname R01 Charge 0.00531
4269 Name 1:R01:A10ae Type lmp_009 Mass 1.008 Resnr 0 Resname R01 Charge 0.03971
4270 Name 1:R01:A10af Type lmp_004 Mass 12.01 Resnr 0 Resname R01 Charge 0.05571
4271 Name 1:R01:A10b0 Type lmp_009 Mass 1.008 Resnr 0 Resname R01 Charge 0.01041
4272 Name 1:R01:A10b1 Type lmp_004 Mass 12.01 Resnr 0 Resname R01 Charge -0.21059
4273 Name 1:R01:A10b2 Type lmp_009 Mass 1.008 Resnr 0 Resname R01 Charge 0.05311
4274 Name 1:R01:A10b3 Type lmp_009 Mass 1.008 Resnr 0 Resname R01 Charge 0.05311
4275 Name 1:R01:A10b4 Type lmp_005 Mass 12.01 Resnr 0 Resname R01 Charge -0.04569
4276 Name 1:R01:A10b5 Type lmp_005 Mass 12.01 Resnr 0 Resname R01 Charge -0.20379
4277 Name 1:R01:A10b6 Type lmp_008 Mass 1.008 Resnr 0 Resname R01 Charge 0.15591
4278 Name 1:R01:A10b7 Type lmp_003 Mass 12.01 Resnr 0 Resname R01 Charge -0.10048
4279 Name 1:R01:A10b8 Type lmp_009 Mass 1.008 Resnr 0 Resname R01 Charge 0.02361
4280 Name 1:R01:A10b9 Type lmp_009 Mass 1.008 Resnr 0 Resname R01 Charge 0.02361
4281 Name 1:R01:A10ba Type lmp_009 Mass 1.008 Resnr 0 Resname R01 Charge 0.02361
4282 Name 1:R01:A10bb Type lmp_004 Mass 12.01 Resnr 0 Resname R01 Charge 0.19001
4283 Name 1:R01:A10bc Type lmp_003 Mass 12.01 Resnr 0 Resname R01 Charge -0.17889
4284 Name 1:R01:A10bd Type lmp_009 Mass 1.008 Resnr 0 Resname R01 Charge 0.04121
4285 Name 1:R01:A10be Type lmp_009 Mass 1.008 Resnr 0 Resname R01 Charge 0.04121
4286 Name 1:R01:A10bf Type lmp_009 Mass 1.008 Resnr 0 Resname R01 Charge 0.04121
4287 Name 1:R01:A10c0 Type lmp_005 Mass 12.01 Resnr 0 Resname R01 Charge 0.00401
4288 Name 1:R01:A10c1 Type lmp_006 Mass 12.01 Resnr 0 Resname R01 Charge 0.00111
4289 Name 1:R01:A10c2 Type lmp_005 Mass 12.01 Resnr 0 Resname R01 Charge -0.18989
4290 Name 1:R01:A10c3 Type lmp_008 Mass 1.008 Resnr 0 Resname R01 Charge 0.14431
4291 Name 1:R01:A10c4 Type lmp_005 Mass 12.01 Resnr 0 Resname R01 Charge -0.04879
4292 Name 1:R01:A10c5 Type lmp_007 Mass 12.01 Resnr 0 Resname R01 Charge 0.03141
4293 Name 1:R01:A10c6 Type lmp_009 Mass 1.008 Resnr 0 Resname R01 Charge 0.03521
4294 Name 1:R01:A10c7 Type lmp_007 Mass 12.01 Resnr 0 Resname R01 Charge 0.01591
4295 Name 1:R01:A10c8 Type lmp_009 Mass 1.008 Resnr 0 Resname R01 Charge 0.03721
4296 Name 1:R01:A10c9 Type lmp_004 Mass 12.01 Resnr 0 Resname R01 Charge 0.02141
4297 Name 1:R01:A10ca Type lmp_009 Mass 1.008 Resnr 0 Resname R01 Charge 0.01911
4298 Name 1:R01:A10cb Type lmp_007 Mass 12.01 Resnr 0 Resname R01 Charge 0.02241
4299 Name 1:R01:A10cc Type lmp_009 Mass 1.008 Resnr 0 Resname R01 Charge 0.03781
4300 Name 1:R01:A10cd Type lmp_007 Mass 12.01 Resnr 0 Resname R01 Charge 0.01411
4301 Name 1:R01:A10ce Type lmp_009 Mass 1.008 Resnr 0 Resname R01 Charge 0.03861
4302 Name 1:R01:A10cf Type lmp_004 Mass 12.01 Resnr 0 Resname R01 Charge 0.01111
4303 Name 1:R01:A10d0 Type lmp_009 Mass 1.008 Resnr 0 Resname R01 Charge 0.02341
4304 Name 1:R01:A10d1 Type lmp_004 Mass 12.01 Resnr 0 Resname R01 Charge -0.10289
4305 Name 1:R01:A10d2 Type lmp_009 Mass 1.008 Resnr 0 Resname R01 Charge 0.04701
4306 Name 1:R01:A10d3 Type lmp_009 Mass 1.008 Resnr 0 Resname R01 Charge 0.04701
4307 Name 1:R01:A10d4 Type lmp_005 Mass 12.01 Resnr 0 Resname R01 Charge -0.03099
4308 Name 1:R01:A10d5 Type lmp_005 Mass 12.01 Resnr 0 Resname R01 Charge -0.25069
4309 Name 1:R01:A10d6 Type lmp_008 Mass 1.008 Resnr 0 Resname R01 Charge 0.17281
4310 Name 1:R01:A10d7 Type lmp_006 Mass 12.01 Resnr 0 Resname R01 Charge 0.02131
4311 Name 1:R01:A10d8 Type lmp_005 Mass 12.01 Resnr 0 Resname R01 Charge 0.02031
4312 Name 1:R01:A10d9 Type lmp_005 Mass 12.01 Resnr 0 Resname R01 Charge -0.24969
4313 Name 1:R01:A10da Type lmp_008 Mass 1.008 Resnr 0 Resname R01 Charge 0.17861
4314 Name 1:R01:A10db Type lmp_005 Mass 12.01 Resnr 0 Resname R01 Charge -0.03239
4315 Name 1:R01:A10dc Type lmp_007 Mass 12.01 Resnr 0 Resname R01 Charge 0.03221
4316 Name 1:R01:A10dd Type lmp_009 Mass 1.008 Resnr 0 Resname R01 Charge 0.02561
4317 Name 1:R01:A10de Type lmp_007 Mass 12.01 Resnr 0 Resname R01 Charge 0.02991
4318 Name 1:R01:A10df Type lmp_009 Mass 1.008 Resnr 0 Resname R01 Charge 0.02761
4319 Name 1:R01:A10e0 Type lmp_004 Mass 12.01 Resnr 0 Resname R01 Charge 0.05471
4320 Name 1:R01:A10e1 Type lmp_009 Mass 1.008 Resnr 0 Resname R01 Charge 0.00921
4321 Name 1:R01:A10e2 Type lmp_007 Mass 12.01 Resnr 0 Resname R01 Charge 0.00911
4322 Name 1:R01:A10e3 Type lmp_009 Mass 1.008 Resnr 0 Resname R01 Charge 0.03851
4323 Name 1:R01:A10e4 Type lmp_005 Mass 12.01 Resnr 0 Resname R01 Charge -0.12349
4324 Name 1:R01:A10e5 Type lmp_005 Mass 12.01 Resnr 0 Resname R01 Charge -0.12549
4325 Name 1:R01:A10e6 Type lmp_005 Mass 12.01 Resnr 0 Resname R01 Charge 0.03581
4326 Name 1:R01:A10e7 Type lmp_003 Mass 12.01 Resnr 0 Resname R01 Charge -0.11109
4327 Name 1:R01:A10e8 Type lmp_009 Mass 1.008 Resnr 0 Resname R01 Charge 0.04331
4328 Name 1:R01:A10e9 Type lmp_009 Mass 1.008 Resnr 0 Resname R01 Charge 0.04331
4329 Name 1:R01:A10ea Type lmp_009 Mass 1.008 Resnr 0 Resname R01 Charge 0.04331
4330 Name 1:R01:A10eb Type lmp_005 Mass 12.01 Resnr 0 Resname R01 Charge -0.08649
4331 Name 1:R01:A10ec Type lmp_005 Mass 12.01 Resnr 0 Resname R01 Charge -0.09149
4332 Name 1:R01:A10ed Type lmp_005 Mass 12.01 Resnr 0 Resname R01 Charge 0.05181
4333 Name 1:R01:A10ee Type lmp_003 Mass 12.01 Resnr 0 Resname R01 Charge -0.10009
4334 Name 1:R01:A10ef Type lmp_009 Mass 1.008 Resnr 0 Resname R01 Charge 0.04551
4335 Name 1:R01:A10f0 Type lmp_009 Mass 1.008 Resnr 0 Resname R01 Charge 0.04551
4336 Name 1:R01:A10f1 Type lmp_009 Mass 1.008 Resnr 0 Resname R01 Charge 0.04551
4337 Name 1:R01:A10f2 Type lmp_007 Mass 12.01 Resnr 0 Resname R01 Charge 0.00531
4338 Name 1:R01:A10f3 Type lmp_009 Mass 1.008 Resnr 0 Resname R01 Charge 0.03971
4339 Name 1:R01:A10f4 Type lmp_004 Mass 12.01 Resnr 0 Resname R01 Charge 0.05571
4340 Name 1:R01:A10f5 Type lmp_009 Mass 1.008 Resnr 0 Resname R01 Charge 0.01041
4341 Name 1:R01:A10f6 Type lmp_004 Mass 12.01 Resnr 0 Resname R01 Charge -0.21059
4342 Name 1:R01:A10f7 Type lmp_009 Mass 1.008 Resnr 0 Resname R01 Charge 0.05311
4343 Name 1:R01:A10f8 Type lmp_009 Mass 1.008 Resnr 0 Resname R01 Charge 0.05311
4344 Name 1:R01:A10f9 Type lmp_005 Mass 12.01 Resnr 0 Resname R01 Charge -0.04569
4345 Name 1:R01:A10fa Type lmp_005 Mass 12.01 Resnr 0 Resname R01 Charge -0.20379
4346 Name 1:R01:A10fb Type lmp_008 Mass 1.008 Resnr 0 Resname R01 Charge 0.15591
4347 Name 1:R01:A10fc Type lmp_003 Mass 12.01 Resnr 0 Resname R01 Charge -0.10048
4348 Name 1:R01:A10fd Type lmp_009 Mass 1.008 Resnr 0 Resname R01 Charge 0.02361
4349 Name 1:R01:A10fe Type lmp_009 Mass 1.008 Resnr 0 Resname R01 Charge 0.02361
4350 Name 1:R01:A10ff Type lmp_009 Mass 1.008 Resnr 0 Resname R01 Charge 0.02361
4351 Name 1:R01:A1100 Type lmp_004 Mass 12.01 Resnr 0 Resname R01 Charge 0.19001
4352 Name 1:R01:A1101 Type lmp_003 Mass 12.01 Resnr 0 Resname R01 Charge -0.17889
4353 Name 1:R01:A1102 Type lmp_009 Mass 1.008 Resnr 0 Resname R01 Charge 0.04121
4354 Name 1:R01:A1103 Type lmp_009 Mass 1.008 Resnr 0 Resname R01 Charge 0.04121
4355 Name 1:R01:A1104 Type lmp_009 Mass 1.008 Resnr 0 Resname R01 Charge 0.04121
4356 Name 1:R01:A1105 Type lmp_005 Mass 12.01 Resnr 0 Resname R01 Charge 0.00401
4357 Name 1:R01:A1106 Type lmp_006 Mass 12.01 Resnr 0 Resname R01 Charge 0.00111
4358 Name 1:R01:A1107 Type lmp_005 Mass 12.01 Resnr 0 Resname R01 Charge -0.18989
4359 Name 1:R01:A1108 Type lmp_008 Mass 1.008 Resnr 0 Resname R01 Charge 0.14431
4360 Name 1:R01:A1109 Type lmp_005 Mass 12.01 Resnr 0 Resname R01 Charge -0.04879
4361 Name 1:R01:A110a Type lmp_007 Mass 12.01 Resnr 0 Resname R01 Charge 0.03141
4362 Name 1:R01:A110b Type lmp_009 Mass 1.008 Resnr 0 Resname R01 Charge 0.03521
4363 Name 1:R01:A110c Type lmp_007 Mass 12.01 Resnr 0 Resname R01 Charge 0.01591
4364 Name 1:R01:A110d Type lmp_009 Mass 1.008 Resnr 0 Resname R01 Charge 0.03721
4365 Name 1:R01:A110e Type lmp_004 Mass 12.01 Resnr 0 Resname R01 Charge 0.02141
4366 Name 1:R01:A110f Type lmp_009 Mass 1.008 Resnr 0 Resname R01 Charge 0.01911
4367 Name 1:R01:A1110 Type lmp_007 Mass 12.01 Resnr 0 Resname R01 Charge 0.02241
4368 Name 1:R01:A1111 Type lmp_009 Mass 1.008 Resnr 0 Resname R01 Charge 0.03781
4369 Name 1:R01:A1112 Type lmp_007 Mass 12.01 Resnr 0 Resname R01 Charge 0.01411
4370 Name 1:R01:A1113 Type lmp_009 Mass 1.008 Resnr 0 Resname R01 Charge 0.03861
4371 Name 1:R01:A1114 Type lmp_004 Mass 12.01 Resnr 0 Resname R01 Charge 0.01111
4372 Name 1:R01:A1115 Type lmp_009 Mass 1.008 Resnr 0 Resname R01 Charge 0.02341
4373 Name 1:R01:A1116 Type lmp_004 Mass 12.01 Resnr 0 Resname R01 Charge -0.10289
4374 Name 1:R01:A1117 Type lmp_009 Mass 1.008 Resnr 0 Resname R01 Charge 0.04701
4375 Name 1:R01:A1118 Type lmp_009 Mass 1.008 Resnr 0 Resname R01 Charge 0.04701
4376 Name 1:R01:A1119 Type lmp_005 Mass 12.01 Resnr 0 Resname R01 Charge -0.03099
4377 Name 1:R01:A111a Type lmp_005 Mass 12.01 Resnr 0 Resname R01 Charge -0.25069
4378 Name 1:R01:A111b Type lmp_008 Mass 1.008 Resnr 0 Resname R01 Charge 0.17281
4379 Name 1:R01:A111c Type lmp_006 Mass 12.01 Resnr 0 Resname R01 Charge 0.02131
4380 Name 1:R01:A111d Type lmp_005 Mass 12.01 Resnr 0 Resname R01 Charge 0.02031
4381 Name 1:R01:A111e Type lmp_005 Mass 12.01 Resnr 0 Resname R01 Charge -0.24969
4382 Name 1:R01:A111f Type lmp_008 Mass 1.008 Resnr 0 Resname R01 Charge 0.17861
4383 Name 1:R01:A1120 Type lmp_005 Mass 12.01 Resnr 0 Resname R01 Charge -0.03239
4384 Name 1:R01:A1121 Type lmp_007 Mass 12.01 Resnr 0 Resname R01 Charge 0.03221
4385 Name 1:R01:A1122 Type lmp_009 Mass 1.008 Resnr 0 Resname R01 Charge 0.02561
4386 Name 1:R01:A1123 Type lmp_007 Mass 12.01 Resnr 0 Resname R01 Charge 0.02991
4387 Name 1:R01:A1124 Type lmp_009 Mass 1.008 Resnr 0 Resname R01 Charge 0.02761
4388 Name 1:R01:A1125 Type lmp_004 Mass 12.01 Resnr 0 Resname R01 Charge 0.05471
4389 Name 1:R01:A1126 Type lmp_009 Mass 1.008 Resnr 0 Resname R01 Charge 0.00921
4390 Name 1:R01:A1127 Type lmp_007 Mass 12.01 Resnr 0 Resname R01 Charge 0.00911
4391 Name 1:R01:A1128 Type lmp_009 Mass 1.008 Resnr 0 Resname R01 Charge 0.03851
4392 Name 1:R01:A1129 Type lmp_005 Mass 12.01 Resnr 0 Resname R01 Charge -0.12349
4393 Name 1:R01:A112a Type lmp_005 Mass 12.01 Resnr 0 Resname R01 Charge -0.12549
4394 Name 1:R01:A112b Type lmp_005 Mass 12.01 Resnr 0 Resname R01 Charge 0.03581
4395 Name 1:R01:A112c Type lmp_003 Mass 12.01 Resnr 0 Resname R01 Charge -0.11109
4396 Name 1:R01:A112d Type lmp_009 Mass 1.008 Resnr 0 Resname R01 Charge 0.04331
4397 Name 1:R01:A112e Type lmp_009 Mass 1.008 Resnr 0 Resname R01 Charge 0.04331
4398 Name 1:R01:A112f Type lmp_009 Mass 1.008 Resnr 0 Resname R01 Charge 0.04331
4399 Name 1:R01:A1130 Type lmp_005 Mass 12.01 Resnr 0 Resname R01 Charge -0.08649
4400 Name 1:R01:A1131 Type lmp_005 Mass 12.01 Resnr 0 Resname R01 Charge -0.09149
4401 Name 1:R01:A1132 Type lmp_005 Mass 12.01 Resnr 0 Resname R01 Charge 0.05181
4402 Name 1:R01:A1133 Type lmp_003 Mass 12.01 Resnr 0 Resname R01 Charge -0.10009
4403 Name 1:R01:A1134 Type lmp_009 Mass 1.008 Resnr 0 Resname R01 Charge 0.04551
4404 Name 1:R01:A1135 Type lmp_009 Mass 1.008 Resnr 0 Resname R01 Charge 0.04551
4405 Name 1:R01:A1136 Type lmp_009 Mass 1.008 Resnr 0 Resname R01 Charge 0.04551
4406 Name 1:R01:A1137 Type lmp_007 Mass 12.01 Resnr 0 Resname R01 Charge 0.00531
4407 Name 1:R01:A1138 Type lmp_009 Mass 1.008 Resnr 0 Resname R01 Charge 0.03971
4408 Name 1:R01:A1139 Type lmp_004 Mass 12.01 Resnr 0 Resname R01 Charge 0.05571
4409 Name 1:R01:A113a Type lmp_009 Mass 1.008 Resnr 0 Resname R01 Charge 0.01041
4410 Name 1:R01:A113b Type lmp_004 Mass 12.01 Resnr 0 Resname R01 Charge -0.21059
4411 Name 1:R01:A113c Type lmp_009 Mass 1.008 Resnr 0 Resname R01 Charge 0.05311
4412 Name 1:R01:A113d Type lmp_009 Mass 1.008 Resnr 0 Resname R01 Charge 0.05311
4413 Name 1:R01:A113e Type lmp_005 Mass 12.01 Resnr 0 Resname R01 Charge -0.04569
4414 Name 1:R01:A113f Type lmp_005 Mass 12.01 Resnr 0 Resname R01 Charge -0.20379
4415 Name 1:R01:A1140 Type lmp_008 Mass 1.008 Resnr 0 Resname R01 Charge 0.15591
4416 Name 1:R01:A1141 Type lmp_003 Mass 12.01 Resnr 0 Resname R01 Charge -0.10048
4417 Name 1:R01:A1142 Type lmp_009 Mass 1.008 Resnr 0 Resname R01 Charge 0.02361
4418 Name 1:R01:A1143 Type lmp_009 Mass 1.008 Resnr 0 Resname R01 Charge 0.02361
4419 Name 1:R01:A1144 Type lmp_009 Mass 1.008 Resnr 0 Resname R01 Charge 0.02361
4420 Name 1:R01:A1145 Type lmp_004 Mass 12.01 Resnr 0 Resname R01 Charge 0.19001
4421 Name 1:R01:A1146 Type lmp_003 Mass 12.01 Resnr 0 Resname R01 Charge -0.17889
4422 Name 1:R01:A1147 Type lmp_009 Mass 1.008 Resnr 0 Resname R01 Charge 0.04121
4423 Name 1:R01:A1148 Type lmp_009 Mass 1.008 Resnr 0 Resname R01 Charge 0.04121
4424 Name 1:R01:A1149 Type lmp_009 Mass 1.008 Resnr 0 Resname R01 Charge 0.04121
4425 Name 1:R01:A114a Type lmp_005 Mass 12.01 Resnr 0 Resname R01 Charge 0.00401
4426 Name 1:R01:A114b Type lmp_006 Mass 12.01 Resnr 0 Resname R01 Charge 0.00111
4427 Name 1:R01:A114c Type lmp_005 Mass 12.01 Resnr 0 Resname R01 Charge -0.18989
4428 Name 1:R01:A114d Type lmp_008 Mass 1.008 Resnr 0 Resname R01 Charge 0.14431
4429 Name 1:R01:A114e Type lmp_005 Mass 12.01 Resnr 0 Resname R01 Charge -0.04879
4430 Name 1:R01:A114f Type lmp_007 Mass 12.01 Resnr 0 Resname R01 Charge 0.03141
4431 Name 1:R01:A1150 Type lmp_009 Mass 1.008 Resnr 0 Resname R01 Charge 0.03521
4432 Name 1:R01:A1151 Type lmp_007 Mass 12.01 Resnr 0 Resname R01 Charge 0.01591
4433 Name 1:R01:A1152 Type lmp_009 Mass 1.008 Resnr 0 Resname R01 Charge 0.03721
4434 Name 1:R01:A1153 Type lmp_004 Mass 12.01 Resnr 0 Resname R01 Charge 0.02141
4435 Name 1:R01:A1154 Type lmp_009 Mass 1.008 Resnr 0 Resname R01 Charge 0.01911
4436 Name 1:R01:A1155 Type lmp_007 Mass 12.01 Resnr 0 Resname R01 Charge 0.02241
4437 Name 1:R01:A1156 Type lmp_009 Mass 1.008 Resnr 0 Resname R01 Charge 0.03781
4438 Name 1:R01:A1157 Type lmp_007 Mass 12.01 Resnr 0 Resname R01 Charge 0.01411
4439 Name 1:R01:A1158 Type lmp_009 Mass 1.008 Resnr 0 Resname R01 Charge 0.03861
4440 Name 1:R01:A1159 Type lmp_004 Mass 12.01 Resnr 0 Resname R01 Charge 0.01111
4441 Name 1:R01:A115a Type lmp_009 Mass 1.008 Resnr 0 Resname R01 Charge 0.02341
4442 Name 1:R01:A115b Type lmp_004 Mass 12.01 Resnr 0 Resname R01 Charge -0.10289
4443 Name 1:R01:A115c Type lmp_009 Mass 1.008 Resnr 0 Resname R01 Charge 0.04701
4444 Name 1:R01:A115d Type lmp_009 Mass 1.008 Resnr 0 Resname R01 Charge 0.04701
4445 Name 1:R01:A115e Type lmp_005 Mass 12.01 Resnr 0 Resname R01 Charge -0.03099
4446 Name 1:R01:A115f Type lmp_005 Mass 12.01 Resnr 0 Resname R01 Charge -0.25069
4447 Name 1:R01:A1160 Type lmp_008 Mass 1.008 Resnr 0 Resname R01 Charge 0.17281
4448 Name 1:R01:A1161 Type lmp_006 Mass 12.01 Resnr 0 Resname R01 Charge 0.02131
4449 Name 1:R01:A1162 Type lmp_005 Mass 12.01 Resnr 0 Resname R01 Charge 0.02031
4450 Name 1:R01:A1163 Type lmp_005 Mass 12.01 Resnr 0 Resname R01 Charge -0.24969
4451 Name 1:R01:A1164 Type lmp_008 Mass 1.008 Resnr 0 Resname R01 Charge 0.17861
4452 Name 1:R01:A1165 Type lmp_005 Mass 12.01 Resnr 0 Resname R01 Charge -0.03239
4453 Name 1:R01:A1166 Type lmp_007 Mass 12.01 Resnr 0 Resname R01 Charge 0.03221
4454 Name 1:R01:A1167 Type lmp_009 Mass 1.008 Resnr 0 Resname R01 Charge 0.02561
4455 Name 1:R01:A1168 Type lmp_007 Mass 12.01 Resnr 0 Resname R01 Charge 0.02991
4456 Name 1:R01:A1169 Type lmp_009 Mass 1.008 Resnr 0 Resname R01 Charge 0.02761
4457 Name 1:R01:A116a Type lmp_004 Mass 12.01 Resnr 0 Resname R01 Charge 0.05471
4458 Name 1:R01:A116b Type lmp_009 Mass 1.008 Resnr 0 Resname R01 Charge 0.00921
4459 Name 1:R01:A116c Type lmp_007 Mass 12.01 Resnr 0 Resname R01 Charge 0.00911
4460 Name 1:R01:A116d Type lmp_009 Mass 1.008 Resnr 0 Resname R01 Charge 0.03851
4461 Name 1:R01:A116e Type lmp_005 Mass 12.01 Resnr 0 Resname R01 Charge -0.12349
4462 Name 1:R01:A116f Type lmp_005 Mass 12.01 Resnr 0 Resname R01 Charge -0.12549
4463 Name 1:R01:A1170 Type lmp_005 Mass 12.01 Resnr 0 Resname R01 Charge 0.03581
4464 Name 1:R01:A1171 Type lmp_003 Mass 12.01 Resnr 0 Resname R01 Charge -0.11109
4465 Name 1:R01:A1172 Type lmp_009 Mass 1.008 Resnr 0 Resname R01 Charge 0.04331
4466 Name 1:R01:A1173 Type lmp_009 Mass 1.008 Resnr 0 Resname R01 Charge 0.04331
4467 Name 1:R01:A1174 Type lmp_009 Mass 1.008 Resnr 0 Resname R01 Charge 0.04331
4468 Name 1:R01:A1175 Type lmp_005 Mass 12.01 Resnr 0 Resname R01 Charge -0.08649
4469 Name 1:R01:A1176 Type lmp_005 Mass 12.01 Resnr 0 Resname R01 Charge -0.09149
4470 Name 1:R01:A1177 Type lmp_005 Mass 12.01 Resnr 0 Resname R01 Charge 0.05181
4471 Name 1:R01:A1178 Type lmp_003 Mass 12.01 Resnr 0 Resname R01 Charge -0.10009
4472 Name 1:R01:A1179 Type lmp_009 Mass 1.008 Resnr 0 Resname R01 Charge 0.04551
4473 Name 1:R01:A117a Type lmp_009 Mass 1.008 Resnr 0 Resname R01 Charge 0.04551
4474 Name 1:R01:A117b Type lmp_009 Mass 1.008 Resnr 0 Resname R01 Charge 0.04551
4475 Name 1:R01:A117c Type lmp_007 Mass 12.01 Resnr 0 Resname R01 Charge 0.00531
4476 Name 1:R01:A117d Type lmp_009 Mass 1.008 Resnr 0 Resname R01 Charge 0.03971
4477 Name 1:R01:A117e Type lmp_004 Mass 12.01 Resnr 0 Resname R01 Charge 0.05571
4478 Name 1:R01:A117f Type lmp_009 Mass 1.008 Resnr 0 Resname R01 Charge 0.01041
4479 Name 1:R01:A1180 Type lmp_004 Mass 12.01 Resnr 0 Resname R01 Charge -0.21059
4480 Name 1:R01:A1181 Type lmp_009 Mass 1.008 Resnr 0 Resname R01 Charge 0.05311
4481 Name 1:R01:A1182 Type lmp_009 Mass 1.008 Resnr 0 Resname R01 Charge 0.05311
4482 Name 1:R01:A1183 Type lmp_005 Mass 12.01 Resnr 0 Resname R01 Charge -0.04569
4483 Name 1:R01:A1184 Type lmp_005 Mass 12.01 Resnr 0 Resname R01 Charge -0.20379
4484 Name 1:R01:A1185 Type lmp_008 Mass 1.008 Resnr 0 Resname R01 Charge 0.15591
4485 Name 1:R01:A1186 Type lmp_003 Mass 12.01 Resnr 0 Resname R01 Charge -0.10048
4486 Name 1:R01:A1187 Type lmp_009 Mass 1.008 Resnr 0 Resname R01 Charge 0.02361
4487 Name 1:R01:A1188 Type lmp_009 Mass 1.008 Resnr 0 Resname R01 Charge 0.02361
4488 Name 1:R01:A1189 Type lmp_009 Mass 1.008 Resnr 0 Resname R01 Charge 0.02361
4489 Name 1:R01:A118a Type lmp_004 Mass 12.01 Resnr 0 Resname R01 Charge 0.19001
4490 Name 1:R01:A118b Type lmp_003 Mass 12.01 Resnr 0 Resname R01 Charge -0.17889
4491 Name 1:R01:A118c Type lmp_009 Mass 1.008 Resnr 0 Resname R01 Charge 0.04121
4492 Name 1:R01:A118d Type lmp_009 Mass 1.008 Resnr 0 Resname R01 Charge 0.04121
4493 Name 1:R01:A118e Type lmp_009 Mass 1.008 Resnr 0 Resname R01 Charge 0.04121
4494 Name 1:R01:A118f Type lmp_005 Mass 12.01 Resnr 0 Resname R01 Charge 0.00401
4495 Name 1:R01:A1190 Type lmp_006 Mass 12.01 Resnr 0 Resname R01 Charge 0.00111
4496 Name 1:R01:A1191 Type lmp_005 Mass 12.01 Resnr 0 Resname R01 Charge -0.18989
4497 Name 1:R01:A1192 Type lmp_008 Mass 1.008 Resnr 0 Resname R01 Charge 0.14431
4498 Name 1:R01:A1193 Type lmp_005 Mass 12.01 Resnr 0 Resname R01 Charge -0.04879
4499 Name 1:R01:A1194 Type lmp_007 Mass 12.01 Resnr 0 Resname R01 Charge 0.03141
4500 Name 1:R01:A1195 Type lmp_009 Mass 1.008 Resnr 0 Resname R01 Charge 0.03521
4501 Name 1:R01:A1196 Type lmp_007 Mass 12.01 Resnr 0 Resname R01 Charge 0.01591
4502 Name 1:R01:A1197 Type lmp_009 Mass 1.008 Resnr 0 Resname R01 Charge 0.03721
4503 Name 1:R01:A1198 Type lmp_004 Mass 12.01 Resnr 0 Resname R01 Charge 0.02141
4504 Name 1:R01:A1199 Type lmp_009 Mass 1.008 Resnr 0 Resname R01 Charge 0.01911
4505 Name 1:R01:A119a Type lmp_007 Mass 12.01 Resnr 0 Resname R01 Charge 0.02241
4506 Name 1:R01:A119b Type lmp_009 Mass 1.008 Resnr 0 Resname R01 Charge 0.03781
4507 Name 1:R01:A119c Type lmp_007 Mass 12.01 Resnr 0 Resname R01 Charge 0.01411
4508 Name 1:R01:A119d Type lmp_009 Mass 1.008 Resnr 0 Resname R01 Charge 0.03861
4509 Name 1:R01:A119e Type lmp_004 Mass 12.01 Resnr 0 Resname R01 Charge 0.01111
4510 Name 1:R01:A119f Type lmp_009 Mass 1.008 Resnr 0 Resname R01 Charge 0.02341
4511 Name 1:R01:A11a0 Type lmp_004 Mass 12.01 Resnr 0 Resname R01 Charge -0.10289
4512 Name 1:R01:A11a1 Type lmp_009 Mass 1.008 Resnr 0 Resname R01 Charge 0.04701
4513 Name 1:R01:A11a2 Type lmp_009 Mass 1.008 Resnr 0 Resname R01 Charge 0.04701
4514 Name 1:R01:A11a3 Type lmp_005 Mass 12.01 Resnr 0 Resname R01 Charge -0.03099
4515 Name 1:R01:A11a4 Type lmp_005 Mass 12.01 Resnr 0 Resname R01 Charge -0.25069
4516 Name 1:R01:A11a5 Type lmp_008 Mass 1.008 Resnr 0 Resname R01 Charge 0.17281
4517 Name 1:R01:A11a6 Type lmp_006 Mass 12.01 Resnr 0 Resname R01 Charge 0.02131
4518 Name 1:R01:A11a7 Type lmp_005 Mass 12.01 Resnr 0 Resname R01 Charge 0.02031
4519 Name 1:R01:A11a8 Type lmp_005 Mass 12.01 Resnr 0 Resname R01 Charge -0.24969
4520 Name 1:R01:A11a9 Type lmp_008 Mass 1.008 Resnr 0 Resname R01 Charge 0.17861
4521 Name 1:R01:A11aa Type lmp_005 Mass 12.01 Resnr 0 Resname R01 Charge -0.03239
4522 Name 1:R01:A11ab Type lmp_007 Mass 12.01 Resnr 0 Resname R01 Charge 0.03221
4523 Name 1:R01:A11ac Type lmp_009 Mass 1.008 Resnr 0 Resname R01 Charge 0.02561
4524 Name 1:R01:A11ad Type lmp_007 Mass 12.01 Resnr 0 Resname R01 Charge 0.02991
4525 Name 1:R01:A11ae Type lmp_009 Mass 1.008 Resnr 0 Resname R01 Charge 0.02761
4526 Name 1:R01:A11af Type lmp_004 Mass 12.01 Resnr 0 Resname R01 Charge 0.05471
4527 Name 1:R01:A11b0 Type lmp_009 Mass 1.008 Resnr 0 Resname R01 Charge 0.00921
4528 Name 1:R01:A11b1 Type lmp_007 Mass 12.01 Resnr 0 Resname R01 Charge 0.00911
4529 Name 1:R01:A11b2 Type lmp_009 Mass 1.008 Resnr 0 Resname R01 Charge 0.03851
4530 Name 1:R01:A11b3 Type lmp_005 Mass 12.01 Resnr 0 Resname R01 Charge -0.12349
4531 Name 1:R01:A11b4 Type lmp_005 Mass 12.01 Resnr 0 Resname R01 Charge -0.12549
4532 Name 1:R01:A11b5 Type lmp_005 Mass 12.01 Resnr 0 Resname R01 Charge 0.03581
4533 Name 1:R01:A11b6 Type lmp_003 Mass 12.01 Resnr 0 Resname R01 Charge -0.11109
4534 Name 1:R01:A11b7 Type lmp_009 Mass 1.008 Resnr 0 Resname R01 Charge 0.04331
4535 Name 1:R01:A11b8 Type lmp_009 Mass 1.008 Resnr 0 Resname R01 Charge 0.04331
4536 Name 1:R01:A11b9 Type lmp_009 Mass 1.008 Resnr 0 Resname R01 Charge 0.04331
4537 Name 1:R01:A11ba Type lmp_005 Mass 12.01 Resnr 0 Resname R01 Charge -0.08649
4538 Name 1:R01:A11bb Type lmp_005 Mass 12.01 Resnr 0 Resname R01 Charge -0.09149
4539 Name 1:R01:A11bc Type lmp_005 Mass 12.01 Resnr 0 Resname R01 Charge 0.05181
4540 Name 1:R01:A11bd Type lmp_003 Mass 12.01 Resnr 0 Resname R01 Charge -0.10009
4541 Name 1:R01:A11be Type lmp_009 Mass 1.008 Resnr 0 Resname R01 Charge 0.04551
4542 Name 1:R01:A11bf Type lmp_009 Mass 1.008 Resnr 0 Resname R01 Charge 0.04551
4543 Name 1:R01:A11c0 Type lmp_009 Mass 1.008 Resnr 0 Resname R01 Charge 0.04551
4544 Name 1:R01:A11c1 Type lmp_007 Mass 12.01 Resnr 0 Resname R01 Charge 0.00531
4545 Name 1:R01:A11c2 Type lmp_009 Mass 1.008 Resnr 0 Resname R01 Charge 0.03971
4546 Name 1:R01:A11c3 Type lmp_004 Mass 12.01 Resnr 0 Resname R01 Charge 0.05571
4547 Name 1:R01:A11c4 Type lmp_009 Mass 1.008 Resnr 0 Resname R01 Charge 0.01041
4548 Name 1:R01:A11c5 Type lmp_004 Mass 12.01 Resnr 0 Resname R01 Charge -0.21059
4549 Name 1:R01:A11c6 Type lmp_009 Mass 1.008 Resnr 0 Resname R01 Charge 0.05311
4550 Name 1:R01:A11c7 Type lmp_009 Mass 1.008 Resnr 0 Resname R01 Charge 0.05311
4551 Name 1:R01:A11c8 Type lmp_005 Mass 12.01 Resnr 0 Resname R01 Charge -0.04569
4552 Name 1:R01:A11c9 Type lmp_005 Mass 12.01 Resnr 0 Resname R01 Charge -0.20379
4553 Name 1:R01:A11ca Type lmp_008 Mass 1.008 Resnr 0 Resname R01 Charge 0.15591
4554 Name 1:R01:A11cb Type lmp_003 Mass 12.01 Resnr 0 Resname R01 Charge -0.10048
4555 Name 1:R01:A11cc Type lmp_009 Mass 1.008 Resnr 0 Resname R01 Charge 0.02361
4556 Name 1:R01:A11cd Type lmp_009 Mass 1.008 Resnr 0 Resname R01 Charge 0.02361
4557 Name 1:R01:A11ce Type lmp_009 Mass 1.008 Resnr 0 Resname R01 Charge 0.02361
4558 Name 1:R01:A11cf Type lmp_004 Mass 12.01 Resnr 0 Resname R01 Charge 0.19001
4559 Name 1:R01:A11d0 Type lmp_003 Mass 12.01 Resnr 0 Resname R01 Charge -0.17889
4560 Name 1:R01:A11d1 Type lmp_009 Mass 1.008 Resnr 0 Resname R01 Charge 0.04121
4561 Name 1:R01:A11d2 Type lmp_009 Mass 1.008 Resnr 0 Resname R01 Charge 0.04121
4562 Name 1:R01:A11d3 Type lmp_009 Mass 1.008 Resnr 0 Resname R01 Charge 0.04121
4563 Name 1:R01:A11d4 Type lmp_005 Mass 12.01 Resnr 0 Resname R01 Charge 0.00401
4564 Name 1:R01:A11d5 Type lmp_006 Mass 12.01 Resnr 0 Resname R01 Charge 0.00111
4565 Name 1:R01:A11d6 Type lmp_005 Mass 12.01 Resnr 0 Resname R01 Charge -0.18989
4566 Name 1:R01:A11d7 Type lmp_008 Mass 1.008 Resnr 0 Resname R01 Charge 0.14431
4567 Name 1:R01:A11d8 Type lmp_005 Mass 12.01 Resnr 0 Resname R01 Charge -0.04879
4568 Name 1:R01:A11d9 Type lmp_007 Mass 12.01 Resnr 0 Resname R01 Charge 0.03141
4569 Name 1:R01:A11da Type lmp_009 Mass 1.008 Resnr 0 Resname R01 Charge 0.03521
4570 Name 1:R01:A11db Type lmp_007 Mass 12.01 Resnr 0 Resname R01 Charge 0.01591
4571 Name 1:R01:A11dc Type lmp_009 Mass 1.008 Resnr 0 Resname R01 Charge 0.03721
4572 Name 1:R01:A11dd Type lmp_004 Mass 12.01 Resnr 0 Resname R01 Charge 0.02141
4573 Name 1:R01:A11de Type lmp_009 Mass 1.008 Resnr 0 Resname R01 Charge 0.01911
4574 Name 1:R01:A11df Type lmp_007 Mass 12.01 Resnr 0 Resname R01 Charge 0.02241
4575 Name 1:R01:A11e0 Type lmp_009 Mass 1.008 Resnr 0 Resname R01 Charge 0.03781
4576 Name 1:R01:A11e1 Type lmp_007 Mass 12.01 Resnr 0 Resname R01 Charge 0.01411
4577 Name 1:R01:A11e2 Type lmp_009 Mass 1.008 Resnr 0 Resname R01 Charge 0.03861
4578 Name 1:R01:A11e3 Type lmp_004 Mass 12.01 Resnr 0 Resname R01 Charge 0.01111
4579 Name 1:R01:A11e4 Type lmp_009 Mass 1.008 Resnr 0 Resname R01 Charge 0.02341
4580 Name 1:R01:A11e5 Type lmp_004 Mass 12.01 Resnr 0 Resname R01 Charge -0.10289
4581 Name 1:R01:A11e6 Type lmp_009 Mass 1.008 Resnr 0 Resname R01 Charge 0.04701
4582 Name 1:R01:A11e7 Type lmp_009 Mass 1.008 Resnr 0 Resname R01 Charge 0.04701
4583 Name 1:R01:A11e8 Type lmp_005 Mass 12.01 Resnr 0 Resname R01 Charge -0.03099
4584 Name 1:R01:A11e9 Type lmp_005 Mass 12.01 Resnr 0 Resname R01 Charge -0.25069
4585 Name 1:R01:A11ea Type lmp_008 Mass 1.008 Resnr 0 Resname R01 Charge 0.17281
4586 Name 1:R01:A11eb Type lmp_006 Mass 12.01 Resnr 0 Resname R01 Charge 0.02131
4587 Name 1:R01:A11ec Type lmp_005 Mass 12.01 Resnr 0 Resname R01 Charge 0.02031
4588 Name 1:R01:A11ed Type lmp_005 Mass 12.01 Resnr 0 Resname R01 Charge -0.24969
4589 Name 1:R01:A11ee Type lmp_008 Mass 1.008 Resnr 0 Resname R01 Charge 0.17861
4590 Name 1:R01:A11ef Type lmp_005 Mass 12.01 Resnr 0 Resname R01 Charge -0.03239
4591 Name 1:R01:A11f0 Type lmp_007 Mass 12.01 Resnr 0 Resname R01 Charge 0.03221
4592 Name 1:R01:A11f1 Type lmp_009 Mass 1.008 Resnr 0 Resname R01 Charge 0.02561
4593 Name 1:R01:A11f2 Type lmp_007 Mass 12.01 Resnr 0 Resname R01 Charge 0.02991
4594 Name 1:R01:A11f3 Type lmp_009 Mass 1.008 Resnr 0 Resname R01 Charge 0.02761
4595 Name 1:R01:A11f4 Type lmp_004 Mass 12.01 Resnr 0 Resname R01 Charge 0.05471
4596 Name 1:R01:A11f5 Type lmp_009 Mass 1.008 Resnr 0 Resname R01 Charge 0.00921
4597 Name 1:R01:A11f6 Type lmp_007 Mass 12.01 Resnr 0 Resname R01 Charge 0.00911
4598 Name 1:R01:A11f7 Type lmp_009 Mass 1.008 Resnr 0 Resname R01 Charge 0.03851
4599 Name 1:R01:A11f8 Type lmp_005 Mass 12.01 Resnr 0 Resname R01 Charge -0.12349
4600 Name 1:R01:A11f9 Type lmp_005 Mass 12.01 Resnr 0 Resname R01 Charge -0.12549
4601 Name 1:R01:A11fa Type lmp_005 Mass 12.01 Resnr 0 Resname R01 Charge 0.03581
4602 Name 1:R01:A11fb Type lmp_003 Mass 12.01 Resnr 0 Resname R01 Charge -0.11109
4603 Name 1:R01:A11fc Type lmp_009 Mass 1.008 Resnr 0 Resname R01 Charge 0.04331
4604 Name 1:R01:A11fd Type lmp_009 Mass 1.008 Resnr 0 Resname R01 Charge 0.04331
4605 Name 1:R01:A11fe Type lmp_009 Mass 1.008 Resnr 0 Resname R01 Charge 0.04331
4606 Name 1:R01:A11ff Type lmp_005 Mass 12.01 Resnr 0 Resname R01 Charge -0.08649
4607 Name 1:R01:A1200 Type lmp_005 Mass 12.01 Resnr 0 Resname R01 Charge -0.09149
4608 Name 1:R01:A1201 Type lmp_005 Mass 12.01 Resnr 0 Resname R01 Charge 0.05181
4609 Name 1:R01:A1202 Type lmp_003 Mass 12.01 Resnr 0 Resname R01 Charge -0.10009
4610 Name 1:R01:A1203 Type lmp_009 Mass 1.008 Resnr 0 Resname R01 Charge 0.04551
4611 Name 1:R01:A1204 Type lmp_009 Mass 1.008 Resnr 0 Resname R01 Charge 0.04551
4612 Name 1:R01:A1205 Type lmp_009 Mass 1.008 Resnr 0 Resname R01 Charge 0.04551
4613 Name 1:R01:A1206 Type lmp_007 Mass 12.01 Resnr 0 Resname R01 Charge 0.00531
4614 Name 1:R01:A1207 Type lmp_009 Mass 1.008 Resnr 0 Resname R01 Charge 0.03971
4615 Name 1:R01:A1208 Type lmp_004 Mass 12.01 Resnr 0 Resname R01 Charge 0.05571
4616 Name 1:R01:A1209 Type lmp_009 Mass 1.008 Resnr 0 Resname R01 Charge 0.01041
4617 Name 1:R01:A120a Type lmp_004 Mass 12.01 Resnr 0 Resname R01 Charge -0.21059
4618 Name 1:R01:A120b Type lmp_009 Mass 1.008 Resnr 0 Resname R01 Charge 0.05311
4619 Name 1:R01:A120c Type lmp_009 Mass 1.008 Resnr 0 Resname R01 Charge 0.05311
4620 Name 1:R01:A120d Type lmp_005 Mass 12.01 Resnr 0 Resname R01 Charge -0.04569
4621 Name 1:R01:A120e Type lmp_005 Mass 12.01 Resnr 0 Resname R01 Charge -0.20379
4622 Name 1:R01:A120f Type lmp_008 Mass 1.008 Resnr 0 Resname R01 Charge 0.15591
4623 Name 1:R01:A1210 Type lmp_003 Mass 12.01 Resnr 0 Resname R01 Charge -0.10048
4624 Name 1:R01:A1211 Type lmp_009 Mass 1.008 Resnr 0 Resname R01 Charge 0.02361
4625 Name 1:R01:A1212 Type lmp_009 Mass 1.008 Resnr 0 Resname R01 Charge 0.02361
4626 Name 1:R01:A1213 Type lmp_009 Mass 1.008 Resnr 0 Resname R01 Charge 0.02361
4627 Name 1:R01:A1214 Type lmp_004 Mass 12.01 Resnr 0 Resname R01 Charge 0.19001
4628 Name 1:R01:A1215 Type lmp_003 Mass 12.01 Resnr 0 Resname R01 Charge -0.17889
4629 Name 1:R01:A1216 Type lmp_009 Mass 1.008 Resnr 0 Resname R01 Charge 0.04121
4630 Name 1:R01:A1217 Type lmp_009 Mass 1.008 Resnr 0 Resname R01 Charge 0.04121
4631 Name 1:R01:A1218 Type lmp_009 Mass 1.008 Resnr 0 Resname R01 Charge 0.04121
4632 Name 1:R01:A1219 Type lmp_005 Mass 12.01 Resnr 0 Resname R01 Charge 0.00401
4633 Name 1:R01:A121a Type lmp_006 Mass 12.01 Resnr 0 Resname R01 Charge 0.00111
4634 Name 1:R01:A121b Type lmp_005 Mass 12.01 Resnr 0 Resname R01 Charge -0.18989
4635 Name 1:R01:A121c Type lmp_008 Mass 1.008 Resnr 0 Resname R01 Charge 0.14431
4636 Name 1:R01:A121d Type lmp_005 Mass 12.01 Resnr 0 Resname R01 Charge -0.04879
4637 Name 1:R01:A121e Type lmp_007 Mass 12.01 Resnr 0 Resname R01 Charge 0.03141
4638 Name 1:R01:A121f Type lmp_009 Mass 1.008 Resnr 0 Resname R01 Charge 0.03521
4639 Name 1:R01:A1220 Type lmp_007 Mass 12.01 Resnr 0 Resname R01 Charge 0.01591
4640 Name 1:R01:A1221 Type lmp_009 Mass 1.008 Resnr 0 Resname R01 Charge 0.03721
4641 Name 1:R01:A1222 Type lmp_004 Mass 12.01 Resnr 0 Resname R01 Charge 0.02141
4642 Name 1:R01:A1223 Type lmp_009 Mass 1.008 Resnr 0 Resname R01 Charge 0.01911
4643 Name 1:R01:A1224 Type lmp_007 Mass 12.01 Resnr 0 Resname R01 Charge 0.02241
4644 Name 1:R01:A1225 Type lmp_009 Mass 1.008 Resnr 0 Resname R01 Charge 0.03781
4645 Name 1:R01:A1226 Type lmp_007 Mass 12.01 Resnr 0 Resname R01 Charge 0.01411
4646 Name 1:R01:A1227 Type lmp_009 Mass 1.008 Resnr 0 Resname R01 Charge 0.03861
4647 Name 1:R01:A1228 Type lmp_004 Mass 12.01 Resnr 0 Resname R01 Charge 0.01111
4648 Name 1:R01:A1229 Type lmp_009 Mass 1.008 Resnr 0 Resname R01 Charge 0.02341
4649 Name 1:R01:A122a Type lmp_004 Mass 12.01 Resnr 0 Resname R01 Charge -0.10289
4650 Name 1:R01:A122b Type lmp_009 Mass 1.008 Resnr 0 Resname R01 Charge 0.04701
4651 Name 1:R01:A122c Type lmp_009 Mass 1.008 Resnr 0 Resname R01 Charge 0.04701
4652 Name 1:R01:A122d Type lmp_005 Mass 12.01 Resnr 0 Resname R01 Charge -0.03099
4653 Name 1:R01:A122e Type lmp_005 Mass 12.01 Resnr 0 Resname R01 Charge -0.25069
4654 Name 1:R01:A122f Type lmp_008 Mass 1.008 Resnr 0 Resname R01 Charge 0.17281
4655 Name 1:R01:A1230 Type lmp_006 Mass 12.01 Resnr 0 Resname R01 Charge 0.02131
4656 Name 1:R01:A1231 Type lmp_005 Mass 12.01 Resnr 0 Resname R01 Charge 0.02031
4657 Name 1:R01:A1232 Type lmp_005 Mass 12.01 Resnr 0 Resname R01 Charge -0.24969
4658 Name 1:R01:A1233 Type lmp_008 Mass 1.008 Resnr 0 Resname R01 Charge 0.17861
4659 Name 1:R01:A1234 Type lmp_005 Mass 12.01 Resnr 0 Resname R01 Charge -0.03239
4660 Name 1:R01:A1235 Type lmp_007 Mass 12.01 Resnr 0 Resname R01 Charge 0.03221
4661 Name 1:R01:A1236 Type lmp_009 Mass 1.008 Resnr 0 Resname R01 Charge 0.02561
4662 Name 1:R01:A1237 Type lmp_007 Mass 12.01 Resnr 0 Resname R01 Charge 0.02991
4663 Name 1:R01:A1238 Type lmp_009 Mass 1.008 Resnr 0 Resname R01 Charge 0.02761
4664 Name 1:R01:A1239 Type lmp_004 Mass 12.01 Resnr 0 Resname R01 Charge 0.05471
4665 Name 1:R01:A123a Type lmp_009 Mass 1.008 Resnr 0 Resname R01 Charge 0.00921
4666 Name 1:R01:A123b Type lmp_007 Mass 12.01 Resnr 0 Resname R01 Charge 0.00911
4667 Name 1:R01:A123c Type lmp_009 Mass 1.008 Resnr 0 Resname R01 Charge 0.03851
4668 Name 1:R01:A123d Type lmp_005 Mass 12.01 Resnr 0 Resname R01 Charge -0.12349
4669 Name 1:R01:A123e Type lmp_005 Mass 12.01 Resnr 0 Resname R01 Charge -0.12549
4670 Name 1:R01:A123f Type lmp_005 Mass 12.01 Resnr 0 Resname R01 Charge 0.03581
4671 Name 1:R01:A1240 Type lmp_003 Mass 12.01 Resnr 0 Resname R01 Charge -0.11109
4672 Name 1:R01:A1241 Type lmp_009 Mass 1.008 Resnr 0 Resname R01 Charge 0.04331
4673 Name 1:R01:A1242 Type lmp_009 Mass 1.008 Resnr 0 Resname R01 Charge 0.04331
4674 Name 1:R01:A1243 Type lmp_009 Mass 1.008 Resnr 0 Resname R01 Charge 0.04331
4675 Name 1:R01:A1244 Type lmp_005 Mass 12.01 Resnr 0 Resname R01 Charge -0.08649
4676 Name 1:R01:A1245 Type lmp_005 Mass 12.01 Resnr 0 Resname R01 Charge -0.09149
4677 Name 1:R01:A1246 Type lmp_005 Mass 12.01 Resnr 0 Resname R01 Charge 0.05181
4678 Name 1:R01:A1247 Type lmp_003 Mass 12.01 Resnr 0 Resname R01 Charge -0.10009
4679 Name 1:R01:A1248 Type lmp_009 Mass 1.008 Resnr 0 Resname R01 Charge 0.04551
4680 Name 1:R01:A1249 Type lmp_009 Mass 1.008 Resnr 0 Resname R01 Charge 0.04551
4681 Name 1:R01:A124a Type lmp_009 Mass 1.008 Resnr 0 Resname R01 Charge 0.04551
4682 Name 1:R01:A124b Type lmp_007 Mass 12.01 Resnr 0 Resname R01 Charge 0.00531
4683 Name 1:R01:A124c Type lmp_009 Mass 1.008 Resnr 0 Resname R01 Charge 0.03971
4684 Name 1:R01:A124d Type lmp_004 Mass 12.01 Resnr 0 Resname R01 Charge 0.05571
4685 Name 1:R01:A124e Type lmp_009 Mass 1.008 Resnr 0 Resname R01 Charge 0.01041
4686 Name 1:R01:A124f Type lmp_004 Mass 12.01 Resnr 0 Resname R01 Charge -0.21059
4687 Name 1:R01:A1250 Type lmp_009 Mass 1.008 Resnr 0 Resname R01 Charge 0.05311
4688 Name 1:R01:A1251 Type lmp_009 Mass 1.008 Resnr 0 Resname R01 Charge 0.05311
4689 Name 1:R01:A1252 Type lmp_005 Mass 12.01 Resnr 0 Resname R01 Charge -0.04569
4690 Name 1:R01:A1253 Type lmp_005 Mass 12.01 Resnr 0 Resname R01 Charge -0.20379
4691 Name 1:R01:A1254 Type lmp_008 Mass 1.008 Resnr 0 Resname R01 Charge 0.15591
4692 Name 1:R01:A1255 Type lmp_003 Mass 12.01 Resnr 0 Resname R01 Charge -0.10048
4693 Name 1:R01:A1256 Type lmp_009 Mass 1.008 Resnr 0 Resname R01 Charge 0.02361
4694 Name 1:R01:A1257 Type lmp_009 Mass 1.008 Resnr 0 Resname R01 Charge 0.02361
4695 Name 1:R01:A1258 Type lmp_009 Mass 1.008 Resnr 0 Resname R01 Charge 0.02361
4696 Name 1:R01:A1259 Type lmp_004 Mass 12.01 Resnr 0 Resname R01 Charge 0.19001
4697 Name 1:R01:A125a Type lmp_003 Mass 12.01 Resnr 0 Resname R01 Charge -0.17889
4698 Name 1:R01:A125b Type lmp_009 Mass 1.008 Resnr 0 Resname R01 Charge 0.04121
4699 Name 1:R01:A125c Type lmp_009 Mass 1.008 Resnr 0 Resname R01 Charge 0.04121
4700 Name 1:R01:A125d Type lmp_009 Mass 1.008 Resnr 0 Resname R01 Charge 0.04121
4701 Name 1:R01:A125e Type lmp_005 Mass 12.01 Resnr 0 Resname R01 Charge 0.00401
4702 Name 1:R01:A125f Type lmp_006 Mass 12.01 Resnr 0 Resname R01 Charge 0.00111
4703 Name 1:R01:A1260 Type lmp_005 Mass 12.01 Resnr 0 Resname R01 Charge -0.18989
4704 Name 1:R01:A1261 Type lmp_008 Mass 1.008 Resnr 0 Resname R01 Charge 0.14431
4705 Name 1:R01:A1262 Type lmp_005 Mass 12.01 Resnr 0 Resname R01 Charge -0.04879
4706 Name 1:R01:A1263 Type lmp_007 Mass 12.01 Resnr 0 Resname R01 Charge 0.03141
4707 Name 1:R01:A1264 Type lmp_009 Mass 1.008 Resnr 0 Resname R01 Charge 0.03521
4708 Name 1:R01:A1265 Type lmp_007 Mass 12.01 Resnr 0 Resname R01 Charge 0.01591
4709 Name 1:R01:A1266 Type lmp_009 Mass 1.008 Resnr 0 Resname R01 Charge 0.03721
4710 Name 1:R01:A1267 Type lmp_004 Mass 12.01 Resnr 0 Resname R01 Charge 0.02141
4711 Name 1:R01:A1268 Type lmp_009 Mass 1.008 Resnr 0 Resname R01 Charge 0.01911
4712 Name 1:R01:A1269 Type lmp_007 Mass 12.01 Resnr 0 Resname R01 Charge 0.02241
4713 Name 1:R01:A126a Type lmp_009 Mass 1.008 Resnr 0 Resname R01 Charge 0.03781
4714 Name 1:R01:A126b Type lmp_007 Mass 12.01 Resnr 0 Resname R01 Charge 0.01411
4715 Name 1:R01:A126c Type lmp_009 Mass 1.008 Resnr 0 Resname R01 Charge 0.03861
4716 Name 1:R01:A126d Type lmp_004 Mass 12.01 Resnr 0 Resname R01 Charge 0.01111
4717 Name 1:R01:A126e Type lmp_009 Mass 1.008 Resnr 0 Resname R01 Charge 0.02341
4718 Name 1:R01:A126f Type lmp_004 Mass 12.01 Resnr 0 Resname R01 Charge -0.10289
4719 Name 1:R01:A1270 Type lmp_009 Mass 1.008 Resnr 0 Resname R01 Charge 0.04701
4720 Name 1:R01:A1271 Type lmp_009 Mass 1.008 Resnr 0 Resname R01 Charge 0.04701
4721 Name 1:R01:A1272 Type lmp_005 Mass 12.01 Resnr 0 Resname R01 Charge -0.03099
4722 Name 1:R01:A1273 Type lmp_005 Mass 12.01 Resnr 0 Resname R01 Charge -0.25069
4723 Name 1:R01:A1274 Type lmp_008 Mass 1.008 Resnr 0 Resname R01 Charge 0.17281
4724 Name 1:R01:A1275 Type lmp_006 Mass 12.01 Resnr 0 Resname R01 Charge 0.02131
4725 Name 1:R01:A1276 Type lmp_005 Mass 12.01 Resnr 0 Resname R01 Charge 0.02031
4726 Name 1:R01:A1277 Type lmp_005 Mass 12.01 Resnr 0 Resname R01 Charge -0.24969
4727 Name 1:R01:A1278 Type lmp_008 Mass 1.008 Resnr 0 Resname R01 Charge 0.17861
4728 Name 1:R01:A1279 Type lmp_005 Mass 12.01 Resnr 0 Resname R01 Charge -0.03239
4729 Name 1:R01:A127a Type lmp_007 Mass 12.01 Resnr 0 Resname R01 Charge 0.03221
4730 Name 1:R01:A127b Type lmp_009 Mass 1.008 Resnr 0 Resname R01 Charge 0.02561
4731 Name 1:R01:A127c Type lmp_007 Mass 12.01 Resnr 0 Resname R01 Charge 0.02991
4732 Name 1:R01:A127d Type lmp_009 Mass 1.008 Resnr 0 Resname R01 Charge 0.02761
4733 Name 1:R01:A127e Type lmp_004 Mass 12.01 Resnr 0 Resname R01 Charge 0.05471
4734 Name 1:R01:A127f Type lmp_009 Mass 1.008 Resnr 0 Resname R01 Charge 0.00921
4735 Name 1:R01:A1280 Type lmp_007 Mass 12.01 Resnr 0 Resname R01 Charge 0.00911
4736 Name 1:R01:A1281 Type lmp_009 Mass 1.008 Resnr 0 Resname R01 Charge 0.03851
4737 Name 1:R01:A1282 Type lmp_005 Mass 12.01 Resnr 0 Resname R01 Charge -0.12349
4738 Name 1:R01:A1283 Type lmp_005 Mass 12.01 Resnr 0 Resname R01 Charge -0.12549
4739 Name 1:R01:A1284 Type lmp_005 Mass 12.01 Resnr 0 Resname R01 Charge 0.03581
4740 Name 1:R01:A1285 Type lmp_003 Mass 12.01 Resnr 0 Resname R01 Charge -0.11109
4741 Name 1:R01:A1286 Type lmp_009 Mass 1.008 Resnr 0 Resname R01 Charge 0.04331
4742 Name 1:R01:A1287 Type lmp_009 Mass 1.008 Resnr 0 Resname R01 Charge 0.04331
4743 Name 1:R01:A1288 Type lmp_009 Mass 1.008 Resnr 0 Resname R01 Charge 0.04331
4744 Name 1:R01:A1289 Type lmp_005 Mass 12.01 Resnr 0 Resname R01 Charge -0.08649
4745 Name 1:R01:A128a Type lmp_005 Mass 12.01 Resnr 0 Resname R01 Charge -0.09149
4746 Name 1:R01:A128b Type lmp_005 Mass 12.01 Resnr 0 Resname R01 Charge 0.05181
4747 Name 1:R01:A128c Type lmp_003 Mass 12.01 Resnr 0 Resname R01 Charge -0.10009
4748 Name 1:R01:A128d Type lmp_009 Mass 1.008 Resnr 0 Resname R01 Charge 0.04551
4749 Name 1:R01:A128e Type lmp_009 Mass 1.008 Resnr 0 Resname R01 Charge 0.04551
4750 Name 1:R01:A128f Type lmp_009 Mass 1.008 Resnr 0 Resname R01 Charge 0.04551
4751 Name 1:R01:A1290 Type lmp_007 Mass 12.01 Resnr 0 Resname R01 Charge 0.00531
4752 Name 1:R01:A1291 Type lmp_009 Mass 1.008 Resnr 0 Resname R01 Charge 0.03971
4753 Name 1:R01:A1292 Type lmp_004 Mass 12.01 Resnr 0 Resname R01 Charge 0.05571
4754 Name 1:R01:A1293 Type lmp_009 Mass 1.008 Resnr 0 Resname R01 Charge 0.01041
4755 Name 1:R01:A1294 Type lmp_004 Mass 12.01 Resnr 0 Resname R01 Charge -0.21059
4756 Name 1:R01:A1295 Type lmp_009 Mass 1.008 Resnr 0 Resname R01 Charge 0.05311
4757 Name 1:R01:A1296 Type lmp_009 Mass 1.008 Resnr 0 Resname R01 Charge 0.05311
4758 Name 1:R01:A1297 Type lmp_005 Mass 12.01 Resnr 0 Resname R01 Charge -0.04569
4759 Name 1:R01:A1298 Type lmp_005 Mass 12.01 Resnr 0 Resname R01 Charge -0.20379
4760 Name 1:R01:A1299 Type lmp_008 Mass 1.008 Resnr 0 Resname R01 Charge 0.15591
4761 Name 1:R01:A129a Type lmp_003 Mass 12.01 Resnr 0 Resname R01 Charge -0.10048
4762 Name 1:R01:A129b Type lmp_009 Mass 1.008 Resnr 0 Resname R01 Charge 0.02361
4763 Name 1:R01:A129c Type lmp_009 Mass 1.008 Resnr 0 Resname R01 Charge 0.02361
4764 Name 1:R01:A129d Type lmp_009 Mass 1.008 Resnr 0 Resname R01 Charge 0.02361
4765 Name 1:R01:A129e Type lmp_004 Mass 12.01 Resnr 0 Resname R01 Charge 0.19001
4766 Name 1:R01:A129f Type lmp_003 Mass 12.01 Resnr 0 Resname R01 Charge -0.17889
4767 Name 1:R01:A12a0 Type lmp_009 Mass 1.008 Resnr 0 Resname R01 Charge 0.04121
4768 Name 1:R01:A12a1 Type lmp_009 Mass 1.008 Resnr 0 Resname R01 Charge 0.04121
4769 Name 1:R01:A12a2 Type lmp_009 Mass 1.008 Resnr 0 Resname R01 Charge 0.04121
4770 Name 1:R01:A12a3 Type lmp_005 Mass 12.01 Resnr 0 Resname R01 Charge 0.00401
4771 Name 1:R01:A12a4 Type lmp_006 Mass 12.01 Resnr 0 Resname R01 Charge 0.00111
4772 Name 1:R01:A12a5 Type lmp_005 Mass 12.01 Resnr 0 Resname R01 Charge -0.18989
4773 Name 1:R01:A12a6 Type lmp_008 Mass 1.008 Resnr 0 Resname R01 Charge 0.14431
4774 Name 1:R01:A12a7 Type lmp_005 Mass 12.01 Resnr 0 Resname R01 Charge -0.04879
4775 Name 1:R01:A12a8 Type lmp_007 Mass 12.01 Resnr 0 Resname R01 Charge 0.03141
4776 Name 1:R01:A12a9 Type lmp_009 Mass 1.008 Resnr 0 Resname R01 Charge 0.03521
4777 Name 1:R01:A12aa Type lmp_007 Mass 12.01 Resnr 0 Resname R01 Charge 0.01591
4778 Name 1:R01:A12ab Type lmp_009 Mass 1.008 Resnr 0 Resname R01 Charge 0.03721
4779 Name 1:R01:A12ac Type lmp_004 Mass 12.01 Resnr 0 Resname R01 Charge 0.02141
4780 Name 1:R01:A12ad Type lmp_009 Mass 1.008 Resnr 0 Resname R01 Charge 0.01911
4781 Name 1:R01:A12ae Type lmp_007 Mass 12.01 Resnr 0 Resname R01 Charge 0.02241
4782 Name 1:R01:A12af Type lmp_009 Mass 1.008 Resnr 0 Resname R01 Charge 0.03781
4783 Name 1:R01:A12b0 Type lmp_007 Mass 12.01 Resnr 0 Resname R01 Charge 0.01411
4784 Name 1:R01:A12b1 Type lmp_009 Mass 1.008 Resnr 0 Resname R01 Charge 0.03861
4785 Name 1:R01:A12b2 Type lmp_004 Mass 12.01 Resnr 0 Resname R01 Charge 0.01111
4786 Name 1:R01:A12b3 Type lmp_009 Mass 1.008 Resnr 0 Resname R01 Charge 0.02341
4787 Name 1:R01:A12b4 Type lmp_004 Mass 12.01 Resnr 0 Resname R01 Charge -0.10289
4788 Name 1:R01:A12b5 Type lmp_009 Mass 1.008 Resnr 0 Resname R01 Charge 0.04701
4789 Name 1:R01:A12b6 Type lmp_009 Mass 1.008 Resnr 0 Resname R01 Charge 0.04701
4790 Name 1:R01:A12b7 Type lmp_005 Mass 12.01 Resnr 0 Resname R01 Charge -0.03099
4791 Name 1:R01:A12b8 Type lmp_005 Mass 12.01 Resnr 0 Resname R01 Charge -0.25069
4792 Name 1:R01:A12b9 Type lmp_008 Mass 1.008 Resnr 0 Resname R01 Charge 0.17281
4793 Name 1:R01:A12ba Type lmp_006 Mass 12.01 Resnr 0 Resname R01 Charge 0.02131
4794 Name 1:R01:A12bb Type lmp_005 Mass 12.01 Resnr 0 Resname R01 Charge 0.02031
4795 Name 1:R01:A12bc Type lmp_005 Mass 12.01 Resnr 0 Resname R01 Charge -0.24969
4796 Name 1:R01:A12bd Type lmp_008 Mass 1.008 Resnr 0 Resname R01 Charge 0.17861
4797 Name 1:R01:A12be Type lmp_005 Mass 12.01 Resnr 0 Resname R01 Charge -0.03239
4798 Name 1:R01:A12bf Type lmp_007 Mass 12.01 Resnr 0 Resname R01 Charge 0.03221
4799 Name 1:R01:A12c0 Type lmp_009 Mass 1.008 Resnr 0 Resname R01 Charge 0.02561
4800 Name 1:R01:A12c1 Type lmp_007 Mass 12.01 Resnr 0 Resname R01 Charge 0.02991
4801 Name 1:R01:A12c2 Type lmp_009 Mass 1.008 Resnr 0 Resname R01 Charge 0.02761
4802 Name 1:R01:A12c3 Type lmp_004 Mass 12.01 Resnr 0 Resname R01 Charge 0.05471
4803 Name 1:R01:A12c4 Type lmp_009 Mass 1.008 Resnr 0 Resname R01 Charge 0.00921
4804 Name 1:R01:A12c5 Type lmp_007 Mass 12.01 Resnr 0 Resname R01 Charge 0.00911
4805 Name 1:R01:A12c6 Type lmp_009 Mass 1.008 Resnr 0 Resname R01 Charge 0.03851
4806 Name 1:R01:A12c7 Type lmp_005 Mass 12.01 Resnr 0 Resname R01 Charge -0.12349
4807 Name 1:R01:A12c8 Type lmp_005 Mass 12.01 Resnr 0 Resname R01 Charge -0.12549
4808 Name 1:R01:A12c9 Type lmp_005 Mass 12.01 Resnr 0 Resname R01 Charge 0.03581
4809 Name 1:R01:A12ca Type lmp_003 Mass 12.01 Resnr 0 Resname R01 Charge -0.11109
4810 Name 1:R01:A12cb Type lmp_009 Mass 1.008 Resnr 0 Resname R01 Charge 0.04331
4811 Name 1:R01:A12cc Type lmp_009 Mass 1.008 Resnr 0 Resname R01 Charge 0.04331
4812 Name 1:R01:A12cd Type lmp_009 Mass 1.008 Resnr 0 Resname R01 Charge 0.04331
4813 Name 1:R01:A12ce Type lmp_005 Mass 12.01 Resnr 0 Resname R01 Charge -0.08649
4814 Name 1:R01:A12cf Type lmp_005 Mass 12.01 Resnr 0 Resname R01 Charge -0.09149
4815 Name 1:R01:A12d0 Type lmp_005 Mass 12.01 Resnr 0 Resname R01 Charge 0.05181
4816 Name 1:R01:A12d1 Type lmp_003 Mass 12.01 Resnr 0 Resname R01 Charge -0.10009
4817 Name 1:R01:A12d2 Type lmp_009 Mass 1.008 Resnr 0 Resname R01 Charge 0.04551
4818 Name 1:R01:A12d3 Type lmp_009 Mass 1.008 Resnr 0 Resname R01 Charge 0.04551
4819 Name 1:R01:A12d4 Type lmp_009 Mass 1.008 Resnr 0 Resname R01 Charge 0.04551
4820 Name 1:R01:A12d5 Type lmp_007 Mass 12.01 Resnr 0 Resname R01 Charge 0.00531
4821 Name 1:R01:A12d6 Type lmp_009 Mass 1.008 Resnr 0 Resname R01 Charge 0.03971
4822 Name 1:R01:A12d7 Type lmp_004 Mass 12.01 Resnr 0 Resname R01 Charge 0.05571
4823 Name 1:R01:A12d8 Type lmp_009 Mass 1.008 Resnr 0 Resname R01 Charge 0.01041
4824 Name 1:R01:A12d9 Type lmp_004 Mass 12.01 Resnr 0 Resname R01 Charge -0.21059
4825 Name 1:R01:A12da Type lmp_009 Mass 1.008 Resnr 0 Resname R01 Charge 0.05311
4826 Name 1:R01:A12db Type lmp_009 Mass 1.008 Resnr 0 Resname R01 Charge 0.05311
4827 Name 1:R01:A12dc Type lmp_005 Mass 12.01 Resnr 0 Resname R01 Charge -0.04569
4828 Name 1:R01:A12dd Type lmp_005 Mass 12.01 Resnr 0 Resname R01 Charge -0.20379
4829 Name 1:R01:A12de Type lmp_008 Mass 1.008 Resnr 0 Resname R01 Charge 0.15591
4830 Name 1:R01:A12df Type lmp_003 Mass 12.01 Resnr 0 Resname R01 Charge -0.10048
4831 Name 1:R01:A12e0 Type lmp_009 Mass 1.008 Resnr 0 Resname R01 Charge 0.02361
4832 Name 1:R01:A12e1 Type lmp_009 Mass 1.008 Resnr 0 Resname R01 Charge 0.02361
4833 Name 1:R01:A12e2 Type lmp_009 Mass 1.008 Resnr 0 Resname R01 Charge 0.02361
4834 Name 1:R01:A12e3 Type lmp_004 Mass 12.01 Resnr 0 Resname R01 Charge 0.19001
4835 Name 1:R01:A12e4 Type lmp_003 Mass 12.01 Resnr 0 Resname R01 Charge -0.17889
4836 Name 1:R01:A12e5 Type lmp_009 Mass 1.008 Resnr 0 Resname R01 Charge 0.04121
4837 Name 1:R01:A12e6 Type lmp_009 Mass 1.008 Resnr 0 Resname R01 Charge 0.04121
4838 Name 1:R01:A12e7 Type lmp_009 Mass 1.008 Resnr 0 Resname R01 Charge 0.04121
4839 Name 1:R01:A12e8 Type lmp_005 Mass 12.01 Resnr 0 Resname R01 Charge 0.00401
4840 Name 1:R01:A12e9 Type lmp_006 Mass 12.01 Resnr 0 Resname R01 Charge 0.00111
4841 Name 1:R01:A12ea Type lmp_005 Mass 12.01 Resnr 0 Resname R01 Charge -0.18989
4842 Name 1:R01:A12eb Type lmp_008 Mass 1.008 Resnr 0 Resname R01 Charge 0.14431
4843 Name 1:R01:A12ec Type lmp_005 Mass 12.01 Resnr 0 Resname R01 Charge -0.04879
4844 Name 1:R01:A12ed Type lmp_007 Mass 12.01 Resnr 0 Resname R01 Charge 0.03141
4845 Name 1:R01:A12ee Type lmp_009 Mass 1.008 Resnr 0 Resname R01 Charge 0.03521
4846 Name 1:R01:A12ef Type lmp_007 Mass 12.01 Resnr 0 Resname R01 Charge 0.01591
4847 Name 1:R01:A12f0 Type lmp_009 Mass 1.008 Resnr 0 Resname R01 Charge 0.03721
4848 Name 1:R01:A12f1 Type lmp_004 Mass 12.01 Resnr 0 Resname R01 Charge 0.02141
4849 Name 1:R01:A12f2 Type lmp_009 Mass 1.008 Resnr 0 Resname R01 Charge 0.01911
4850 Name 1:R01:A12f3 Type lmp_007 Mass 12.01 Resnr 0 Resname R01 Charge 0.02241
4851 Name 1:R01:A12f4 Type lmp_009 Mass 1.008 Resnr 0 Resname R01 Charge 0.03781
4852 Name 1:R01:A12f5 Type lmp_007 Mass 12.01 Resnr 0 Resname R01 Charge 0.01411
4853 Name 1:R01:A12f6 Type lmp_009 Mass 1.008 Resnr 0 Resname R01 Charge 0.03861
4854 Name 1:R01:A12f7 Type lmp_004 Mass 12.01 Resnr 0 Resname R01 Charge 0.01111
4855 Name 1:R01:A12f8 Type lmp_009 Mass 1.008 Resnr 0 Resname R01 Charge 0.02341
4856 Name 1:R01:A12f9 Type lmp_004 Mass 12.01 Resnr 0 Resname R01 Charge -0.10289
4857 Name 1:R01:A12fa Type lmp_009 Mass 1.008 Resnr 0 Resname R01 Charge 0.04701
4858 Name 1:R01:A12fb Type lmp_009 Mass 1.008 Resnr 0 Resname R01 Charge 0.04701
4859 Name 1:R01:A12fc Type lmp_005 Mass 12.01 Resnr 0 Resname R01 Charge -0.03099
4860 Name 1:R01:A12fd Type lmp_005 Mass 12.01 Resnr 0 Resname R01 Charge -0.25069
4861 Name 1:R01:A12fe Type lmp_008 Mass 1.008 Resnr 0 Resname R01 Charge 0.17281
4862 Name 1:R01:A12ff Type lmp_006 Mass 12.01 Resnr 0 Resname R01 Charge 0.02131
4863 Name 1:R01:A1300 Type lmp_005 Mass 12.01 Resnr 0 Resname R01 Charge 0.02031
4864 Name 1:R01:A1301 Type lmp_005 Mass 12.01 Resnr 0 Resname R01 Charge -0.24969
4865 Name 1:R01:A1302 Type lmp_008 Mass 1.008 Resnr 0 Resname R01 Charge 0.17861
4866 Name 1:R01:A1303 Type lmp_005 Mass 12.01 Resnr 0 Resname R01 Charge -0.03239
4867 Name 1:R01:A1304 Type lmp_007 Mass 12.01 Resnr 0 Resname R01 Charge 0.03221
4868 Name 1:R01:A1305 Type lmp_009 Mass 1.008 Resnr 0 Resname R01 Charge 0.02561
4869 Name 1:R01:A1306 Type lmp_007 Mass 12.01 Resnr 0 Resname R01 Charge 0.02991
4870 Name 1:R01:A1307 Type lmp_009 Mass 1.008 Resnr 0 Resname R01 Charge 0.02761
4871 Name 1:R01:A1308 Type lmp_004 Mass 12.01 Resnr 0 Resname R01 Charge 0.05471
4872 Name 1:R01:A1309 Type lmp_009 Mass 1.008 Resnr 0 Resname R01 Charge 0.00921
4873 Name 1:R01:A130a Type lmp_007 Mass 12.01 Resnr 0 Resname R01 Charge 0.00911
4874 Name 1:R01:A130b Type lmp_009 Mass 1.008 Resnr 0 Resname R01 Charge 0.03851
4875 Name 1:R01:A130c Type lmp_005 Mass 12.01 Resnr 0 Resname R01 Charge -0.12349
4876 Name 1:R01:A130d Type lmp_005 Mass 12.01 Resnr 0 Resname R01 Charge -0.12549
4877 Name 1:R01:A130e Type lmp_005 Mass 12.01 Resnr 0 Resname R01 Charge 0.03581
4878 Name 1:R01:A130f Type lmp_003 Mass 12.01 Resnr 0 Resname R01 Charge -0.11109
4879 Name 1:R01:A1310 Type lmp_009 Mass 1.008 Resnr 0 Resname R01 Charge 0.04331
4880 Name 1:R01:A1311 Type lmp_009 Mass 1.008 Resnr 0 Resname R01 Charge 0.04331
4881 Name 1:R01:A1312 Type lmp_009 Mass 1.008 Resnr 0 Resname R01 Charge 0.04331
4882 Name 1:R01:A1313 Type lmp_005 Mass 12.01 Resnr 0 Resname R01 Charge -0.08649
4883 Name 1:R01:A1314 Type lmp_005 Mass 12.01 Resnr 0 Resname R01 Charge -0.09149
4884 Name 1:R01:A1315 Type lmp_005 Mass 12.01 Resnr 0 Resname R01 Charge 0.05181
4885 Name 1:R01:A1316 Type lmp_003 Mass 12.01 Resnr 0 Resname R01 Charge -0.10009
4886 Name 1:R01:A1317 Type lmp_009 Mass 1.008 Resnr 0 Resname R01 Charge 0.04551
4887 Name 1:R01:A1318 Type lmp_009 Mass 1.008 Resnr 0 Resname R01 Charge 0.04551
4888 Name 1:R01:A1319 Type lmp_009 Mass 1.008 Resnr 0 Resname R01 Charge 0.04551
4889 Name 1:R01:A131a Type lmp_007 Mass 12.01 Resnr 0 Resname R01 Charge 0.00531
4890 Name 1:R01:A131b Type lmp_009 Mass 1.008 Resnr 0 Resname R01 Charge 0.03971
4891 Name 1:R01:A131c Type lmp_004 Mass 12.01 Resnr 0 Resname R01 Charge 0.05571
4892 Name 1:R01:A131d Type lmp_009 Mass 1.008 Resnr 0 Resname R01 Charge 0.01041
4893 Name 1:R01:A131e Type lmp_004 Mass 12.01 Resnr 0 Resname R01 Charge -0.21059
4894 Name 1:R01:A131f Type lmp_009 Mass 1.008 Resnr 0 Resname R01 Charge 0.05311
4895 Name 1:R01:A1320 Type lmp_009 Mass 1.008 Resnr 0 Resname R01 Charge 0.05311
4896 Name 1:R01:A1321 Type lmp_005 Mass 12.01 Resnr 0 Resname R01 Charge -0.04569
4897 Name 1:R01:A1322 Type lmp_005 Mass 12.01 Resnr 0 Resname R01 Charge -0.20379
4898 Name 1:R01:A1323 Type lmp_008 Mass 1.008 Resnr 0 Resname R01 Charge 0.15591
4899 Name 1:R01:A1324 Type lmp_003 Mass 12.01 Resnr 0 Resname R01 Charge -0.10048
4900 Name 1:R01:A1325 Type lmp_009 Mass 1.008 Resnr 0 Resname R01 Charge 0.02361
4901 Name 1:R01:A1326 Type lmp_009 Mass 1.008 Resnr 0 Resname R01 Charge 0.02361
4902 Name 1:R01:A1327 Type lmp_009 Mass 1.008 Resnr 0 Resname R01 Charge 0.02361
4903 Name 1:R01:A1328 Type lmp_004 Mass 12.01 Resnr 0 Resname R01 Charge 0.19001
4904 Name 1:R01:A1329 Type lmp_003 Mass 12.01 Resnr 0 Resname R01 Charge -0.17889
4905 Name 1:R01:A132a Type lmp_009 Mass 1.008 Resnr 0 Resname R01 Charge 0.04121
4906 Name 1:R01:A132b Type lmp_009 Mass 1.008 Resnr 0 Resname R01 Charge 0.04121
4907 Name 1:R01:A132c Type lmp_009 Mass 1.008 Resnr 0 Resname R01 Charge 0.04121
4908 Name 1:R01:A132d Type lmp_005 Mass 12.01 Resnr 0 Resname R01 Charge 0.00401
4909 Name 1:R01:A132e Type lmp_006 Mass 12.01 Resnr 0 Resname R01 Charge 0.00111
4910 Name 1:R01:A132f Type lmp_005 Mass 12.01 Resnr 0 Resname R01 Charge -0.18989
4911 Name 1:R01:A1330 Type lmp_008 Mass 1.008 Resnr 0 Resname R01 Charge 0.14431
4912 Name 1:R01:A1331 Type lmp_005 Mass 12.01 Resnr 0 Resname R01 Charge -0.04879
4913 Name 1:R01:A1332 Type lmp_007 Mass 12.01 Resnr 0 Resname R01 Charge 0.03141
4914 Name 1:R01:A1333 Type lmp_009 Mass 1.008 Resnr 0 Resname R01 Charge 0.03521
4915 Name 1:R01:A1334 Type lmp_007 Mass 12.01 Resnr 0 Resname R01 Charge 0.01591
4916 Name 1:R01:A1335 Type lmp_009 Mass 1.008 Resnr 0 Resname R01 Charge 0.03721
4917 Name 1:R01:A1336 Type lmp_004 Mass 12.01 Resnr 0 Resname R01 Charge 0.02141
4918 Name 1:R01:A1337 Type lmp_009 Mass 1.008 Resnr 0 Resname R01 Charge 0.01911
4919 Name 1:R01:A1338 Type lmp_007 Mass 12.01 Resnr 0 Resname R01 Charge 0.02241
4920 Name 1:R01:A1339 Type lmp_009 Mass 1.008 Resnr 0 Resname R01 Charge 0.03781
4921 Name 1:R01:A133a Type lmp_007 Mass 12.01 Resnr 0 Resname R01 Charge 0.01411
4922 Name 1:R01:A133b Type lmp_009 Mass 1.008 Resnr 0 Resname R01 Charge 0.03861
4923 Name 1:R01:A133c Type lmp_004 Mass 12.01 Resnr 0 Resname R01 Charge 0.01111
4924 Name 1:R01:A133d Type lmp_009 Mass 1.008 Resnr 0 Resname R01 Charge 0.02341
4925 Name 1:R01:A133e Type lmp_004 Mass 12.01 Resnr 0 Resname R01 Charge -0.10289
4926 Name 1:R01:A133f Type lmp_009 Mass 1.008 Resnr 0 Resname R01 Charge 0.04701
4927 Name 1:R01:A1340 Type lmp_009 Mass 1.008 Resnr 0 Resname R01 Charge 0.04701
4928 Name 1:R01:A1341 Type lmp_005 Mass 12.01 Resnr 0 Resname R01 Charge -0.03099
4929 Name 1:R01:A1342 Type lmp_005 Mass 12.01 Resnr 0 Resname R01 Charge -0.25069
4930 Name 1:R01:A1343 Type lmp_008 Mass 1.008 Resnr 0 Resname R01 Charge 0.17281
4931 Name 1:R01:A1344 Type lmp_006 Mass 12.01 Resnr 0 Resname R01 Charge 0.02131
4932 Name 1:R01:A1345 Type lmp_005 Mass 12.01 Resnr 0 Resname R01 Charge 0.02031
4933 Name 1:R01:A1346 Type lmp_005 Mass 12.01 Resnr 0 Resname R01 Charge -0.24969
4934 Name 1:R01:A1347 Type lmp_008 Mass 1.008 Resnr 0 Resname R01 Charge 0.17861
4935 Name 1:R01:A1348 Type lmp_005 Mass 12.01 Resnr 0 Resname R01 Charge -0.03239
4936 Name 1:R01:A1349 Type lmp_007 Mass 12.01 Resnr 0 Resname R01 Charge 0.03221
4937 Name 1:R01:A134a Type lmp_009 Mass 1.008 Resnr 0 Resname R01 Charge 0.02561
4938 Name 1:R01:A134b Type lmp_007 Mass 12.01 Resnr 0 Resname R01 Charge 0.02991
4939 Name 1:R01:A134c Type lmp_009 Mass 1.008 Resnr 0 Resname R01 Charge 0.02761
4940 Name 1:R01:A134d Type lmp_004 Mass 12.01 Resnr 0 Resname R01 Charge 0.05471
4941 Name 1:R01:A134e Type lmp_009 Mass 1.008 Resnr 0 Resname R01 Charge 0.00921
4942 Name 1:R01:A134f Type lmp_007 Mass 12.01 Resnr 0 Resname R01 Charge 0.00911
4943 Name 1:R01:A1350 Type lmp_009 Mass 1.008 Resnr 0 Resname R01 Charge 0.03851
4944 Name 1:R01:A1351 Type lmp_005 Mass 12.01 Resnr 0 Resname R01 Charge -0.12349
4945 Name 1:R01:A1352 Type lmp_005 Mass 12.01 Resnr 0 Resname R01 Charge -0.12549
4946 Name 1:R01:A1353 Type lmp_005 Mass 12.01 Resnr 0 Resname R01 Charge 0.03581
4947 Name 1:R01:A1354 Type lmp_003 Mass 12.01 Resnr 0 Resname R01 Charge -0.11109
4948 Name 1:R01:A1355 Type lmp_009 Mass 1.008 Resnr 0 Resname R01 Charge 0.04331
4949 Name 1:R01:A1356 Type lmp_009 Mass 1.008 Resnr 0 Resname R01 Charge 0.04331
4950 Name 1:R01:A1357 Type lmp_009 Mass 1.008 Resnr 0 Resname R01 Charge 0.04331
4951 Name 1:R01:A1358 Type lmp_005 Mass 12.01 Resnr 0 Resname R01 Charge -0.08649
4952 Name 1:R01:A1359 Type lmp_005 Mass 12.01 Resnr 0 Resname R01 Charge -0.09149
4953 Name 1:R01:A135a Type lmp_005 Mass 12.01 Resnr 0 Resname R01 Charge 0.05181
4954 Name 1:R01:A135b Type lmp_003 Mass 12.01 Resnr 0 Resname R01 Charge -0.10009
4955 Name 1:R01:A135c Type lmp_009 Mass 1.008 Resnr 0 Resname R01 Charge 0.04551
4956 Name 1:R01:A135d Type lmp_009 Mass 1.008 Resnr 0 Resname R01 Charge 0.04551
4957 Name 1:R01:A135e Type lmp_009 Mass 1.008 Resnr 0 Resname R01 Charge 0.04551
4958 Name 1:R01:A135f Type lmp_007 Mass 12.01 Resnr 0 Resname R01 Charge 0.00531
4959 Name 1:R01:A1360 Type lmp_009 Mass 1.008 Resnr 0 Resname R01 Charge 0.03971
4960 Name 1:R01:A1361 Type lmp_004 Mass 12.01 Resnr 0 Resname R01 Charge 0.05571
4961 Name 1:R01:A1362 Type lmp_009 Mass 1.008 Resnr 0 Resname R01 Charge 0.01041
4962 Name 1:R01:A1363 Type lmp_004 Mass 12.01 Resnr 0 Resname R01 Charge -0.21059
4963 Name 1:R01:A1364 Type lmp_009 Mass 1.008 Resnr 0 Resname R01 Charge 0.05311
4964 Name 1:R01:A1365 Type lmp_009 Mass 1.008 Resnr 0 Resname R01 Charge 0.05311
4965 Name 1:R01:A1366 Type lmp_005 Mass 12.01 Resnr 0 Resname R01 Charge -0.04569
4966 Name 1:R01:A1367 Type lmp_005 Mass 12.01 Resnr 0 Resname R01 Charge -0.20379
4967 Name 1:R01:A1368 Type lmp_008 Mass 1.008 Resnr 0 Resname R01 Charge 0.15591
4968 Name 1:R01:A1369 Type lmp_003 Mass 12.01 Resnr 0 Resname R01 Charge -0.10048
4969 Name 1:R01:A136a Type lmp_009 Mass 1.008 Resnr 0 Resname R01 Charge 0.02361
4970 Name 1:R01:A136b Type lmp_009 Mass 1.008 Resnr 0 Resname R01 Charge 0.02361
4971 Name 1:R01:A136c Type lmp_009 Mass 1.008 Resnr 0 Resname R01 Charge 0.02361
4972 Name 1:R01:A136d Type lmp_004 Mass 12.01 Resnr 0 Resname R01 Charge 0.19001
4973 Name 1:R01:A136e Type lmp_003 Mass 12.01 Resnr 0 Resname R01 Charge -0.17889
4974 Name 1:R01:A136f Type lmp_009 Mass 1.008 Resnr 0 Resname R01 Charge 0.04121
4975 Name 1:R01:A1370 Type lmp_009 Mass 1.008 Resnr 0 Resname R01 Charge 0.04121
4976 Name 1:R01:A1371 Type lmp_009 Mass 1.008 Resnr 0 Resname R01 Charge 0.04121
4977 Name 1:R01:A1372 Type lmp_005 Mass 12.01 Resnr 0 Resname R01 Charge 0.00401
4978 Name 1:R01:A1373 Type lmp_006 Mass 12.01 Resnr 0 Resname R01 Charge 0.00111
4979 Name 1:R01:A1374 Type lmp_005 Mass 12.01 Resnr 0 Resname R01 Charge -0.18989
4980 Name 1:R01:A1375 Type lmp_008 Mass 1.008 Resnr 0 Resname R01 Charge 0.14431
4981 Name 1:R01:A1376 Type lmp_005 Mass 12.01 Resnr 0 Resname R01 Charge -0.04879
4982 Name 1:R01:A1377 Type lmp_007 Mass 12.01 Resnr 0 Resname R01 Charge 0.03141
4983 Name 1:R01:A1378 Type lmp_009 Mass 1.008 Resnr 0 Resname R01 Charge 0.03521
4984 Name 1:R01:A1379 Type lmp_007 Mass 12.01 Resnr 0 Resname R01 Charge 0.01591
4985 Name 1:R01:A137a Type lmp_009 Mass 1.008 Resnr 0 Resname R01 Charge 0.03721
4986 Name 1:R01:A137b Type lmp_004 Mass 12.01 Resnr 0 Resname R01 Charge 0.02141
4987 Name 1:R01:A137c Type lmp_009 Mass 1.008 Resnr 0 Resname R01 Charge 0.01911
4988 Name 1:R01:A137d Type lmp_007 Mass 12.01 Resnr 0 Resname R01 Charge 0.02241
4989 Name 1:R01:A137e Type lmp_009 Mass 1.008 Resnr 0 Resname R01 Charge 0.03781
4990 Name 1:R01:A137f Type lmp_007 Mass 12.01 Resnr 0 Resname R01 Charge 0.01411
4991 Name 1:R01:A1380 Type lmp_009 Mass 1.008 Resnr 0 Resname R01 Charge 0.03861
4992 Name 1:R01:A1381 Type lmp_004 Mass 12.01 Resnr 0 Resname R01 Charge 0.01111
4993 Name 1:R01:A1382 Type lmp_009 Mass 1.008 Resnr 0 Resname R01 Charge 0.02341
4994 Name 1:R01:A1383 Type lmp_004 Mass 12.01 Resnr 0 Resname R01 Charge -0.10289
4995 Name 1:R01:A1384 Type lmp_009 Mass 1.008 Resnr 0 Resname R01 Charge 0.04701
4996 Name 1:R01:A1385 Type lmp_009 Mass 1.008 Resnr 0 Resname R01 Charge 0.04701
4997 Name 1:R01:A1386 Type lmp_005 Mass 12.01 Resnr 0 Resname R01 Charge -0.03099
4998 Name 1:R01:A1387 Type lmp_005 Mass 12.01 Resnr 0 Resname R01 Charge -0.25069
4999 Name 1:R01:A1388 Type lmp_008 Mass 1.008 Resnr 0 Resname R01 Charge 0.17281
5000 Name 1:R01:A1389 Type lmp_006 Mass 12.01 Resnr 0 Resname R01 Charge 0.02131
5001 Name 1:R01:A138a Type lmp_005 Mass 12.01 Resnr 0 Resname R01 Charge 0.02031
5002 Name 1:R01:A138b Type lmp_005 Mass 12.01 Resnr 0 Resname R01 Charge -0.24969
5003 Name 1:R01:A138c Type lmp_008 Mass 1.008 Resnr 0 Resname R01 Charge 0.17861
5004 Name 1:R01:A138d Type lmp_005 Mass 12.01 Resnr 0 Resname R01 Charge -0.03239
5005 Name 1:R01:A138e Type lmp_007 Mass 12.01 Resnr 0 Resname R01 Charge 0.03221
5006 Name 1:R01:A138f Type lmp_009 Mass 1.008 Resnr 0 Resname R01 Charge 0.02561
5007 Name 1:R01:A1390 Type lmp_007 Mass 12.01 Resnr 0 Resname R01 Charge 0.02991
5008 Name 1:R01:A1391 Type lmp_009 Mass 1.008 Resnr 0 Resname R01 Charge 0.02761
5009 Name 1:R01:A1392 Type lmp_004 Mass 12.01 Resnr 0 Resname R01 Charge 0.05471
5010 Name 1:R01:A1393 Type lmp_009 Mass 1.008 Resnr 0 Resname R01 Charge 0.00921
5011 Name 1:R01:A1394 Type lmp_007 Mass 12.01 Resnr 0 Resname R01 Charge 0.00911
5012 Name 1:R01:A1395 Type lmp_009 Mass 1.008 Resnr 0 Resname R01 Charge 0.03851
5013 Name 1:R01:A1396 Type lmp_005 Mass 12.01 Resnr 0 Resname R01 Charge -0.12349
5014 Name 1:R01:A1397 Type lmp_005 Mass 12.01 Resnr 0 Resname R01 Charge -0.12549
5015 Name 1:R01:A1398 Type lmp_005 Mass 12.01 Resnr 0 Resname R01 Charge 0.03581
5016 Name 1:R01:A1399 Type lmp_003 Mass 12.01 Resnr 0 Resname R01 Charge -0.11109
5017 Name 1:R01:A139a Type lmp_009 Mass 1.008 Resnr 0 Resname R01 Charge 0.04331
5018 Name 1:R01:A139b Type lmp_009 Mass 1.008 Resnr 0 Resname R01 Charge 0.04331
5019 Name 1:R01:A139c Type lmp_009 Mass 1.008 Resnr 0 Resname R01 Charge 0.04331
5020 Name 1:R01:A139d Type lmp_005 Mass 12.01 Resnr 0 Resname R01 Charge -0.08649
5021 Name 1:R01:A139e Type lmp_005 Mass 12.01 Resnr 0 Resname R01 Charge -0.09149
5022 Name 1:R01:A139f Type lmp_005 Mass 12.01 Resnr 0 Resname R01 Charge 0.05181
5023 Name 1:R01:A13a0 Type lmp_003 Mass 12.01 Resnr 0 Resname R01 Charge -0.10009
5024 Name 1:R01:A13a1 Type lmp_009 Mass 1.008 Resnr 0 Resname R01 Charge 0.04551
5025 Name 1:R01:A13a2 Type lmp_009 Mass 1.008 Resnr 0 Resname R01 Charge 0.04551
5026 Name 1:R01:A13a3 Type lmp_009 Mass 1.008 Resnr 0 Resname R01 Charge 0.04551
5027 Name 1:R01:A13a4 Type lmp_007 Mass 12.01 Resnr 0 Resname R01 Charge 0.00531
5028 Name 1:R01:A13a5 Type lmp_009 Mass 1.008 Resnr 0 Resname R01 Charge 0.03971
5029 Name 1:R01:A13a6 Type lmp_004 Mass 12.01 Resnr 0 Resname R01 Charge 0.05571
5030 Name 1:R01:A13a7 Type lmp_009 Mass 1.008 Resnr 0 Resname R01 Charge 0.01041
5031 Name 1:R01:A13a8 Type lmp_004 Mass 12.01 Resnr 0 Resname R01 Charge -0.21059
5032 Name 1:R01:A13a9 Type lmp_009 Mass 1.008 Resnr 0 Resname R01 Charge 0.05311
5033 Name 1:R01:A13aa Type lmp_009 Mass 1.008 Resnr 0 Resname R01 Charge 0.05311
5034 Name 1:R01:A13ab Type lmp_005 Mass 12.01 Resnr 0 Resname R01 Charge -0.04569
5035 Name 1:R01:A13ac Type lmp_005 Mass 12.01 Resnr 0 Resname R01 Charge -0.20379
5036 Name 1:R01:A13ad Type lmp_008 Mass 1.008 Resnr 0 Resname R01 Charge 0.15591
5037 Name 1:R01:A13ae Type lmp_003 Mass 12.01 Resnr 0 Resname R01 Charge -0.10048
5038 Name 1:R01:A13af Type lmp_009 Mass 1.008 Resnr 0 Resname R01 Charge 0.02361
5039 Name 1:R01:A13b0 Type lmp_009 Mass 1.008 Resnr 0 Resname R01 Charge 0.02361
5040 Name 1:R01:A13b1 Type lmp_009 Mass 1.008 Resnr 0 Resname R01 Charge 0.02361
5041 Name 1:R01:A13b2 Type lmp_004 Mass 12.01 Resnr 0 Resname R01 Charge 0.19001
5042 Name 1:R01:A13b3 Type lmp_003 Mass 12.01 Resnr 0 Resname R01 Charge -0.17889
5043 Name 1:R01:A13b4 Type lmp_009 Mass 1.008 Resnr 0 Resname R01 Charge 0.04121
5044 Name 1:R01:A13b5 Type lmp_009 Mass 1.008 Resnr 0 Resname R01 Charge 0.04121
5045 Name 1:R01:A13b6 Type lmp_009 Mass 1.008 Resnr 0 Resname R01 Charge 0.04121
5046 Name 1:R01:A13b7 Type lmp_005 Mass 12.01 Resnr 0 Resname R01 Charge 0.00401
5047 Name 1:R01:A13b8 Type lmp_006 Mass 12.01 Resnr 0 Resname R01 Charge 0.00111
5048 Name 1:R01:A13b9 Type lmp_005 Mass 12.01 Resnr 0 Resname R01 Charge -0.18989
5049 Name 1:R01:A13ba Type lmp_008 Mass 1.008 Resnr 0 Resname R01 Charge 0.14431
5050 Name 1:R01:A13bb Type lmp_005 Mass 12.01 Resnr 0 Resname R01 Charge -0.04879
5051 Name 1:R01:A13bc Type lmp_007 Mass 12.01 Resnr 0 Resname R01 Charge 0.03141
5052 Name 1:R01:A13bd Type lmp_009 Mass 1.008 Resnr 0 Resname R01 Charge 0.03521
5053 Name 1:R01:A13be Type lmp_007 Mass 12.01 Resnr 0 Resname R01 Charge 0.01591
5054 Name 1:R01:A13bf Type lmp_009 Mass 1.008 Resnr 0 Resname R01 Charge 0.03721
5055 Name 1:R01:A13c0 Type lmp_004 Mass 12.01 Resnr 0 Resname R01 Charge 0.02141
5056 Name 1:R01:A13c1 Type lmp_009 Mass 1.008 Resnr 0 Resname R01 Charge 0.01911
5057 Name 1:R01:A13c2 Type lmp_007 Mass 12.01 Resnr 0 Resname R01 Charge 0.02241
5058 Name 1:R01:A13c3 Type lmp_009 Mass 1.008 Resnr 0 Resname R01 Charge 0.03781
5059 Name 1:R01:A13c4 Type lmp_007 Mass 12.01 Resnr 0 Resname R01 Charge 0.01411
5060 Name 1:R01:A13c5 Type lmp_009 Mass 1.008 Resnr 0 Resname R01 Charge 0.03861
5061 Name 1:R01:A13c6 Type lmp_004 Mass 12.01 Resnr 0 Resname R01 Charge 0.01111
5062 Name 1:R01:A13c7 Type lmp_009 Mass 1.008 Resnr 0 Resname R01 Charge 0.02341
5063 Name 1:R01:A13c8 Type lmp_004 Mass 12.01 Resnr 0 Resname R01 Charge -0.10289
5064 Name 1:R01:A13c9 Type lmp_009 Mass 1.008 Resnr 0 Resname R01 Charge 0.04701
5065 Name 1:R01:A13ca Type lmp_009 Mass 1.008 Resnr 0 Resname R01 Charge 0.04701
5066 Name 1:R01:A13cb Type lmp_005 Mass 12.01 Resnr 0 Resname R01 Charge -0.03099
5067 Name 1:R01:A13cc Type lmp_005 Mass 12.01 Resnr 0 Resname R01 Charge -0.25069
5068 Name 1:R01:A13cd Type lmp_008 Mass 1.008 Resnr 0 Resname R01 Charge 0.17281
5069 Name 1:R01:A13ce Type lmp_006 Mass 12.01 Resnr 0 Resname R01 Charge 0.02131
5070 Name 1:R01:A13cf Type lmp_005 Mass 12.01 Resnr 0 Resname R01 Charge 0.02031
5071 Name 1:R01:A13d0 Type lmp_005 Mass 12.01 Resnr 0 Resname R01 Charge -0.24969
5072 Name 1:R01:A13d1 Type lmp_008 Mass 1.008 Resnr 0 Resname R01 Charge 0.17861
5073 Name 1:R01:A13d2 Type lmp_005 Mass 12.01 Resnr 0 Resname R01 Charge -0.03239
5074 Name 1:R01:A13d3 Type lmp_007 Mass 12.01 Resnr 0 Resname R01 Charge 0.03221
5075 Name 1:R01:A13d4 Type lmp_009 Mass 1.008 Resnr 0 Resname R01 Charge 0.02561
5076 Name 1:R01:A13d5 Type lmp_007 Mass 12.01 Resnr 0 Resname R01 Charge 0.02991
5077 Name 1:R01:A13d6 Type lmp_009 Mass 1.008 Resnr 0 Resname R01 Charge 0.02761
5078 Name 1:R01:A13d7 Type lmp_004 Mass 12.01 Resnr 0 Resname R01 Charge 0.05471
5079 Name 1:R01:A13d8 Type lmp_009 Mass 1.008 Resnr 0 Resname R01 Charge 0.00921
5080 Name 1:R01:A13d9 Type lmp_007 Mass 12.01 Resnr 0 Resname R01 Charge 0.00911
5081 Name 1:R01:A13da Type lmp_009 Mass 1.008 Resnr 0 Resname R01 Charge 0.03851
5082 Name 1:R01:A13db Type lmp_005 Mass 12.01 Resnr 0 Resname R01 Charge -0.12349
5083 Name 1:R01:A13dc Type lmp_005 Mass 12.01 Resnr 0 Resname R01 Charge -0.12549
5084 Name 1:R01:A13dd Type lmp_005 Mass 12.01 Resnr 0 Resname R01 Charge 0.03581
5085 Name 1:R01:A13de Type lmp_003 Mass 12.01 Resnr 0 Resname R01 Charge -0.11109
5086 Name 1:R01:A13df Type lmp_009 Mass 1.008 Resnr 0 Resname R01 Charge 0.04331
5087 Name 1:R01:A13e0 Type lmp_009 Mass 1.008 Resnr 0 Resname R01 Charge 0.04331
5088 Name 1:R01:A13e1 Type lmp_009 Mass 1.008 Resnr 0 Resname R01 Charge 0.04331
5089 Name 1:R01:A13e2 Type lmp_005 Mass 12.01 Resnr 0 Resname R01 Charge -0.08649
5090 Name 1:R01:A13e3 Type lmp_005 Mass 12.01 Resnr 0 Resname R01 Charge -0.09149
5091 Name 1:R01:A13e4 Type lmp_005 Mass 12.01 Resnr 0 Resname R01 Charge 0.05181
5092 Name 1:R01:A13e5 Type lmp_003 Mass 12.01 Resnr 0 Resname R01 Charge -0.10009
5093 Name 1:R01:A13e6 Type lmp_009 Mass 1.008 Resnr 0 Resname R01 Charge 0.04551
5094 Name 1:R01:A13e7 Type lmp_009 Mass 1.008 Resnr 0 Resname R01 Charge 0.04551
5095 Name 1:R01:A13e8 Type lmp_009 Mass 1.008 Resnr 0 Resname R01 Charge 0.04551
5096 Name 1:R01:A13e9 Type lmp_007 Mass 12.01 Resnr 0 Resname R01 Charge 0.00531
5097 Name 1:R01:A13ea Type lmp_009 Mass 1.008 Resnr 0 Resname R01 Charge 0.03971
5098 Name 1:R01:A13eb Type lmp_004 Mass 12.01 Resnr 0 Resname R01 Charge 0.05571
5099 Name 1:R01:A13ec Type lmp_009 Mass 1.008 Resnr 0 Resname R01 Charge 0.01041
5100 Name 1:R01:A13ed Type lmp_004 Mass 12.01 Resnr 0 Resname R01 Charge -0.21059
5101 Name 1:R01:A13ee Type lmp_009 Mass 1.008 Resnr 0 Resname R01 Charge 0.05311
5102 Name 1:R01:A13ef Type lmp_009 Mass 1.008 Resnr 0 Resname R01 Charge 0.05311
5103 Name 1:R01:A13f0 Type lmp_005 Mass 12.01 Resnr 0 Resname R01 Charge -0.04569
5104 Name 1:R01:A13f1 Type lmp_005 Mass 12.01 Resnr 0 Resname R01 Charge -0.20379
5105 Name 1:R01:A13f2 Type lmp_008 Mass 1.008 Resnr 0 Resname R01 Charge 0.15591
5106 Name 1:R01:A13f3 Type lmp_003 Mass 12.01 Resnr 0 Resname R01 Charge -0.10048
5107 Name 1:R01:A13f4 Type lmp_009 Mass 1.008 Resnr 0 Resname R01 Charge 0.02361
5108 Name 1:R01:A13f5 Type lmp_009 Mass 1.008 Resnr 0 Resname R01 Charge 0.02361
5109 Name 1:R01:A13f6 Type lmp_009 Mass 1.008 Resnr 0 Resname R01 Charge 0.02361
5110 Name 1:R01:A13f7 Type lmp_004 Mass 12.01 Resnr 0 Resname R01 Charge 0.19001
5111 Name 1:R01:A13f8 Type lmp_003 Mass 12.01 Resnr 0 Resname R01 Charge -0.17889
5112 Name 1:R01:A13f9 Type lmp_009 Mass 1.008 Resnr 0 Resname R01 Charge 0.04121
5113 Name 1:R01:A13fa Type lmp_009 Mass 1.008 Resnr 0 Resname R01 Charge 0.04121
5114 Name 1:R01:A13fb Type lmp_009 Mass 1.008 Resnr 0 Resname R01 Charge 0.04121
5115 Name 1:R01:A13fc Type lmp_005 Mass 12.01 Resnr 0 Resname R01 Charge 0.00401
5116 Name 1:R01:A13fd Type lmp_006 Mass 12.01 Resnr 0 Resname R01 Charge 0.00111
5117 Name 1:R01:A13fe Type lmp_005 Mass 12.01 Resnr 0 Resname R01 Charge -0.18989
5118 Name 1:R01:A13ff Type lmp_008 Mass 1.008 Resnr 0 Resname R01 Charge 0.14431
5119 Name 1:R01:A1400 Type lmp_005 Mass 12.01 Resnr 0 Resname R01 Charge -0.04879
5120 Name 1:R01:A1401 Type lmp_007 Mass 12.01 Resnr 0 Resname R01 Charge 0.03141
5121 Name 1:R01:A1402 Type lmp_009 Mass 1.008 Resnr 0 Resname R01 Charge 0.03521
5122 Name 1:R01:A1403 Type lmp_007 Mass 12.01 Resnr 0 Resname R01 Charge 0.01591
5123 Name 1:R01:A1404 Type lmp_009 Mass 1.008 Resnr 0 Resname R01 Charge 0.03721
5124 Name 1:R01:A1405 Type lmp_004 Mass 12.01 Resnr 0 Resname R01 Charge 0.02141
5125 Name 1:R01:A1406 Type lmp_009 Mass 1.008 Resnr 0 Resname R01 Charge 0.01911
5126 Name 1:R01:A1407 Type lmp_007 Mass 12.01 Resnr 0 Resname R01 Charge 0.02241
5127 Name 1:R01:A1408 Type lmp_009 Mass 1.008 Resnr 0 Resname R01 Charge 0.03781
5128 Name 1:R01:A1409 Type lmp_007 Mass 12.01 Resnr 0 Resname R01 Charge 0.01411
5129 Name 1:R01:A140a Type lmp_009 Mass 1.008 Resnr 0 Resname R01 Charge 0.03861
5130 Name 1:R01:A140b Type lmp_004 Mass 12.01 Resnr 0 Resname R01 Charge 0.01111
5131 Name 1:R01:A140c Type lmp_009 Mass 1.008 Resnr 0 Resname R01 Charge 0.02341
5132 Name 1:R01:A140d Type lmp_004 Mass 12.01 Resnr 0 Resname R01 Charge -0.10289
5133 Name 1:R01:A140e Type lmp_009 Mass 1.008 Resnr 0 Resname R01 Charge 0.04701
5134 Name 1:R01:A140f Type lmp_009 Mass 1.008 Resnr 0 Resname R01 Charge 0.04701
5135 Name 1:R01:A1410 Type lmp_005 Mass 12.01 Resnr 0 Resname R01 Charge -0.03099
5136 Name 1:R01:A1411 Type lmp_005 Mass 12.01 Resnr 0 Resname R01 Charge -0.25069
5137 Name 1:R01:A1412 Type lmp_008 Mass 1.008 Resnr 0 Resname R01 Charge 0.17281
5138 Name 1:R01:A1413 Type lmp_006 Mass 12.01 Resnr 0 Resname R01 Charge 0.02131
5139 Name 1:R01:A1414 Type lmp_005 Mass 12.01 Resnr 0 Resname R01 Charge 0.02031
5140 Name 1:R01:A1415 Type lmp_005 Mass 12.01 Resnr 0 Resname R01 Charge -0.24969
5141 Name 1:R01:A1416 Type lmp_008 Mass 1.008 Resnr 0 Resname R01 Charge 0.17861
5142 Name 1:R01:A1417 Type lmp_005 Mass 12.01 Resnr 0 Resname R01 Charge -0.03239
5143 Name 1:R01:A1418 Type lmp_007 Mass 12.01 Resnr 0 Resname R01 Charge 0.03221
5144 Name 1:R01:A1419 Type lmp_009 Mass 1.008 Resnr 0 Resname R01 Charge 0.02561
5145 Name 1:R01:A141a Type lmp_007 Mass 12.01 Resnr 0 Resname R01 Charge 0.02991
5146 Name 1:R01:A141b Type lmp_009 Mass 1.008 Resnr 0 Resname R01 Charge 0.02761
5147 Name 1:R01:A141c Type lmp_004 Mass 12.01 Resnr 0 Resname R01 Charge 0.05471
5148 Name 1:R01:A141d Type lmp_009 Mass 1.008 Resnr 0 Resname R01 Charge 0.00921
5149 Name 1:R01:A141e Type lmp_007 Mass 12.01 Resnr 0 Resname R01 Charge 0.00911
5150 Name 1:R01:A141f Type lmp_009 Mass 1.008 Resnr 0 Resname R01 Charge 0.03851
5151 Name 1:R01:A1420 Type lmp_005 Mass 12.01 Resnr 0 Resname R01 Charge -0.12349
5152 Name 1:R01:A1421 Type lmp_005 Mass 12.01 Resnr 0 Resname R01 Charge -0.12549
5153 Name 1:R01:A1422 Type lmp_005 Mass 12.01 Resnr 0 Resname R01 Charge 0.03581
5154 Name 1:R01:A1423 Type lmp_003 Mass 12.01 Resnr 0 Resname R01 Charge -0.11109
5155 Name 1:R01:A1424 Type lmp_009 Mass 1.008 Resnr 0 Resname R01 Charge 0.04331
5156 Name 1:R01:A1425 Type lmp_009 Mass 1.008 Resnr 0 Resname R01 Charge 0.04331
5157 Name 1:R01:A1426 Type lmp_009 Mass 1.008 Resnr 0 Resname R01 Charge 0.04331
5158 Name 1:R01:A1427 Type lmp_005 Mass 12.01 Resnr 0 Resname R01 Charge -0.08649
5159 Name 1:R01:A1428 Type lmp_005 Mass 12.01 Resnr 0 Resname R01 Charge -0.09149
5160 Name 1:R01:A1429 Type lmp_005 Mass 12.01 Resnr 0 Resname R01 Charge 0.05181
5161 Name 1:R01:A142a Type lmp_003 Mass 12.01 Resnr 0 Resname R01 Charge -0.10009
5162 Name 1:R01:A142b Type lmp_009 Mass 1.008 Resnr 0 Resname R01 Charge 0.04551
5163 Name 1:R01:A142c Type lmp_009 Mass 1.008 Resnr 0 Resname R01 Charge 0.04551
5164 Name 1:R01:A142d Type lmp_009 Mass 1.008 Resnr 0 Resname R01 Charge 0.04551
5165 Name 1:R01:A142e Type lmp_007 Mass 12.01 Resnr 0 Resname R01 Charge 0.00531
5166 Name 1:R01:A142f Type lmp_009 Mass 1.008 Resnr 0 Resname R01 Charge 0.03971
5167 Name 1:R01:A1430 Type lmp_004 Mass 12.01 Resnr 0 Resname R01 Charge 0.05571
5168 Name 1:R01:A1431 Type lmp_009 Mass 1.008 Resnr 0 Resname R01 Charge 0.01041
5169 Name 1:R01:A1432 Type lmp_004 Mass 12.01 Resnr 0 Resname R01 Charge -0.21059
5170 Name 1:R01:A1433 Type lmp_009 Mass 1.008 Resnr 0 Resname R01 Charge 0.05311
5171 Name 1:R01:A1434 Type lmp_009 Mass 1.008 Resnr 0 Resname R01 Charge 0.05311
5172 Name 1:R01:A1435 Type lmp_005 Mass 12.01 Resnr 0 Resname R01 Charge -0.04569
5173 Name 1:R01:A1436 Type lmp_005 Mass 12.01 Resnr 0 Resname R01 Charge -0.20379
5174 Name 1:R01:A1437 Type lmp_008 Mass 1.008 Resnr 0 Resname R01 Charge 0.15591
5175 Name 1:R01:A1438 Type lmp_003 Mass 12.01 Resnr 0 Resname R01 Charge -0.10048
5176 Name 1:R01:A1439 Type lmp_009 Mass 1.008 Resnr 0 Resname R01 Charge 0.02361
5177 Name 1:R01:A143a Type lmp_009 Mass 1.008 Resnr 0 Resname R01 Charge 0.02361
5178 Name 1:R01:A143b Type lmp_009 Mass 1.008 Resnr 0 Resname R01 Charge 0.02361
5179 Name 1:R01:A143c Type lmp_004 Mass 12.01 Resnr 0 Resname R01 Charge 0.19001
5180 Name 1:R01:A143d Type lmp_003 Mass 12.01 Resnr 0 Resname R01 Charge -0.17889
5181 Name 1:R01:A143e Type lmp_009 Mass 1.008 Resnr 0 Resname R01 Charge 0.04121
5182 Name 1:R01:A143f Type lmp_009 Mass 1.008 Resnr 0 Resname R01 Charge 0.04121
5183 Name 1:R01:A1440 Type lmp_009 Mass 1.008 Resnr 0 Resname R01 Charge 0.04121
5184 Name 1:R01:A1441 Type lmp_005 Mass 12.01 Resnr 0 Resname R01 Charge 0.00401
5185 Name 1:R01:A1442 Type lmp_006 Mass 12.01 Resnr 0 Resname R01 Charge 0.00111
5186 Name 1:R01:A1443 Type lmp_005 Mass 12.01 Resnr 0 Resname R01 Charge -0.18989
5187 Name 1:R01:A1444 Type lmp_008 Mass 1.008 Resnr 0 Resname R01 Charge 0.14431
5188 Name 1:R01:A1445 Type lmp_005 Mass 12.01 Resnr 0 Resname R01 Charge -0.04879
5189 Name 1:R01:A1446 Type lmp_007 Mass 12.01 Resnr 0 Resname R01 Charge 0.03141
5190 Name 1:R01:A1447 Type lmp_009 Mass 1.008 Resnr 0 Resname R01 Charge 0.03521
5191 Name 1:R01:A1448 Type lmp_007 Mass 12.01 Resnr 0 Resname R01 Charge 0.01591
5192 Name 1:R01:A1449 Type lmp_009 Mass 1.008 Resnr 0 Resname R01 Charge 0.03721
5193 Name 1:R01:A144a Type lmp_004 Mass 12.01 Resnr 0 Resname R01 Charge 0.02141
5194 Name 1:R01:A144b Type lmp_009 Mass 1.008 Resnr 0 Resname R01 Charge 0.01911
5195 Name 1:R01:A144c Type lmp_007 Mass 12.01 Resnr 0 Resname R01 Charge 0.02241
5196 Name 1:R01:A144d Type lmp_009 Mass 1.008 Resnr 0 Resname R01 Charge 0.03781
5197 Name 1:R01:A144e Type lmp_007 Mass 12.01 Resnr 0 Resname R01 Charge 0.01411
5198 Name 1:R01:A144f Type lmp_009 Mass 1.008 Resnr 0 Resname R01 Charge 0.03861
5199 Name 1:R01:A1450 Type lmp_004 Mass 12.01 Resnr 0 Resname R01 Charge 0.01111
5200 Name 1:R01:A1451 Type lmp_009 Mass 1.008 Resnr 0 Resname R01 Charge 0.02341
5201 Name 1:R01:A1452 Type lmp_004 Mass 12.01 Resnr 0 Resname R01 Charge -0.10289
5202 Name 1:R01:A1453 Type lmp_009 Mass 1.008 Resnr 0 Resname R01 Charge 0.04701
5203 Name 1:R01:A1454 Type lmp_009 Mass 1.008 Resnr 0 Resname R01 Charge 0.04701
5204 Name 1:R01:A1455 Type lmp_005 Mass 12.01 Resnr 0 Resname R01 Charge -0.03099
5205 Name 1:R01:A1456 Type lmp_005 Mass 12.01 Resnr 0 Resname R01 Charge -0.25069
5206 Name 1:R01:A1457 Type lmp_008 Mass 1.008 Resnr 0 Resname R01 Charge 0.17281
5207 Name 1:R01:A1458 Type lmp_006 Mass 12.01 Resnr 0 Resname R01 Charge 0.02131
5208 Name 1:R01:A1459 Type lmp_005 Mass 12.01 Resnr 0 Resname R01 Charge 0.02031
5209 Name 1:R01:A145a Type lmp_005 Mass 12.01 Resnr 0 Resname R01 Charge -0.24969
5210 Name 1:R01:A145b Type lmp_008 Mass 1.008 Resnr 0 Resname R01 Charge 0.17861
5211 Name 1:R01:A145c Type lmp_005 Mass 12.01 Resnr 0 Resname R01 Charge -0.03239
5212 Name 1:R01:A145d Type lmp_007 Mass 12.01 Resnr 0 Resname R01 Charge 0.03221
5213 Name 1:R01:A145e Type lmp_009 Mass 1.008 Resnr 0 Resname R01 Charge 0.02561
5214 Name 1:R01:A145f Type lmp_007 Mass 12.01 Resnr 0 Resname R01 Charge 0.02991
5215 Name 1:R01:A1460 Type lmp_009 Mass 1.008 Resnr 0 Resname R01 Charge 0.02761
5216 Name 1:R01:A1461 Type lmp_004 Mass 12.01 Resnr 0 Resname R01 Charge 0.05471
5217 Name 1:R01:A1462 Type lmp_009 Mass 1.008 Resnr 0 Resname R01 Charge 0.00921
5218 Name 1:R01:A1463 Type lmp_007 Mass 12.01 Resnr 0 Resname R01 Charge 0.00911
5219 Name 1:R01:A1464 Type lmp_009 Mass 1.008 Resnr 0 Resname R01 Charge 0.03851
5220 Name 1:R01:A1465 Type lmp_005 Mass 12.01 Resnr 0 Resname R01 Charge -0.12349
5221 Name 1:R01:A1466 Type lmp_005 Mass 12.01 Resnr 0 Resname R01 Charge -0.12549
5222 Name 1:R01:A1467 Type lmp_005 Mass 12.01 Resnr 0 Resname R01 Charge 0.03581
5223 Name 1:R01:A1468 Type lmp_003 Mass 12.01 Resnr 0 Resname R01 Charge -0.11109
5224 Name 1:R01:A1469 Type lmp_009 Mass 1.008 Resnr 0 Resname R01 Charge 0.04331
5225 Name 1:R01:A146a Type lmp_009 Mass 1.008 Resnr 0 Resname R01 Charge 0.04331
5226 Name 1:R01:A146b Type lmp_009 Mass 1.008 Resnr 0 Resname R01 Charge 0.04331
5227 Name 1:R01:A146c Type lmp_005 Mass 12.01 Resnr 0 Resname R01 Charge -0.08649
5228 Name 1:R01:A146d Type lmp_005 Mass 12.01 Resnr 0 Resname R01 Charge -0.09149
5229 Name 1:R01:A146e Type lmp_005 Mass 12.01 Resnr 0 Resname R01 Charge 0.05181
5230 Name 1:R01:A146f Type lmp_003 Mass 12.01 Resnr 0 Resname R01 Charge -0.10009
5231 Name 1:R01:A1470 Type lmp_009 Mass 1.008 Resnr 0 Resname R01 Charge 0.04551
5232 Name 1:R01:A1471 Type lmp_009 Mass 1.008 Resnr 0 Resname R01 Charge 0.04551
5233 Name 1:R01:A1472 Type lmp_009 Mass 1.008 Resnr 0 Resname R01 Charge 0.04551
5234 Name 1:R01:A1473 Type lmp_007 Mass 12.01 Resnr 0 Resname R01 Charge 0.00531
5235 Name 1:R01:A1474 Type lmp_009 Mass 1.008 Resnr 0 Resname R01 Charge 0.03971
5236 Name 1:R01:A1475 Type lmp_004 Mass 12.01 Resnr 0 Resname R01 Charge 0.05571
5237 Name 1:R01:A1476 Type lmp_009 Mass 1.008 Resnr 0 Resname R01 Charge 0.01041
5238 Name 1:R01:A1477 Type lmp_004 Mass 12.01 Resnr 0 Resname R01 Charge -0.21059
5239 Name 1:R01:A1478 Type lmp_009 Mass 1.008 Resnr 0 Resname R01 Charge 0.05311
5240 Name 1:R01:A1479 Type lmp_009 Mass 1.008 Resnr 0 Resname R01 Charge 0.05311
5241 Name 1:R01:A147a Type lmp_005 Mass 12.01 Resnr 0 Resname R01 Charge -0.04569
5242 Name 1:R01:A147b Type lmp_005 Mass 12.01 Resnr 0 Resname R01 Charge -0.20379
5243 Name 1:R01:A147c Type lmp_008 Mass 1.008 Resnr 0 Resname R01 Charge 0.15591
5244 Name 1:R01:A147d Type lmp_003 Mass 12.01 Resnr 0 Resname R01 Charge -0.10048
5245 Name 1:R01:A147e Type lmp_009 Mass 1.008 Resnr 0 Resname R01 Charge 0.02361
5246 Name 1:R01:A147f Type lmp_009 Mass 1.008 Resnr 0 Resname R01 Charge 0.02361
5247 Name 1:R01:A1480 Type lmp_009 Mass 1.008 Resnr 0 Resname R01 Charge 0.02361
5248 Name 1:R01:A1481 Type lmp_004 Mass 12.01 Resnr 0 Resname R01 Charge 0.19001
5249 Name 1:R01:A1482 Type lmp_003 Mass 12.01 Resnr 0 Resname R01 Charge -0.17889
5250 Name 1:R01:A1483 Type lmp_009 Mass 1.008 Resnr 0 Resname R01 Charge 0.04121
5251 Name 1:R01:A1484 Type lmp_009 Mass 1.008 Resnr 0 Resname R01 Charge 0.04121
5252 Name 1:R01:A1485 Type lmp_009 Mass 1.008 Resnr 0 Resname R01 Charge 0.04121
5253 Name 1:R01:A1486 Type lmp_005 Mass 12.01 Resnr 0 Resname R01 Charge 0.00401
5254 Name 1:R01:A1487 Type lmp_006 Mass 12.01 Resnr 0 Resname R01 Charge 0.00111
5255 Name 1:R01:A1488 Type lmp_005 Mass 12.01 Resnr 0 Resname R01 Charge -0.18989
5256 Name 1:R01:A1489 Type lmp_008 Mass 1.008 Resnr 0 Resname R01 Charge 0.14431
5257 Name 1:R01:A148a Type lmp_005 Mass 12.01 Resnr 0 Resname R01 Charge -0.04879
5258 Name 1:R01:A148b Type lmp_007 Mass 12.01 Resnr 0 Resname R01 Charge 0.03141
5259 Name 1:R01:A148c Type lmp_009 Mass 1.008 Resnr 0 Resname R01 Charge 0.03521
5260 Name 1:R01:A148d Type lmp_007 Mass 12.01 Resnr 0 Resname R01 Charge 0.01591
5261 Name 1:R01:A148e Type lmp_009 Mass 1.008 Resnr 0 Resname R01 Charge 0.03721
5262 Name 1:R01:A148f Type lmp_004 Mass 12.01 Resnr 0 Resname R01 Charge 0.02141
5263 Name 1:R01:A1490 Type lmp_009 Mass 1.008 Resnr 0 Resname R01 Charge 0.01911
5264 Name 1:R01:A1491 Type lmp_001 Mass 12.01 Resnr 0 Resname R01 Charge 0.02241
5265 Name 1:R01:A1492 Type lmp_009 Mass 1.008 Resnr 0 Resname R01 Charge 0.03781
5266 Name 1:R01:A1493 Type lmp_001 Mass 12.01 Resnr 0 Resname R01 Charge 0.01411
5267 Name 1:R01:A1494 Type lmp_009 Mass 1.008 Resnr 0 Resname R01 Charge 0.03861
5268 Name 1:R01:A1495 Type lmp_004 Mass 12.01 Resnr 0 Resname R01 Charge 0.01111
5269 Name 1:R01:A1496 Type lmp_009 Mass 1.008 Resnr 0 Resname R01 Charge 0.02341
5270 Name 1:R01:A1497 Type lmp_004 Mass 12.01 Resnr 0 Resname R01 Charge -0.10289
5271 Name 1:R01:A1498 Type lmp_009 Mass 1.008 Resnr 0 Resname R01 Charge 0.04701
5272 Name 1:R01:A1499 Type lmp_009 Mass 1.008 Resnr 0 Resname R01 Charge 0.04701
5273 Name 1:R01:A149a Type lmp_005 Mass 12.01 Resnr 0 Resname R01 Charge -0.03099
5274 Name 1:R01:A149b Type lmp_005 Mass 12.01 Resnr 0 Resname R01 Charge -0.25069
5275 Name 1:R01:A149c Type lmp_008 Mass 1.008 Resnr 0 Resname R01 Charge 0.17281
5276 Name 1:R01:A149d Type lmp_006 Mass 12.01 Resnr 0 Resname R01 Charge 0.02131
5277 Name 1:R01:A149e Type lmp_005 Mass 12.01 Resnr 0 Resname R01 Charge 0.02031
5278 Name 1:R01:A149f Type lmp_005 Mass 12.01 Resnr 0 Resname R01 Charge -0.24969
5279 Name 1:R01:A14a0 Type lmp_008 Mass 1.008 Resnr 0 Resname R01 Charge 0.17861
5280 Name 1:R01:A14a1 Type lmp_005 Mass 12.01 Resnr 0 Resname R01 Charge -0.03239
5281 Name 1:R01:A14a2 Type lmp_007 Mass 12.01 Resnr 0 Resname R01 Charge 0.03221
5282 Name 1:R01:A14a3 Type lmp_009 Mass 1.008 Resnr 0 Resname R01 Charge 0.02561
5283 Name 1:R01:A14a4 Type lmp_007 Mass 12.01 Resnr 0 Resname R01 Charge 0.02991
5284 Name 1:R01:A14a5 Type lmp_009 Mass 1.008 Resnr 0 Resname R01 Charge 0.02761
5285 Name 1:R01:A14a6 Type lmp_004 Mass 12.01 Resnr 0 Resname R01 Charge 0.05471
5286 Name 1:R01:A14a7 Type lmp_009 Mass 1.008 Resnr 0 Resname R01 Charge 0.00921
5287 Name 1:R01:A14a8 Type lmp_007 Mass 12.01 Resnr 0 Resname R01 Charge 0.00911
5288 Name 1:R01:A14a9 Type lmp_009 Mass 1.008 Resnr 0 Resname R01 Charge 0.03851
5289 Name 1:R01:A14aa Type lmp_005 Mass 12.01 Resnr 0 Resname R01 Charge -0.12349
5290 Name 1:R01:A14ab Type lmp_005 Mass 12.01 Resnr 0 Resname R01 Charge -0.12549
5291 Name 1:R01:A14ac Type lmp_005 Mass 12.01 Resnr 0 Resname R01 Charge 0.03581
5292 Name 1:R01:A14ad Type lmp_003 Mass 12.01 Resnr 0 Resname R01 Charge -0.11109
5293 Name 1:R01:A14ae Type lmp_009 Mass 1.008 Resnr 0 Resname R01 Charge 0.04331
5294 Name 1:R01:A14af Type lmp_009 Mass 1.008 Resnr 0 Resname R01 Charge 0.04331
5295 Name 1:R01:A14b0 Type lmp_009 Mass 1.008 Resnr 0 Resname R01 Charge 0.04331
5296 Name 1:R01:A14b1 Type lmp_005 Mass 12.01 Resnr 0 Resname R01 Charge -0.08649
5297 Name 1:R01:A14b2 Type lmp_005 Mass 12.01 Resnr 0 Resname R01 Charge -0.09149
5298 Name 1:R01:A14b3 Type lmp_005 Mass 12.01 Resnr 0 Resname R01 Charge 0.05181
5299 Name 1:R01:A14b4 Type lmp_003 Mass 12.01 Resnr 0 Resname R01 Charge -0.10009
5300 Name 1:R01:A14b5 Type lmp_009 Mass 1.008 Resnr 0 Resname R01 Charge 0.04551
5301 Name 1:R01:A14b6 Type lmp_009 Mass 1.008 Resnr 0 Resname R01 Charge 0.04551
5302 Name 1:R01:A14b7 Type lmp_009 Mass 1.008 Resnr 0 Resname R01 Charge 0.04551
5303 Name 1:R01:A14b8 Type lmp_007 Mass 12.01 Resnr 0 Resname R01 Charge 0.00531
5304 Name 1:R01:A14b9 Type lmp_009 Mass 1.008 Resnr 0 Resname R01 Charge 0.03971
5305 Name 1:R01:A14ba Type lmp_004 Mass 12.01 Resnr 0 Resname R01 Charge 0.05571
5306 Name 1:R01:A14bb Type lmp_009 Mass 1.008 Resnr 0 Resname R01 Charge 0.01041
5307 Name 1:R01:A14bc Type lmp_004 Mass 12.01 Resnr 0 Resname R01 Charge -0.21059
5308 Name 1:R01:A14bd Type lmp_009 Mass 1.008 Resnr 0 Resname R01 Charge 0.05311
5309 Name 1:R01:A14be Type lmp_009 Mass 1.008 Resnr 0 Resname R01 Charge 0.05311
5310 Name 1:R01:A14bf Type lmp_005 Mass 12.01 Resnr 0 Resname R01 Charge -0.04569
5311 Name 1:R01:A14c0 Type lmp_005 Mass 12.01 Resnr 0 Resname R01 Charge -0.20379
5312 Name 1:R01:A14c1 Type lmp_008 Mass 1.008 Resnr 0 Resname R01 Charge 0.15591
5313 Name 1:R01:A14c2 Type lmp_003 Mass 12.01 Resnr 0 Resname R01 Charge -0.10048
5314 Name 1:R01:A14c3 Type lmp_009 Mass 1.008 Resnr 0 Resname R01 Charge 0.02361
5315 Name 1:R01:A14c4 Type lmp_009 Mass 1.008 Resnr 0 Resname R01 Charge 0.02361
5316 Name 1:R01:A14c5 Type lmp_009 Mass 1.008 Resnr 0 Resname R01 Charge 0.02361
5317 Name 1:R01:A14c6 Type lmp_004 Mass 12.01 Resnr 0 Resname R01 Charge 0.19001
5318 Name 1:R01:A14c7 Type lmp_003 Mass 12.01 Resnr 0 Resname R01 Charge -0.17889
5319 Name 1:R01:A14c8 Type lmp_009 Mass 1.008 Resnr 0 Resname R01 Charge 0.04121
5320 Name 1:R01:A14c9 Type lmp_009 Mass 1.008 Resnr 0 Resname R01 Charge 0.04121
5321 Name 1:R01:A14ca Type lmp_009 Mass 1.008 Resnr 0 Resname R01 Charge 0.04121
5322 Name 1:R01:A14cb Type lmp_005 Mass 12.01 Resnr 0 Resname R01 Charge 0.00401
5323 Name 1:R01:A14cc Type lmp_006 Mass 12.01 Resnr 0 Resname R01 Charge 0.00111
5324 Name 1:R01:A14cd Type lmp_005 Mass 12.01 Resnr 0 Resname R01 Charge -0.18989
5325 Name 1:R01:A14ce Type lmp_008 Mass 1.008 Resnr 0 Resname R01 Charge 0.14431
5326 Name 1:R01:A14cf Type lmp_005 Mass 12.01 Resnr 0 Resname R01 Charge -0.04879
5327 Name 1:R01:A14d0 Type lmp_007 Mass 12.01 Resnr 0 Resname R01 Charge 0.03141
5328 Name 1:R01:A14d1 Type lmp_009 Mass 1.008 Resnr 0 Resname R01 Charge 0.03521
5329 Name 1:R01:A14d2 Type lmp_007 Mass 12.01 Resnr 0 Resname R01 Charge 0.01591
5330 Name 1:R01:A14d3 Type lmp_009 Mass 1.008 Resnr 0 Resname R01 Charge 0.03721
5331 Name 1:R01:A14d4 Type lmp_004 Mass 12.01 Resnr 0 Resname R01 Charge 0.02141
5332 Name 1:R01:A14d5 Type lmp_009 Mass 1.008 Resnr 0 Resname R01 Charge 0.01911
5333 Name 1:R01:A14d6 Type lmp_007 Mass 12.01 Resnr 0 Resname R01 Charge 0.02241
5334 Name 1:R01:A14d7 Type lmp_009 Mass 1.008 Resnr 0 Resname R01 Charge 0.03781
5335 Name 1:R01:A14d8 Type lmp_007 Mass 12.01 Resnr 0 Resname R01 Charge 0.01411
5336 Name 1:R01:A14d9 Type lmp_009 Mass 1.008 Resnr 0 Resname R01 Charge 0.03861
5337 Name 1:R01:A14da Type lmp_004 Mass 12.01 Resnr 0 Resname R01 Charge 0.01111
5338 Name 1:R01:A14db Type lmp_009 Mass 1.008 Resnr 0 Resname R01 Charge 0.02341
5339 Name 1:R01:A14dc Type lmp_004 Mass 12.01 Resnr 0 Resname R01 Charge -0.10289
5340 Name 1:R01:A14dd Type lmp_009 Mass 1.008 Resnr 0 Resname R01 Charge 0.04701
5341 Name 1:R01:A14de Type lmp_009 Mass 1.008 Resnr 0 Resname R01 Charge 0.04701
5342 Name 1:R01:A14df Type lmp_005 Mass 12.01 Resnr 0 Resname R01 Charge -0.03099
5343 Name 1:R01:A14e0 Type lmp_005 Mass 12.01 Resnr 0 Resname R01 Charge -0.25069
5344 Name 1:R01:A14e1 Type lmp_008 Mass 1.008 Resnr 0 Resname R01 Charge 0.17281
5345 Name 1:R01:A14e2 Type lmp_006 Mass 12.01 Resnr 0 Resname R01 Charge 0.02131
5346 Name 1:R01:A14e3 Type lmp_005 Mass 12.01 Resnr 0 Resname R01 Charge 0.02031
5347 Name 1:R01:A14e4 Type lmp_005 Mass 12.01 Resnr 0 Resname R01 Charge -0.24969
5348 Name 1:R01:A14e5 Type lmp_008 Mass 1.008 Resnr 0 Resname R01 Charge 0.17861
5349 Name 1:R01:A14e6 Type lmp_005 Mass 12.01 Resnr 0 Resname R01 Charge -0.03239
5350 Name 1:R01:A14e7 Type lmp_007 Mass 12.01 Resnr 0 Resname R01 Charge 0.03221
5351 Name 1:R01:A14e8 Type lmp_009 Mass 1.008 Resnr 0 Resname R01 Charge 0.02561
5352 Name 1:R01:A14e9 Type lmp_007 Mass 12.01 Resnr 0 Resname R01 Charge 0.02991
5353 Name 1:R01:A14ea Type lmp_009 Mass 1.008 Resnr 0 Resname R01 Charge 0.02761
5354 Name 1:R01:A14eb Type lmp_004 Mass 12.01 Resnr 0 Resname R01 Charge 0.05471
5355 Name 1:R01:A14ec Type lmp_009 Mass 1.008 Resnr 0 Resname R01 Charge 0.00921
5356 Name 1:R01:A14ed Type lmp_007 Mass 12.01 Resnr 0 Resname R01 Charge 0.00911
5357 Name 1:R01:A14ee Type lmp_009 Mass 1.008 Resnr 0 Resname R01 Charge 0.03851
5358 Name 1:R01:A14ef Type lmp_005 Mass 12.01 Resnr 0 Resname R01 Charge -0.12349
5359 Name 1:R01:A14f0 Type lmp_005 Mass 12.01 Resnr 0 Resname R01 Charge -0.12549
5360 Name 1:R01:A14f1 Type lmp_005 Mass 12.01 Resnr 0 Resname R01 Charge 0.03581
5361 Name 1:R01:A14f2 Type lmp_003 Mass 12.01 Resnr 0 Resname R01 Charge -0.11109
5362 Name 1:R01:A14f3 Type lmp_009 Mass 1.008 Resnr 0 Resname R01 Charge 0.04331
5363 Name 1:R01:A14f4 Type lmp_009 Mass 1.008 Resnr 0 Resname R01 Charge 0.04331
5364 Name 1:R01:A14f5 Type lmp_009 Mass 1.008 Resnr 0 Resname R01 Charge 0.04331
5365 Name 1:R01:A14f6 Type lmp_005 Mass 12.01 Resnr 0 Resname R01 Charge -0.08649
5366 Name 1:R01:A14f7 Type lmp_005 Mass 12.01 Resnr 0 Resname R01 Charge -0.09149
5367 Name 1:R01:A14f8 Type lmp_005 Mass 12.01 Resnr 0 Resname R01 Charge 0.05181
5368 Name 1:R01:A14f9 Type lmp_003 Mass 12.01 Resnr 0 Resname R01 Charge -0.10009
5369 Name 1:R01:A14fa Type lmp_009 Mass 1.008 Resnr 0 Resname R01 Charge 0.04551
5370 Name 1:R01:A14fb Type lmp_009 Mass 1.008 Resnr 0 Resname R01 Charge 0.04551
5371 Name 1:R01:A14fc Type lmp_009 Mass 1.008 Resnr 0 Resname R01 Charge 0.04551
5372 Name 1:R01:A14fd Type lmp_007 Mass 12.01 Resnr 0 Resname R01 Charge 0.00531
5373 Name 1:R01:A14fe Type lmp_009 Mass 1.008 Resnr 0 Resname R01 Charge 0.03971
5374 Name 1:R01:A14ff Type lmp_004 Mass 12.01 Resnr 0 Resname R01 Charge 0.05571
5375 Name 1:R01:A1500 Type lmp_009 Mass 1.008 Resnr 0 Resname R01 Charge 0.01041
5376 Name 1:R01:A1501 Type lmp_004 Mass 12.01 Resnr 0 Resname R01 Charge -0.21059
5377 Name 1:R01:A1502 Type lmp_009 Mass 1.008 Resnr 0 Resname R01 Charge 0.05311
5378 Name 1:R01:A1503 Type lmp_009 Mass 1.008 Resnr 0 Resname R01 Charge 0.05311
5379 Name 1:R01:A1504 Type lmp_005 Mass 12.01 Resnr 0 Resname R01 Charge -0.04569
5380 Name 1:R01:A1505 Type lmp_005 Mass 12.01 Resnr 0 Resname R01 Charge -0.20379
5381 Name 1:R01:A1506 Type lmp_008 Mass 1.008 Resnr 0 Resname R01 Charge 0.15591
5382 Name 1:R01:A1507 Type lmp_003 Mass 12.01 Resnr 0 Resname R01 Charge -0.10048
5383 Name 1:R01:A1508 Type lmp_009 Mass 1.008 Resnr 0 Resname R01 Charge 0.02361
5384 Name 1:R01:A1509 Type lmp_009 Mass 1.008 Resnr 0 Resname R01 Charge 0.02361
5385 Name 1:R01:A150a Type lmp_009 Mass 1.008 Resnr 0 Resname R01 Charge 0.02361
5386 Name 1:R01:A150b Type lmp_004 Mass 12.01 Resnr 0 Resname R01 Charge 0.19001
5387 Name 1:R01:A150c Type lmp_003 Mass 12.01 Resnr 0 Resname R01 Charge -0.17889
5388 Name 1:R01:A150d Type lmp_009 Mass 1.008 Resnr 0 Resname R01 Charge 0.04121
5389 Name 1:R01:A150e Type lmp_009 Mass 1.008 Resnr 0 Resname R01 Charge 0.04121
5390 Name 1:R01:A150f Type lmp_009 Mass 1.008 Resnr 0 Resname R01 Charge 0.04121
5391 Name 1:R01:A1510 Type lmp_005 Mass 12.01 Resnr 0 Resname R01 Charge 0.00401
5392 Name 1:R01:A1511 Type lmp_006 Mass 12.01 Resnr 0 Resname R01 Charge 0.00111
5393 Name 1:R01:A1512 Type lmp_005 Mass 12.01 Resnr 0 Resname R01 Charge -0.18989
5394 Name 1:R01:A1513 Type lmp_008 Mass 1.008 Resnr 0 Resname R01 Charge 0.14431
5395 Name 1:R01:A1514 Type lmp_005 Mass 12.01 Resnr 0 Resname R01 Charge -0.04879
5396 Name 1:R01:A1515 Type lmp_007 Mass 12.01 Resnr 0 Resname R01 Charge 0.03141
5397 Name 1:R01:A1516 Type lmp_009 Mass 1.008 Resnr 0 Resname R01 Charge 0.03521
5398 Name 1:R01:A1517 Type lmp_007 Mass 12.01 Resnr 0 Resname R01 Charge 0.01591
5399 Name 1:R01:A1518 Type lmp_009 Mass 1.008 Resnr 0 Resname R01 Charge 0.03721
5400 Name 1:R01:A1519 Type lmp_004 Mass 12.01 Resnr 0 Resname R01 Charge 0.02141
5401 Name 1:R01:A151a Type lmp_009 Mass 1.008 Resnr 0 Resname R01 Charge 0.01911
5402 Name 1:R01:A151b Type lmp_007 Mass 12.01 Resnr 0 Resname R01 Charge 0.02241
5403 Name 1:R01:A151c Type lmp_009 Mass 1.008 Resnr 0 Resname R01 Charge 0.03781
5404 Name 1:R01:A151d Type lmp_007 Mass 12.01 Resnr 0 Resname R01 Charge 0.01411
5405 Name 1:R01:A151e Type lmp_009 Mass 1.008 Resnr 0 Resname R01 Charge 0.03861
5406 Name 1:R01:A151f Type lmp_004 Mass 12.01 Resnr 0 Resname R01 Charge 0.01111
5407 Name 1:R01:A1520 Type lmp_009 Mass 1.008 Resnr 0 Resname R01 Charge 0.02341
5408 Name 1:R01:A1521 Type lmp_004 Mass 12.01 Resnr 0 Resname R01 Charge -0.10289
5409 Name 1:R01:A1522 Type lmp_009 Mass 1.008 Resnr 0 Resname R01 Charge 0.04701
5410 Name 1:R01:A1523 Type lmp_009 Mass 1.008 Resnr 0 Resname R01 Charge 0.04701
5411 Name 1:R01:A1524 Type lmp_005 Mass 12.01 Resnr 0 Resname R01 Charge -0.03099
5412 Name 1:R01:A1525 Type lmp_005 Mass 12.01 Resnr 0 Resname R01 Charge -0.25069
5413 Name 1:R01:A1526 Type lmp_008 Mass 1.008 Resnr 0 Resname R01 Charge 0.17281
5414 Name 1:R01:A1527 Type lmp_006 Mass 12.01 Resnr 0 Resname R01 Charge 0.02131
5415 Name 1:R01:A1528 Type lmp_005 Mass 12.01 Resnr 0 Resname R01 Charge 0.02031
5416 Name 1:R01:A1529 Type lmp_005 Mass 12.01 Resnr 0 Resname R01 Charge -0.24969
5417 Name 1:R01:A152a Type lmp_008 Mass 1.008 Resnr 0 Resname R01 Charge 0.17861
5418 Name 1:R01:A152b Type lmp_005 Mass 12.01 Resnr 0 Resname R01 Charge -0.03239
5419 Name 1:R01:A152c Type lmp_007 Mass 12.01 Resnr 0 Resname R01 Charge 0.03221
5420 Name 1:R01:A152d Type lmp_009 Mass 1.008 Resnr 0 Resname R01 Charge 0.02561
5421 Name 1:R01:A152e Type lmp_007 Mass 12.01 Resnr 0 Resname R01 Charge 0.02991
5422 Name 1:R01:A152f Type lmp_009 Mass 1.008 Resnr 0 Resname R01 Charge 0.02761
5423 Name 1:R01:A1530 Type lmp_004 Mass 12.01 Resnr 0 Resname R01 Charge 0.05471
5424 Name 1:R01:A1531 Type lmp_009 Mass 1.008 Resnr 0 Resname R01 Charge 0.00921
5425 Name 1:R01:A1532 Type lmp_007 Mass 12.01 Resnr 0 Resname R01 Charge 0.00911
5426 Name 1:R01:A1533 Type lmp_009 Mass 1.008 Resnr 0 Resname R01 Charge 0.03851
5427 Name 1:R01:A1534 Type lmp_005 Mass 12.01 Resnr 0 Resname R01 Charge -0.12349
5428 Name 1:R01:A1535 Type lmp_005 Mass 12.01 Resnr 0 Resname R01 Charge -0.12549
5429 Name 1:R01:A1536 Type lmp_005 Mass 12.01 Resnr 0 Resname R01 Charge 0.03581
5430 Name 1:R01:A1537 Type lmp_003 Mass 12.01 Resnr 0 Resname R01 Charge -0.11109
5431 Name 1:R01:A1538 Type lmp_009 Mass 1.008 Resnr 0 Resname R01 Charge 0.04331
5432 Name 1:R01:A1539 Type lmp_009 Mass 1.008 Resnr 0 Resname R01 Charge 0.04331
5433 Name 1:R01:A153a Type lmp_009 Mass 1.008 Resnr 0 Resname R01 Charge 0.04331
5434 Name 1:R01:A153b Type lmp_005 Mass 12.01 Resnr 0 Resname R01 Charge -0.08649
5435 Name 1:R01:A153c Type lmp_005 Mass 12.01 Resnr 0 Resname R01 Charge -0.09149
5436 Name 1:R01:A153d Type lmp_005 Mass 12.01 Resnr 0 Resname R01 Charge 0.05181
5437 Name 1:R01:A153e Type lmp_003 Mass 12.01 Resnr 0 Resname R01 Charge -0.10009
5438 Name 1:R01:A153f Type lmp_009 Mass 1.008 Resnr 0 Resname R01 Charge 0.04551
5439 Name 1:R01:A1540 Type lmp_009 Mass 1.008 Resnr 0 Resname R01 Charge 0.04551
5440 Name 1:R01:A1541 Type lmp_009 Mass 1.008 Resnr 0 Resname R01 Charge 0.04551
5441 Name 1:R01:A1542 Type lmp_007 Mass 12.01 Resnr 0 Resname R01 Charge 0.00531
5442 Name 1:R01:A1543 Type lmp_009 Mass 1.008 Resnr 0 Resname R01 Charge 0.03971
5443 Name 1:R01:A1544 Type lmp_004 Mass 12.01 Resnr 0 Resname R01 Charge 0.05571
5444 Name 1:R01:A1545 Type lmp_009 Mass 1.008 Resnr 0 Resname R01 Charge 0.01041
5445 Name 1:R01:A1546 Type lmp_004 Mass 12.01 Resnr 0 Resname R01 Charge -0.21059
5446 Name 1:R01:A1547 Type lmp_009 Mass 1.008 Resnr 0 Resname R01 Charge 0.05311
5447 Name 1:R01:A1548 Type lmp_009 Mass 1.008 Resnr 0 Resname R01 Charge 0.05311
5448 Name 1:R01:A1549 Type lmp_005 Mass 12.01 Resnr 0 Resname R01 Charge -0.04569
5449 Name 1:R01:A154a Type lmp_005 Mass 12.01 Resnr 0 Resname R01 Charge -0.20379
5450 Name 1:R01:A154b Type lmp_008 Mass 1.008 Resnr 0 Resname R01 Charge 0.15591
5451 Name 1:R01:A154c Type lmp_003 Mass 12.01 Resnr 0 Resname R01 Charge -0.10048
5452 Name 1:R01:A154d Type lmp_009 Mass 1.008 Resnr 0 Resname R01 Charge 0.02361
5453 Name 1:R01:A154e Type lmp_009 Mass 1.008 Resnr 0 Resname R01 Charge 0.02361
5454 Name 1:R01:A154f Type lmp_009 Mass 1.008 Resnr 0 Resname R01 Charge 0.02361
5455 Name 1:R01:A1550 Type lmp_004 Mass 12.01 Resnr 0 Resname R01 Charge 0.19001
5456 Name 1:R01:A1551 Type lmp_003 Mass 12.01 Resnr 0 Resname R01 Charge -0.17889
5457 Name 1:R01:A1552 Type lmp_009 Mass 1.008 Resnr 0 Resname R01 Charge 0.04121
5458 Name 1:R01:A1553 Type lmp_009 Mass 1.008 Resnr 0 Resname R01 Charge 0.04121
5459 Name 1:R01:A1554 Type lmp_009 Mass 1.008 Resnr 0 Resname R01 Charge 0.04121
5460 Name 1:R01:A1555 Type lmp_005 Mass 12.01 Resnr 0 Resname R01 Charge 0.00401
5461 Name 1:R01:A1556 Type lmp_006 Mass 12.01 Resnr 0 Resname R01 Charge 0.00111
5462 Name 1:R01:A1557 Type lmp_005 Mass 12.01 Resnr 0 Resname R01 Charge -0.18989
5463 Name 1:R01:A1558 Type lmp_008 Mass 1.008 Resnr 0 Resname R01 Charge 0.14431
5464 Name 1:R01:A1559 Type lmp_005 Mass 12.01 Resnr 0 Resname R01 Charge -0.04879
5465 Name 1:R01:A155a Type lmp_007 Mass 12.01 Resnr 0 Resname R01 Charge 0.03141
5466 Name 1:R01:A155b Type lmp_009 Mass 1.008 Resnr 0 Resname R01 Charge 0.03521
5467 Name 1:R01:A155c Type lmp_007 Mass 12.01 Resnr 0 Resname R01 Charge 0.01591
5468 Name 1:R01:A155d Type lmp_009 Mass 1.008 Resnr 0 Resname R01 Charge 0.03721
5469 Name 1:R01:A155e Type lmp_004 Mass 12.01 Resnr 0 Resname R01 Charge 0.02141
5470 Name 1:R01:A155f Type lmp_009 Mass 1.008 Resnr 0 Resname R01 Charge 0.01911
5471 Name 1:R01:A1560 Type lmp_007 Mass 12.01 Resnr 0 Resname R01 Charge 0.02241
5472 Name 1:R01:A1561 Type lmp_009 Mass 1.008 Resnr 0 Resname R01 Charge 0.03781
5473 Name 1:R01:A1562 Type lmp_007 Mass 12.01 Resnr 0 Resname R01 Charge 0.01411
5474 Name 1:R01:A1563 Type lmp_009 Mass 1.008 Resnr 0 Resname R01 Charge 0.03861
5475 Name 1:R01:A1564 Type lmp_004 Mass 12.01 Resnr 0 Resname R01 Charge 0.01111
5476 Name 1:R01:A1565 Type lmp_009 Mass 1.008 Resnr 0 Resname R01 Charge 0.02341
5477 Name 1:R01:A1566 Type lmp_004 Mass 12.01 Resnr 0 Resname R01 Charge -0.10289
5478 Name 1:R01:A1567 Type lmp_009 Mass 1.008 Resnr 0 Resname R01 Charge 0.04701
5479 Name 1:R01:A1568 Type lmp_009 Mass 1.008 Resnr 0 Resname R01 Charge 0.04701
5480 Name 1:R01:A1569 Type lmp_005 Mass 12.01 Resnr 0 Resname R01 Charge -0.03099
5481 Name 1:R01:A156a Type lmp_005 Mass 12.01 Resnr 0 Resname R01 Charge -0.25069
5482 Name 1:R01:A156b Type lmp_008 Mass 1.008 Resnr 0 Resname R01 Charge 0.17281
5483 Name 1:R01:A156c Type lmp_006 Mass 12.01 Resnr 0 Resname R01 Charge 0.02131
5484 Name 1:R01:A156d Type lmp_005 Mass 12.01 Resnr 0 Resname R01 Charge 0.02031
5485 Name 1:R01:A156e Type lmp_005 Mass 12.01 Resnr 0 Resname R01 Charge -0.24969
5486 Name 1:R01:A156f Type lmp_008 Mass 1.008 Resnr 0 Resname R01 Charge 0.17861
5487 Name 1:R01:A1570 Type lmp_005 Mass 12.01 Resnr 0 Resname R01 Charge -0.03239
5488 Name 1:R01:A1571 Type lmp_007 Mass 12.01 Resnr 0 Resname R01 Charge 0.03221
5489 Name 1:R01:A1572 Type lmp_009 Mass 1.008 Resnr 0 Resname R01 Charge 0.02561
5490 Name 1:R01:A1573 Type lmp_007 Mass 12.01 Resnr 0 Resname R01 Charge 0.02991
5491 Name 1:R01:A1574 Type lmp_009 Mass 1.008 Resnr 0 Resname R01 Charge 0.02761
5492 Name 1:R01:A1575 Type lmp_004 Mass 12.01 Resnr 0 Resname R01 Charge 0.05471
5493 Name 1:R01:A1576 Type lmp_009 Mass 1.008 Resnr 0 Resname R01 Charge 0.00921
5494 Name 1:R01:A1577 Type lmp_007 Mass 12.01 Resnr 0 Resname R01 Charge 0.00911
5495 Name 1:R01:A1578 Type lmp_009 Mass 1.008 Resnr 0 Resname R01 Charge 0.03851
5496 Name 1:R01:A1579 Type lmp_005 Mass 12.01 Resnr 0 Resname R01 Charge -0.12349
5497 Name 1:R01:A157a Type lmp_005 Mass 12.01 Resnr 0 Resname R01 Charge -0.12549
5498 Name 1:R01:A157b Type lmp_005 Mass 12.01 Resnr 0 Resname R01 Charge 0.03581
5499 Name 1:R01:A157c Type lmp_003 Mass 12.01 Resnr 0 Resname R01 Charge -0.11109
5500 Name 1:R01:A157d Type lmp_009 Mass 1.008 Resnr 0 Resname R01 Charge 0.04331
5501 Name 1:R01:A157e Type lmp_009 Mass 1.008 Resnr 0 Resname R01 Charge 0.04331
5502 Name 1:R01:A157f Type lmp_009 Mass 1.008 Resnr 0 Resname R01 Charge 0.04331
5503 Name 1:R01:A1580 Type lmp_005 Mass 12.01 Resnr 0 Resname R01 Charge -0.08649
5504 Name 1:R01:A1581 Type lmp_005 Mass 12.01 Resnr 0 Resname R01 Charge -0.09149
5505 Name 1:R01:A1582 Type lmp_005 Mass 12.01 Resnr 0 Resname R01 Charge 0.05181
5506 Name 1:R01:A1583 Type lmp_003 Mass 12.01 Resnr 0 Resname R01 Charge -0.10009
5507 Name 1:R01:A1584 Type lmp_009 Mass 1.008 Resnr 0 Resname R01 Charge 0.04551
5508 Name 1:R01:A1585 Type lmp_009 Mass 1.008 Resnr 0 Resname R01 Charge 0.04551
5509 Name 1:R01:A1586 Type lmp_009 Mass 1.008 Resnr 0 Resname R01 Charge 0.04551
5510 Name 1:R01:A1587 Type lmp_007 Mass 12.01 Resnr 0 Resname R01 Charge 0.00531
5511 Name 1:R01:A1588 Type lmp_009 Mass 1.008 Resnr 0 Resname R01 Charge 0.03971
5512 Name 1:R01:A1589 Type lmp_004 Mass 12.01 Resnr 0 Resname R01 Charge 0.05571
5513 Name 1:R01:A158a Type lmp_009 Mass 1.008 Resnr 0 Resname R01 Charge 0.01041
5514 Name 1:R01:A158b Type lmp_004 Mass 12.01 Resnr 0 Resname R01 Charge -0.21059
5515 Name 1:R01:A158c Type lmp_009 Mass 1.008 Resnr 0 Resname R01 Charge 0.05311
5516 Name 1:R01:A158d Type lmp_009 Mass 1.008 Resnr 0 Resname R01 Charge 0.05311
5517 Name 1:R01:A158e Type lmp_005 Mass 12.01 Resnr 0 Resname R01 Charge -0.04569
5518 Name 1:R01:A158f Type lmp_005 Mass 12.01 Resnr 0 Resname R01 Charge -0.20379
5519 Name 1:R01:A1590 Type lmp_008 Mass 1.008 Resnr 0 Resname R01 Charge 0.15591
5520 Name 1:R01:A1591 Type lmp_003 Mass 12.01 Resnr 0 Resname R01 Charge -0.10048
5521 Name 1:R01:A1592 Type lmp_009 Mass 1.008 Resnr 0 Resname R01 Charge 0.02361
5522 Name 1:R01:A1593 Type lmp_009 Mass 1.008 Resnr 0 Resname R01 Charge 0.02361
5523 Name 1:R01:A1594 Type lmp_009 Mass 1.008 Resnr 0 Resname R01 Charge 0.02361
5524 Name 1:R01:A1595 Type lmp_004 Mass 12.01 Resnr 0 Resname R01 Charge 0.19001
5525 Name 1:R01:A1596 Type lmp_003 Mass 12.01 Resnr 0 Resname R01 Charge -0.17889
5526 Name 1:R01:A1597 Type lmp_009 Mass 1.008 Resnr 0 Resname R01 Charge 0.04121
5527 Name 1:R01:A1598 Type lmp_009 Mass 1.008 Resnr 0 Resname R01 Charge 0.04121
5528 Name 1:R01:A1599 Type lmp_009 Mass 1.008 Resnr 0 Resname R01 Charge 0.04121
5529 Name 1:R01:A159a Type lmp_005 Mass 12.01 Resnr 0 Resname R01 Charge 0.00401
5530 Name 1:R01:A159b Type lmp_006 Mass 12.01 Resnr 0 Resname R01 Charge 0.00111
5531 Name 1:R01:A159c Type lmp_005 Mass 12.01 Resnr 0 Resname R01 Charge -0.18989
5532 Name 1:R01:A159d Type lmp_008 Mass 1.008 Resnr 0 Resname R01 Charge 0.14431
5533 Name 1:R01:A159e Type lmp_005 Mass 12.01 Resnr 0 Resname R01 Charge -0.04879
5534 Name 1:R01:A159f Type lmp_007 Mass 12.01 Resnr 0 Resname R01 Charge 0.03141
5535 Name 1:R01:A15a0 Type lmp_009 Mass 1.008 Resnr 0 Resname R01 Charge 0.03521
5536 Name 1:R01:A15a1 Type lmp_007 Mass 12.01 Resnr 0 Resname R01 Charge 0.01591
5537 Name 1:R01:A15a2 Type lmp_009 Mass 1.008 Resnr 0 Resname R01 Charge 0.03721
5538 Name 1:R01:A15a3 Type lmp_004 Mass 12.01 Resnr 0 Resname R01 Charge 0.02141
5539 Name 1:R01:A15a4 Type lmp_009 Mass 1.008 Resnr 0 Resname R01 Charge 0.01911
5540 Name 1:R01:A15a5 Type lmp_007 Mass 12.01 Resnr 0 Resname R01 Charge 0.02241
5541 Name 1:R01:A15a6 Type lmp_009 Mass 1.008 Resnr 0 Resname R01 Charge 0.03781
5542 Name 1:R01:A15a7 Type lmp_007 Mass 12.01 Resnr 0 Resname R01 Charge 0.01411
5543 Name 1:R01:A15a8 Type lmp_009 Mass 1.008 Resnr 0 Resname R01 Charge 0.03861
5544 Name 1:R01:A15a9 Type lmp_004 Mass 12.01 Resnr 0 Resname R01 Charge 0.01111
5545 Name 1:R01:A15aa Type lmp_009 Mass 1.008 Resnr 0 Resname R01 Charge 0.02341
5546 Name 1:R01:A15ab Type lmp_004 Mass 12.01 Resnr 0 Resname R01 Charge -0.10289
5547 Name 1:R01:A15ac Type lmp_009 Mass 1.008 Resnr 0 Resname R01 Charge 0.04701
5548 Name 1:R01:A15ad Type lmp_009 Mass 1.008 Resnr 0 Resname R01 Charge 0.04701
5549 Name 1:R01:A15ae Type lmp_005 Mass 12.01 Resnr 0 Resname R01 Charge -0.03099
5550 Name 1:R01:A15af Type lmp_005 Mass 12.01 Resnr 0 Resname R01 Charge -0.25069
5551 Name 1:R01:A15b0 Type lmp_008 Mass 1.008 Resnr 0 Resname R01 Charge 0.17281
5552 Name 1:R01:A15b1 Type lmp_006 Mass 12.01 Resnr 0 Resname R01 Charge 0.02131
5553 Name 1:R01:A15b2 Type lmp_005 Mass 12.01 Resnr 0 Resname R01 Charge 0.02031
5554 Name 1:R01:A15b3 Type lmp_005 Mass 12.01 Resnr 0 Resname R01 Charge -0.24969
5555 Name 1:R01:A15b4 Type lmp_008 Mass 1.008 Resnr 0 Resname R01 Charge 0.17861
5556 Name 1:R01:A15b5 Type lmp_005 Mass 12.01 Resnr 0 Resname R01 Charge -0.03239
5557 Name 1:R01:A15b6 Type lmp_007 Mass 12.01 Resnr 0 Resname R01 Charge 0.03221
5558 Name 1:R01:A15b7 Type lmp_009 Mass 1.008 Resnr 0 Resname R01 Charge 0.02561
5559 Name 1:R01:A15b8 Type lmp_007 Mass 12.01 Resnr 0 Resname R01 Charge 0.02991
5560 Name 1:R01:A15b9 Type lmp_009 Mass 1.008 Resnr 0 Resname R01 Charge 0.02761
5561 Name 1:R01:A15ba Type lmp_004 Mass 12.01 Resnr 0 Resname R01 Charge 0.05471
5562 Name 1:R01:A15bb Type lmp_009 Mass 1.008 Resnr 0 Resname R01 Charge 0.00921
5563 Name 1:R01:A15bc Type lmp_007 Mass 12.01 Resnr 0 Resname R01 Charge 0.00911
5564 Name 1:R01:A15bd Type lmp_009 Mass 1.008 Resnr 0 Resname R01 Charge 0.03851
5565 Name 1:R01:A15be Type lmp_005 Mass 12.01 Resnr 0 Resname R01 Charge -0.12349
5566 Name 1:R01:A15bf Type lmp_005 Mass 12.01 Resnr 0 Resname R01 Charge -0.12549
5567 Name 1:R01:A15c0 Type lmp_005 Mass 12.01 Resnr 0 Resname R01 Charge 0.03581
5568 Name 1:R01:A15c1 Type lmp_003 Mass 12.01 Resnr 0 Resname R01 Charge -0.11109
5569 Name 1:R01:A15c2 Type lmp_009 Mass 1.008 Resnr 0 Resname R01 Charge 0.04331
5570 Name 1:R01:A15c3 Type lmp_009 Mass 1.008 Resnr 0 Resname R01 Charge 0.04331
5571 Name 1:R01:A15c4 Type lmp_009 Mass 1.008 Resnr 0 Resname R01 Charge 0.04331
5572 Name 1:R01:A15c5 Type lmp_005 Mass 12.01 Resnr 0 Resname R01 Charge -0.08649
5573 Name 1:R01:A15c6 Type lmp_005 Mass 12.01 Resnr 0 Resname R01 Charge -0.09149
5574 Name 1:R01:A15c7 Type lmp_005 Mass 12.01 Resnr 0 Resname R01 Charge 0.05181
5575 Name 1:R01:A15c8 Type lmp_003 Mass 12.01 Resnr 0 Resname R01 Charge -0.10009
5576 Name 1:R01:A15c9 Type lmp_009 Mass 1.008 Resnr 0 Resname R01 Charge 0.04551
5577 Name 1:R01:A15ca Type lmp_009 Mass 1.008 Resnr 0 Resname R01 Charge 0.04551
5578 Name 1:R01:A15cb Type lmp_009 Mass 1.008 Resnr 0 Resname R01 Charge 0.04551
5579 Name 1:R01:A15cc Type lmp_007 Mass 12.01 Resnr 0 Resname R01 Charge 0.00531
5580 Name 1:R01:A15cd Type lmp_009 Mass 1.008 Resnr 0 Resname R01 Charge 0.03971
5581 Name 1:R01:A15ce Type lmp_004 Mass 12.01 Resnr 0 Resname R01 Charge 0.05571
5582 Name 1:R01:A15cf Type lmp_009 Mass 1.008 Resnr 0 Resname R01 Charge 0.01041
5583 Name 1:R01:A15d0 Type lmp_004 Mass 12.01 Resnr 0 Resname R01 Charge -0.21059
5584 Name 1:R01:A15d1 Type lmp_009 Mass 1.008 Resnr 0 Resname R01 Charge 0.05311
5585 Name 1:R01:A15d2 Type lmp_009 Mass 1.008 Resnr 0 Resname R01 Charge 0.05311
5586 Name 1:R01:A15d3 Type lmp_005 Mass 12.01 Resnr 0 Resname R01 Charge -0.04569
5587 Name 1:R01:A15d4 Type lmp_005 Mass 12.01 Resnr 0 Resname R01 Charge -0.20379
5588 Name 1:R01:A15d5 Type lmp_008 Mass 1.008 Resnr 0 Resname R01 Charge 0.15591
5589 Name 1:R01:A15d6 Type lmp_003 Mass 12.01 Resnr 0 Resname R01 Charge -0.10048
5590 Name 1:R01:A15d7 Type lmp_009 Mass 1.008 Resnr 0 Resname R01 Charge 0.02361
5591 Name 1:R01:A15d8 Type lmp_009 Mass 1.008 Resnr 0 Resname R01 Charge 0.02361
5592 Name 1:R01:A15d9 Type lmp_009 Mass 1.008 Resnr 0 Resname R01 Charge 0.02361
5593 Name 1:R01:A15da Type lmp_004 Mass 12.01 Resnr 0 Resname R01 Charge 0.19001
5594 Name 1:R01:A15db Type lmp_003 Mass 12.01 Resnr 0 Resname R01 Charge -0.17889
5595 Name 1:R01:A15dc Type lmp_009 Mass 1.008 Resnr 0 Resname R01 Charge 0.04121
5596 Name 1:R01:A15dd Type lmp_009 Mass 1.008 Resnr 0 Resname R01 Charge 0.04121
5597 Name 1:R01:A15de Type lmp_009 Mass 1.008 Resnr 0 Resname R01 Charge 0.04121
5598 Name 1:R01:A15df Type lmp_005 Mass 12.01 Resnr 0 Resname R01 Charge 0.00401
5599 Name 1:R01:A15e0 Type lmp_006 Mass 12.01 Resnr 0 Resname R01 Charge 0.00111
5600 Name 1:R01:A15e1 Type lmp_005 Mass 12.01 Resnr 0 Resname R01 Charge -0.18989
5601 Name 1:R01:A15e2 Type lmp_008 Mass 1.008 Resnr 0 Resname R01 Charge 0.14431
5602 Name 1:R01:A15e3 Type lmp_005 Mass 12.01 Resnr 0 Resname R01 Charge -0.04879
5603 Name 1:R01:A15e4 Type lmp_007 Mass 12.01 Resnr 0 Resname R01 Charge 0.03141
5604 Name 1:R01:A15e5 Type lmp_009 Mass 1.008 Resnr 0 Resname R01 Charge 0.03521
5605 Name 1:R01:A15e6 Type lmp_007 Mass 12.01 Resnr 0 Resname R01 Charge 0.01591
5606 Name 1:R01:A15e7 Type lmp_009 Mass 1.008 Resnr 0 Resname R01 Charge 0.03721
5607 Name 1:R01:A15e8 Type lmp_004 Mass 12.01 Resnr 0 Resname R01 Charge 0.02141
5608 Name 1:R01:A15e9 Type lmp_009 Mass 1.008 Resnr 0 Resname R01 Charge 0.01911
5609 Name 1:R01:A15ea Type lmp_007 Mass 12.01 Resnr 0 Resname R01 Charge 0.02241
5610 Name 1:R01:A15eb Type lmp_009 Mass 1.008 Resnr 0 Resname R01 Charge 0.03781
5611 Name 1:R01:A15ec Type lmp_007 Mass 12.01 Resnr 0 Resname R01 Charge 0.01411
5612 Name 1:R01:A15ed Type lmp_009 Mass 1.008 Resnr 0 Resname R01 Charge 0.03861
5613 Name 1:R01:A15ee Type lmp_004 Mass 12.01 Resnr 0 Resname R01 Charge 0.01111
5614 Name 1:R01:A15ef Type lmp_009 Mass 1.008 Resnr 0 Resname R01 Charge 0.02341
5615 Name 1:R01:A15f0 Type lmp_004 Mass 12.01 Resnr 0 Resname R01 Charge -0.10289
5616 Name 1:R01:A15f1 Type lmp_009 Mass 1.008 Resnr 0 Resname R01 Charge 0.04701
5617 Name 1:R01:A15f2 Type lmp_009 Mass 1.008 Resnr 0 Resname R01 Charge 0.04701
5618 Name 1:R01:A15f3 Type lmp_005 Mass 12.01 Resnr 0 Resname R01 Charge -0.03099
5619 Name 1:R01:A15f4 Type lmp_005 Mass 12.01 Resnr 0 Resname R01 Charge -0.25069
5620 Name 1:R01:A15f5 Type lmp_008 Mass 1.008 Resnr 0 Resname R01 Charge 0.17281
5621 Name 1:R01:A15f6 Type lmp_006 Mass 12.01 Resnr 0 Resname R01 Charge 0.02131
5622 Name 1:R01:A15f7 Type lmp_005 Mass 12.01 Resnr 0 Resname R01 Charge 0.02031
5623 Name 1:R01:A15f8 Type lmp_005 Mass 12.01 Resnr 0 Resname R01 Charge -0.24969
5624 Name 1:R01:A15f9 Type lmp_008 Mass 1.008 Resnr 0 Resname R01 Charge 0.17861
5625 Name 1:R01:A15fa Type lmp_005 Mass 12.01 Resnr 0 Resname R01 Charge -0.03239
5626 Name 1:R01:A15fb Type lmp_007 Mass 12.01 Resnr 0 Resname R01 Charge 0.03221
5627 Name 1:R01:A15fc Type lmp_009 Mass 1.008 Resnr 0 Resname R01 Charge 0.02561
5628 Name 1:R01:A15fd Type lmp_007 Mass 12.01 Resnr 0 Resname R01 Charge 0.02991
5629 Name 1:R01:A15fe Type lmp_009 Mass 1.008 Resnr 0 Resname R01 Charge 0.02761
5630 Name 1:R01:A15ff Type lmp_004 Mass 12.01 Resnr 0 Resname R01 Charge 0.05471
5631 Name 1:R01:A1600 Type lmp_009 Mass 1.008 Resnr 0 Resname R01 Charge 0.00921
5632 Name 1:R01:A1601 Type lmp_007 Mass 12.01 Resnr 0 Resname R01 Charge 0.00911
5633 Name 1:R01:A1602 Type lmp_009 Mass 1.008 Resnr 0 Resname R01 Charge 0.03851
5634 Name 1:R01:A1603 Type lmp_005 Mass 12.01 Resnr 0 Resname R01 Charge -0.12349
5635 Name 1:R01:A1604 Type lmp_005 Mass 12.01 Resnr 0 Resname R01 Charge -0.12549
5636 Name 1:R01:A1605 Type lmp_005 Mass 12.01 Resnr 0 Resname R01 Charge 0.03581
5637 Name 1:R01:A1606 Type lmp_003 Mass 12.01 Resnr 0 Resname R01 Charge -0.11109
5638 Name 1:R01:A1607 Type lmp_009 Mass 1.008 Resnr 0 Resname R01 Charge 0.04331
5639 Name 1:R01:A1608 Type lmp_009 Mass 1.008 Resnr 0 Resname R01 Charge 0.04331
5640 Name 1:R01:A1609 Type lmp_009 Mass 1.008 Resnr 0 Resname R01 Charge 0.04331
5641 Name 1:R01:A160a Type lmp_005 Mass 12.01 Resnr 0 Resname R01 Charge -0.08649
5642 Name 1:R01:A160b Type lmp_005 Mass 12.01 Resnr 0 Resname R01 Charge -0.09149
5643 Name 1:R01:A160c Type lmp_005 Mass 12.01 Resnr 0 Resname R01 Charge 0.05181
5644 Name 1:R01:A160d Type lmp_003 Mass 12.01 Resnr 0 Resname R01 Charge -0.10009
5645 Name 1:R01:A160e Type lmp_009 Mass 1.008 Resnr 0 Resname R01 Charge 0.04551
5646 Name 1:R01:A160f Type lmp_009 Mass 1.008 Resnr 0 Resname R01 Charge 0.04551
5647 Name 1:R01:A1610 Type lmp_009 Mass 1.008 Resnr 0 Resname R01 Charge 0.04551
5648 Name 1:R01:A1611 Type lmp_007 Mass 12.01 Resnr 0 Resname R01 Charge 0.00531
5649 Name 1:R01:A1612 Type lmp_009 Mass 1.008 Resnr 0 Resname R01 Charge 0.03971
5650 Name 1:R01:A1613 Type lmp_004 Mass 12.01 Resnr 0 Resname R01 Charge 0.05571
5651 Name 1:R01:A1614 Type lmp_009 Mass 1.008 Resnr 0 Resname R01 Charge 0.01041
5652 Name 1:R01:A1615 Type lmp_004 Mass 12.01 Resnr 0 Resname R01 Charge -0.21059
5653 Name 1:R01:A1616 Type lmp_009 Mass 1.008 Resnr 0 Resname R01 Charge 0.05311
5654 Name 1:R01:A1617 Type lmp_009 Mass 1.008 Resnr 0 Resname R01 Charge 0.05311
5655 Name 1:R01:A1618 Type lmp_005 Mass 12.01 Resnr 0 Resname R01 Charge -0.04569
5656 Name 1:R01:A1619 Type lmp_005 Mass 12.01 Resnr 0 Resname R01 Charge -0.20379
5657 Name 1:R01:A161a Type lmp_008 Mass 1.008 Resnr 0 Resname R01 Charge 0.15591
5658 Name 1:R01:A161b Type lmp_003 Mass 12.01 Resnr 0 Resname R01 Charge -0.10048
5659 Name 1:R01:A161c Type lmp_009 Mass 1.008 Resnr 0 Resname R01 Charge 0.02361
5660 Name 1:R01:A161d Type lmp_009 Mass 1.008 Resnr 0 Resname R01 Charge 0.02361
5661 Name 1:R01:A161e Type lmp_009 Mass 1.008 Resnr 0 Resname R01 Charge 0.02361
5662 Name 1:R01:A161f Type lmp_004 Mass 12.01 Resnr 0 Resname R01 Charge 0.19001
5663 Name 1:R01:A1620 Type lmp_003 Mass 12.01 Resnr 0 Resname R01 Charge -0.17889
5664 Name 1:R01:A1621 Type lmp_009 Mass 1.008 Resnr 0 Resname R01 Charge 0.04121
5665 Name 1:R01:A1622 Type lmp_009 Mass 1.008 Resnr 0 Resname R01 Charge 0.04121
5666 Name 1:R01:A1623 Type lmp_009 Mass 1.008 Resnr 0 Resname R01 Charge 0.04121
5667 Name 1:R01:A1624 Type lmp_005 Mass 12.01 Resnr 0 Resname R01 Charge 0.00401
5668 Name 1:R01:A1625 Type lmp_006 Mass 12.01 Resnr 0 Resname R01 Charge 0.00111
5669 Name 1:R01:A1626 Type lmp_005 Mass 12.01 Resnr 0 Resname R01 Charge -0.18989
5670 Name 1:R01:A1627 Type lmp_008 Mass 1.008 Resnr 0 Resname R01 Charge 0.14431
5671 Name 1:R01:A1628 Type lmp_005 Mass 12.01 Resnr 0 Resname R01 Charge -0.04879
5672 Name 1:R01:A1629 Type lmp_007 Mass 12.01 Resnr 0 Resname R01 Charge 0.03141
5673 Name 1:R01:A162a Type lmp_009 Mass 1.008 Resnr 0 Resname R01 Charge 0.03521
5674 Name 1:R01:A162b Type lmp_007 Mass 12.01 Resnr 0 Resname R01 Charge 0.01591
5675 Name 1:R01:A162c Type lmp_009 Mass 1.008 Resnr 0 Resname R01 Charge 0.03721
5676 Name 1:R01:A162d Type lmp_004 Mass 12.01 Resnr 0 Resname R01 Charge 0.02141
5677 Name 1:R01:A162e Type lmp_009 Mass 1.008 Resnr 0 Resname R01 Charge 0.01911
5678 Name 1:R01:A162f Type lmp_007 Mass 12.01 Resnr 0 Resname R01 Charge 0.02241
5679 Name 1:R01:A1630 Type lmp_009 Mass 1.008 Resnr 0 Resname R01 Charge 0.03781
5680 Name 1:R01:A1631 Type lmp_007 Mass 12.01 Resnr 0 Resname R01 Charge 0.01411
5681 Name 1:R01:A1632 Type lmp_009 Mass 1.008 Resnr 0 Resname R01 Charge 0.03861
5682 Name 1:R01:A1633 Type lmp_004 Mass 12.01 Resnr 0 Resname R01 Charge 0.01111
5683 Name 1:R01:A1634 Type lmp_009 Mass 1.008 Resnr 0 Resname R01 Charge 0.02341
5684 Name 1:R01:A1635 Type lmp_004 Mass 12.01 Resnr 0 Resname R01 Charge -0.10289
5685 Name 1:R01:A1636 Type lmp_009 Mass 1.008 Resnr 0 Resname R01 Charge 0.04701
5686 Name 1:R01:A1637 Type lmp_009 Mass 1.008 Resnr 0 Resname R01 Charge 0.04701
5687 Name 1:R01:A1638 Type lmp_005 Mass 12.01 Resnr 0 Resname R01 Charge -0.03099
5688 Name 1:R01:A1639 Type lmp_005 Mass 12.01 Resnr 0 Resname R01 Charge -0.25069
5689 Name 1:R01:A163a Type lmp_008 Mass 1.008 Resnr 0 Resname R01 Charge 0.17281
5690 Name 1:R01:A163b Type lmp_006 Mass 12.01 Resnr 0 Resname R01 Charge 0.02131
5691 Name 1:R01:A163c Type lmp_005 Mass 12.01 Resnr 0 Resname R01 Charge 0.02031
5692 Name 1:R01:A163d Type lmp_005 Mass 12.01 Resnr 0 Resname R01 Charge -0.24969
5693 Name 1:R01:A163e Type lmp_008 Mass 1.008 Resnr 0 Resname R01 Charge 0.17861
5694 Name 1:R01:A163f Type lmp_005 Mass 12.01 Resnr 0 Resname R01 Charge -0.03239
5695 Name 1:R01:A1640 Type lmp_007 Mass 12.01 Resnr 0 Resname R01 Charge 0.03221
5696 Name 1:R01:A1641 Type lmp_009 Mass 1.008 Resnr 0 Resname R01 Charge 0.02561
5697 Name 1:R01:A1642 Type lmp_007 Mass 12.01 Resnr 0 Resname R01 Charge 0.02991
5698 Name 1:R01:A1643 Type lmp_009 Mass 1.008 Resnr 0 Resname R01 Charge 0.02761
5699 Name 1:R01:A1644 Type lmp_004 Mass 12.01 Resnr 0 Resname R01 Charge 0.05471
5700 Name 1:R01:A1645 Type lmp_009 Mass 1.008 Resnr 0 Resname R01 Charge 0.00921
5701 Name 1:R01:A1646 Type lmp_007 Mass 12.01 Resnr 0 Resname R01 Charge 0.00911
5702 Name 1:R01:A1647 Type lmp_009 Mass 1.008 Resnr 0 Resname R01 Charge 0.03851
5703 Name 1:R01:A1648 Type lmp_005 Mass 12.01 Resnr 0 Resname R01 Charge -0.12349
5704 Name 1:R01:A1649 Type lmp_005 Mass 12.01 Resnr 0 Resname R01 Charge -0.12549
5705 Name 1:R01:A164a Type lmp_005 Mass 12.01 Resnr 0 Resname R01 Charge 0.03581
5706 Name 1:R01:A164b Type lmp_003 Mass 12.01 Resnr 0 Resname R01 Charge -0.11109
5707 Name 1:R01:A164c Type lmp_009 Mass 1.008 Resnr 0 Resname R01 Charge 0.04331
5708 Name 1:R01:A164d Type lmp_009 Mass 1.008 Resnr 0 Resname R01 Charge 0.04331
5709 Name 1:R01:A164e Type lmp_009 Mass 1.008 Resnr 0 Resname R01 Charge 0.04331
5710 Name 1:R01:A164f Type lmp_005 Mass 12.01 Resnr 0 Resname R01 Charge -0.08649
5711 Name 1:R01:A1650 Type lmp_005 Mass 12.01 Resnr 0 Resname R01 Charge -0.09149
5712 Name 1:R01:A1651 Type lmp_005 Mass 12.01 Resnr 0 Resname R01 Charge 0.05181
5713 Name 1:R01:A1652 Type lmp_003 Mass 12.01 Resnr 0 Resname R01 Charge -0.10009
5714 Name 1:R01:A1653 Type lmp_009 Mass 1.008 Resnr 0 Resname R01 Charge 0.04551
5715 Name 1:R01:A1654 Type lmp_009 Mass 1.008 Resnr 0 Resname R01 Charge 0.04551
5716 Name 1:R01:A1655 Type lmp_009 Mass 1.008 Resnr 0 Resname R01 Charge 0.04551
5717 Name 1:R01:A1656 Type lmp_007 Mass 12.01 Resnr 0 Resname R01 Charge 0.00531
5718 Name 1:R01:A1657 Type lmp_009 Mass 1.008 Resnr 0 Resname R01 Charge 0.03971
5719 Name 1:R01:A1658 Type lmp_004 Mass 12.01 Resnr 0 Resname R01 Charge 0.05571
5720 Name 1:R01:A1659 Type lmp_009 Mass 1.008 Resnr 0 Resname R01 Charge 0.01041
5721 Name 1:R01:A165a Type lmp_004 Mass 12.01 Resnr 0 Resname R01 Charge -0.21059
5722 Name 1:R01:A165b Type lmp_009 Mass 1.008 Resnr 0 Resname R01 Charge 0.05311
5723 Name 1:R01:A165c Type lmp_009 Mass 1.008 Resnr 0 Resname R01 Charge 0.05311
5724 Name 1:R01:A165d Type lmp_005 Mass 12.01 Resnr 0 Resname R01 Charge -0.04569
5725 Name 1:R01:A165e Type lmp_005 Mass 12.01 Resnr 0 Resname R01 Charge -0.20379
5726 Name 1:R01:A165f Type lmp_008 Mass 1.008 Resnr 0 Resname R01 Charge 0.15591
5727 Name 1:R01:A1660 Type lmp_003 Mass 12.01 Resnr 0 Resname R01 Charge -0.10048
5728 Name 1:R01:A1661 Type lmp_009 Mass 1.008 Resnr 0 Resname R01 Charge 0.02361
5729 Name 1:R01:A1662 Type lmp_009 Mass 1.008 Resnr 0 Resname R01 Charge 0.02361
5730 Name 1:R01:A1663 Type lmp_009 Mass 1.008 Resnr 0 Resname R01 Charge 0.02361
5731 Name 1:R01:A1664 Type lmp_004 Mass 12.01 Resnr 0 Resname R01 Charge 0.19001
5732 Name 1:R01:A1665 Type lmp_003 Mass 12.01 Resnr 0 Resname R01 Charge -0.17889
5733 Name 1:R01:A1666 Type lmp_009 Mass 1.008 Resnr 0 Resname R01 Charge 0.04121
5734 Name 1:R01:A1667 Type lmp_009 Mass 1.008 Resnr 0 Resname R01 Charge 0.04121
5735 Name 1:R01:A1668 Type lmp_009 Mass 1.008 Resnr 0 Resname R01 Charge 0.04121
5736 Name 1:R01:A1669 Type lmp_005 Mass 12.01 Resnr 0 Resname R01 Charge 0.00401
5737 Name 1:R01:A166a Type lmp_006 Mass 12.01 Resnr 0 Resname R01 Charge 0.00111
5738 Name 1:R01:A166b Type lmp_005 Mass 12.01 Resnr 0 Resname R01 Charge -0.18989
5739 Name 1:R01:A166c Type lmp_008 Mass 1.008 Resnr 0 Resname R01 Charge 0.14431
5740 Name 1:R01:A166d Type lmp_005 Mass 12.01 Resnr 0 Resname R01 Charge -0.04879
5741 Name 1:R01:A166e Type lmp_007 Mass 12.01 Resnr 0 Resname R01 Charge 0.03141
5742 Name 1:R01:A166f Type lmp_009 Mass 1.008 Resnr 0 Resname R01 Charge 0.03521
5743 Name 1:R01:A1670 Type lmp_007 Mass 12.01 Resnr 0 Resname R01 Charge 0.01591
5744 Name 1:R01:A1671 Type lmp_009 Mass 1.008 Resnr 0 Resname R01 Charge 0.03721
5745 Name 1:R01:A1672 Type lmp_004 Mass 12.01 Resnr 0 Resname R01 Charge 0.02141
5746 Name 1:R01:A1673 Type lmp_009 Mass 1.008 Resnr 0 Resname R01 Charge 0.01911
5747 Name 1:R01:A1674 Type lmp_007 Mass 12.01 Resnr 0 Resname R01 Charge 0.02241
5748 Name 1:R01:A1675 Type lmp_009 Mass 1.008 Resnr 0 Resname R01 Charge 0.03781
5749 Name 1:R01:A1676 Type lmp_007 Mass 12.01 Resnr 0 Resname R01 Charge 0.01411
5750 Name 1:R01:A1677 Type lmp_009 Mass 1.008 Resnr 0 Resname R01 Charge 0.03861
5751 Name 1:R01:A1678 Type lmp_004 Mass 12.01 Resnr 0 Resname R01 Charge 0.01111
5752 Name 1:R01:A1679 Type lmp_009 Mass 1.008 Resnr 0 Resname R01 Charge 0.02341
5753 Name 1:R01:A167a Type lmp_004 Mass 12.01 Resnr 0 Resname R01 Charge -0.10289
5754 Name 1:R01:A167b Type lmp_009 Mass 1.008 Resnr 0 Resname R01 Charge 0.04701
5755 Name 1:R01:A167c Type lmp_009 Mass 1.008 Resnr 0 Resname R01 Charge 0.04701
5756 Name 1:R01:A167d Type lmp_005 Mass 12.01 Resnr 0 Resname R01 Charge -0.03099
5757 Name 1:R01:A167e Type lmp_005 Mass 12.01 Resnr 0 Resname R01 Charge -0.25069
5758 Name 1:R01:A167f Type lmp_008 Mass 1.008 Resnr 0 Resname R01 Charge 0.17281
5759 Name 1:R01:A1680 Type lmp_006 Mass 12.01 Resnr 0 Resname R01 Charge 0.02131
5760 Name 1:R01:A1681 Type lmp_005 Mass 12.01 Resnr 0 Resname R01 Charge 0.02031
5761 Name 1:R01:A1682 Type lmp_005 Mass 12.01 Resnr 0 Resname R01 Charge -0.24969
5762 Name 1:R01:A1683 Type lmp_008 Mass 1.008 Resnr 0 Resname R01 Charge 0.17861
5763 Name 1:R01:A1684 Type lmp_005 Mass 12.01 Resnr 0 Resname R01 Charge -0.03239
5764 Name 1:R01:A1685 Type lmp_007 Mass 12.01 Resnr 0 Resname R01 Charge 0.03221
5765 Name 1:R01:A1686 Type lmp_009 Mass 1.008 Resnr 0 Resname R01 Charge 0.02561
5766 Name 1:R01:A1687 Type lmp_007 Mass 12.01 Resnr 0 Resname R01 Charge 0.02991
5767 Name 1:R01:A1688 Type lmp_009 Mass 1.008 Resnr 0 Resname R01 Charge 0.02761
5768 Name 1:R01:A1689 Type lmp_004 Mass 12.01 Resnr 0 Resname R01 Charge 0.05471
5769 Name 1:R01:A168a Type lmp_009 Mass 1.008 Resnr 0 Resname R01 Charge 0.00921
5770 Name 1:R01:A168b Type lmp_007 Mass 12.01 Resnr 0 Resname R01 Charge 0.00911
5771 Name 1:R01:A168c Type lmp_009 Mass 1.008 Resnr 0 Resname R01 Charge 0.03851
5772 Name 1:R01:A168d Type lmp_005 Mass 12.01 Resnr 0 Resname R01 Charge -0.12349
5773 Name 1:R01:A168e Type lmp_005 Mass 12.01 Resnr 0 Resname R01 Charge -0.12549
5774 Name 1:R01:A168f Type lmp_005 Mass 12.01 Resnr 0 Resname R01 Charge 0.03581
5775 Name 1:R01:A1690 Type lmp_003 Mass 12.01 Resnr 0 Resname R01 Charge -0.11109
5776 Name 1:R01:A1691 Type lmp_009 Mass 1.008 Resnr 0 Resname R01 Charge 0.04331
5777 Name 1:R01:A1692 Type lmp_009 Mass 1.008 Resnr 0 Resname R01 Charge 0.04331
5778 Name 1:R01:A1693 Type lmp_009 Mass 1.008 Resnr 0 Resname R01 Charge 0.04331
5779 Name 1:R01:A1694 Type lmp_005 Mass 12.01 Resnr 0 Resname R01 Charge -0.08649
5780 Name 1:R01:A1695 Type lmp_005 Mass 12.01 Resnr 0 Resname R01 Charge -0.09149
5781 Name 1:R01:A1696 Type lmp_005 Mass 12.01 Resnr 0 Resname R01 Charge 0.05181
5782 Name 1:R01:A1697 Type lmp_003 Mass 12.01 Resnr 0 Resname R01 Charge -0.10009
5783 Name 1:R01:A1698 Type lmp_009 Mass 1.008 Resnr 0 Resname R01 Charge 0.04551
5784 Name 1:R01:A1699 Type lmp_009 Mass 1.008 Resnr 0 Resname R01 Charge 0.04551
5785 Name 1:R01:A169a Type lmp_009 Mass 1.008 Resnr 0 Resname R01 Charge 0.04551
5786 Name 1:R01:A169b Type lmp_007 Mass 12.01 Resnr 0 Resname R01 Charge 0.00531
5787 Name 1:R01:A169c Type lmp_009 Mass 1.008 Resnr 0 Resname R01 Charge 0.03971
5788 Name 1:R01:A169d Type lmp_004 Mass 12.01 Resnr 0 Resname R01 Charge 0.05571
5789 Name 1:R01:A169e Type lmp_009 Mass 1.008 Resnr 0 Resname R01 Charge 0.01041
5790 Name 1:R01:A169f Type lmp_004 Mass 12.01 Resnr 0 Resname R01 Charge -0.21059
5791 Name 1:R01:A16a0 Type lmp_009 Mass 1.008 Resnr 0 Resname R01 Charge 0.05311
5792 Name 1:R01:A16a1 Type lmp_009 Mass 1.008 Resnr 0 Resname R01 Charge 0.05311
5793 Name 1:R01:A16a2 Type lmp_005 Mass 12.01 Resnr 0 Resname R01 Charge -0.04569
5794 Name 1:R01:A16a3 Type lmp_005 Mass 12.01 Resnr 0 Resname R01 Charge -0.20379
5795 Name 1:R01:A16a4 Type lmp_008 Mass 1.008 Resnr 0 Resname R01 Charge 0.15591
5796 Name 1:R01:A16a5 Type lmp_003 Mass 12.01 Resnr 0 Resname R01 Charge -0.10048
5797 Name 1:R01:A16a6 Type lmp_009 Mass 1.008 Resnr 0 Resname R01 Charge 0.02361
5798 Name 1:R01:A16a7 Type lmp_009 Mass 1.008 Resnr 0 Resname R01 Charge 0.02361
5799 Name 1:R01:A16a8 Type lmp_009 Mass 1.008 Resnr 0 Resname R01 Charge 0.02361
5800 Name 1:R01:A16a9 Type lmp_004 Mass 12.01 Resnr 0 Resname R01 Charge 0.19001
5801 Name 1:R01:A16aa Type lmp_003 Mass 12.01 Resnr 0 Resname R01 Charge -0.17889
5802 Name 1:R01:A16ab Type lmp_009 Mass 1.008 Resnr 0 Resname R01 Charge 0.04121
5803 Name 1:R01:A16ac Type lmp_009 Mass 1.008 Resnr 0 Resname R01 Charge 0.04121
5804 Name 1:R01:A16ad Type lmp_009 Mass 1.008 Resnr 0 Resname R01 Charge 0.04121
5805 Name 1:R01:A16ae Type lmp_005 Mass 12.01 Resnr 0 Resname R01 Charge 0.00401
5806 Name 1:R01:A16af Type lmp_006 Mass 12.01 Resnr 0 Resname R01 Charge 0.00111
5807 Name 1:R01:A16b0 Type lmp_005 Mass 12.01 Resnr 0 Resname R01 Charge -0.18989
5808 Name 1:R01:A16b1 Type lmp_008 Mass 1.008 Resnr 0 Resname R01 Charge 0.14431
5809 Name 1:R01:A16b2 Type lmp_005 Mass 12.01 Resnr 0 Resname R01 Charge -0.04879
5810 Name 1:R01:A16b3 Type lmp_007 Mass 12.01 Resnr 0 Resname R01 Charge 0.03141
5811 Name 1:R01:A16b4 Type lmp_009 Mass 1.008 Resnr 0 Resname R01 Charge 0.03521
5812 Name 1:R01:A16b5 Type lmp_007 Mass 12.01 Resnr 0 Resname R01 Charge 0.01591
5813 Name 1:R01:A16b6 Type lmp_009 Mass 1.008 Resnr 0 Resname R01 Charge 0.03721
5814 Name 1:R01:A16b7 Type lmp_004 Mass 12.01 Resnr 0 Resname R01 Charge 0.02141
5815 Name 1:R01:A16b8 Type lmp_009 Mass 1.008 Resnr 0 Resname R01 Charge 0.01911
5816 Name 1:R01:A16b9 Type lmp_007 Mass 12.01 Resnr 0 Resname R01 Charge 0.02241
5817 Name 1:R01:A16ba Type lmp_009 Mass 1.008 Resnr 0 Resname R01 Charge 0.03781
5818 Name 1:R01:A16bb Type lmp_007 Mass 12.01 Resnr 0 Resname R01 Charge 0.01411
5819 Name 1:R01:A16bc Type lmp_009 Mass 1.008 Resnr 0 Resname R01 Charge 0.03861
5820 Name 1:R01:A16bd Type lmp_004 Mass 12.01 Resnr 0 Resname R01 Charge 0.01111
5821 Name 1:R01:A16be Type lmp_009 Mass 1.008 Resnr 0 Resname R01 Charge 0.02341
5822 Name 1:R01:A16bf Type lmp_004 Mass 12.01 Resnr 0 Resname R01 Charge -0.10289
5823 Name 1:R01:A16c0 Type lmp_009 Mass 1.008 Resnr 0 Resname R01 Charge 0.04701
5824 Name 1:R01:A16c1 Type lmp_009 Mass 1.008 Resnr 0 Resname R01 Charge 0.04701
5825 Name 1:R01:A16c2 Type lmp_005 Mass 12.01 Resnr 0 Resname R01 Charge -0.03099
5826 Name 1:R01:A16c3 Type lmp_005 Mass 12.01 Resnr 0 Resname R01 Charge -0.25069
5827 Name 1:R01:A16c4 Type lmp_008 Mass 1.008 Resnr 0 Resname R01 Charge 0.17281
5828 Name 1:R01:A16c5 Type lmp_006 Mass 12.01 Resnr 0 Resname R01 Charge 0.02131
5829 Name 1:R01:A16c6 Type lmp_005 Mass 12.01 Resnr 0 Resname R01 Charge 0.02031
5830 Name 1:R01:A16c7 Type lmp_005 Mass 12.01 Resnr 0 Resname R01 Charge -0.24969
5831 Name 1:R01:A16c8 Type lmp_008 Mass 1.008 Resnr 0 Resname R01 Charge 0.17861
5832 Name 1:R01:A16c9 Type lmp_005 Mass 12.01 Resnr 0 Resname R01 Charge -0.03239
5833 Name 1:R01:A16ca Type lmp_007 Mass 12.01 Resnr 0 Resname R01 Charge 0.03221
5834 Name 1:R01:A16cb Type lmp_009 Mass 1.008 Resnr 0 Resname R01 Charge 0.02561
5835 Name 1:R01:A16cc Type lmp_007 Mass 12.01 Resnr 0 Resname R01 Charge 0.02991
5836 Name 1:R01:A16cd Type lmp_009 Mass 1.008 Resnr 0 Resname R01 Charge 0.02761
5837 Name 1:R01:A16ce Type lmp_004 Mass 12.01 Resnr 0 Resname R01 Charge 0.05471
5838 Name 1:R01:A16cf Type lmp_009 Mass 1.008 Resnr 0 Resname R01 Charge 0.00921
5839 Name 1:R01:A16d0 Type lmp_007 Mass 12.01 Resnr 0 Resname R01 Charge 0.00911
5840 Name 1:R01:A16d1 Type lmp_009 Mass 1.008 Resnr 0 Resname R01 Charge 0.03851
5841 Name 1:R01:A16d2 Type lmp_005 Mass 12.01 Resnr 0 Resname R01 Charge -0.12349
5842 Name 1:R01:A16d3 Type lmp_005 Mass 12.01 Resnr 0 Resname R01 Charge -0.12549
5843 Name 1:R01:A16d4 Type lmp_005 Mass 12.01 Resnr 0 Resname R01 Charge 0.03581
5844 Name 1:R01:A16d5 Type lmp_003 Mass 12.01 Resnr 0 Resname R01 Charge -0.11109
5845 Name 1:R01:A16d6 Type lmp_009 Mass 1.008 Resnr 0 Resname R01 Charge 0.04331
5846 Name 1:R01:A16d7 Type lmp_009 Mass 1.008 Resnr 0 Resname R01 Charge 0.04331
5847 Name 1:R01:A16d8 Type lmp_009 Mass 1.008 Resnr 0 Resname R01 Charge 0.04331
5848 Name 1:R01:A16d9 Type lmp_005 Mass 12.01 Resnr 0 Resname R01 Charge -0.08649
5849 Name 1:R01:A16da Type lmp_005 Mass 12.01 Resnr 0 Resname R01 Charge -0.09149
5850 Name 1:R01:A16db Type lmp_005 Mass 12.01 Resnr 0 Resname R01 Charge 0.05181
5851 Name 1:R01:A16dc Type lmp_003 Mass 12.01 Resnr 0 Resname R01 Charge -0.10009
5852 Name 1:R01:A16dd Type lmp_009 Mass 1.008 Resnr 0 Resname R01 Charge 0.04551
5853 Name 1:R01:A16de Type lmp_009 Mass 1.008 Resnr 0 Resname R01 Charge 0.04551
5854 Name 1:R01:A16df Type lmp_009 Mass 1.008 Resnr 0 Resname R01 Charge 0.04551
5855 Name 1:R01:A16e0 Type lmp_007 Mass 12.01 Resnr 0 Resname R01 Charge 0.00531
5856 Name 1:R01:A16e1 Type lmp_009 Mass 1.008 Resnr 0 Resname R01 Charge 0.03971
5857 Name 1:R01:A16e2 Type lmp_004 Mass 12.01 Resnr 0 Resname R01 Charge 0.05571
5858 Name 1:R01:A16e3 Type lmp_009 Mass 1.008 Resnr 0 Resname R01 Charge 0.01041
5859 Name 1:R01:A16e4 Type lmp_004 Mass 12.01 Resnr 0 Resname R01 Charge -0.21059
5860 Name 1:R01:A16e5 Type lmp_009 Mass 1.008 Resnr 0 Resname R01 Charge 0.05311
5861 Name 1:R01:A16e6 Type lmp_009 Mass 1.008 Resnr 0 Resname R01 Charge 0.05311
5862 Name 1:R01:A16e7 Type lmp_005 Mass 12.01 Resnr 0 Resname R01 Charge -0.04569
5863 Name 1:R01:A16e8 Type lmp_005 Mass 12.01 Resnr 0 Resname R01 Charge -0.20379
5864 Name 1:R01:A16e9 Type lmp_008 Mass 1.008 Resnr 0 Resname R01 Charge 0.15591
5865 Name 1:R01:A16ea Type lmp_003 Mass 12.01 Resnr 0 Resname R01 Charge -0.10048
5866 Name 1:R01:A16eb Type lmp_009 Mass 1.008 Resnr 0 Resname R01 Charge 0.02361
5867 Name 1:R01:A16ec Type lmp_009 Mass 1.008 Resnr 0 Resname R01 Charge 0.02361
5868 Name 1:R01:A16ed Type lmp_009 Mass 1.008 Resnr 0 Resname R01 Charge 0.02361
5869 Name 1:R01:A16ee Type lmp_004 Mass 12.01 Resnr 0 Resname R01 Charge 0.19001
5870 Name 1:R01:A16ef Type lmp_003 Mass 12.01 Resnr 0 Resname R01 Charge -0.17889
5871 Name 1:R01:A16f0 Type lmp_009 Mass 1.008 Resnr 0 Resname R01 Charge 0.04121
5872 Name 1:R01:A16f1 Type lmp_009 Mass 1.008 Resnr 0 Resname R01 Charge 0.04121
5873 Name 1:R01:A16f2 Type lmp_009 Mass 1.008 Resnr 0 Resname R01 Charge 0.04121
5874 Name 1:R01:A16f3 Type lmp_005 Mass 12.01 Resnr 0 Resname R01 Charge 0.00401
5875 Name 1:R01:A16f4 Type lmp_006 Mass 12.01 Resnr 0 Resname R01 Charge 0.00111
5876 Name 1:R01:A16f5 Type lmp_005 Mass 12.01 Resnr 0 Resname R01 Charge -0.18989
5877 Name 1:R01:A16f6 Type lmp_008 Mass 1.008 Resnr 0 Resname R01 Charge 0.14431
5878 Name 1:R01:A16f7 Type lmp_005 Mass 12.01 Resnr 0 Resname R01 Charge -0.04879
5879 Name 1:R01:A16f8 Type lmp_007 Mass 12.01 Resnr 0 Resname R01 Charge 0.03141
5880 Name 1:R01:A16f9 Type lmp_009 Mass 1.008 Resnr 0 Resname R01 Charge 0.03521
5881 Name 1:R01:A16fa Type lmp_007 Mass 12.01 Resnr 0 Resname R01 Charge 0.01591
5882 Name 1:R01:A16fb Type lmp_009 Mass 1.008 Resnr 0 Resname R01 Charge 0.03721
5883 Name 1:R01:A16fc Type lmp_004 Mass 12.01 Resnr 0 Resname R01 Charge 0.02141
5884 Name 1:R01:A16fd Type lmp_009 Mass 1.008 Resnr 0 Resname R01 Charge 0.01911
5885 Name 1:R01:A16fe Type lmp_007 Mass 12.01 Resnr 0 Resname R01 Charge 0.02241
5886 Name 1:R01:A16ff Type lmp_009 Mass 1.008 Resnr 0 Resname R01 Charge 0.03781
5887 Name 1:R01:A1700 Type lmp_007 Mass 12.01 Resnr 0 Resname R01 Charge 0.01411
5888 Name 1:R01:A1701 Type lmp_009 Mass 1.008 Resnr 0 Resname R01 Charge 0.03861
5889 Name 1:R01:A1702 Type lmp_004 Mass 12.01 Resnr 0 Resname R01 Charge 0.01111
5890 Name 1:R01:A1703 Type lmp_009 Mass 1.008 Resnr 0 Resname R01 Charge 0.02341
5891 Name 1:R01:A1704 Type lmp_004 Mass 12.01 Resnr 0 Resname R01 Charge -0.10289
5892 Name 1:R01:A1705 Type lmp_009 Mass 1.008 Resnr 0 Resname R01 Charge 0.04701
5893 Name 1:R01:A1706 Type lmp_009 Mass 1.008 Resnr 0 Resname R01 Charge 0.04701
5894 Name 1:R01:A1707 Type lmp_005 Mass 12.01 Resnr 0 Resname R01 Charge -0.03099
5895 Name 1:R01:A1708 Type lmp_005 Mass 12.01 Resnr 0 Resname R01 Charge -0.25069
5896 Name 1:R01:A1709 Type lmp_008 Mass 1.008 Resnr 0 Resname R01 Charge 0.17281
5897 Name 1:R01:A170a Type lmp_006 Mass 12.01 Resnr 0 Resname R01 Charge 0.02131
5898 Name 1:R01:A170b Type lmp_005 Mass 12.01 Resnr 0 Resname R01 Charge 0.02031
5899 Name 1:R01:A170c Type lmp_005 Mass 12.01 Resnr 0 Resname R01 Charge -0.24969
5900 Name 1:R01:A170d Type lmp_008 Mass 1.008 Resnr 0 Resname R01 Charge 0.17861
5901 Name 1:R01:A170e Type lmp_005 Mass 12.01 Resnr 0 Resname R01 Charge -0.03239
5902 Name 1:R01:A170f Type lmp_007 Mass 12.01 Resnr 0 Resname R01 Charge 0.03221
5903 Name 1:R01:A1710 Type lmp_009 Mass 1.008 Resnr 0 Resname R01 Charge 0.02561
5904 Name 1:R01:A1711 Type lmp_007 Mass 12.01 Resnr 0 Resname R01 Charge 0.02991
5905 Name 1:R01:A1712 Type lmp_009 Mass 1.008 Resnr 0 Resname R01 Charge 0.02761
5906 Name 1:R01:A1713 Type lmp_004 Mass 12.01 Resnr 0 Resname R01 Charge 0.05471
5907 Name 1:R01:A1714 Type lmp_009 Mass 1.008 Resnr 0 Resname R01 Charge 0.00921
5908 Name 1:R01:A1715 Type lmp_007 Mass 12.01 Resnr 0 Resname R01 Charge 0.00911
5909 Name 1:R01:A1716 Type lmp_009 Mass 1.008 Resnr 0 Resname R01 Charge 0.03851
5910 Name 1:R01:A1717 Type lmp_005 Mass 12.01 Resnr 0 Resname R01 Charge -0.12349
5911 Name 1:R01:A1718 Type lmp_005 Mass 12.01 Resnr 0 Resname R01 Charge -0.12549
5912 Name 1:R01:A1719 Type lmp_005 Mass 12.01 Resnr 0 Resname R01 Charge 0.03581
5913 Name 1:R01:A171a Type lmp_003 Mass 12.01 Resnr 0 Resname R01 Charge -0.11109
5914 Name 1:R01:A171b Type lmp_009 Mass 1.008 Resnr 0 Resname R01 Charge 0.04331
5915 Name 1:R01:A171c Type lmp_009 Mass 1.008 Resnr 0 Resname R01 Charge 0.04331
5916 Name 1:R01:A171d Type lmp_009 Mass 1.008 Resnr 0 Resname R01 Charge 0.04331
5917 Name 1:R01:A171e Type lmp_005 Mass 12.01 Resnr 0 Resname R01 Charge -0.08649
5918 Name 1:R01:A171f Type lmp_005 Mass 12.01 Resnr 0 Resname R01 Charge -0.09149
5919 Name 1:R01:A1720 Type lmp_005 Mass 12.01 Resnr 0 Resname R01 Charge 0.05181
5920 Name 1:R01:A1721 Type lmp_003 Mass 12.01 Resnr 0 Resname R01 Charge -0.10009
5921 Name 1:R01:A1722 Type lmp_009 Mass 1.008 Resnr 0 Resname R01 Charge 0.04551
5922 Name 1:R01:A1723 Type lmp_009 Mass 1.008 Resnr 0 Resname R01 Charge 0.04551
5923 Name 1:R01:A1724 Type lmp_009 Mass 1.008 Resnr 0 Resname R01 Charge 0.04551
5924 Name 1:R01:A1725 Type lmp_007 Mass 12.01 Resnr 0 Resname R01 Charge 0.00531
5925 Name 1:R01:A1726 Type lmp_009 Mass 1.008 Resnr 0 Resname R01 Charge 0.03971
5926 Name 1:R01:A1727 Type lmp_004 Mass 12.01 Resnr 0 Resname R01 Charge 0.05571
5927 Name 1:R01:A1728 Type lmp_009 Mass 1.008 Resnr 0 Resname R01 Charge 0.01041
5928 Name 1:R01:A1729 Type lmp_004 Mass 12.01 Resnr 0 Resname R01 Charge -0.21059
5929 Name 1:R01:A172a Type lmp_009 Mass 1.008 Resnr 0 Resname R01 Charge 0.05311
5930 Name 1:R01:A172b Type lmp_009 Mass 1.008 Resnr 0 Resname R01 Charge 0.05311
5931 Name 1:R01:A172c Type lmp_005 Mass 12.01 Resnr 0 Resname R01 Charge -0.04569
5932 Name 1:R01:A172d Type lmp_005 Mass 12.01 Resnr 0 Resname R01 Charge -0.20379
5933 Name 1:R01:A172e Type lmp_008 Mass 1.008 Resnr 0 Resname R01 Charge 0.15591
5934 Name 1:R01:A172f Type lmp_003 Mass 12.01 Resnr 0 Resname R01 Charge -0.10048
5935 Name 1:R01:A1730 Type lmp_009 Mass 1.008 Resnr 0 Resname R01 Charge 0.02361
5936 Name 1:R01:A1731 Type lmp_009 Mass 1.008 Resnr 0 Resname R01 Charge 0.02361
5937 Name 1:R01:A1732 Type lmp_009 Mass 1.008 Resnr 0 Resname R01 Charge 0.02361
5938 Name 1:R01:A1733 Type lmp_004 Mass 12.01 Resnr 0 Resname R01 Charge 0.19001
5939 Name 1:R01:A1734 Type lmp_003 Mass 12.01 Resnr 0 Resname R01 Charge -0.17889
5940 Name 1:R01:A1735 Type lmp_009 Mass 1.008 Resnr 0 Resname R01 Charge 0.04121
5941 Name 1:R01:A1736 Type lmp_009 Mass 1.008 Resnr 0 Resname R01 Charge 0.04121
5942 Name 1:R01:A1737 Type lmp_009 Mass 1.008 Resnr 0 Resname R01 Charge 0.04121
5943 Name 1:R01:A1738 Type lmp_005 Mass 12.01 Resnr 0 Resname R01 Charge 0.00401
5944 Name 1:R01:A1739 Type lmp_006 Mass 12.01 Resnr 0 Resname R01 Charge 0.00111
5945 Name 1:R01:A173a Type lmp_005 Mass 12.01 Resnr 0 Resname R01 Charge -0.18989
5946 Name 1:R01:A173b Type lmp_008 Mass 1.008 Resnr 0 Resname R01 Charge 0.14431
5947 Name 1:R01:A173c Type lmp_005 Mass 12.01 Resnr 0 Resname R01 Charge -0.04879
5948 Name 1:R01:A173d Type lmp_007 Mass 12.01 Resnr 0 Resname R01 Charge 0.03141
5949 Name 1:R01:A173e Type lmp_009 Mass 1.008 Resnr 0 Resname R01 Charge 0.03521
5950 Name 1:R01:A173f Type lmp_007 Mass 12.01 Resnr 0 Resname R01 Charge 0.01591
5951 Name 1:R01:A1740 Type lmp_009 Mass 1.008 Resnr 0 Resname R01 Charge 0.03721
5952 Name 1:R01:A1741 Type lmp_004 Mass 12.01 Resnr 0 Resname R01 Charge 0.02141
5953 Name 1:R01:A1742 Type lmp_009 Mass 1.008 Resnr 0 Resname R01 Charge 0.01911
5954 Name 1:R01:A1743 Type lmp_007 Mass 12.01 Resnr 0 Resname R01 Charge 0.02241
5955 Name 1:R01:A1744 Type lmp_009 Mass 1.008 Resnr 0 Resname R01 Charge 0.03781
5956 Name 1:R01:A1745 Type lmp_007 Mass 12.01 Resnr 0 Resname R01 Charge 0.01411
5957 Name 1:R01:A1746 Type lmp_009 Mass 1.008 Resnr 0 Resname R01 Charge 0.03861
5958 Name 1:R01:A1747 Type lmp_004 Mass 12.01 Resnr 0 Resname R01 Charge 0.01111
5959 Name 1:R01:A1748 Type lmp_009 Mass 1.008 Resnr 0 Resname R01 Charge 0.02341
5960 Name 1:R01:A1749 Type lmp_004 Mass 12.01 Resnr 0 Resname R01 Charge -0.10289
5961 Name 1:R01:A174a Type lmp_009 Mass 1.008 Resnr 0 Resname R01 Charge 0.04701
5962 Name 1:R01:A174b Type lmp_009 Mass 1.008 Resnr 0 Resname R01 Charge 0.04701
5963 Name 1:R01:A174c Type lmp_005 Mass 12.01 Resnr 0 Resname R01 Charge -0.03099
5964 Name 1:R01:A174d Type lmp_005 Mass 12.01 Resnr 0 Resname R01 Charge -0.25069
5965 Name 1:R01:A174e Type lmp_008 Mass 1.008 Resnr 0 Resname R01 Charge 0.17281
5966 Name 1:R01:A174f Type lmp_006 Mass 12.01 Resnr 0 Resname R01 Charge 0.02131
5967 Name 1:R01:A1750 Type lmp_005 Mass 12.01 Resnr 0 Resname R01 Charge 0.02031
5968 Name 1:R01:A1751 Type lmp_005 Mass 12.01 Resnr 0 Resname R01 Charge -0.24969
5969 Name 1:R01:A1752 Type lmp_008 Mass 1.008 Resnr 0 Resname R01 Charge 0.17861
5970 Name 1:R01:A1753 Type lmp_005 Mass 12.01 Resnr 0 Resname R01 Charge -0.03239
5971 Name 1:R01:A1754 Type lmp_007 Mass 12.01 Resnr 0 Resname R01 Charge 0.03221
5972 Name 1:R01:A1755 Type lmp_009 Mass 1.008 Resnr 0 Resname R01 Charge 0.02561
5973 Name 1:R01:A1756 Type lmp_007 Mass 12.01 Resnr 0 Resname R01 Charge 0.02991
5974 Name 1:R01:A1757 Type lmp_009 Mass 1.008 Resnr 0 Resname R01 Charge 0.02761
5975 Name 1:R01:A1758 Type lmp_004 Mass 12.01 Resnr 0 Resname R01 Charge 0.05471
5976 Name 1:R01:A1759 Type lmp_009 Mass 1.008 Resnr 0 Resname R01 Charge 0.00921
5977 Name 1:R01:A175a Type lmp_007 Mass 12.01 Resnr 0 Resname R01 Charge 0.00911
5978 Name 1:R01:A175b Type lmp_009 Mass 1.008 Resnr 0 Resname R01 Charge 0.03851
5979 Name 1:R01:A175c Type lmp_005 Mass 12.01 Resnr 0 Resname R01 Charge -0.12349
5980 Name 1:R01:A175d Type lmp_005 Mass 12.01 Resnr 0 Resname R01 Charge -0.12549
5981 Name 1:R01:A175e Type lmp_005 Mass 12.01 Resnr 0 Resname R01 Charge 0.03581
5982 Name 1:R01:A175f Type lmp_003 Mass 12.01 Resnr 0 Resname R01 Charge -0.11109
5983 Name 1:R01:A1760 Type lmp_009 Mass 1.008 Resnr 0 Resname R01 Charge 0.04331
5984 Name 1:R01:A1761 Type lmp_009 Mass 1.008 Resnr 0 Resname R01 Charge 0.04331
5985 Name 1:R01:A1762 Type lmp_009 Mass 1.008 Resnr 0 Resname R01 Charge 0.04331
5986 Name 1:R01:A1763 Type lmp_005 Mass 12.01 Resnr 0 Resname R01 Charge -0.08649
5987 Name 1:R01:A1764 Type lmp_005 Mass 12.01 Resnr 0 Resname R01 Charge -0.09149
5988 Name 1:R01:A1765 Type lmp_005 Mass 12.01 Resnr 0 Resname R01 Charge 0.05181
5989 Name 1:R01:A1766 Type lmp_003 Mass 12.01 Resnr 0 Resname R01 Charge -0.10009
5990 Name 1:R01:A1767 Type lmp_009 Mass 1.008 Resnr 0 Resname R01 Charge 0.04551
5991 Name 1:R01:A1768 Type lmp_009 Mass 1.008 Resnr 0 Resname R01 Charge 0.04551
5992 Name 1:R01:A1769 Type lmp_009 Mass 1.008 Resnr 0 Resname R01 Charge 0.04551
5993 Name 1:R01:A176a Type lmp_007 Mass 12.01 Resnr 0 Resname R01 Charge 0.00531
5994 Name 1:R01:A176b Type lmp_009 Mass 1.008 Resnr 0 Resname R01 Charge 0.03971
5995 Name 1:R01:A176c Type lmp_004 Mass 12.01 Resnr 0 Resname R01 Charge 0.05571
5996 Name 1:R01:A176d Type lmp_009 Mass 1.008 Resnr 0 Resname R01 Charge 0.01041
5997 Name 1:R01:A176e Type lmp_004 Mass 12.01 Resnr 0 Resname R01 Charge -0.21059
5998 Name 1:R01:A176f Type lmp_009 Mass 1.008 Resnr 0 Resname R01 Charge 0.05311
5999 Name 1:R01:A1770 Type lmp_009 Mass 1.008 Resnr 0 Resname R01 Charge 0.05311
6000 Name 1:R01:A1771 Type lmp_005 Mass 12.01 Resnr 0 Resname R01 Charge -0.04569
6001 Name 1:R01:A1772 Type lmp_005 Mass 12.01 Resnr 0 Resname R01 Charge -0.20379
6002 Name 1:R01:A1773 Type lmp_008 Mass 1.008 Resnr 0 Resname R01 Charge 0.15591
6003 Name 1:R01:A1774 Type lmp_003 Mass 12.01 Resnr 0 Resname R01 Charge -0.10048
6004 Name 1:R01:A1775 Type lmp_009 Mass 1.008 Resnr 0 Resname R01 Charge 0.02361
6005 Name 1:R01:A1776 Type lmp_009 Mass 1.008 Resnr 0 Resname R01 Charge 0.02361
6006 Name 1:R01:A1777 Type lmp_009 Mass 1.008 Resnr 0 Resname R01 Charge 0.02361
6007 Name 1:R01:A1778 Type lmp_004 Mass 12.01 Resnr 0 Resname R01 Charge 0.19001
6008 Name 1:R01:A1779 Type lmp_003 Mass 12.01 Resnr 0 Resname R01 Charge -0.17889
6009 Name 1:R01:A177a Type lmp_009 Mass 1.008 Resnr 0 Resname R01 Charge 0.04121
6010 Name 1:R01:A177b Type lmp_009 Mass 1.008 Resnr 0 Resname R01 Charge 0.04121
6011 Name 1:R01:A177c Type lmp_009 Mass 1.008 Resnr 0 Resname R01 Charge 0.04121
6012 Name 1:R01:A177d Type lmp_005 Mass 12.01 Resnr 0 Resname R01 Charge 0.00401
6013 Name 1:R01:A177e Type lmp_006 Mass 12.01 Resnr 0 Resname R01 Charge 0.00111
6014 Name 1:R01:A177f Type lmp_005 Mass 12.01 Resnr 0 Resname R01 Charge -0.18989
6015 Name 1:R01:A1780 Type lmp_008 Mass 1.008 Resnr 0 Resname R01 Charge 0.14431
6016 Name 1:R01:A1781 Type lmp_005 Mass 12.01 Resnr 0 Resname R01 Charge -0.04879
6017 Name 1:R01:A1782 Type lmp_007 Mass 12.01 Resnr 0 Resname R01 Charge 0.03141
6018 Name 1:R01:A1783 Type lmp_009 Mass 1.008 Resnr 0 Resname R01 Charge 0.03521
6019 Name 1:R01:A1784 Type lmp_007 Mass 12.01 Resnr 0 Resname R01 Charge 0.01591
6020 Name 1:R01:A1785 Type lmp_009 Mass 1.008 Resnr 0 Resname R01 Charge 0.03721
6021 Name 1:R01:A1786 Type lmp_004 Mass 12.01 Resnr 0 Resname R01 Charge 0.02141
6022 Name 1:R01:A1787 Type lmp_009 Mass 1.008 Resnr 0 Resname R01 Charge 0.01911
6023 Name 1:R01:A1788 Type lmp_007 Mass 12.01 Resnr 0 Resname R01 Charge 0.02241
6024 Name 1:R01:A1789 Type lmp_009 Mass 1.008 Resnr 0 Resname R01 Charge 0.03781
6025 Name 1:R01:A178a Type lmp_007 Mass 12.01 Resnr 0 Resname R01 Charge 0.01411
6026 Name 1:R01:A178b Type lmp_009 Mass 1.008 Resnr 0 Resname R01 Charge 0.03861
6027 Name 1:R01:A178c Type lmp_004 Mass 12.01 Resnr 0 Resname R01 Charge 0.01111
6028 Name 1:R01:A178d Type lmp_009 Mass 1.008 Resnr 0 Resname R01 Charge 0.02341
6029 Name 1:R01:A178e Type lmp_004 Mass 12.01 Resnr 0 Resname R01 Charge -0.10289
6030 Name 1:R01:A178f Type lmp_009 Mass 1.008 Resnr 0 Resname R01 Charge 0.04701
6031 Name 1:R01:A1790 Type lmp_009 Mass 1.008 Resnr 0 Resname R01 Charge 0.04701
6032 Name 1:R01:A1791 Type lmp_005 Mass 12.01 Resnr 0 Resname R01 Charge -0.03099
6033 Name 1:R01:A1792 Type lmp_005 Mass 12.01 Resnr 0 Resname R01 Charge -0.25069
6034 Name 1:R01:A1793 Type lmp_008 Mass 1.008 Resnr 0 Resname R01 Charge 0.17281
6035 Name 1:R01:A1794 Type lmp_006 Mass 12.01 Resnr 0 Resname R01 Charge 0.02131
6036 Name 1:R01:A1795 Type lmp_005 Mass 12.01 Resnr 0 Resname R01 Charge 0.02031
6037 Name 1:R01:A1796 Type lmp_005 Mass 12.01 Resnr 0 Resname R01 Charge -0.24969
6038 Name 1:R01:A1797 Type lmp_008 Mass 1.008 Resnr 0 Resname R01 Charge 0.17861
6039 Name 1:R01:A1798 Type lmp_005 Mass 12.01 Resnr 0 Resname R01 Charge -0.03239
6040 Name 1:R01:A1799 Type lmp_007 Mass 12.01 Resnr 0 Resname R01 Charge 0.03221
6041 Name 1:R01:A179a Type lmp_009 Mass 1.008 Resnr 0 Resname R01 Charge 0.02561
6042 Name 1:R01:A179b Type lmp_007 Mass 12.01 Resnr 0 Resname R01 Charge 0.02991
6043 Name 1:R01:A179c Type lmp_009 Mass 1.008 Resnr 0 Resname R01 Charge 0.02761
6044 Name 1:R01:A179d Type lmp_004 Mass 12.01 Resnr 0 Resname R01 Charge 0.05471
6045 Name 1:R01:A179e Type lmp_009 Mass 1.008 Resnr 0 Resname R01 Charge 0.00921
6046 Name 1:R01:A179f Type lmp_007 Mass 12.01 Resnr 0 Resname R01 Charge 0.00911
6047 Name 1:R01:A17a0 Type lmp_009 Mass 1.008 Resnr 0 Resname R01 Charge 0.03851
6048 Name 1:R01:A17a1 Type lmp_005 Mass 12.01 Resnr 0 Resname R01 Charge -0.12349
6049 Name 1:R01:A17a2 Type lmp_005 Mass 12.01 Resnr 0 Resname R01 Charge -0.12549
6050 Name 1:R01:A17a3 Type lmp_005 Mass 12.01 Resnr 0 Resname R01 Charge 0.03581
6051 Name 1:R01:A17a4 Type lmp_003 Mass 12.01 Resnr 0 Resname R01 Charge -0.11109
6052 Name 1:R01:A17a5 Type lmp_009 Mass 1.008 Resnr 0 Resname R01 Charge 0.04331
6053 Name 1:R01:A17a6 Type lmp_009 Mass 1.008 Resnr 0 Resname R01 Charge 0.04331
6054 Name 1:R01:A17a7 Type lmp_009 Mass 1.008 Resnr 0 Resname R01 Charge 0.04331
6055 Name 1:R01:A17a8 Type lmp_005 Mass 12.01 Resnr 0 Resname R01 Charge -0.08649
6056 Name 1:R01:A17a9 Type lmp_005 Mass 12.01 Resnr 0 Resname R01 Charge -0.09149
6057 Name 1:R01:A17aa Type lmp_005 Mass 12.01 Resnr 0 Resname R01 Charge 0.05181
6058 Name 1:R01:A17ab Type lmp_003 Mass 12.01 Resnr 0 Resname R01 Charge -0.10009
6059 Name 1:R01:A17ac Type lmp_009 Mass 1.008 Resnr 0 Resname R01 Charge 0.04551
6060 Name 1:R01:A17ad Type lmp_009 Mass 1.008 Resnr 0 Resname R01 Charge 0.04551
6061 Name 1:R01:A17ae Type lmp_009 Mass 1.008 Resnr 0 Resname R01 Charge 0.04551
6062 Name 1:R01:A17af Type lmp_007 Mass 12.01 Resnr 0 Resname R01 Charge 0.00531
6063 Name 1:R01:A17b0 Type lmp_009 Mass 1.008 Resnr 0 Resname R01 Charge 0.03971
6064 Name 1:R01:A17b1 Type lmp_004 Mass 12.01 Resnr 0 Resname R01 Charge 0.05571
6065 Name 1:R01:A17b2 Type lmp_009 Mass 1.008 Resnr 0 Resname R01 Charge 0.01041
6066 Name 1:R01:A17b3 Type lmp_004 Mass 12.01 Resnr 0 Resname R01 Charge -0.21059
6067 Name 1:R01:A17b4 Type lmp_009 Mass 1.008 Resnr 0 Resname R01 Charge 0.05311
6068 Name 1:R01:A17b5 Type lmp_009 Mass 1.008 Resnr 0 Resname R01 Charge 0.05311
6069 Name 1:R01:A17b6 Type lmp_005 Mass 12.01 Resnr 0 Resname R01 Charge -0.04569
6070 Name 1:R01:A17b7 Type lmp_005 Mass 12.01 Resnr 0 Resname R01 Charge -0.20379
6071 Name 1:R01:A17b8 Type lmp_008 Mass 1.008 Resnr 0 Resname R01 Charge 0.15591
6072 Name 1:R01:A17b9 Type lmp_003 Mass 12.01 Resnr 0 Resname R01 Charge -0.10048
6073 Name 1:R01:A17ba Type lmp_009 Mass 1.008 Resnr 0 Resname R01 Charge 0.02361
6074 Name 1:R01:A17bb Type lmp_009 Mass 1.008 Resnr 0 Resname R01 Charge 0.02361
6075 Name 1:R01:A17bc Type lmp_009 Mass 1.008 Resnr 0 Resname R01 Charge 0.02361
6076 Name 1:R01:A17bd Type lmp_004 Mass 12.01 Resnr 0 Resname R01 Charge 0.19001
6077 Name 1:R01:A17be Type lmp_003 Mass 12.01 Resnr 0 Resname R01 Charge -0.17889
6078 Name 1:R01:A17bf Type lmp_009 Mass 1.008 Resnr 0 Resname R01 Charge 0.04121
6079 Name 1:R01:A17c0 Type lmp_009 Mass 1.008 Resnr 0 Resname R01 Charge 0.04121
6080 Name 1:R01:A17c1 Type lmp_009 Mass 1.008 Resnr 0 Resname R01 Charge 0.04121
6081 Name 1:R01:A17c2 Type lmp_005 Mass 12.01 Resnr 0 Resname R01 Charge 0.00401
6082 Name 1:R01:A17c3 Type lmp_006 Mass 12.01 Resnr 0 Resname R01 Charge 0.00111
6083 Name 1:R01:A17c4 Type lmp_005 Mass 12.01 Resnr 0 Resname R01 Charge -0.18989
6084 Name 1:R01:A17c5 Type lmp_008 Mass 1.008 Resnr 0 Resname R01 Charge 0.14431
6085 Name 1:R01:A17c6 Type lmp_005 Mass 12.01 Resnr 0 Resname R01 Charge -0.04879
6086 Name 1:R01:A17c7 Type lmp_007 Mass 12.01 Resnr 0 Resname R01 Charge 0.03141
6087 Name 1:R01:A17c8 Type lmp_009 Mass 1.008 Resnr 0 Resname R01 Charge 0.03521
6088 Name 1:R01:A17c9 Type lmp_007 Mass 12.01 Resnr 0 Resname R01 Charge 0.01591
6089 Name 1:R01:A17ca Type lmp_009 Mass 1.008 Resnr 0 Resname R01 Charge 0.03721
6090 Name 1:R01:A17cb Type lmp_004 Mass 12.01 Resnr 0 Resname R01 Charge 0.02141
6091 Name 1:R01:A17cc Type lmp_009 Mass 1.008 Resnr 0 Resname R01 Charge 0.01911
6092 Name 1:R01:A17cd Type lmp_007 Mass 12.01 Resnr 0 Resname R01 Charge 0.02241
6093 Name 1:R01:A17ce Type lmp_009 Mass 1.008 Resnr 0 Resname R01 Charge 0.03781
6094 Name 1:R01:A17cf Type lmp_007 Mass 12.01 Resnr 0 Resname R01 Charge 0.01411
6095 Name 1:R01:A17d0 Type lmp_009 Mass 1.008 Resnr 0 Resname R01 Charge 0.03861
6096 Name 1:R01:A17d1 Type lmp_004 Mass 12.01 Resnr 0 Resname R01 Charge 0.01111
6097 Name 1:R01:A17d2 Type lmp_009 Mass 1.008 Resnr 0 Resname R01 Charge 0.02341
6098 Name 1:R01:A17d3 Type lmp_004 Mass 12.01 Resnr 0 Resname R01 Charge -0.10289
6099 Name 1:R01:A17d4 Type lmp_009 Mass 1.008 Resnr 0 Resname R01 Charge 0.04701
6100 Name 1:R01:A17d5 Type lmp_009 Mass 1.008 Resnr 0 Resname R01 Charge 0.04701
6101 Name 1:R01:A17d6 Type lmp_005 Mass 12.01 Resnr 0 Resname R01 Charge -0.03099
6102 Name 1:R01:A17d7 Type lmp_005 Mass 12.01 Resnr 0 Resname R01 Charge -0.25069
6103 Name 1:R01:A17d8 Type lmp_008 Mass 1.008 Resnr 0 Resname R01 Charge 0.17281
6104 Name 1:R01:A17d9 Type lmp_006 Mass 12.01 Resnr 0 Resname R01 Charge 0.02131
6105 Name 1:R01:A17da Type lmp_005 Mass 12.01 Resnr 0 Resname R01 Charge 0.02031
6106 Name 1:R01:A17db Type lmp_005 Mass 12.01 Resnr 0 Resname R01 Charge -0.24969
6107 Name 1:R01:A17dc Type lmp_008 Mass 1.008 Resnr 0 Resname R01 Charge 0.17861
6108 Name 1:R01:A17dd Type lmp_005 Mass 12.01 Resnr 0 Resname R01 Charge -0.03239
6109 Name 1:R01:A17de Type lmp_007 Mass 12.01 Resnr 0 Resname R01 Charge 0.03221
6110 Name 1:R01:A17df Type lmp_009 Mass 1.008 Resnr 0 Resname R01 Charge 0.02561
6111 Name 1:R01:A17e0 Type lmp_007 Mass 12.01 Resnr 0 Resname R01 Charge 0.02991
6112 Name 1:R01:A17e1 Type lmp_009 Mass 1.008 Resnr 0 Resname R01 Charge 0.02761
6113 Name 1:R01:A17e2 Type lmp_004 Mass 12.01 Resnr 0 Resname R01 Charge 0.05471
6114 Name 1:R01:A17e3 Type lmp_009 Mass 1.008 Resnr 0 Resname R01 Charge 0.00921
6115 Name 1:R01:A17e4 Type lmp_007 Mass 12.01 Resnr 0 Resname R01 Charge 0.00911
6116 Name 1:R01:A17e5 Type lmp_009 Mass 1.008 Resnr 0 Resname R01 Charge 0.03851
6117 Name 1:R01:A17e6 Type lmp_005 Mass 12.01 Resnr 0 Resname R01 Charge -0.12349
6118 Name 1:R01:A17e7 Type lmp_005 Mass 12.01 Resnr 0 Resname R01 Charge -0.12549
6119 Name 1:R01:A17e8 Type lmp_005 Mass 12.01 Resnr 0 Resname R01 Charge 0.03581
6120 Name 1:R01:A17e9 Type lmp_003 Mass 12.01 Resnr 0 Resname R01 Charge -0.11109
6121 Name 1:R01:A17ea Type lmp_009 Mass 1.008 Resnr 0 Resname R01 Charge 0.04331
6122 Name 1:R01:A17eb Type lmp_009 Mass 1.008 Resnr 0 Resname R01 Charge 0.04331
6123 Name 1:R01:A17ec Type lmp_009 Mass 1.008 Resnr 0 Resname R01 Charge 0.04331
6124 Name 1:R01:A17ed Type lmp_005 Mass 12.01 Resnr 0 Resname R01 Charge -0.08649
6125 Name 1:R01:A17ee Type lmp_005 Mass 12.01 Resnr 0 Resname R01 Charge -0.09149
6126 Name 1:R01:A17ef Type lmp_005 Mass 12.01 Resnr 0 Resname R01 Charge 0.05181
6127 Name 1:R01:A17f0 Type lmp_003 Mass 12.01 Resnr 0 Resname R01 Charge -0.10009
6128 Name 1:R01:A17f1 Type lmp_009 Mass 1.008 Resnr 0 Resname R01 Charge 0.04551
6129 Name 1:R01:A17f2 Type lmp_009 Mass 1.008 Resnr 0 Resname R01 Charge 0.04551
6130 Name 1:R01:A17f3 Type lmp_009 Mass 1.008 Resnr 0 Resname R01 Charge 0.04551
6131 Name 1:R01:A17f4 Type lmp_007 Mass 12.01 Resnr 0 Resname R01 Charge 0.00531
6132 Name 1:R01:A17f5 Type lmp_009 Mass 1.008 Resnr 0 Resname R01 Charge 0.03971
6133 Name 1:R01:A17f6 Type lmp_004 Mass 12.01 Resnr 0 Resname R01 Charge 0.05571
6134 Name 1:R01:A17f7 Type lmp_009 Mass 1.008 Resnr 0 Resname R01 Charge 0.01041
6135 Name 1:R01:A17f8 Type lmp_004 Mass 12.01 Resnr 0 Resname R01 Charge -0.21059
6136 Name 1:R01:A17f9 Type lmp_009 Mass 1.008 Resnr 0 Resname R01 Charge 0.05311
6137 Name 1:R01:A17fa Type lmp_009 Mass 1.008 Resnr 0 Resname R01 Charge 0.05311
6138 Name 1:R01:A17fb Type lmp_005 Mass 12.01 Resnr 0 Resname R01 Charge -0.04569
6139 Name 1:R01:A17fc Type lmp_005 Mass 12.01 Resnr 0 Resname R01 Charge -0.20379
6140 Name 1:R01:A17fd Type lmp_008 Mass 1.008 Resnr 0 Resname R01 Charge 0.15591
6141 Name 1:R01:A17fe Type lmp_003 Mass 12.01 Resnr 0 Resname R01 Charge -0.10048
6142 Name 1:R01:A17ff Type lmp_009 Mass 1.008 Resnr 0 Resname R01 Charge 0.02361
6143 Name 1:R01:A1800 Type lmp_009 Mass 1.008 Resnr 0 Resname R01 Charge 0.02361
6144 Name 1:R01:A1801 Type lmp_009 Mass 1.008 Resnr 0 Resname R01 Charge 0.02361
6145 Name 1:R01:A1802 Type lmp_004 Mass 12.01 Resnr 0 Resname R01 Charge 0.19001
6146 Name 1:R01:A1803 Type lmp_003 Mass 12.01 Resnr 0 Resname R01 Charge -0.17889
6147 Name 1:R01:A1804 Type lmp_009 Mass 1.008 Resnr 0 Resname R01 Charge 0.04121
6148 Name 1:R01:A1805 Type lmp_009 Mass 1.008 Resnr 0 Resname R01 Charge 0.04121
6149 Name 1:R01:A1806 Type lmp_009 Mass 1.008 Resnr 0 Resname R01 Charge 0.04121
6150 Name 1:R01:A1807 Type lmp_005 Mass 12.01 Resnr 0 Resname R01 Charge 0.00401
6151 Name 1:R01:A1808 Type lmp_006 Mass 12.01 Resnr 0 Resname R01 Charge 0.00111
6152 Name 1:R01:A1809 Type lmp_005 Mass 12.01 Resnr 0 Resname R01 Charge -0.18989
6153 Name 1:R01:A180a Type lmp_008 Mass 1.008 Resnr 0 Resname R01 Charge 0.14431
6154 Name 1:R01:A180b Type lmp_005 Mass 12.01 Resnr 0 Resname R01 Charge -0.04879
6155 Name 1:R01:A180c Type lmp_007 Mass 12.01 Resnr 0 Resname R01 Charge 0.03141
6156 Name 1:R01:A180d Type lmp_009 Mass 1.008 Resnr 0 Resname R01 Charge 0.03521
6157 Name 1:R01:A180e Type lmp_007 Mass 12.01 Resnr 0 Resname R01 Charge 0.01591
6158 Name 1:R01:A180f Type lmp_009 Mass 1.008 Resnr 0 Resname R01 Charge 0.03721
6159 Name 1:R01:A1810 Type lmp_004 Mass 12.01 Resnr 0 Resname R01 Charge 0.02141
6160 Name 1:R01:A1811 Type lmp_009 Mass 1.008 Resnr 0 Resname R01 Charge 0.01911
6161 Name 1:R01:A1812 Type lmp_001 Mass 12.01 Resnr 0 Resname R01 Charge 0.02241
6162 Name 1:R01:A1813 Type lmp_009 Mass 1.008 Resnr 0 Resname R01 Charge 0.03781
6163 Name 1:R01:A1814 Type lmp_001 Mass 12.01 Resnr 0 Resname R01 Charge 0.01411
6164 Name 1:R01:A1815 Type lmp_009 Mass 1.008 Resnr 0 Resname R01 Charge 0.03861
6165 Name 1:R01:A1816 Type lmp_004 Mass 12.01 Resnr 0 Resname R01 Charge 0.01111
6166 Name 1:R01:A1817 Type lmp_009 Mass 1.008 Resnr 0 Resname R01 Charge 0.02341
6167 Name 1:R01:A1818 Type lmp_004 Mass 12.01 Resnr 0 Resname R01 Charge -0.10289
6168 Name 1:R01:A1819 Type lmp_009 Mass 1.008 Resnr 0 Resname R01 Charge 0.04701
6169 Name 1:R01:A181a Type lmp_009 Mass 1.008 Resnr 0 Resname R01 Charge 0.04701
6170 Name 1:R01:A181b Type lmp_005 Mass 12.01 Resnr 0 Resname R01 Charge -0.03099
6171 Name 1:R01:A181c Type lmp_005 Mass 12.01 Resnr 0 Resname R01 Charge -0.25069
6172 Name 1:R01:A181d Type lmp_008 Mass 1.008 Resnr 0 Resname R01 Charge 0.17281
6173 Name 1:R01:A181e Type lmp_006 Mass 12.01 Resnr 0 Resname R01 Charge 0.02131
6174 Name 1:R01:A181f Type lmp_005 Mass 12.01 Resnr 0 Resname R01 Charge 0.02031
6175 Name 1:R01:A1820 Type lmp_005 Mass 12.01 Resnr 0 Resname R01 Charge -0.24969
6176 Name 1:R01:A1821 Type lmp_008 Mass 1.008 Resnr 0 Resname R01 Charge 0.17861
6177 Name 1:R01:A1822 Type lmp_005 Mass 12.01 Resnr 0 Resname R01 Charge -0.03239
6178 Name 1:R01:A1823 Type lmp_007 Mass 12.01 Resnr 0 Resname R01 Charge 0.03221
6179 Name 1:R01:A1824 Type lmp_009 Mass 1.008 Resnr 0 Resname R01 Charge 0.02561
6180 Name 1:R01:A1825 Type lmp_007 Mass 12.01 Resnr 0 Resname R01 Charge 0.02991
6181 Name 1:R01:A1826 Type lmp_009 Mass 1.008 Resnr 0 Resname R01 Charge 0.02761
6182 Name 1:R01:A1827 Type lmp_004 Mass 12.01 Resnr 0 Resname R01 Charge 0.05471
6183 Name 1:R01:A1828 Type lmp_009 Mass 1.008 Resnr 0 Resname R01 Charge 0.00921
6184 Name 1:R01:A1829 Type lmp_007 Mass 12.01 Resnr 0 Resname R01 Charge 0.00911
6185 Name 1:R01:A182a Type lmp_009 Mass 1.008 Resnr 0 Resname R01 Charge 0.03851
6186 Name 1:R01:A182b Type lmp_005 Mass 12.01 Resnr 0 Resname R01 Charge -0.12349
6187 Name 1:R01:A182c Type lmp_005 Mass 12.01 Resnr 0 Resname R01 Charge -0.12549
6188 Name 1:R01:A182d Type lmp_005 Mass 12.01 Resnr 0 Resname R01 Charge 0.03581
6189 Name 1:R01:A182e Type lmp_003 Mass 12.01 Resnr 0 Resname R01 Charge -0.11109
6190 Name 1:R01:A182f Type lmp_009 Mass 1.008 Resnr 0 Resname R01 Charge 0.04331
6191 Name 1:R01:A1830 Type lmp_009 Mass 1.008 Resnr 0 Resname R01 Charge 0.04331
6192 Name 1:R01:A1831 Type lmp_009 Mass 1.008 Resnr 0 Resname R01 Charge 0.04331
6193 Name 1:R01:A1832 Type lmp_005 Mass 12.01 Resnr 0 Resname R01 Charge -0.08649
6194 Name 1:R01:A1833 Type lmp_005 Mass 12.01 Resnr 0 Resname R01 Charge -0.09149
6195 Name 1:R01:A1834 Type lmp_005 Mass 12.01 Resnr 0 Resname R01 Charge 0.05181
6196 Name 1:R01:A1835 Type lmp_003 Mass 12.01 Resnr 0 Resname R01 Charge -0.10009
6197 Name 1:R01:A1836 Type lmp_009 Mass 1.008 Resnr 0 Resname R01 Charge 0.04551
6198 Name 1:R01:A1837 Type lmp_009 Mass 1.008 Resnr 0 Resname R01 Charge 0.04551
6199 Name 1:R01:A1838 Type lmp_009 Mass 1.008 Resnr 0 Resname R01 Charge 0.04551
6200 Name 1:R01:A1839 Type lmp_007 Mass 12.01 Resnr 0 Resname R01 Charge 0.00531
6201 Name 1:R01:A183a Type lmp_009 Mass 1.008 Resnr 0 Resname R01 Charge 0.03971
6202 Name 1:R01:A183b Type lmp_004 Mass 12.01 Resnr 0 Resname R01 Charge 0.05571
6203 Name 1:R01:A183c Type lmp_009 Mass 1.008 Resnr 0 Resname R01 Charge 0.01041
6204 Name 1:R01:A183d Type lmp_004 Mass 12.01 Resnr 0 Resname R01 Charge -0.21059
6205 Name 1:R01:A183e Type lmp_009 Mass 1.008 Resnr 0 Resname R01 Charge 0.05311
6206 Name 1:R01:A183f Type lmp_009 Mass 1.008 Resnr 0 Resname R01 Charge 0.05311
6207 Name 1:R01:A1840 Type lmp_005 Mass 12.01 Resnr 0 Resname R01 Charge -0.04569
6208 Name 1:R01:A1841 Type lmp_005 Mass 12.01 Resnr 0 Resname R01 Charge -0.20379
6209 Name 1:R01:A1842 Type lmp_008 Mass 1.008 Resnr 0 Resname R01 Charge 0.15591
6210 Name 1:R01:A1843 Type lmp_003 Mass 12.01 Resnr 0 Resname R01 Charge -0.10048
6211 Name 1:R01:A1844 Type lmp_009 Mass 1.008 Resnr 0 Resname R01 Charge 0.02361
6212 Name 1:R01:A1845 Type lmp_009 Mass 1.008 Resnr 0 Resname R01 Charge 0.02361
6213 Name 1:R01:A1846 Type lmp_009 Mass 1.008 Resnr 0 Resname R01 Charge 0.02361
6214 Name 1:R01:A1847 Type lmp_004 Mass 12.01 Resnr 0 Resname R01 Charge 0.19001
6215 Name 1:R01:A1848 Type lmp_003 Mass 12.01 Resnr 0 Resname R01 Charge -0.17889
6216 Name 1:R01:A1849 Type lmp_009 Mass 1.008 Resnr 0 Resname R01 Charge 0.04121
6217 Name 1:R01:A184a Type lmp_009 Mass 1.008 Resnr 0 Resname R01 Charge 0.04121
6218 Name 1:R01:A184b Type lmp_009 Mass 1.008 Resnr 0 Resname R01 Charge 0.04121
6219 Name 1:R01:A184c Type lmp_005 Mass 12.01 Resnr 0 Resname R01 Charge 0.00401
6220 Name 1:R01:A184d Type lmp_006 Mass 12.01 Resnr 0 Resname R01 Charge 0.00111
6221 Name 1:R01:A184e Type lmp_005 Mass 12.01 Resnr 0 Resname R01 Charge -0.18989
6222 Name 1:R01:A184f Type lmp_008 Mass 1.008 Resnr 0 Resname R01 Charge 0.14431
6223 Name 1:R01:A1850 Type lmp_005 Mass 12.01 Resnr 0 Resname R01 Charge -0.04879
6224 Name 1:R01:A1851 Type lmp_007 Mass 12.01 Resnr 0 Resname R01 Charge 0.03141
6225 Name 1:R01:A1852 Type lmp_009 Mass 1.008 Resnr 0 Resname R01 Charge 0.03521
6226 Name 1:R01:A1853 Type lmp_007 Mass 12.01 Resnr 0 Resname R01 Charge 0.01591
6227 Name 1:R01:A1854 Type lmp_009 Mass 1.008 Resnr 0 Resname R01 Charge 0.03721
6228 Name 1:R01:A1855 Type lmp_004 Mass 12.01 Resnr 0 Resname R01 Charge 0.02141
6229 Name 1:R01:A1856 Type lmp_009 Mass 1.008 Resnr 0 Resname R01 Charge 0.01911
6230 Name 1:R01:A1857 Type lmp_007 Mass 12.01 Resnr 0 Resname R01 Charge 0.02241
6231 Name 1:R01:A1858 Type lmp_009 Mass 1.008 Resnr 0 Resname R01 Charge 0.03781
6232 Name 1:R01:A1859 Type lmp_007 Mass 12.01 Resnr 0 Resname R01 Charge 0.01411
6233 Name 1:R01:A185a Type lmp_009 Mass 1.008 Resnr 0 Resname R01 Charge 0.03861
6234 Name 1:R01:A185b Type lmp_004 Mass 12.01 Resnr 0 Resname R01 Charge 0.01111
6235 Name 1:R01:A185c Type lmp_009 Mass 1.008 Resnr 0 Resname R01 Charge 0.02341
6236 Name 1:R01:A185d Type lmp_004 Mass 12.01 Resnr 0 Resname R01 Charge -0.10289
6237 Name 1:R01:A185e Type lmp_009 Mass 1.008 Resnr 0 Resname R01 Charge 0.04701
6238 Name 1:R01:A185f Type lmp_009 Mass 1.008 Resnr 0 Resname R01 Charge 0.04701
6239 Name 1:R01:A1860 Type lmp_005 Mass 12.01 Resnr 0 Resname R01 Charge -0.03099
6240 Name 1:R01:A1861 Type lmp_005 Mass 12.01 Resnr 0 Resname R01 Charge -0.25069
6241 Name 1:R01:A1862 Type lmp_008 Mass 1.008 Resnr 0 Resname R01 Charge 0.17281
6242 Name 1:R01:A1863 Type lmp_006 Mass 12.01 Resnr 0 Resname R01 Charge 0.02131
6243 Name 1:R01:A1864 Type lmp_005 Mass 12.01 Resnr 0 Resname R01 Charge 0.02031
6244 Name 1:R01:A1865 Type lmp_005 Mass 12.01 Resnr 0 Resname R01 Charge -0.24969
6245 Name 1:R01:A1866 Type lmp_008 Mass 1.008 Resnr 0 Resname R01 Charge 0.17861
6246 Name 1:R01:A1867 Type lmp_005 Mass 12.01 Resnr 0 Resname R01 Charge -0.03239
6247 Name 1:R01:A1868 Type lmp_007 Mass 12.01 Resnr 0 Resname R01 Charge 0.03221
6248 Name 1:R01:A1869 Type lmp_009 Mass 1.008 Resnr 0 Resname R01 Charge 0.02561
6249 Name 1:R01:A186a Type lmp_007 Mass 12.01 Resnr 0 Resname R01 Charge 0.02991
6250 Name 1:R01:A186b Type lmp_009 Mass 1.008 Resnr 0 Resname R01 Charge 0.02761
6251 Name 1:R01:A186c Type lmp_004 Mass 12.01 Resnr 0 Resname R01 Charge 0.05471
6252 Name 1:R01:A186d Type lmp_009 Mass 1.008 Resnr 0 Resname R01 Charge 0.00921
6253 Name 1:R01:A186e Type lmp_007 Mass 12.01 Resnr 0 Resname R01 Charge 0.00911
6254 Name 1:R01:A186f Type lmp_009 Mass 1.008 Resnr 0 Resname R01 Charge 0.03851
6255 Name 1:R01:A1870 Type lmp_005 Mass 12.01 Resnr 0 Resname R01 Charge -0.12349
6256 Name 1:R01:A1871 Type lmp_005 Mass 12.01 Resnr 0 Resname R01 Charge -0.12549
6257 Name 1:R01:A1872 Type lmp_005 Mass 12.01 Resnr 0 Resname R01 Charge 0.03581
6258 Name 1:R01:A1873 Type lmp_003 Mass 12.01 Resnr 0 Resname R01 Charge -0.11109
6259 Name 1:R01:A1874 Type lmp_009 Mass 1.008 Resnr 0 Resname R01 Charge 0.04331
6260 Name 1:R01:A1875 Type lmp_009 Mass 1.008 Resnr 0 Resname R01 Charge 0.04331
6261 Name 1:R01:A1876 Type lmp_009 Mass 1.008 Resnr 0 Resname R01 Charge 0.04331
6262 Name 1:R01:A1877 Type lmp_005 Mass 12.01 Resnr 0 Resname R01 Charge -0.08649
6263 Name 1:R01:A1878 Type lmp_005 Mass 12.01 Resnr 0 Resname R01 Charge -0.09149
6264 Name 1:R01:A1879 Type lmp_005 Mass 12.01 Resnr 0 Resname R01 Charge 0.05181
6265 Name 1:R01:A187a Type lmp_003 Mass 12.01 Resnr 0 Resname R01 Charge -0.10009
6266 Name 1:R01:A187b Type lmp_009 Mass 1.008 Resnr 0 Resname R01 Charge 0.04551
6267 Name 1:R01:A187c Type lmp_009 Mass 1.008 Resnr 0 Resname R01 Charge 0.04551
6268 Name 1:R01:A187d Type lmp_009 Mass 1.008 Resnr 0 Resname R01 Charge 0.04551
6269 Name 1:R01:A187e Type lmp_007 Mass 12.01 Resnr 0 Resname R01 Charge 0.00531
6270 Name 1:R01:A187f Type lmp_009 Mass 1.008 Resnr 0 Resname R01 Charge 0.03971
6271 Name 1:R01:A1880 Type lmp_004 Mass 12.01 Resnr 0 Resname R01 Charge 0.05571
6272 Name 1:R01:A1881 Type lmp_009 Mass 1.008 Resnr 0 Resname R01 Charge 0.01041
6273 Name 1:R01:A1882 Type lmp_004 Mass 12.01 Resnr 0 Resname R01 Charge -0.21059
6274 Name 1:R01:A1883 Type lmp_009 Mass 1.008 Resnr 0 Resname R01 Charge 0.05311
6275 Name 1:R01:A1884 Type lmp_009 Mass 1.008 Resnr 0 Resname R01 Charge 0.05311
6276 Name 1:R01:A1885 Type lmp_005 Mass 12.01 Resnr 0 Resname R01 Charge -0.04569
6277 Name 1:R01:A1886 Type lmp_005 Mass 12.01 Resnr 0 Resname R01 Charge -0.20379
6278 Name 1:R01:A1887 Type lmp_008 Mass 1.008 Resnr 0 Resname R01 Charge 0.15591
6279 Name 1:R01:A1888 Type lmp_003 Mass 12.01 Resnr 0 Resname R01 Charge -0.10048
6280 Name 1:R01:A1889 Type lmp_009 Mass 1.008 Resnr 0 Resname R01 Charge 0.02361
6281 Name 1:R01:A188a Type lmp_009 Mass 1.008 Resnr 0 Resname R01 Charge 0.02361
6282 Name 1:R01:A188b Type lmp_009 Mass 1.008 Resnr 0 Resname R01 Charge 0.02361
6283 Name 1:R01:A188c Type lmp_004 Mass 12.01 Resnr 0 Resname R01 Charge 0.19001
6284 Name 1:R01:A188d Type lmp_003 Mass 12.01 Resnr 0 Resname R01 Charge -0.17889
6285 Name 1:R01:A188e Type lmp_009 Mass 1.008 Resnr 0 Resname R01 Charge 0.04121
6286 Name 1:R01:A188f Type lmp_009 Mass 1.008 Resnr 0 Resname R01 Charge 0.04121
6287 Name 1:R01:A1890 Type lmp_009 Mass 1.008 Resnr 0 Resname R01 Charge 0.04121
6288 Name 1:R01:A1891 Type lmp_005 Mass 12.01 Resnr 0 Resname R01 Charge 0.00401
6289 Name 1:R01:A1892 Type lmp_006 Mass 12.01 Resnr 0 Resname R01 Charge 0.00111
6290 Name 1:R01:A1893 Type lmp_005 Mass 12.01 Resnr 0 Resname R01 Charge -0.18989
6291 Name 1:R01:A1894 Type lmp_008 Mass 1.008 Resnr 0 Resname R01 Charge 0.14431
6292 Name 1:R01:A1895 Type lmp_005 Mass 12.01 Resnr 0 Resname R01 Charge -0.04879
6293 Name 1:R01:A1896 Type lmp_007 Mass 12.01 Resnr 0 Resname R01 Charge 0.03141
6294 Name 1:R01:A1897 Type lmp_009 Mass 1.008 Resnr 0 Resname R01 Charge 0.03521
6295 Name 1:R01:A1898 Type lmp_007 Mass 12.01 Resnr 0 Resname R01 Charge 0.01591
6296 Name 1:R01:A1899 Type lmp_009 Mass 1.008 Resnr 0 Resname R01 Charge 0.03721
6297 Name 1:R01:A189a Type lmp_004 Mass 12.01 Resnr 0 Resname R01 Charge 0.02141
6298 Name 1:R01:A189b Type lmp_009 Mass 1.008 Resnr 0 Resname R01 Charge 0.01911
6299 Name 1:R01:A189c Type lmp_007 Mass 12.01 Resnr 0 Resname R01 Charge 0.02241
6300 Name 1:R01:A189d Type lmp_009 Mass 1.008 Resnr 0 Resname R01 Charge 0.03781
6301 Name 1:R01:A189e Type lmp_007 Mass 12.01 Resnr 0 Resname R01 Charge 0.01411
6302 Name 1:R01:A189f Type lmp_009 Mass 1.008 Resnr 0 Resname R01 Charge 0.03861
6303 Name 1:R01:A18a0 Type lmp_004 Mass 12.01 Resnr 0 Resname R01 Charge 0.01111
6304 Name 1:R01:A18a1 Type lmp_009 Mass 1.008 Resnr 0 Resname R01 Charge 0.02341
6305 Name 1:R01:A18a2 Type lmp_004 Mass 12.01 Resnr 0 Resname R01 Charge -0.10289
6306 Name 1:R01:A18a3 Type lmp_009 Mass 1.008 Resnr 0 Resname R01 Charge 0.04701
6307 Name 1:R01:A18a4 Type lmp_009 Mass 1.008 Resnr 0 Resname R01 Charge 0.04701
6308 Name 1:R01:A18a5 Type lmp_005 Mass 12.01 Resnr 0 Resname R01 Charge -0.03099
6309 Name 1:R01:A18a6 Type lmp_005 Mass 12.01 Resnr 0 Resname R01 Charge -0.25069
6310 Name 1:R01:A18a7 Type lmp_008 Mass 1.008 Resnr 0 Resname R01 Charge 0.17281
6311 Name 1:R01:A18a8 Type lmp_006 Mass 12.01 Resnr 0 Resname R01 Charge 0.02131
6312 Name 1:R01:A18a9 Type lmp_005 Mass 12.01 Resnr 0 Resname R01 Charge 0.02031
6313 Name 1:R01:A18aa Type lmp_005 Mass 12.01 Resnr 0 Resname R01 Charge -0.24969
6314 Name 1:R01:A18ab Type lmp_008 Mass 1.008 Resnr 0 Resname R01 Charge 0.17861
6315 Name 1:R01:A18ac Type lmp_005 Mass 12.01 Resnr 0 Resname R01 Charge -0.03239
6316 Name 1:R01:A18ad Type lmp_007 Mass 12.01 Resnr 0 Resname R01 Charge 0.03221
6317 Name 1:R01:A18ae Type lmp_009 Mass 1.008 Resnr 0 Resname R01 Charge 0.02561
6318 Name 1:R01:A18af Type lmp_007 Mass 12.01 Resnr 0 Resname R01 Charge 0.02991
6319 Name 1:R01:A18b0 Type lmp_009 Mass 1.008 Resnr 0 Resname R01 Charge 0.02761
6320 Name 1:R01:A18b1 Type lmp_004 Mass 12.01 Resnr 0 Resname R01 Charge 0.05471
6321 Name 1:R01:A18b2 Type lmp_009 Mass 1.008 Resnr 0 Resname R01 Charge 0.00921
6322 Name 1:R01:A18b3 Type lmp_007 Mass 12.01 Resnr 0 Resname R01 Charge 0.00911
6323 Name 1:R01:A18b4 Type lmp_009 Mass 1.008 Resnr 0 Resname R01 Charge 0.03851
6324 Name 1:R01:A18b5 Type lmp_005 Mass 12.01 Resnr 0 Resname R01 Charge -0.12349
6325 Name 1:R01:A18b6 Type lmp_005 Mass 12.01 Resnr 0 Resname R01 Charge -0.12549
6326 Name 1:R01:A18b7 Type lmp_005 Mass 12.01 Resnr 0 Resname R01 Charge 0.03581
6327 Name 1:R01:A18b8 Type lmp_003 Mass 12.01 Resnr 0 Resname R01 Charge -0.11109
6328 Name 1:R01:A18b9 Type lmp_009 Mass 1.008 Resnr 0 Resname R01 Charge 0.04331
6329 Name 1:R01:A18ba Type lmp_009 Mass 1.008 Resnr 0 Resname R01 Charge 0.04331
6330 Name 1:R01:A18bb Type lmp_009 Mass 1.008 Resnr 0 Resname R01 Charge 0.04331
6331 Name 1:R01:A18bc Type lmp_005 Mass 12.01 Resnr 0 Resname R01 Charge -0.08649
6332 Name 1:R01:A18bd Type lmp_005 Mass 12.01 Resnr 0 Resname R01 Charge -0.09149
6333 Name 1:R01:A18be Type lmp_005 Mass 12.01 Resnr 0 Resname R01 Charge 0.05181
6334 Name 1:R01:A18bf Type lmp_003 Mass 12.01 Resnr 0 Resname R01 Charge -0.10009
6335 Name 1:R01:A18c0 Type lmp_009 Mass 1.008 Resnr 0 Resname R01 Charge 0.04551
6336 Name 1:R01:A18c1 Type lmp_009 Mass 1.008 Resnr 0 Resname R01 Charge 0.04551
6337 Name 1:R01:A18c2 Type lmp_009 Mass 1.008 Resnr 0 Resname R01 Charge 0.04551
6338 Name 1:R01:A18c3 Type lmp_007 Mass 12.01 Resnr 0 Resname R01 Charge 0.00531
6339 Name 1:R01:A18c4 Type lmp_009 Mass 1.008 Resnr 0 Resname R01 Charge 0.03971
6340 Name 1:R01:A18c5 Type lmp_004 Mass 12.01 Resnr 0 Resname R01 Charge 0.05571
6341 Name 1:R01:A18c6 Type lmp_009 Mass 1.008 Resnr 0 Resname R01 Charge 0.01041
6342 Name 1:R01:A18c7 Type lmp_004 Mass 12.01 Resnr 0 Resname R01 Charge -0.21059
6343 Name 1:R01:A18c8 Type lmp_009 Mass 1.008 Resnr 0 Resname R01 Charge 0.05311
6344 Name 1:R01:A18c9 Type lmp_009 Mass 1.008 Resnr 0 Resname R01 Charge 0.05311
6345 Name 1:R01:A18ca Type lmp_005 Mass 12.01 Resnr 0 Resname R01 Charge -0.04569
6346 Name 1:R01:A18cb Type lmp_005 Mass 12.01 Resnr 0 Resname R01 Charge -0.20379
6347 Name 1:R01:A18cc Type lmp_008 Mass 1.008 Resnr 0 Resname R01 Charge 0.15591
6348 Name 1:R01:A18cd Type lmp_003 Mass 12.01 Resnr 0 Resname R01 Charge -0.10048
6349 Name 1:R01:A18ce Type lmp_009 Mass 1.008 Resnr 0 Resname R01 Charge 0.02361
6350 Name 1:R01:A18cf Type lmp_009 Mass 1.008 Resnr 0 Resname R01 Charge 0.02361
6351 Name 1:R01:A18d0 Type lmp_009 Mass 1.008 Resnr 0 Resname R01 Charge 0.02361
6352 Name 1:R01:A18d1 Type lmp_004 Mass 12.01 Resnr 0 Resname R01 Charge 0.19001
6353 Name 1:R01:A18d2 Type lmp_003 Mass 12.01 Resnr 0 Resname R01 Charge -0.17889
6354 Name 1:R01:A18d3 Type lmp_009 Mass 1.008 Resnr 0 Resname R01 Charge 0.04121
6355 Name 1:R01:A18d4 Type lmp_009 Mass 1.008 Resnr 0 Resname R01 Charge 0.04121
6356 Name 1:R01:A18d5 Type lmp_009 Mass 1.008 Resnr 0 Resname R01 Charge 0.04121
6357 Name 1:R01:A18d6 Type lmp_005 Mass 12.01 Resnr 0 Resname R01 Charge 0.00401
6358 Name 1:R01:A18d7 Type lmp_006 Mass 12.01 Resnr 0 Resname R01 Charge 0.00111
6359 Name 1:R01:A18d8 Type lmp_005 Mass 12.01 Resnr 0 Resname R01 Charge -0.18989
6360 Name 1:R01:A18d9 Type lmp_008 Mass 1.008 Resnr 0 Resname R01 Charge 0.14431
6361 Name 1:R01:A18da Type lmp_005 Mass 12.01 Resnr 0 Resname R01 Charge -0.04879
6362 Name 1:R01:A18db Type lmp_007 Mass 12.01 Resnr 0 Resname R01 Charge 0.03141
6363 Name 1:R01:A18dc Type lmp_009 Mass 1.008 Resnr 0 Resname R01 Charge 0.03521
6364 Name 1:R01:A18dd Type lmp_007 Mass 12.01 Resnr 0 Resname R01 Charge 0.01591
6365 Name 1:R01:A18de Type lmp_009 Mass 1.008 Resnr 0 Resname R01 Charge 0.03721
6366 Name 1:R01:A18df Type lmp_004 Mass 12.01 Resnr 0 Resname R01 Charge 0.02141
6367 Name 1:R01:A18e0 Type lmp_009 Mass 1.008 Resnr 0 Resname R01 Charge 0.01911
6368 Name 1:R01:A18e1 Type lmp_007 Mass 12.01 Resnr 0 Resname R01 Charge 0.02241
6369 Name 1:R01:A18e2 Type lmp_009 Mass 1.008 Resnr 0 Resname R01 Charge 0.03781
6370 Name 1:R01:A18e3 Type lmp_007 Mass 12.01 Resnr 0 Resname R01 Charge 0.01411
6371 Name 1:R01:A18e4 Type lmp_009 Mass 1.008 Resnr 0 Resname R01 Charge 0.03861
6372 Name 1:R01:A18e5 Type lmp_004 Mass 12.01 Resnr 0 Resname R01 Charge 0.01111
6373 Name 1:R01:A18e6 Type lmp_009 Mass 1.008 Resnr 0 Resname R01 Charge 0.02341
6374 Name 1:R01:A18e7 Type lmp_004 Mass 12.01 Resnr 0 Resname R01 Charge -0.10289
6375 Name 1:R01:A18e8 Type lmp_009 Mass 1.008 Resnr 0 Resname R01 Charge 0.04701
6376 Name 1:R01:A18e9 Type lmp_009 Mass 1.008 Resnr 0 Resname R01 Charge 0.04701
6377 Name 1:R01:A18ea Type lmp_005 Mass 12.01 Resnr 0 Resname R01 Charge -0.03099
6378 Name 1:R01:A18eb Type lmp_005 Mass 12.01 Resnr 0 Resname R01 Charge -0.25069
6379 Name 1:R01:A18ec Type lmp_008 Mass 1.008 Resnr 0 Resname R01 Charge 0.17281
6380 Name 1:R01:A18ed Type lmp_006 Mass 12.01 Resnr 0 Resname R01 Charge 0.02131
6381 Name 1:R01:A18ee Type lmp_005 Mass 12.01 Resnr 0 Resname R01 Charge 0.02031
6382 Name 1:R01:A18ef Type lmp_005 Mass 12.01 Resnr 0 Resname R01 Charge -0.24969
6383 Name 1:R01:A18f0 Type lmp_008 Mass 1.008 Resnr 0 Resname R01 Charge 0.17861
6384 Name 1:R01:A18f1 Type lmp_005 Mass 12.01 Resnr 0 Resname R01 Charge -0.03239
6385 Name 1:R01:A18f2 Type lmp_007 Mass 12.01 Resnr 0 Resname R01 Charge 0.03221
6386 Name 1:R01:A18f3 Type lmp_009 Mass 1.008 Resnr 0 Resname R01 Charge 0.02561
6387 Name 1:R01:A18f4 Type lmp_007 Mass 12.01 Resnr 0 Resname R01 Charge 0.02991
6388 Name 1:R01:A18f5 Type lmp_009 Mass 1.008 Resnr 0 Resname R01 Charge 0.02761
6389 Name 1:R01:A18f6 Type lmp_004 Mass 12.01 Resnr 0 Resname R01 Charge 0.05471
6390 Name 1:R01:A18f7 Type lmp_009 Mass 1.008 Resnr 0 Resname R01 Charge 0.00921
6391 Name 1:R01:A18f8 Type lmp_007 Mass 12.01 Resnr 0 Resname R01 Charge 0.00911
6392 Name 1:R01:A18f9 Type lmp_009 Mass 1.008 Resnr 0 Resname R01 Charge 0.03851
6393 Name 1:R01:A18fa Type lmp_005 Mass 12.01 Resnr 0 Resname R01 Charge -0.12349
6394 Name 1:R01:A18fb Type lmp_005 Mass 12.01 Resnr 0 Resname R01 Charge -0.12549
6395 Name 1:R01:A18fc Type lmp_005 Mass 12.01 Resnr 0 Resname R01 Charge 0.03581
6396 Name 1:R01:A18fd Type lmp_003 Mass 12.01 Resnr 0 Resname R01 Charge -0.11109
6397 Name 1:R01:A18fe Type lmp_009 Mass 1.008 Resnr 0 Resname R01 Charge 0.04331
6398 Name 1:R01:A18ff Type lmp_009 Mass 1.008 Resnr 0 Resname R01 Charge 0.04331
6399 Name 1:R01:A1900 Type lmp_009 Mass 1.008 Resnr 0 Resname R01 Charge 0.04331
6400 Name 1:R01:A1901 Type lmp_005 Mass 12.01 Resnr 0 Resname R01 Charge -0.08649
6401 Name 1:R01:A1902 Type lmp_005 Mass 12.01 Resnr 0 Resname R01 Charge -0.09149
6402 Name 1:R01:A1903 Type lmp_005 Mass 12.01 Resnr 0 Resname R01 Charge 0.05181
6403 Name 1:R01:A1904 Type lmp_003 Mass 12.01 Resnr 0 Resname R01 Charge -0.10009
6404 Name 1:R01:A1905 Type lmp_009 Mass 1.008 Resnr 0 Resname R01 Charge 0.04551
6405 Name 1:R01:A1906 Type lmp_009 Mass 1.008 Resnr 0 Resname R01 Charge 0.04551
6406 Name 1:R01:A1907 Type lmp_009 Mass 1.008 Resnr 0 Resname R01 Charge 0.04551
6407 Name 1:R01:A1908 Type lmp_007 Mass 12.01 Resnr 0 Resname R01 Charge 0.00531
6408 Name 1:R01:A1909 Type lmp_009 Mass 1.008 Resnr 0 Resname R01 Charge 0.03971
6409 Name 1:R01:A190a Type lmp_004 Mass 12.01 Resnr 0 Resname R01 Charge 0.05571
6410 Name 1:R01:A190b Type lmp_009 Mass 1.008 Resnr 0 Resname R01 Charge 0.01041
6411 Name 1:R01:A190c Type lmp_004 Mass 12.01 Resnr 0 Resname R01 Charge -0.21059
6412 Name 1:R01:A190d Type lmp_009 Mass 1.008 Resnr 0 Resname R01 Charge 0.05311
6413 Name 1:R01:A190e Type lmp_009 Mass 1.008 Resnr 0 Resname R01 Charge 0.05311
6414 Name 1:R01:A190f Type lmp_005 Mass 12.01 Resnr 0 Resname R01 Charge -0.04569
6415 Name 1:R01:A1910 Type lmp_005 Mass 12.01 Resnr 0 Resname R01 Charge -0.20379
6416 Name 1:R01:A1911 Type lmp_008 Mass 1.008 Resnr 0 Resname R01 Charge 0.15591
6417 Name 1:R01:A1912 Type lmp_003 Mass 12.01 Resnr 0 Resname R01 Charge -0.10048
6418 Name 1:R01:A1913 Type lmp_009 Mass 1.008 Resnr 0 Resname R01 Charge 0.02361
6419 Name 1:R01:A1914 Type lmp_009 Mass 1.008 Resnr 0 Resname R01 Charge 0.02361
6420 Name 1:R01:A1915 Type lmp_009 Mass 1.008 Resnr 0 Resname R01 Charge 0.02361
6421 Name 1:R01:A1916 Type lmp_004 Mass 12.01 Resnr 0 Resname R01 Charge 0.19001
6422 Name 1:R01:A1917 Type lmp_003 Mass 12.01 Resnr 0 Resname R01 Charge -0.17889
6423 Name 1:R01:A1918 Type lmp_009 Mass 1.008 Resnr 0 Resname R01 Charge 0.04121
6424 Name 1:R01:A1919 Type lmp_009 Mass 1.008 Resnr 0 Resname R01 Charge 0.04121
6425 Name 1:R01:A191a Type lmp_009 Mass 1.008 Resnr 0 Resname R01 Charge 0.04121
6426 Name 1:R01:A191b Type lmp_005 Mass 12.01 Resnr 0 Resname R01 Charge 0.00401
6427 Name 1:R01:A191c Type lmp_006 Mass 12.01 Resnr 0 Resname R01 Charge 0.00111
6428 Name 1:R01:A191d Type lmp_005 Mass 12.01 Resnr 0 Resname R01 Charge -0.18989
6429 Name 1:R01:A191e Type lmp_008 Mass 1.008 Resnr 0 Resname R01 Charge 0.14431
6430 Name 1:R01:A191f Type lmp_005 Mass 12.01 Resnr 0 Resname R01 Charge -0.04879
6431 Name 1:R01:A1920 Type lmp_007 Mass 12.01 Resnr 0 Resname R01 Charge 0.03141
6432 Name 1:R01:A1921 Type lmp_009 Mass 1.008 Resnr 0 Resname R01 Charge 0.03521
6433 Name 1:R01:A1922 Type lmp_007 Mass 12.01 Resnr 0 Resname R01 Charge 0.01591
6434 Name 1:R01:A1923 Type lmp_009 Mass 1.008 Resnr 0 Resname R01 Charge 0.03721
6435 Name 1:R01:A1924 Type lmp_004 Mass 12.01 Resnr 0 Resname R01 Charge 0.02141
6436 Name 1:R01:A1925 Type lmp_009 Mass 1.008 Resnr 0 Resname R01 Charge 0.01911
6437 Name 1:R01:A1926 Type lmp_007 Mass 12.01 Resnr 0 Resname R01 Charge 0.02241
6438 Name 1:R01:A1927 Type lmp_009 Mass 1.008 Resnr 0 Resname R01 Charge 0.03781
6439 Name 1:R01:A1928 Type lmp_007 Mass 12.01 Resnr 0 Resname R01 Charge 0.01411
6440 Name 1:R01:A1929 Type lmp_009 Mass 1.008 Resnr 0 Resname R01 Charge 0.03861
6441 Name 1:R01:A192a Type lmp_004 Mass 12.01 Resnr 0 Resname R01 Charge 0.01111
6442 Name 1:R01:A192b Type lmp_009 Mass 1.008 Resnr 0 Resname R01 Charge 0.02341
6443 Name 1:R01:A192c Type lmp_004 Mass 12.01 Resnr 0 Resname R01 Charge -0.10289
6444 Name 1:R01:A192d Type lmp_009 Mass 1.008 Resnr 0 Resname R01 Charge 0.04701
6445 Name 1:R01:A192e Type lmp_009 Mass 1.008 Resnr 0 Resname R01 Charge 0.04701
6446 Name 1:R01:A192f Type lmp_005 Mass 12.01 Resnr 0 Resname R01 Charge -0.03099
6447 Name 1:R01:A1930 Type lmp_005 Mass 12.01 Resnr 0 Resname R01 Charge -0.25069
6448 Name 1:R01:A1931 Type lmp_008 Mass 1.008 Resnr 0 Resname R01 Charge 0.17281
6449 Name 1:R01:A1932 Type lmp_006 Mass 12.01 Resnr 0 Resname R01 Charge 0.02131
6450 Name 1:R01:A1933 Type lmp_005 Mass 12.01 Resnr 0 Resname R01 Charge 0.02031
6451 Name 1:R01:A1934 Type lmp_005 Mass 12.01 Resnr 0 Resname R01 Charge -0.24969
6452 Name 1:R01:A1935 Type lmp_008 Mass 1.008 Resnr 0 Resname R01 Charge 0.17861
6453 Name 1:R01:A1936 Type lmp_005 Mass 12.01 Resnr 0 Resname R01 Charge -0.03239
6454 Name 1:R01:A1937 Type lmp_007 Mass 12.01 Resnr 0 Resname R01 Charge 0.03221
6455 Name 1:R01:A1938 Type lmp_009 Mass 1.008 Resnr 0 Resname R01 Charge 0.02561
6456 Name 1:R01:A1939 Type lmp_007 Mass 12.01 Resnr 0 Resname R01 Charge 0.02991
6457 Name 1:R01:A193a Type lmp_009 Mass 1.008 Resnr 0 Resname R01 Charge 0.02761
6458 Name 1:R01:A193b Type lmp_004 Mass 12.01 Resnr 0 Resname R01 Charge 0.05471
6459 Name 1:R01:A193c Type lmp_009 Mass 1.008 Resnr 0 Resname R01 Charge 0.00921
6460 Name 1:R01:A193d Type lmp_007 Mass 12.01 Resnr 0 Resname R01 Charge 0.00911
6461 Name 1:R01:A193e Type lmp_009 Mass 1.008 Resnr 0 Resname R01 Charge 0.03851
6462 Name 1:R01:A193f Type lmp_005 Mass 12.01 Resnr 0 Resname R01 Charge -0.12349
6463 Name 1:R01:A1940 Type lmp_005 Mass 12.01 Resnr 0 Resname R01 Charge -0.12549
6464 Name 1:R01:A1941 Type lmp_005 Mass 12.01 Resnr 0 Resname R01 Charge 0.03581
6465 Name 1:R01:A1942 Type lmp_003 Mass 12.01 Resnr 0 Resname R01 Charge -0.11109
6466 Name 1:R01:A1943 Type lmp_009 Mass 1.008 Resnr 0 Resname R01 Charge 0.04331
6467 Name 1:R01:A1944 Type lmp_009 Mass 1.008 Resnr 0 Resname R01 Charge 0.04331
6468 Name 1:R01:A1945 Type lmp_009 Mass 1.008 Resnr 0 Resname R01 Charge 0.04331
6469 Name 1:R01:A1946 Type lmp_005 Mass 12.01 Resnr 0 Resname R01 Charge -0.08649
6470 Name 1:R01:A1947 Type lmp_005 Mass 12.01 Resnr 0 Resname R01 Charge -0.09149
6471 Name 1:R01:A1948 Type lmp_005 Mass 12.01 Resnr 0 Resname R01 Charge 0.05181
6472 Name 1:R01:A1949 Type lmp_003 Mass 12.01 Resnr 0 Resname R01 Charge -0.10009
6473 Name 1:R01:A194a Type lmp_009 Mass 1.008 Resnr 0 Resname R01 Charge 0.04551
6474 Name 1:R01:A194b Type lmp_009 Mass 1.008 Resnr 0 Resname R01 Charge 0.04551
6475 Name 1:R01:A194c Type lmp_009 Mass 1.008 Resnr 0 Resname R01 Charge 0.04551
6476 Name 1:R01:A194d Type lmp_007 Mass 12.01 Resnr 0 Resname R01 Charge 0.00531
6477 Name 1:R01:A194e Type lmp_009 Mass 1.008 Resnr 0 Resname R01 Charge 0.03971
6478 Name 1:R01:A194f Type lmp_004 Mass 12.01 Resnr 0 Resname R01 Charge 0.05571
6479 Name 1:R01:A1950 Type lmp_009 Mass 1.008 Resnr 0 Resname R01 Charge 0.01041
6480 Name 1:R01:A1951 Type lmp_004 Mass 12.01 Resnr 0 Resname R01 Charge -0.21059
6481 Name 1:R01:A1952 Type lmp_009 Mass 1.008 Resnr 0 Resname R01 Charge 0.05311
6482 Name 1:R01:A1953 Type lmp_009 Mass 1.008 Resnr 0 Resname R01 Charge 0.05311
6483 Name 1:R01:A1954 Type lmp_005 Mass 12.01 Resnr 0 Resname R01 Charge -0.04569
6484 Name 1:R01:A1955 Type lmp_005 Mass 12.01 Resnr 0 Resname R01 Charge -0.20379
6485 Name 1:R01:A1956 Type lmp_008 Mass 1.008 Resnr 0 Resname R01 Charge 0.15591
6486 Name 1:R01:A1957 Type lmp_003 Mass 12.01 Resnr 0 Resname R01 Charge -0.10048
6487 Name 1:R01:A1958 Type lmp_009 Mass 1.008 Resnr 0 Resname R01 Charge 0.02361
6488 Name 1:R01:A1959 Type lmp_009 Mass 1.008 Resnr 0 Resname R01 Charge 0.02361
6489 Name 1:R01:A195a Type lmp_009 Mass 1.008 Resnr 0 Resname R01 Charge 0.02361
6490 Name 1:R01:A195b Type lmp_004 Mass 12.01 Resnr 0 Resname R01 Charge 0.19001
6491 Name 1:R01:A195c Type lmp_003 Mass 12.01 Resnr 0 Resname R01 Charge -0.17889
6492 Name 1:R01:A195d Type lmp_009 Mass 1.008 Resnr 0 Resname R01 Charge 0.04121
6493 Name 1:R01:A195e Type lmp_009 Mass 1.008 Resnr 0 Resname R01 Charge 0.04121
6494 Name 1:R01:A195f Type lmp_009 Mass 1.008 Resnr 0 Resname R01 Charge 0.04121
6495 Name 1:R01:A1960 Type lmp_005 Mass 12.01 Resnr 0 Resname R01 Charge 0.00401
6496 Name 1:R01:A1961 Type lmp_006 Mass 12.01 Resnr 0 Resname R01 Charge 0.00111
6497 Name 1:R01:A1962 Type lmp_005 Mass 12.01 Resnr 0 Resname R01 Charge -0.18989
6498 Name 1:R01:A1963 Type lmp_008 Mass 1.008 Resnr 0 Resname R01 Charge 0.14431
6499 Name 1:R01:A1964 Type lmp_005 Mass 12.01 Resnr 0 Resname R01 Charge -0.04879
6500 Name 1:R01:A1965 Type lmp_007 Mass 12.01 Resnr 0 Resname R01 Charge 0.03141
6501 Name 1:R01:A1966 Type lmp_009 Mass 1.008 Resnr 0 Resname R01 Charge 0.03521
6502 Name 1:R01:A1967 Type lmp_007 Mass 12.01 Resnr 0 Resname R01 Charge 0.01591
6503 Name 1:R01:A1968 Type lmp_009 Mass 1.008 Resnr 0 Resname R01 Charge 0.03721
6504 Name 1:R01:A1969 Type lmp_004 Mass 12.01 Resnr 0 Resname R01 Charge 0.02141
6505 Name 1:R01:A196a Type lmp_009 Mass 1.008 Resnr 0 Resname R01 Charge 0.01911
6506 Name 1:R01:A196b Type lmp_007 Mass 12.01 Resnr 0 Resname R01 Charge 0.02241
6507 Name 1:R01:A196c Type lmp_009 Mass 1.008 Resnr 0 Resname R01 Charge 0.03781
6508 Name 1:R01:A196d Type lmp_007 Mass 12.01 Resnr 0 Resname R01 Charge 0.01411
6509 Name 1:R01:A196e Type lmp_009 Mass 1.008 Resnr 0 Resname R01 Charge 0.03861
6510 Name 1:R01:A196f Type lmp_004 Mass 12.01 Resnr 0 Resname R01 Charge 0.01111
6511 Name 1:R01:A1970 Type lmp_009 Mass 1.008 Resnr 0 Resname R01 Charge 0.02341
6512 Name 1:R01:A1971 Type lmp_004 Mass 12.01 Resnr 0 Resname R01 Charge -0.10289
6513 Name 1:R01:A1972 Type lmp_009 Mass 1.008 Resnr 0 Resname R01 Charge 0.04701
6514 Name 1:R01:A1973 Type lmp_009 Mass 1.008 Resnr 0 Resname R01 Charge 0.04701
6515 Name 1:R01:A1974 Type lmp_005 Mass 12.01 Resnr 0 Resname R01 Charge -0.03099
6516 Name 1:R01:A1975 Type lmp_005 Mass 12.01 Resnr 0 Resname R01 Charge -0.25069
6517 Name 1:R01:A1976 Type lmp_008 Mass 1.008 Resnr 0 Resname R01 Charge 0.17281
6518 Name 1:R01:A1977 Type lmp_006 Mass 12.01 Resnr 0 Resname R01 Charge 0.02131
6519 Name 1:R01:A1978 Type lmp_005 Mass 12.01 Resnr 0 Resname R01 Charge 0.02031
6520 Name 1:R01:A1979 Type lmp_005 Mass 12.01 Resnr 0 Resname R01 Charge -0.24969
6521 Name 1:R01:A197a Type lmp_008 Mass 1.008 Resnr 0 Resname R01 Charge 0.17861
6522 Name 1:R01:A197b Type lmp_005 Mass 12.01 Resnr 0 Resname R01 Charge -0.03239
6523 Name 1:R01:A197c Type lmp_007 Mass 12.01 Resnr 0 Resname R01 Charge 0.03221
6524 Name 1:R01:A197d Type lmp_009 Mass 1.008 Resnr 0 Resname R01 Charge 0.02561
6525 Name 1:R01:A197e Type lmp_007 Mass 12.01 Resnr 0 Resname R01 Charge 0.02991
6526 Name 1:R01:A197f Type lmp_009 Mass 1.008 Resnr 0 Resname R01 Charge 0.02761
6527 Name 1:R01:A1980 Type lmp_004 Mass 12.01 Resnr 0 Resname R01 Charge 0.05471
6528 Name 1:R01:A1981 Type lmp_009 Mass 1.008 Resnr 0 Resname R01 Charge 0.00921
6529 Name 1:R01:A1982 Type lmp_007 Mass 12.01 Resnr 0 Resname R01 Charge 0.00911
6530 Name 1:R01:A1983 Type lmp_009 Mass 1.008 Resnr 0 Resname R01 Charge 0.03851
6531 Name 1:R01:A1984 Type lmp_005 Mass 12.01 Resnr 0 Resname R01 Charge -0.12349
6532 Name 1:R01:A1985 Type lmp_005 Mass 12.01 Resnr 0 Resname R01 Charge -0.12549
6533 Name 1:R01:A1986 Type lmp_005 Mass 12.01 Resnr 0 Resname R01 Charge 0.03581
6534 Name 1:R01:A1987 Type lmp_003 Mass 12.01 Resnr 0 Resname R01 Charge -0.11109
6535 Name 1:R01:A1988 Type lmp_009 Mass 1.008 Resnr 0 Resname R01 Charge 0.04331
6536 Name 1:R01:A1989 Type lmp_009 Mass 1.008 Resnr 0 Resname R01 Charge 0.04331
6537 Name 1:R01:A198a Type lmp_009 Mass 1.008 Resnr 0 Resname R01 Charge 0.04331
6538 Name 1:R01:A198b Type lmp_002 Mass 12.01 Resnr 0 Resname R01 Charge -0.08649
6539 Name 1:R01:A198c Type lmp_002 Mass 12.01 Resnr 0 Resname R01 Charge -0.09149
6540 Name 1:R01:A198d Type lmp_005 Mass 12.01 Resnr 0 Resname R01 Charge 0.05181
6541 Name 1:R01:A198e Type lmp_003 Mass 12.01 Resnr 0 Resname R01 Charge -0.10009
6542 Name 1:R01:A198f Type lmp_009 Mass 1.008 Resnr 0 Resname R01 Charge 0.04551
6543 Name 1:R01:A1990 Type lmp_009 Mass 1.008 Resnr 0 Resname R01 Charge 0.04551
6544 Name 1:R01:A1991 Type lmp_009 Mass 1.008 Resnr 0 Resname R01 Charge 0.04551
6545 Name 1:R01:A1992 Type lmp_007 Mass 12.01 Resnr 0 Resname R01 Charge 0.00531
6546 Name 1:R01:A1993 Type lmp_009 Mass 1.008 Resnr 0 Resname R01 Charge 0.03971
6547 Name 1:R01:A1994 Type lmp_004 Mass 12.01 Resnr 0 Resname R01 Charge 0.05571
6548 Name 1:R01:A1995 Type lmp_009 Mass 1.008 Resnr 0 Resname R01 Charge 0.01041
6549 Name 1:R01:A1996 Type lmp_004 Mass 12.01 Resnr 0 Resname R01 Charge -0.21059
6550 Name 1:R01:A1997 Type lmp_009 Mass 1.008 Resnr 0 Resname R01 Charge 0.05311
6551 Name 1:R01:A1998 Type lmp_009 Mass 1.008 Resnr 0 Resname R01 Charge 0.05311
6552 Name 1:R01:A1999 Type lmp_005 Mass 12.01 Resnr 0 Resname R01 Charge -0.04569
6553 Name 1:R01:A199a Type lmp_005 Mass 12.01 Resnr 0 Resname R01 Charge -0.20379
6554 Name 1:R01:A199b Type lmp_008 Mass 1.008 Resnr 0 Resname R01 Charge 0.15591
6555 Name 1:R01:A199c Type lmp_003 Mass 12.01 Resnr 0 Resname R01 Charge -0.10048
6556 Name 1:R01:A199d Type lmp_009 Mass 1.008 Resnr 0 Resname R01 Charge 0.02361
6557 Name 1:R01:A199e Type lmp_009 Mass 1.008 Resnr 0 Resname R01 Charge 0.02361
6558 Name 1:R01:A199f Type lmp_009 Mass 1.008 Resnr 0 Resname R01 Charge 0.02361
6559 Name 1:R01:A19a0 Type lmp_004 Mass 12.01 Resnr 0 Resname R01 Charge 0.19001
6560 Name 1:R01:A19a1 Type lmp_003 Mass 12.01 Resnr 0 Resname R01 Charge -0.17889
6561 Name 1:R01:A19a2 Type lmp_009 Mass 1.008 Resnr 0 Resname R01 Charge 0.04121
6562 Name 1:R01:A19a3 Type lmp_009 Mass 1.008 Resnr 0 Resname R01 Charge 0.04121
6563 Name 1:R01:A19a4 Type lmp_009 Mass 1.008 Resnr 0 Resname R01 Charge 0.04121
6564 Name 1:R01:A19a5 Type lmp_005 Mass 12.01 Resnr 0 Resname R01 Charge 0.00401
6565 Name 1:R01:A19a6 Type lmp_006 Mass 12.01 Resnr 0 Resname R01 Charge 0.00111
6566 Name 1:R01:A19a7 Type lmp_005 Mass 12.01 Resnr 0 Resname R01 Charge -0.18989
6567 Name 1:R01:A19a8 Type lmp_008 Mass 1.008 Resnr 0 Resname R01 Charge 0.14431
6568 Name 1:R01:A19a9 Type lmp_005 Mass 12.01 Resnr 0 Resname R01 Charge -0.04879
6569 Name 1:R01:A19aa Type lmp_007 Mass 12.01 Resnr 0 Resname R01 Charge 0.03141
6570 Name 1:R01:A19ab Type lmp_009 Mass 1.008 Resnr 0 Resname R01 Charge 0.03521
6571 Name 1:R01:A19ac Type lmp_007 Mass 12.01 Resnr 0 Resname R01 Charge 0.01591
6572 Name 1:R01:A19ad Type lmp_009 Mass 1.008 Resnr 0 Resname R01 Charge 0.03721
6573 Name 1:R01:A19ae Type lmp_004 Mass 12.01 Resnr 0 Resname R01 Charge 0.02141
6574 Name 1:R01:A19af Type lmp_009 Mass 1.008 Resnr 0 Resname R01 Charge 0.01911
6575 Name 1:R01:A19b0 Type lmp_007 Mass 12.01 Resnr 0 Resname R01 Charge 0.02241
6576 Name 1:R01:A19b1 Type lmp_009 Mass 1.008 Resnr 0 Resname R01 Charge 0.03781
6577 Name 1:R01:A19b2 Type lmp_007 Mass 12.01 Resnr 0 Resname R01 Charge 0.01411
6578 Name 1:R01:A19b3 Type lmp_009 Mass 1.008 Resnr 0 Resname R01 Charge 0.03861
6579 Name 1:R01:A19b4 Type lmp_004 Mass 12.01 Resnr 0 Resname R01 Charge 0.01111
6580 Name 1:R01:A19b5 Type lmp_009 Mass 1.008 Resnr 0 Resname R01 Charge 0.02341
6581 Name 1:R01:A19b6 Type lmp_004 Mass 12.01 Resnr 0 Resname R01 Charge -0.10289
6582 Name 1:R01:A19b7 Type lmp_009 Mass 1.008 Resnr 0 Resname R01 Charge 0.04701
6583 Name 1:R01:A19b8 Type lmp_009 Mass 1.008 Resnr 0 Resname R01 Charge 0.04701
6584 Name 1:R01:A19b9 Type lmp_005 Mass 12.01 Resnr 0 Resname R01 Charge -0.03099
6585 Name 1:R01:A19ba Type lmp_005 Mass 12.01 Resnr 0 Resname R01 Charge -0.25069
6586 Name 1:R01:A19bb Type lmp_008 Mass 1.008 Resnr 0 Resname R01 Charge 0.17281
6587 Name 1:R01:A19bc Type lmp_006 Mass 12.01 Resnr 0 Resname R01 Charge 0.02131
6588 Name 1:R01:A19bd Type lmp_005 Mass 12.01 Resnr 0 Resname R01 Charge 0.02031
6589 Name 1:R01:A19be Type lmp_005 Mass 12.01 Resnr 0 Resname R01 Charge -0.24969
6590 Name 1:R01:A19bf Type lmp_008 Mass 1.008 Resnr 0 Resname R01 Charge 0.17861
6591 Name 1:R01:A19c0 Type lmp_005 Mass 12.01 Resnr 0 Resname R01 Charge -0.03239
6592 Name 1:R01:A19c1 Type lmp_007 Mass 12.01 Resnr 0 Resname R01 Charge 0.03221
6593 Name 1:R01:A19c2 Type lmp_009 Mass 1.008 Resnr 0 Resname R01 Charge 0.02561
6594 Name 1:R01:A19c3 Type lmp_007 Mass 12.01 Resnr 0 Resname R01 Charge 0.02991
6595 Name 1:R01:A19c4 Type lmp_009 Mass 1.008 Resnr 0 Resname R01 Charge 0.02761
6596 Name 1:R01:A19c5 Type lmp_004 Mass 12.01 Resnr 0 Resname R01 Charge 0.05471
6597 Name 1:R01:A19c6 Type lmp_009 Mass 1.008 Resnr 0 Resname R01 Charge 0.00921
6598 Name 1:R01:A19c7 Type lmp_007 Mass 12.01 Resnr 0 Resname R01 Charge 0.00911
6599 Name 1:R01:A19c8 Type lmp_009 Mass 1.008 Resnr 0 Resname R01 Charge 0.03851
6600 Name 1:R01:A19c9 Type lmp_005 Mass 12.01 Resnr 0 Resname R01 Charge -0.12349
6601 Name 1:R01:A19ca Type lmp_005 Mass 12.01 Resnr 0 Resname R01 Charge -0.12549
6602 Name 1:R01:A19cb Type lmp_005 Mass 12.01 Resnr 0 Resname R01 Charge 0.03581
6603 Name 1:R01:A19cc Type lmp_003 Mass 12.01 Resnr 0 Resname R01 Charge -0.11109
6604 Name 1:R01:A19cd Type lmp_009 Mass 1.008 Resnr 0 Resname R01 Charge 0.04331
6605 Name 1:R01:A19ce Type lmp_009 Mass 1.008 Resnr 0 Resname R01 Charge 0.04331
6606 Name 1:R01:A19cf Type lmp_009 Mass 1.008 Resnr 0 Resname R01 Charge 0.04331
6607 Name 1:R01:A19d0 Type lmp_005 Mass 12.01 Resnr 0 Resname R01 Charge -0.08649
6608 Name 1:R01:A19d1 Type lmp_005 Mass 12.01 Resnr 0 Resname R01 Charge -0.09149
6609 Name 1:R01:A19d2 Type lmp_005 Mass 12.01 Resnr 0 Resname R01 Charge 0.05181
6610 Name 1:R01:A19d3 Type lmp_003 Mass 12.01 Resnr 0 Resname R01 Charge -0.10009
6611 Name 1:R01:A19d4 Type lmp_009 Mass 1.008 Resnr 0 Resname R01 Charge 0.04551
6612 Name 1:R01:A19d5 Type lmp_009 Mass 1.008 Resnr 0 Resname R01 Charge 0.04551
6613 Name 1:R01:A19d6 Type lmp_009 Mass 1.008 Resnr 0 Resname R01 Charge 0.04551
6614 Name 1:R01:A19d7 Type lmp_007 Mass 12.01 Resnr 0 Resname R01 Charge 0.00531
6615 Name 1:R01:A19d8 Type lmp_009 Mass 1.008 Resnr 0 Resname R01 Charge 0.03971
6616 Name 1:R01:A19d9 Type lmp_004 Mass 12.01 Resnr 0 Resname R01 Charge 0.05571
6617 Name 1:R01:A19da Type lmp_009 Mass 1.008 Resnr 0 Resname R01 Charge 0.01041
6618 Name 1:R01:A19db Type lmp_004 Mass 12.01 Resnr 0 Resname R01 Charge -0.21059
6619 Name 1:R01:A19dc Type lmp_009 Mass 1.008 Resnr 0 Resname R01 Charge 0.05311
6620 Name 1:R01:A19dd Type lmp_009 Mass 1.008 Resnr 0 Resname R01 Charge 0.05311
6621 Name 1:R01:A19de Type lmp_005 Mass 12.01 Resnr 0 Resname R01 Charge -0.04569
6622 Name 1:R01:A19df Type lmp_005 Mass 12.01 Resnr 0 Resname R01 Charge -0.20379
6623 Name 1:R01:A19e0 Type lmp_008 Mass 1.008 Resnr 0 Resname R01 Charge 0.15591
6624 Name 1:R01:A19e1 Type lmp_003 Mass 12.01 Resnr 0 Resname R01 Charge -0.10048
6625 Name 1:R01:A19e2 Type lmp_009 Mass 1.008 Resnr 0 Resname R01 Charge 0.02361
6626 Name 1:R01:A19e3 Type lmp_009 Mass 1.008 Resnr 0 Resname R01 Charge 0.02361
6627 Name 1:R01:A19e4 Type lmp_009 Mass 1.008 Resnr 0 Resname R01 Charge 0.02361
6628 Name 1:R01:A19e5 Type lmp_004 Mass 12.01 Resnr 0 Resname R01 Charge 0.19001
6629 Name 1:R01:A19e6 Type lmp_003 Mass 12.01 Resnr 0 Resname R01 Charge -0.17889
6630 Name 1:R01:A19e7 Type lmp_009 Mass 1.008 Resnr 0 Resname R01 Charge 0.04121
6631 Name 1:R01:A19e8 Type lmp_009 Mass 1.008 Resnr 0 Resname R01 Charge 0.04121
6632 Name 1:R01:A19e9 Type lmp_009 Mass 1.008 Resnr 0 Resname R01 Charge 0.04121
6633 Name 1:R01:A19ea Type lmp_005 Mass 12.01 Resnr 0 Resname R01 Charge 0.00401
6634 Name 1:R01:A19eb Type lmp_006 Mass 12.01 Resnr 0 Resname R01 Charge 0.00111
6635 Name 1:R01:A19ec Type lmp_005 Mass 12.01 Resnr 0 Resname R01 Charge -0.18989
6636 Name 1:R01:A19ed Type lmp_008 Mass 1.008 Resnr 0 Resname R01 Charge 0.14431
6637 Name 1:R01:A19ee Type lmp_005 Mass 12.01 Resnr 0 Resname R01 Charge -0.04879
6638 Name 1:R01:A19ef Type lmp_007 Mass 12.01 Resnr 0 Resname R01 Charge 0.03141
6639 Name 1:R01:A19f0 Type lmp_009 Mass 1.008 Resnr 0 Resname R01 Charge 0.03521
6640 Name 1:R01:A19f1 Type lmp_007 Mass 12.01 Resnr 0 Resname R01 Charge 0.01591
6641 Name 1:R01:A19f2 Type lmp_009 Mass 1.008 Resnr 0 Resname R01 Charge 0.03721
6642 Name 1:R01:A19f3 Type lmp_004 Mass 12.01 Resnr 0 Resname R01 Charge 0.02141
6643 Name 1:R01:A19f4 Type lmp_009 Mass 1.008 Resnr 0 Resname R01 Charge 0.01911
6644 Name 1:R01:A19f5 Type lmp_007 Mass 12.01 Resnr 0 Resname R01 Charge 0.02241
6645 Name 1:R01:A19f6 Type lmp_009 Mass 1.008 Resnr 0 Resname R01 Charge 0.03781
6646 Name 1:R01:A19f7 Type lmp_007 Mass 12.01 Resnr 0 Resname R01 Charge 0.01411
6647 Name 1:R01:A19f8 Type lmp_009 Mass 1.008 Resnr 0 Resname R01 Charge 0.03861
6648 Name 1:R01:A19f9 Type lmp_004 Mass 12.01 Resnr 0 Resname R01 Charge 0.01111
6649 Name 1:R01:A19fa Type lmp_009 Mass 1.008 Resnr 0 Resname R01 Charge 0.02341
6650 Name 1:R01:A19fb Type lmp_004 Mass 12.01 Resnr 0 Resname R01 Charge -0.10289
6651 Name 1:R01:A19fc Type lmp_009 Mass 1.008 Resnr 0 Resname R01 Charge 0.04701
6652 Name 1:R01:A19fd Type lmp_009 Mass 1.008 Resnr 0 Resname R01 Charge 0.04701
6653 Name 1:R01:A19fe Type lmp_005 Mass 12.01 Resnr 0 Resname R01 Charge -0.03099
6654 Name 1:R01:A19ff Type lmp_005 Mass 12.01 Resnr 0 Resname R01 Charge -0.25069
6655 Name 1:R01:A1a00 Type lmp_008 Mass 1.008 Resnr 0 Resname R01 Charge 0.17281
6656 Name 1:R01:A1a01 Type lmp_006 Mass 12.01 Resnr 0 Resname R01 Charge 0.02131
6657 Name 1:R01:A1a02 Type lmp_005 Mass 12.01 Resnr 0 Resname R01 Charge 0.02031
6658 Name 1:R01:A1a03 Type lmp_005 Mass 12.01 Resnr 0 Resname R01 Charge -0.24969
6659 Name 1:R01:A1a04 Type lmp_008 Mass 1.008 Resnr 0 Resname R01 Charge 0.17861
6660 Name 1:R01:A1a05 Type lmp_005 Mass 12.01 Resnr 0 Resname R01 Charge -0.03239
6661 Name 1:R01:A1a06 Type lmp_007 Mass 12.01 Resnr 0 Resname R01 Charge 0.03221
6662 Name 1:R01:A1a07 Type lmp_009 Mass 1.008 Resnr 0 Resname R01 Charge 0.02561
6663 Name 1:R01:A1a08 Type lmp_007 Mass 12.01 Resnr 0 Resname R01 Charge 0.02991
6664 Name 1:R01:A1a09 Type lmp_009 Mass 1.008 Resnr 0 Resname R01 Charge 0.02761
6665 Name 1:R01:A1a0a Type lmp_004 Mass 12.01 Resnr 0 Resname R01 Charge 0.05471
6666 Name 1:R01:A1a0b Type lmp_009 Mass 1.008 Resnr 0 Resname R01 Charge 0.00921
6667 Name 1:R01:A1a0c Type lmp_007 Mass 12.01 Resnr 0 Resname R01 Charge 0.00911
6668 Name 1:R01:A1a0d Type lmp_009 Mass 1.008 Resnr 0 Resname R01 Charge 0.03851
6669 Name 1:R01:A1a0e Type lmp_005 Mass 12.01 Resnr 0 Resname R01 Charge -0.12349
6670 Name 1:R01:A1a0f Type lmp_005 Mass 12.01 Resnr 0 Resname R01 Charge -0.12549
6671 Name 1:R01:A1a10 Type lmp_005 Mass 12.01 Resnr 0 Resname R01 Charge 0.03581
6672 Name 1:R01:A1a11 Type lmp_003 Mass 12.01 Resnr 0 Resname R01 Charge -0.11109
6673 Name 1:R01:A1a12 Type lmp_009 Mass 1.008 Resnr 0 Resname R01 Charge 0.04331
6674 Name 1:R01:A1a13 Type lmp_009 Mass 1.008 Resnr 0 Resname R01 Charge 0.04331
6675 Name 1:R01:A1a14 Type lmp_009 Mass 1.008 Resnr 0 Resname R01 Charge 0.04331
6676 Name 1:R01:A1a15 Type lmp_005 Mass 12.01 Resnr 0 Resname R01 Charge -0.08649
6677 Name 1:R01:A1a16 Type lmp_005 Mass 12.01 Resnr 0 Resname R01 Charge -0.09149
6678 Name 1:R01:A1a17 Type lmp_005 Mass 12.01 Resnr 0 Resname R01 Charge 0.05181
6679 Name 1:R01:A1a18 Type lmp_003 Mass 12.01 Resnr 0 Resname R01 Charge -0.10009
6680 Name 1:R01:A1a19 Type lmp_009 Mass 1.008 Resnr 0 Resname R01 Charge 0.04551
6681 Name 1:R01:A1a1a Type lmp_009 Mass 1.008 Resnr 0 Resname R01 Charge 0.04551
6682 Name 1:R01:A1a1b Type lmp_009 Mass 1.008 Resnr 0 Resname R01 Charge 0.04551
6683 Name 1:R01:A1a1c Type lmp_007 Mass 12.01 Resnr 0 Resname R01 Charge 0.00531
6684 Name 1:R01:A1a1d Type lmp_009 Mass 1.008 Resnr 0 Resname R01 Charge 0.03971
6685 Name 1:R01:A1a1e Type lmp_004 Mass 12.01 Resnr 0 Resname R01 Charge 0.05571
6686 Name 1:R01:A1a1f Type lmp_009 Mass 1.008 Resnr 0 Resname R01 Charge 0.01041
6687 Name 1:R01:A1a20 Type lmp_004 Mass 12.01 Resnr 0 Resname R01 Charge -0.21059
6688 Name 1:R01:A1a21 Type lmp_009 Mass 1.008 Resnr 0 Resname R01 Charge 0.05311
6689 Name 1:R01:A1a22 Type lmp_009 Mass 1.008 Resnr 0 Resname R01 Charge 0.05311
6690 Name 1:R01:A1a23 Type lmp_005 Mass 12.01 Resnr 0 Resname R01 Charge -0.04569
6691 Name 1:R01:A1a24 Type lmp_005 Mass 12.01 Resnr 0 Resname R01 Charge -0.20379
6692 Name 1:R01:A1a25 Type lmp_008 Mass 1.008 Resnr 0 Resname R01 Charge 0.15591
6693 Name 1:R01:A1a26 Type lmp_003 Mass 12.01 Resnr 0 Resname R01 Charge -0.10048
6694 Name 1:R01:A1a27 Type lmp_009 Mass 1.008 Resnr 0 Resname R01 Charge 0.02361
6695 Name 1:R01:A1a28 Type lmp_009 Mass 1.008 Resnr 0 Resname R01 Charge 0.02361
6696 Name 1:R01:A1a29 Type lmp_009 Mass 1.008 Resnr 0 Resname R01 Charge 0.02361
6697 Name 1:R01:A1a2a Type lmp_004 Mass 12.01 Resnr 0 Resname R01 Charge 0.19001
6698 Name 1:R01:A1a2b Type lmp_003 Mass 12.01 Resnr 0 Resname R01 Charge -0.17889
6699 Name 1:R01:A1a2c Type lmp_009 Mass 1.008 Resnr 0 Resname R01 Charge 0.04121
6700 Name 1:R01:A1a2d Type lmp_009 Mass 1.008 Resnr 0 Resname R01 Charge 0.04121
6701 Name 1:R01:A1a2e Type lmp_009 Mass 1.008 Resnr 0 Resname R01 Charge 0.04121
6702 Name 1:R01:A1a2f Type lmp_005 Mass 12.01 Resnr 0 Resname R01 Charge 0.00401
6703 Name 1:R01:A1a30 Type lmp_006 Mass 12.01 Resnr 0 Resname R01 Charge 0.00111
6704 Name 1:R01:A1a31 Type lmp_005 Mass 12.01 Resnr 0 Resname R01 Charge -0.18989
6705 Name 1:R01:A1a32 Type lmp_008 Mass 1.008 Resnr 0 Resname R01 Charge 0.14431
6706 Name 1:R01:A1a33 Type lmp_005 Mass 12.01 Resnr 0 Resname R01 Charge -0.04879
6707 Name 1:R01:A1a34 Type lmp_007 Mass 12.01 Resnr 0 Resname R01 Charge 0.03141
6708 Name 1:R01:A1a35 Type lmp_009 Mass 1.008 Resnr 0 Resname R01 Charge 0.03521
6709 Name 1:R01:A1a36 Type lmp_007 Mass 12.01 Resnr 0 Resname R01 Charge 0.01591
6710 Name 1:R01:A1a37 Type lmp_009 Mass 1.008 Resnr 0 Resname R01 Charge 0.03721
6711 Name 1:R01:A1a38 Type lmp_004 Mass 12.01 Resnr 0 Resname R01 Charge 0.02141
6712 Name 1:R01:A1a39 Type lmp_009 Mass 1.008 Resnr 0 Resname R01 Charge 0.01911
6713 Name 1:R01:A1a3a Type lmp_007 Mass 12.01 Resnr 0 Resname R01 Charge 0.02241
6714 Name 1:R01:A1a3b Type lmp_009 Mass 1.008 Resnr 0 Resname R01 Charge 0.03781
6715 Name 1:R01:A1a3c Type lmp_007 Mass 12.01 Resnr 0 Resname R01 Charge 0.01411
6716 Name 1:R01:A1a3d Type lmp_009 Mass 1.008 Resnr 0 Resname R01 Charge 0.03861
6717 Name 1:R01:A1a3e Type lmp_004 Mass 12.01 Resnr 0 Resname R01 Charge 0.01111
6718 Name 1:R01:A1a3f Type lmp_009 Mass 1.008 Resnr 0 Resname R01 Charge 0.02341
6719 Name 1:R01:A1a40 Type lmp_004 Mass 12.01 Resnr 0 Resname R01 Charge -0.10289
6720 Name 1:R01:A1a41 Type lmp_009 Mass 1.008 Resnr 0 Resname R01 Charge 0.04701
6721 Name 1:R01:A1a42 Type lmp_009 Mass 1.008 Resnr 0 Resname R01 Charge 0.04701
6722 Name 1:R01:A1a43 Type lmp_005 Mass 12.01 Resnr 0 Resname R01 Charge -0.03099
6723 Name 1:R01:A1a44 Type lmp_005 Mass 12.01 Resnr 0 Resname R01 Charge -0.25069
6724 Name 1:R01:A1a45 Type lmp_008 Mass 1.008 Resnr 0 Resname R01 Charge 0.17281
6725 Name 1:R01:A1a46 Type lmp_006 Mass 12.01 Resnr 0 Resname R01 Charge 0.02131
6726 Name 1:R01:A1a47 Type lmp_005 Mass 12.01 Resnr 0 Resname R01 Charge 0.02031
6727 Name 1:R01:A1a48 Type lmp_005 Mass 12.01 Resnr 0 Resname R01 Charge -0.24969
6728 Name 1:R01:A1a49 Type lmp_008 Mass 1.008 Resnr 0 Resname R01 Charge 0.17861
6729 Name 1:R01:A1a4a Type lmp_005 Mass 12.01 Resnr 0 Resname R01 Charge -0.03239
6730 Name 1:R01:A1a4b Type lmp_007 Mass 12.01 Resnr 0 Resname R01 Charge 0.03221
6731 Name 1:R01:A1a4c Type lmp_009 Mass 1.008 Resnr 0 Resname R01 Charge 0.02561
6732 Name 1:R01:A1a4d Type lmp_007 Mass 12.01 Resnr 0 Resname R01 Charge 0.02991
6733 Name 1:R01:A1a4e Type lmp_009 Mass 1.008 Resnr 0 Resname R01 Charge 0.02761
6734 Name 1:R01:A1a4f Type lmp_004 Mass 12.01 Resnr 0 Resname R01 Charge 0.05471
6735 Name 1:R01:A1a50 Type lmp_009 Mass 1.008 Resnr 0 Resname R01 Charge 0.00921
6736 Name 1:R01:A1a51 Type lmp_007 Mass 12.01 Resnr 0 Resname R01 Charge 0.00911
6737 Name 1:R01:A1a52 Type lmp_009 Mass 1.008 Resnr 0 Resname R01 Charge 0.03851
6738 Name 1:R01:A1a53 Type lmp_005 Mass 12.01 Resnr 0 Resname R01 Charge -0.12349
6739 Name 1:R01:A1a54 Type lmp_005 Mass 12.01 Resnr 0 Resname R01 Charge -0.12549
6740 Name 1:R01:A1a55 Type lmp_005 Mass 12.01 Resnr 0 Resname R01 Charge 0.03581
6741 Name 1:R01:A1a56 Type lmp_003 Mass 12.01 Resnr 0 Resname R01 Charge -0.11109
6742 Name 1:R01:A1a57 Type lmp_009 Mass 1.008 Resnr 0 Resname R01 Charge 0.04331
6743 Name 1:R01:A1a58 Type lmp_009 Mass 1.008 Resnr 0 Resname R01 Charge 0.04331
6744 Name 1:R01:A1a59 Type lmp_009 Mass 1.008 Resnr 0 Resname R01 Charge 0.04331
6745 Name 1:R01:A1a5a Type lmp_005 Mass 12.01 Resnr 0 Resname R01 Charge -0.08649
6746 Name 1:R01:A1a5b Type lmp_005 Mass 12.01 Resnr 0 Resname R01 Charge -0.09149
6747 Name 1:R01:A1a5c Type lmp_005 Mass 12.01 Resnr 0 Resname R01 Charge 0.05181
6748 Name 1:R01:A1a5d Type lmp_003 Mass 12.01 Resnr 0 Resname R01 Charge -0.10009
6749 Name 1:R01:A1a5e Type lmp_009 Mass 1.008 Resnr 0 Resname R01 Charge 0.04551
6750 Name 1:R01:A1a5f Type lmp_009 Mass 1.008 Resnr 0 Resname R01 Charge 0.04551
6751 Name 1:R01:A1a60 Type lmp_009 Mass 1.008 Resnr 0 Resname R01 Charge 0.04551
6752 Name 1:R01:A1a61 Type lmp_007 Mass 12.01 Resnr 0 Resname R01 Charge 0.00531
6753 Name 1:R01:A1a62 Type lmp_009 Mass 1.008 Resnr 0 Resname R01 Charge 0.03971
6754 Name 1:R01:A1a63 Type lmp_004 Mass 12.01 Resnr 0 Resname R01 Charge 0.05571
6755 Name 1:R01:A1a64 Type lmp_009 Mass 1.008 Resnr 0 Resname R01 Charge 0.01041
6756 Name 1:R01:A1a65 Type lmp_004 Mass 12.01 Resnr 0 Resname R01 Charge -0.21059
6757 Name 1:R01:A1a66 Type lmp_009 Mass 1.008 Resnr 0 Resname R01 Charge 0.05311
6758 Name 1:R01:A1a67 Type lmp_009 Mass 1.008 Resnr 0 Resname R01 Charge 0.05311
6759 Name 1:R01:A1a68 Type lmp_005 Mass 12.01 Resnr 0 Resname R01 Charge -0.04569
6760 Name 1:R01:A1a69 Type lmp_005 Mass 12.01 Resnr 0 Resname R01 Charge -0.20379
6761 Name 1:R01:A1a6a Type lmp_008 Mass 1.008 Resnr 0 Resname R01 Charge 0.15591
6762 Name 1:R01:A1a6b Type lmp_003 Mass 12.01 Resnr 0 Resname R01 Charge -0.10048
6763 Name 1:R01:A1a6c Type lmp_009 Mass 1.008 Resnr 0 Resname R01 Charge 0.02361
6764 Name 1:R01:A1a6d Type lmp_009 Mass 1.008 Resnr 0 Resname R01 Charge 0.02361
6765 Name 1:R01:A1a6e Type lmp_009 Mass 1.008 Resnr 0 Resname R01 Charge 0.02361
6766 Name 1:R01:A1a6f Type lmp_004 Mass 12.01 Resnr 0 Resname R01 Charge 0.19001
6767 Name 1:R01:A1a70 Type lmp_003 Mass 12.01 Resnr 0 Resname R01 Charge -0.17889
6768 Name 1:R01:A1a71 Type lmp_009 Mass 1.008 Resnr 0 Resname R01 Charge 0.04121
6769 Name 1:R01:A1a72 Type lmp_009 Mass 1.008 Resnr 0 Resname R01 Charge 0.04121
6770 Name 1:R01:A1a73 Type lmp_009 Mass 1.008 Resnr 0 Resname R01 Charge 0.04121
6771 Name 1:R01:A1a74 Type lmp_005 Mass 12.01 Resnr 0 Resname R01 Charge 0.00401
6772 Name 1:R01:A1a75 Type lmp_006 Mass 12.01 Resnr 0 Resname R01 Charge 0.00111
6773 Name 1:R01:A1a76 Type lmp_005 Mass 12.01 Resnr 0 Resname R01 Charge -0.18989
6774 Name 1:R01:A1a77 Type lmp_008 Mass 1.008 Resnr 0 Resname R01 Charge 0.14431
6775 Name 1:R01:A1a78 Type lmp_005 Mass 12.01 Resnr 0 Resname R01 Charge -0.04879
6776 Name 1:R01:A1a79 Type lmp_007 Mass 12.01 Resnr 0 Resname R01 Charge 0.03141
6777 Name 1:R01:A1a7a Type lmp_009 Mass 1.008 Resnr 0 Resname R01 Charge 0.03521
6778 Name 1:R01:A1a7b Type lmp_007 Mass 12.01 Resnr 0 Resname R01 Charge 0.01591
6779 Name 1:R01:A1a7c Type lmp_009 Mass 1.008 Resnr 0 Resname R01 Charge 0.03721
6780 Name 1:R01:A1a7d Type lmp_004 Mass 12.01 Resnr 0 Resname R01 Charge 0.02141
6781 Name 1:R01:A1a7e Type lmp_009 Mass 1.008 Resnr 0 Resname R01 Charge 0.01911
6782 Name 1:R01:A1a7f Type lmp_007 Mass 12.01 Resnr 0 Resname R01 Charge 0.02241
6783 Name 1:R01:A1a80 Type lmp_009 Mass 1.008 Resnr 0 Resname R01 Charge 0.03781
6784 Name 1:R01:A1a81 Type lmp_007 Mass 12.01 Resnr 0 Resname R01 Charge 0.01411
6785 Name 1:R01:A1a82 Type lmp_009 Mass 1.008 Resnr 0 Resname R01 Charge 0.03861
6786 Name 1:R01:A1a83 Type lmp_004 Mass 12.01 Resnr 0 Resname R01 Charge 0.01111
6787 Name 1:R01:A1a84 Type lmp_009 Mass 1.008 Resnr 0 Resname R01 Charge 0.02341
6788 Name 1:R01:A1a85 Type lmp_004 Mass 12.01 Resnr 0 Resname R01 Charge -0.10289
6789 Name 1:R01:A1a86 Type lmp_009 Mass 1.008 Resnr 0 Resname R01 Charge 0.04701
6790 Name 1:R01:A1a87 Type lmp_009 Mass 1.008 Resnr 0 Resname R01 Charge 0.04701
6791 Name 1:R01:A1a88 Type lmp_005 Mass 12.01 Resnr 0 Resname R01 Charge -0.03099
6792 Name 1:R01:A1a89 Type lmp_005 Mass 12.01 Resnr 0 Resname R01 Charge -0.25069
6793 Name 1:R01:A1a8a Type lmp_008 Mass 1.008 Resnr 0 Resname R01 Charge 0.17281
6794 Name 1:R01:A1a8b Type lmp_006 Mass 12.01 Resnr 0 Resname R01 Charge 0.02131
6795 Name 1:R01:A1a8c Type lmp_005 Mass 12.01 Resnr 0 Resname R01 Charge 0.02031
6796 Name 1:R01:A1a8d Type lmp_005 Mass 12.01 Resnr 0 Resname R01 Charge -0.24969
6797 Name 1:R01:A1a8e Type lmp_008 Mass 1.008 Resnr 0 Resname R01 Charge 0.17861
6798 Name 1:R01:A1a8f Type lmp_005 Mass 12.01 Resnr 0 Resname R01 Charge -0.03239
6799 Name 1:R01:A1a90 Type lmp_007 Mass 12.01 Resnr 0 Resname R01 Charge 0.03221
6800 Name 1:R01:A1a91 Type lmp_009 Mass 1.008 Resnr 0 Resname R01 Charge 0.02561
6801 Name 1:R01:A1a92 Type lmp_007 Mass 12.01 Resnr 0 Resname R01 Charge 0.02991
6802 Name 1:R01:A1a93 Type lmp_009 Mass 1.008 Resnr 0 Resname R01 Charge 0.02761
6803 Name 1:R01:A1a94 Type lmp_004 Mass 12.01 Resnr 0 Resname R01 Charge 0.05471
6804 Name 1:R01:A1a95 Type lmp_009 Mass 1.008 Resnr 0 Resname R01 Charge 0.00921
6805 Name 1:R01:A1a96 Type lmp_007 Mass 12.01 Resnr 0 Resname R01 Charge 0.00911
6806 Name 1:R01:A1a97 Type lmp_009 Mass 1.008 Resnr 0 Resname R01 Charge 0.03851
6807 Name 1:R01:A1a98 Type lmp_005 Mass 12.01 Resnr 0 Resname R01 Charge -0.12349
6808 Name 1:R01:A1a99 Type lmp_005 Mass 12.01 Resnr 0 Resname R01 Charge -0.12549
6809 Name 1:R01:A1a9a Type lmp_005 Mass 12.01 Resnr 0 Resname R01 Charge 0.03581
6810 Name 1:R01:A1a9b Type lmp_003 Mass 12.01 Resnr 0 Resname R01 Charge -0.11109
6811 Name 1:R01:A1a9c Type lmp_009 Mass 1.008 Resnr 0 Resname R01 Charge 0.04331
6812 Name 1:R01:A1a9d Type lmp_009 Mass 1.008 Resnr 0 Resname R01 Charge 0.04331
6813 Name 1:R01:A1a9e Type lmp_009 Mass 1.008 Resnr 0 Resname R01 Charge 0.04331
6814 Name 1:R01:A1a9f Type lmp_005 Mass 12.01 Resnr 0 Resname R01 Charge -0.08649
6815 Name 1:R01:A1aa0 Type lmp_005 Mass 12.01 Resnr 0 Resname R01 Charge -0.09149
6816 Name 1:R01:A1aa1 Type lmp_005 Mass 12.01 Resnr 0 Resname R01 Charge 0.05181
6817 Name 1:R01:A1aa2 Type lmp_003 Mass 12.01 Resnr 0 Resname R01 Charge -0.10009
6818 Name 1:R01:A1aa3 Type lmp_009 Mass 1.008 Resnr 0 Resname R01 Charge 0.04551
6819 Name 1:R01:A1aa4 Type lmp_009 Mass 1.008 Resnr 0 Resname R01 Charge 0.04551
6820 Name 1:R01:A1aa5 Type lmp_009 Mass 1.008 Resnr 0 Resname R01 Charge 0.04551
6821 Name 1:R01:A1aa6 Type lmp_007 Mass 12.01 Resnr 0 Resname R01 Charge 0.00531
6822 Name 1:R01:A1aa7 Type lmp_009 Mass 1.008 Resnr 0 Resname R01 Charge 0.03971
6823 Name 1:R01:A1aa8 Type lmp_004 Mass 12.01 Resnr 0 Resname R01 Charge 0.05571
6824 Name 1:R01:A1aa9 Type lmp_009 Mass 1.008 Resnr 0 Resname R01 Charge 0.01041
6825 Name 1:R01:A1aaa Type lmp_004 Mass 12.01 Resnr 0 Resname R01 Charge -0.21059
6826 Name 1:R01:A1aab Type lmp_009 Mass 1.008 Resnr 0 Resname R01 Charge 0.05311
6827 Name 1:R01:A1aac Type lmp_009 Mass 1.008 Resnr 0 Resname R01 Charge 0.05311
6828 Name 1:R01:A1aad Type lmp_005 Mass 12.01 Resnr 0 Resname R01 Charge -0.04569
6829 Name 1:R01:A1aae Type lmp_005 Mass 12.01 Resnr 0 Resname R01 Charge -0.20379
6830 Name 1:R01:A1aaf Type lmp_008 Mass 1.008 Resnr 0 Resname R01 Charge 0.15591
6831 Name 1:R01:A1ab0 Type lmp_003 Mass 12.01 Resnr 0 Resname R01 Charge -0.10048
6832 Name 1:R01:A1ab1 Type lmp_009 Mass 1.008 Resnr 0 Resname R01 Charge 0.02361
6833 Name 1:R01:A1ab2 Type lmp_009 Mass 1.008 Resnr 0 Resname R01 Charge 0.02361
6834 Name 1:R01:A1ab3 Type lmp_009 Mass 1.008 Resnr 0 Resname R01 Charge 0.02361
6835 Name 1:R01:A1ab4 Type lmp_004 Mass 12.01 Resnr 0 Resname R01 Charge 0.19001
6836 Name 1:R01:A1ab5 Type lmp_003 Mass 12.01 Resnr 0 Resname R01 Charge -0.17889
6837 Name 1:R01:A1ab6 Type lmp_009 Mass 1.008 Resnr 0 Resname R01 Charge 0.04121
6838 Name 1:R01:A1ab7 Type lmp_009 Mass 1.008 Resnr 0 Resname R01 Charge 0.04121
6839 Name 1:R01:A1ab8 Type lmp_009 Mass 1.008 Resnr 0 Resname R01 Charge 0.04121
6840 Name 1:R01:A1ab9 Type lmp_005 Mass 12.01 Resnr 0 Resname R01 Charge 0.00401
6841 Name 1:R01:A1aba Type lmp_006 Mass 12.01 Resnr 0 Resname R01 Charge 0.00111
6842 Name 1:R01:A1abb Type lmp_005 Mass 12.01 Resnr 0 Resname R01 Charge -0.18989
6843 Name 1:R01:A1abc Type lmp_008 Mass 1.008 Resnr 0 Resname R01 Charge 0.14431
6844 Name 1:R01:A1abd Type lmp_005 Mass 12.01 Resnr 0 Resname R01 Charge -0.04879
6845 Name 1:R01:A1abe Type lmp_007 Mass 12.01 Resnr 0 Resname R01 Charge 0.03141
6846 Name 1:R01:A1abf Type lmp_009 Mass 1.008 Resnr 0 Resname R01 Charge 0.03521
6847 Name 1:R01:A1ac0 Type lmp_007 Mass 12.01 Resnr 0 Resname R01 Charge 0.01591
6848 Name 1:R01:A1ac1 Type lmp_009 Mass 1.008 Resnr 0 Resname R01 Charge 0.03721
6849 Name 1:R01:A1ac2 Type lmp_004 Mass 12.01 Resnr 0 Resname R01 Charge 0.02141
6850 Name 1:R01:A1ac3 Type lmp_009 Mass 1.008 Resnr 0 Resname R01 Charge 0.01911
6851 Name 1:R01:A1ac4 Type lmp_007 Mass 12.01 Resnr 0 Resname R01 Charge 0.02241
6852 Name 1:R01:A1ac5 Type lmp_009 Mass 1.008 Resnr 0 Resname R01 Charge 0.03781
6853 Name 1:R01:A1ac6 Type lmp_007 Mass 12.01 Resnr 0 Resname R01 Charge 0.01411
6854 Name 1:R01:A1ac7 Type lmp_009 Mass 1.008 Resnr 0 Resname R01 Charge 0.03861
6855 Name 1:R01:A1ac8 Type lmp_004 Mass 12.01 Resnr 0 Resname R01 Charge 0.01111
6856 Name 1:R01:A1ac9 Type lmp_009 Mass 1.008 Resnr 0 Resname R01 Charge 0.02341
6857 Name 1:R01:A1aca Type lmp_004 Mass 12.01 Resnr 0 Resname R01 Charge -0.10289
6858 Name 1:R01:A1acb Type lmp_009 Mass 1.008 Resnr 0 Resname R01 Charge 0.04701
6859 Name 1:R01:A1acc Type lmp_009 Mass 1.008 Resnr 0 Resname R01 Charge 0.04701
6860 Name 1:R01:A1acd Type lmp_005 Mass 12.01 Resnr 0 Resname R01 Charge -0.03099
6861 Name 1:R01:A1ace Type lmp_005 Mass 12.01 Resnr 0 Resname R01 Charge -0.25069
6862 Name 1:R01:A1acf Type lmp_008 Mass 1.008 Resnr 0 Resname R01 Charge 0.17281
6863 Name 1:R01:A1ad0 Type lmp_006 Mass 12.01 Resnr 0 Resname R01 Charge 0.02131
6864 Name 1:R01:A1ad1 Type lmp_005 Mass 12.01 Resnr 0 Resname R01 Charge 0.02031
6865 Name 1:R01:A1ad2 Type lmp_005 Mass 12.01 Resnr 0 Resname R01 Charge -0.24969
6866 Name 1:R01:A1ad3 Type lmp_008 Mass 1.008 Resnr 0 Resname R01 Charge 0.17861
6867 Name 1:R01:A1ad4 Type lmp_005 Mass 12.01 Resnr 0 Resname R01 Charge -0.03239
6868 Name 1:R01:A1ad5 Type lmp_007 Mass 12.01 Resnr 0 Resname R01 Charge 0.03221
6869 Name 1:R01:A1ad6 Type lmp_009 Mass 1.008 Resnr 0 Resname R01 Charge 0.02561
6870 Name 1:R01:A1ad7 Type lmp_007 Mass 12.01 Resnr 0 Resname R01 Charge 0.02991
6871 Name 1:R01:A1ad8 Type lmp_009 Mass 1.008 Resnr 0 Resname R01 Charge 0.02761
6872 Name 1:R01:A1ad9 Type lmp_004 Mass 12.01 Resnr 0 Resname R01 Charge 0.05471
6873 Name 1:R01:A1ada Type lmp_009 Mass 1.008 Resnr 0 Resname R01 Charge 0.00921
6874 Name 1:R01:A1adb Type lmp_007 Mass 12.01 Resnr 0 Resname R01 Charge 0.00911
6875 Name 1:R01:A1adc Type lmp_009 Mass 1.008 Resnr 0 Resname R01 Charge 0.03851
6876 Name 1:R01:A1add Type lmp_005 Mass 12.01 Resnr 0 Resname R01 Charge -0.12349
6877 Name 1:R01:A1ade Type lmp_005 Mass 12.01 Resnr 0 Resname R01 Charge -0.12549
6878 Name 1:R01:A1adf Type lmp_005 Mass 12.01 Resnr 0 Resname R01 Charge 0.03581
6879 Name 1:R01:A1ae0 Type lmp_003 Mass 12.01 Resnr 0 Resname R01 Charge -0.11109
6880 Name 1:R01:A1ae1 Type lmp_009 Mass 1.008 Resnr 0 Resname R01 Charge 0.04331
6881 Name 1:R01:A1ae2 Type lmp_009 Mass 1.008 Resnr 0 Resname R01 Charge 0.04331
6882 Name 1:R01:A1ae3 Type lmp_009 Mass 1.008 Resnr 0 Resname R01 Charge 0.04331
6883 Name 1:R01:A1ae4 Type lmp_005 Mass 12.01 Resnr 0 Resname R01 Charge -0.08649
6884 Name 1:R01:A1ae5 Type lmp_005 Mass 12.01 Resnr 0 Resname R01 Charge -0.09149
6885 Name 1:R01:A1ae6 Type lmp_005 Mass 12.01 Resnr 0 Resname R01 Charge 0.05181
6886 Name 1:R01:A1ae7 Type lmp_003 Mass 12.01 Resnr 0 Resname R01 Charge -0.10009
6887 Name 1:R01:A1ae8 Type lmp_009 Mass 1.008 Resnr 0 Resname R01 Charge 0.04551
6888 Name 1:R01:A1ae9 Type lmp_009 Mass 1.008 Resnr 0 Resname R01 Charge 0.04551
6889 Name 1:R01:A1aea Type lmp_009 Mass 1.008 Resnr 0 Resname R01 Charge 0.04551
6890 Name 1:R01:A1aeb Type lmp_007 Mass 12.01 Resnr 0 Resname R01 Charge 0.00531
6891 Name 1:R01:A1aec Type lmp_009 Mass 1.008 Resnr 0 Resname R01 Charge 0.03971
6892 Name 1:R01:A1aed Type lmp_004 Mass 12.01 Resnr 0 Resname R01 Charge 0.05571
6893 Name 1:R01:A1aee Type lmp_009 Mass 1.008 Resnr 0 Resname R01 Charge 0.01041
6894 Name 1:R01:A1aef Type lmp_004 Mass 12.01 Resnr 0 Resname R01 Charge -0.21059
6895 Name 1:R01:A1af0 Type lmp_009 Mass 1.008 Resnr 0 Resname R01 Charge 0.05311
6896 Name 1:R01:A1af1 Type lmp_009 Mass 1.008 Resnr 0 Resname R01 Charge 0.05311
6897 Name 1:R01:A1af2 Type lmp_005 Mass 12.01 Resnr 0 Resname R01 Charge -0.04569
6898 Name 1:R01:A1af3 Type lmp_005 Mass 12.01 Resnr 0 Resname R01 Charge -0.20379
6899 Name 1:R01:A1af4 Type lmp_008 Mass 1.008 Resnr 0 Resname R01 Charge 0.15591
