Loading intel/oneapi/compiler/latest
  Loading requirement: intel/oneapi/tbb/latest intel/oneapi/compiler-rt/latest
    intel/oneapi/umf/latest
libibverbs: Warning: couldn't load driver 'libefa-rdmav34.so': libefa-rdmav34.so: cannot open shared object file: No such file or directory
libibverbs: Warning: couldn't load driver 'libhns-rdmav34.so': libhns-rdmav34.so: cannot open shared object file: No such file or directory
libibverbs: Warning: couldn't load driver 'libsiw-rdmav34.so': libsiw-rdmav34.so: cannot open shared object file: No such file or directory
libibverbs: Warning: couldn't load driver 'libhfi1verbs-rdmav34.so': libhfi1verbs-rdmav34.so: cannot open shared object file: No such file or directory
libibverbs: Warning: couldn't load driver 'libipathverbs-rdmav34.so': libipathverbs-rdmav34.so: cannot open shared object file: No such file or directory
libibverbs: Warning: couldn't load driver 'libbnxt_re-rdmav34.so': libbnxt_re-rdmav34.so: cannot open shared object file: No such file or directory
libibverbs: Warning: couldn't load driver 'libvmw_pvrdma-rdmav34.so': libvmw_pvrdma-rdmav34.so: cannot open shared object file: No such file or directory
libibverbs: Warning: couldn't load driver 'libmana-rdmav34.so': libmana-rdmav34.so: cannot open shared object file: No such file or directory
libibverbs: Warning: couldn't load driver 'librxe-rdmav34.so': librxe-rdmav34.so: cannot open shared object file: No such file or directory
libibverbs: Warning: couldn't load driver 'libocrdma-rdmav34.so': libocrdma-rdmav34.so: cannot open shared object file: No such file or directory
libibverbs: Warning: couldn't load driver 'libirdma-rdmav34.so': libirdma-rdmav34.so: cannot open shared object file: No such file or directory
libibverbs: Warning: couldn't load driver 'libmthca-rdmav34.so': libmthca-rdmav34.so: cannot open shared object file: No such file or directory
libibverbs: Warning: couldn't load driver 'liberdma-rdmav34.so': liberdma-rdmav34.so: cannot open shared object file: No such file or directory
libibverbs: Warning: couldn't load driver 'libcxgb4-rdmav34.so': libcxgb4-rdmav34.so: cannot open shared object file: No such file or directory
libibverbs: Warning: couldn't load driver 'libqedr-rdmav34.so': libqedr-rdmav34.so: cannot open shared object file: No such file or directory
libibverbs: Warning: couldn't load driver 'libmlx4-rdmav34.so': libmlx4-rdmav34.so: cannot open shared object file: No such file or directory
libibverbs: Warning: couldn't load driver 'libefa-rdmav34.so': libefa-rdmav34.so: cannot open shared object file: No such file or directory
libibverbs: Warning: couldn't load driver 'libefa-rdmav34.so': libefa-rdmav34.so: cannot open shared object file: No such file or directory
libibverbs: Warning: couldn't load driver 'libhns-rdmav34.so': libhns-rdmav34.so: cannot open shared object file: No such file or directory
libibverbs: Warning: couldn't load driver 'libhns-rdmav34.so': libhns-rdmav34.so: cannot open shared object file: No such file or directory
libibverbs: Warning: couldn't load driver 'libsiw-rdmav34.so': libsiw-rdmav34.so: cannot open shared object file: No such file or directory
libibverbs: Warning: couldn't load driver 'libsiw-rdmav34.so': libsiw-rdmav34.so: cannot open shared object file: No such file or directory
libibverbs: Warning: couldn't load driver 'libhfi1verbs-rdmav34.so': libhfi1verbs-rdmav34.so: cannot open shared object file: No such file or directory
libibverbs: Warning: couldn't load driver 'libhfi1verbs-rdmav34.so': libhfi1verbs-rdmav34.so: cannot open shared object file: No such file or directory
libibverbs: Warning: couldn't load driver 'libipathverbs-rdmav34.so': libipathverbs-rdmav34.so: cannot open shared object file: No such file or directory
libibverbs: Warning: couldn't load driver 'libipathverbs-rdmav34.so': libipathverbs-rdmav34.so: cannot open shared object file: No such file or directory
libibverbs: Warning: couldn't load driver 'libefa-rdmav34.so': libefa-rdmav34.so: cannot open shared object file: No such file or directory
libibverbs: Warning: couldn't load driver 'libbnxt_re-rdmav34.so': libbnxt_re-rdmav34.so: cannot open shared object file: No such file or directory
libibverbs: Warning: couldn't load driver 'libbnxt_re-rdmav34.so': libbnxt_re-rdmav34.so: cannot open shared object file: No such file or directory
libibverbs: Warning: couldn't load driver 'libvmw_pvrdma-rdmav34.so': libvmw_pvrdma-rdmav34.so: cannot open shared object file: No such file or directory
libibverbs: Warning: couldn't load driver 'libhns-rdmav34.so': libhns-rdmav34.so: cannot open shared object file: No such file or directory
libibverbs: Warning: couldn't load driver 'libvmw_pvrdma-rdmav34.so': libvmw_pvrdma-rdmav34.so: cannot open shared object file: No such file or directory
libibverbs: Warning: couldn't load driver 'libmana-rdmav34.so': libmana-rdmav34.so: cannot open shared object file: No such file or directory
libibverbs: Warning: couldn't load driver 'libmana-rdmav34.so': libmana-rdmav34.so: cannot open shared object file: No such file or directory
libibverbs: Warning: couldn't load driver 'libefa-rdmav34.so': libefa-rdmav34.so: cannot open shared object file: No such file or directory
libibverbs: Warning: couldn't load driver 'libhns-rdmav34.so': libhns-rdmav34.so: cannot open shared object file: No such file or directory
libibverbs: Warning: couldn't load driver 'libsiw-rdmav34.so': libsiw-rdmav34.so: cannot open shared object file: No such file or directory
libibverbs: Warning: couldn't load driver 'libhfi1verbs-rdmav34.so': libhfi1verbs-rdmav34.so: cannot open shared object file: No such file or directory
libibverbs: Warning: couldn't load driver 'librxe-rdmav34.so': librxe-rdmav34.so: cannot open shared object file: No such file or directory
libibverbs: Warning: couldn't load driver 'libocrdma-rdmav34.so': libocrdma-rdmav34.so: cannot open shared object file: No such file or directory
libibverbs: Warning: couldn't load driver 'libsiw-rdmav34.so': libsiw-rdmav34.so: cannot open shared object file: No such file or directory
libibverbs: Warning: couldn't load driver 'libipathverbs-rdmav34.so': libipathverbs-rdmav34.so: cannot open shared object file: No such file or directory
libibverbs: Warning: couldn't load driver 'libbnxt_re-rdmav34.so': libbnxt_re-rdmav34.so: cannot open shared object file: No such file or directory
libibverbs: Warning: couldn't load driver 'libefa-rdmav34.so': libefa-rdmav34.so: cannot open shared object file: No such file or directory
libibverbs: Warning: couldn't load driver 'libhns-rdmav34.so': libhns-rdmav34.so: cannot open shared object file: No such file or directory
libibverbs: Warning: couldn't load driver 'librxe-rdmav34.so': librxe-rdmav34.so: cannot open shared object file: No such file or directory
libibverbs: Warning: couldn't load driver 'libocrdma-rdmav34.so': libocrdma-rdmav34.so: cannot open shared object file: No such file or directory
libibverbs: Warning: couldn't load driver 'libirdma-rdmav34.so': libirdma-rdmav34.so: cannot open shared object file: No such file or directory
libibverbs: Warning: couldn't load driver 'libmthca-rdmav34.so': libmthca-rdmav34.so: cannot open shared object file: No such file or directory
libibverbs: Warning: couldn't load driver 'libirdma-rdmav34.so': libirdma-rdmav34.so: cannot open shared object file: No such file or directory
libibverbs: Warning: couldn't load driver 'libmthca-rdmav34.so': libmthca-rdmav34.so: cannot open shared object file: No such file or directory
libibverbs: Warning: couldn't load driver 'libhfi1verbs-rdmav34.so': libhfi1verbs-rdmav34.so: cannot open shared object file: No such file or directory
libibverbs: Warning: couldn't load driver 'libipathverbs-rdmav34.so': libipathverbs-rdmav34.so: cannot open shared object file: No such file or directory
libibverbs: Warning: couldn't load driver 'libvmw_pvrdma-rdmav34.so': libvmw_pvrdma-rdmav34.so: cannot open shared object file: No such file or directory
libibverbs: Warning: couldn't load driver 'libmana-rdmav34.so': libmana-rdmav34.so: cannot open shared object file: No such file or directory
libibverbs: Warning: couldn't load driver 'liberdma-rdmav34.so': liberdma-rdmav34.so: cannot open shared object file: No such file or directory
libibverbs: Warning: couldn't load driver 'libcxgb4-rdmav34.so': libcxgb4-rdmav34.so: cannot open shared object file: No such filibibverbs: Warning: couldn't load driver 'libbnxt_re-rdmav34.so': libbnxt_re-rdmav34.so: cannot open shared object file: No such file or directory
libibverbs: Warning: couldn't load driver 'libvmw_pvrdma-rdmav34.so': libvmw_pvrdma-rdmav34.so: cannot open shared object file: No such file or directory
libibverbs: Warning: couldn't load driver 'librxe-rdmav34.so': librxe-rdmav34.so: cannot open shared object file: No such file or directory
libibverbs: Warning: couldn't load driver 'libocrdma-rdmav34.so': libocrdma-rdmav34.so: cannot open shared object file: No such file or directory
libibverbs: Warning: couldn't load driver 'libsiw-rdmav34.so': libsiw-rdmav34.so: cannot open shared object file: No such file or directory
libibverbs: Warning: couldn't load driver 'libhfi1verbs-rdmav34.so': libhfi1verbs-rdmav34.so: cannot open shared object file: No such file or directory
libibverbs: Warning: couldn't load driver 'libefa-rdmav34.so': libefa-rdmav34.so: cannot open shared object file: No such file or directory
libibverbs: Warning: couldn't load driver 'libhns-rdmav34.so': libhns-rdmav34.so: cannot open shared object file: No such file or directory
libibverbs: Warning: couldn't load driver 'libsiw-rdmav34.so': libsiw-rdmav34.so: cannot open shared object file: No such file or directory
libibverbs: Warning: couldn't load driver 'liberdma-rdmav34.so': liberdma-rdmav34.so: cannot open shared object file: No such file or directory
libibverbs: Warning: couldn't load driver 'libcxgb4-rdmav34.so': libcxgb4-rdmav34.so: cannot open shared object file: No such file or directory
le or directory
libibverbs: Warning: couldn't load driver 'libmana-rdmav34.so': libmana-rdmav34.so: cannot open shared object file: No such file or directory
libibverbs: Warning: couldn't load driver 'librxe-rdmav34.so': librxe-rdmav34.so: cannot open shared object file: No such file or directory
libibverbs: Warning: couldn't load driver 'libirdma-rdmav34.so': libirdma-rdmav34.so: cannot open shared object file: No such file or directory
libibverbs: Warning: couldn't load driver 'libmthca-rdmav34.so': libmthca-rdmav34.so: cannot open shared object file: No such file or directory
libibverbs: Warning: couldn't load driver 'liberdma-rdmav34.so': liberdma-rdmav34.so: cannot open shared object file: No such file or directory
libibverbs: Warning: couldn't load driver 'libipathverbs-rdmav34.so': libipathverbs-rdmav34.so: cannot open shared object file: No such file or directory
libibverbs: Warning: couldn't load driver 'libbnxt_re-rdmav34.so': libbnxt_re-rdmav34.so: cannot open shared object file: No such file or directory
libibverbs: Warning: couldn't load driver 'libhfi1verbs-rdmav34.so': libhfi1verbs-rdmav34.so: cannot open shared object file: No such file or directory
libibverbs: Warning: couldn't load driver 'libipathverbs-rdmav34.so': libipathverbs-rdmav34.so: cannot open shared object file: No such file or directory
libibverbs: Warning: couldn't load driver 'libbnxt_re-rdmav34.so': libbnxt_re-rdmav34.so: cannot open shared object file: No such file or directory
libibverbs: Warning: couldn't load driver 'libocrdma-rdmav34.so': libocrdma-rdmav34.so: cannot open shared object file: No such file or directory
libibverbs: Warning: couldn't load driver 'libirdma-rdmav34.so': libirdma-rdmav34.so: cannot open shared object file: No such file or directory
libibverbs: Warning: couldn't load driver 'libcxgb4-rdmav34.so': libcxgb4-rdmav34.so: cannot open shared object file: No such file or directory
libibverbs: Warning: couldn't load driver 'libvmw_pvrdma-rdmav34.so': libvmw_pvrdma-rdmav34.so: cannot open shared object file: No such file or directory
libibverbs: Warning: couldn't load driver 'libmana-rdmav34.so': libmana-rdmav34.so: cannot open shared object file: No such file or directory
libibverbs: Warning: couldn't load driver 'libqedr-rdmav34.so': libqedr-rdmav34.so: cannot open shared object file: No such file or directory
libibverbs: Warning: couldn't load driver 'libmlx4-rdmav34.so': libmlx4-rdmav34.so: cannot open shared object file: No such file or directory
libibverbs: Warning: couldn't load driver 'libqedr-rdmav34.so': libqedr-rdmav34.so: cannot open shared object file: No such file or directory
libibverbs: Warning: couldn't load driver 'libmlx4-rdmav34.so': libmlx4-rdmav34.so: cannot open shared object file: No such file or directory
libibverbs: Warning: couldn't load driver 'libmthca-rdmav34.so': libmthca-rdmav34.so: cannot open shared object file: No such file or directory
libibverbs: Warning: couldn't load driver 'liberdma-rdmav34.so': liberdma-rdmav34.so: cannot open shared object file: No such file or directory
libibverbs: Warning: couldn't load driver 'libcxgb4-rdmav34.so': libcxgb4-rdmav34.so: cannot open shared object file: No such file or directory
libibverbs: Warning: couldn't load driver 'libvmw_pvrdma-rdmav34.so': libvmw_pvrdma-rdmav34.so: cannot open shared object file: No such file or directory
libibverbs: Warning: couldn't load driver 'libmana-rdmav34.so': libmana-rdmav34.so: cannot open shared object file: No such file or directory
libibverbs: Warning: couldn't load driver 'librxe-rdmav34.so': librxe-rdmav34.so: cannot open shared object file: No such file or directory
libibverbs: Warning: couldn't load driver 'libocrdma-rdmav34.so': libocrdma-rdmav34.so: cannot open shared object file: No such file or directory
libibverbs: Warning: couldn't load driver 'libefa-rdmav34.so': libefa-rdmav34.so: cannot open shared object file: No such file or directory
libibverbs: Warning: couldn't load driver 'libhns-rdmav34.so': libhns-rdmav34.so: cannot open shared object file: No such file or directory
libibverbs: Warning: couldn't load driver 'librxe-rdmav34.so': librxe-rdmav34.so: cannot open shared object file: No such file or directory
libibverbs: Warning: couldn't load driver 'libqedr-rdmav34.so': libqedr-rdmav34.so: cannot open shared object file: No such file or directory
libibverbs: Warning: couldn't load driver 'libsiw-rdmav34.so': libsiw-rdmav34.so: cannot open shared object file: No such file or directory
libibverbs: Warning: couldn't load driver 'libhfi1verbs-rdmav34.so': libhfi1verbs-rdmav34.so: cannot open shared object file: No such file or directory
libibverbs: Warning: couldn't load driver 'libocrdma-rdmav34.so': libocrdma-rdmav34.so: cannot open shared object file: No such file or directory
libibverbs: Warning: couldn't load driver 'libirdma-rdmav34.so': libirdma-rdmav34.so: cannot open shared object file: No such file or directory
libibverbs: Warning: couldn't load driver 'libmthca-rdmav34.so': libmthca-rdmav34.so: cannot open shared object file: No such file or directory
libibverbs: Warning: couldn't load driver 'liberdma-rdmav34.so': liberdma-rdmav34.so: cannot open shared object file: No such file or directory
libibverbs: Warning: couldn't load driver 'libmlx4-rdmav34.so': libmlx4-rdmav34.so: cannot open shared object file: No such file or directory
libibverbs: Warning: couldn't load driver 'libipathverbs-rdmav34.so': libipathverbs-rdmav34.so: cannot open shared object file: No such file or directory
libibverbs: Warning: couldn't load driver 'libbnxt_re-rdmav34.so': libbnxt_re-rdmav34.so: cannot open shared object file: No such file or directory
libibverbs: Warning: couldn't load driver 'libirdma-rdmav34.so': libirdma-rdmav34.so: cannot open shared object file: No such file or directory
libibverbs: Warning: couldn't load driver 'libmthca-rdmav34.so': libmthca-rdmav34.so: cannot open shared object file: No such file or directory
libibverbs: Warning: couldn't load driver 'libcxgb4-rdmav34.so': libcxgb4-rdmav34.so: cannot open shared object file: No such file or directory
libibverbs: Warning: couldn't load driver 'libqedr-rdmav34.so': libqedr-rdmav34.so: cannot open shared object file: No such file or directory
libibverbs: Warning: couldn't load driver 'libmlx4-rdmav34.so': libmlx4-rdmav34.so: cannot open shared object file: No such file or directory
libibverbs: Warning: couldn't load driver 'libvmw_pvrdma-rdmav34.so': libvmw_pvrdma-rdmav34.so: cannot open shared object file: No such file or directory
libibverbs: Warning: couldn't load driver 'libmana-rdmav34.so': libmana-rdmav34.so: cannot open shared object file: No such file or directory
libibverbs: Warning: couldn't load driver 'librxe-rdmav34.so': librxe-rdmav34.so: cannot open shared object file: No such file or directory
libibverbs: Warning: couldn't load driver 'liberdma-rdmav34.so': liberdma-rdmav34.so: cannot open shared object file: No such file or directory
libibverbs: Warning: couldn't load driver 'libcxgb4-rdmav34.so': libcxgb4-rdmav34.so: cannot open shared object file: No such file or directory
libibverbs: Warning: couldn't load driver 'libocrdma-rdmav34.so': libocrdma-rdmav34.so: cannot open shared object file: No such file or directory
libibverbs: Warning: couldn't load driver 'libirdma-rdmav34.so': libirdma-rdmav34.so: cannot open shared object file: No such file or directory
libibverbs: Warning: couldn't load driver 'libqedr-rdmav34.so': libqedr-rdmav34.so: cannot open shared object file: No such file or directory
libibverbs: Warning: couldn't load driver 'libmthca-rdmav34.so': libmthca-rdmav34.so: cannot open shared object file: No such file or directory
libibverbs: Warning: couldn't load driver 'libmlx4-rdmav34.so': libmlx4-rdmav34.so: cannot open shared object file: No such file or directory
libibverbs: Warning: couldn't load driver 'liberdma-rdmav34.so': liberdma-rdmav34.so: cannot open shared object file: No such file or directory
libibverbs: Warning: couldn't load driver 'libcxgb4-rdmav34.so': libcxgb4-rdmav34.so: cannot open shared object file: No such file or directory
libibverbs: Warning: couldn't load driver 'libqedr-rdmav34.so': libqedr-rdmav34.so: cannot open shared object file: No such file or directory
libibverbs: Warning: couldn't load driver 'libmlx4-rdmav34.so': libmlx4-rdmav34.so: cannot open shared object file: No such file or directory
libibverbs: Warning: couldn't load driver 'libqedr-rdmav34.so': libqedr-rdmav34.so: cannot open shared object file: No such file or directory
libibverbs: Warning: couldn't load driver 'libmlx4-rdmav34.so': libmlx4-rdmav34.so: cannot open shared object file: No such file or directory
libibverbs: Warning: couldn't load driver 'libefa-rdmav34.so': libefa-rdmav34.so: cannot open shared object file: No such file or directory
libibverbs: Warning: couldn't load driver 'libhns-rdmav34.so': libhns-rdmav34.so: cannot open shared object file: No such file or directory
libibverbs: Warning: couldn't load driver 'libsiw-rdmav34.so': libsiw-rdmav34.so: cannot open shared object file: No such file or directory
libibverbs: Warning: couldn't load driver 'libefa-rdmav34.so': libefa-rdmav34.so: cannot open shared object file: No such file or directory
libibverbs: Warning: couldn't load driver 'libhns-rdmav34.so': libhns-rdmav34.so: cannot open shared object file: No such file or directory
libibverbs: Warning: couldn't load driver 'libsiw-rdmav34.so': libsiw-rdmav34.so: cannot open shared object file: No such file or directory
libibverbs: Warning: couldn't load driver 'libhfi1verbs-rdmav34.so': libhfi1verbs-rdmav34.so: cannot open shared object file: No such file or directory
libibverbs: Warning: couldn't load driver 'libhfi1verbs-rdmav34.so': libhfi1verbs-rdmav34.so: cannot open shared object file: No such file or directory
libibverbs: Warning: couldn't load driver 'libipathverbs-rdmav34.so': libipathverbs-rdmav34.so: cannot open shared object file: No such file or directory
libibverbs: Warning: couldn't load driver 'libipathverbs-rdmav34.so': libipathverbs-rdmav34.so: cannot open shared object file: No such file or directory
libibverbs: Warning: couldn't load driver 'libbnxt_re-rdmav34.so': libbnxt_re-rdmav34.so: cannot open shared object file: No such file or directory
libibverbs: Warning: couldn't load driver 'libbnxt_re-rdmav34.so': libbnxt_re-rdmav34.so: cannot open shared object file: No such file or directory
libibverbs: Warning: couldn't load driver 'libvmw_pvrdma-rdmav34.so': libvmw_pvrdma-rdmav34.so: cannot open shared object file: No such file or directory
libibverbs: Warning: couldn't load driver 'libvmw_pvrdma-rdmav34.so': libvmw_pvrdma-rdmav34.so: cannot open shared object file: No such file or directory
libibverbs: Warning: couldn't load driver 'libmana-rdmav34.so': libmana-rdmav34.so: cannot open shared object file: No such file or directory
libibverbs: Warning: couldn't load driver 'libmana-rdmav34.so': libmana-rdmav34.so: cannot open shared object file: No such file or directory
libibverbs: Warning: couldn't load driver 'librxe-rdmav34.so': librxe-rdmav34.so: cannot open shared object file: No such file or directory
libibverbs: Warning: couldn't load driver 'librxe-rdmav34.so': librxe-rdmav34.so: cannot open shared object file: No such file or directory
libibverbs: Warning: couldn't load driver 'libocrdma-rdmav34.so': libocrdma-rdmav34.so: cannot open shared object file: No such file or directory
libibverbs: Warning: couldn't load driver 'libocrdma-rdmav34.so': libocrdma-rdmav34.so: cannot open shared object file: No such file or directory
libibverbs: Warning: couldn't load driver 'libirdma-rdmav34.so': libirdma-rdmav34.so: cannot open shared object file: No such file or directory
libibverbs: Warning: couldn't load driver 'libirdma-rdmav34.so': libirdma-rdmav34.so: cannot open shared object file: No such file or directory
libibverbs: Warning: couldn't load driver 'libefa-rdmav34.so': libefa-rdmav34.so: cannot open shared object file: No such file or directory
libibverbs: Warning: couldn't load driver 'libhns-rdmav34.so': libhns-rdmav34.so: cannot open shared object file: No such file or directory
libibverbs: Warning: couldn't load driver 'libmthca-rdmav34.so': libmthca-rdmav34.so: cannot open shared object file: No such file or directory
libibverbs: Warning: couldn't load driver 'libmthca-rdmav34.so': libmthca-rdmav34.so: cannot open shared object file: No such file or directory
libibverbs: Warning: couldn't load driver 'liberdma-rdmav34.so': liberdma-rdmav34.so: cannot open shared object file: No such file or directory
libibverbs: Warning: couldn't load driver 'liberdma-rdmav34.so': liberdma-rdmav34.so: cannot open shared object file: No such file or directory
libibverbs: Warning: couldn't load driver 'libsiw-rdmav34.so': libsiw-rdmav34.so: cannot open shared object file: No such file or directory
libibverbs: Warning: couldn't load driver 'libcxgb4-rdmav34.so': libcxgb4-rdmav34.so: cannot open shared object file: No such file or directory
libibverbs: Warning: couldn't load driver 'libcxgb4-rdmav34.so': libcxgb4-rdmav34.so: cannot open shared object file: No such file or directory
libibverbs: Warning: couldn't load driver 'libhfi1verbs-rdmav34.so': libhfi1verbs-rdmav34.so: cannot open shared object file: No such file or directory
libibverbs: Warning: couldn't load driver 'libefa-rdmav34.so': libefa-rdmav34.so: cannot open shared object file: No such file or directory
libibverbs: Warning: couldn't load driver 'libipathverbs-rdmav34.so': libipathverbs-rdmav34.so: cannot open shared object file: No such file or directory
libibverbs: Warning: couldn't load driver 'libhns-rdmav34.so': libhns-rdmav34.so: cannot open shared object file: No such file or directory
libibverbs: Warning: couldn't load driver 'libefa-rdmav34.so': libefa-rdmav34.so: cannot open shared object file: No such file or directory
libibverbs: Warning: couldn't load driver 'libefa-rdmav34.so': libefa-rdmav34.so: cannot open shared object file: No such file or directory
libibverbs: Warning: couldn't load driver 'libbnxt_re-rdmav34.so': libbnxt_re-rdmav34.so: cannot open shared object file: No such file or directory
libibverbs: Warning: couldn't load driver 'libvmw_pvrdma-rdmav34.so': libvmw_pvrdma-rdmav34.so: cannot open shared object file: No such file or directory
libibverbs: Warning: couldn't load driver 'libhns-rdmav34.so': libhns-rdmav34.so: cannot open shared object file: No such file or directory
libibverbs: Warning: couldn't load driver 'libhns-rdmav34.so': libhns-rdmav34.so: cannot open shared object file: No such file or directory
libibverbs: Warning: couldn't load driver 'libsiw-rdmav34.so': libsiw-rdmav34.so: cannot open shared object file: No such file or directory
libibverbs: Warning: couldn't load driver 'libhfi1verbs-rdmav34.so': libhfi1verbs-rdmav34.so: cannot open shared object file: No such file or directory
libibverbs: Warning: couldn't load driver 'libsiw-rdmav34.so': libsiw-rdmav34.so: cannot open shared object file: No such file or directory
libibverbs: Warning: couldn't load driver 'libmana-rdmav34.so': libmana-rdmav34.so: cannot open shared object file: No such file or directory
libibverbs: Warning: couldn't load driver 'libsiw-rdmav34.so': libsiw-rdmav34.so: cannot open shared object file: No such file or directory
libibverbs: Warning: couldn't load driver 'libhfi1verbs-rdmav34.so': libhfi1verbs-rdmav34.so: cannot open shared object file: No such file or directory
libibverbs: Warning: couldn't load driver 'librxe-rdmav34.so': librxe-rdmav34.so: cannot open shared object file: No such file or directory
libibverbs: Warning: couldn't load driver 'libipathverbs-rdmav34.so': libipathverbs-rdmav34.so: cannot open shared object file: No such file or directory
libibverbs: Warning: couldn't load driver 'libbnxt_re-rdmav34.so': libbnxt_re-rdmav34.so: cannot open shared object file: No such file or directory
libibverbs: Warning: couldn't load driver 'libqedr-rdmav34.so': libqedr-rdmav34.so: cannot open shared object file: No such file or directory
libibverbs: Warning: couldn't load driver 'libmlx4-rdmav34.so': libmlx4-rdmav34.so: cannot open shared object file: No such file or directory
libibverbs: Warning: couldn't load driver 'libqedr-rdmav34.so': libqedr-rdmav34.so: cannot open shared object file: No such file or directory
libibverbs: Warning: couldn't load driver 'libmlx4-rdmav34.so': libmlx4-rdmav34.so: cannot open shared object file: No such file or directory
libibverbs: Warning: couldn't load driver 'libefa-rdmav34.so': libefa-rdmav34.so: cannot open shared object file: No such file or directory
libibverbs: Warning: couldn't load driver 'libhns-rdmav34.so': libhns-rdmav34.so: cannot open shared object file: No such file or directory
libibverbs: Warning: couldn't load driver 'libhfi1verbs-rdmav34.so': libhfi1verbs-rdmav34.so: cannot open shared object file: No such file or directory
libibverbs: Warning: couldn't load driver 'libipathverbs-rdmav34.so': libipathverbs-rdmav34.so: cannot open shared object file: No such file or directory
libibverbs: Warning: couldn't load driver 'libbnxt_re-rdmav34.so': libbnxt_re-rdmav34.so: cannot open shared object file: No such file or directory
libibverbs: Warning: couldn't load driver 'libocrdma-rdmav34.so': libocrdma-rdmav34.so: cannot open shared object file: No such file or directory
libibverbs: Warning: couldn't load driver 'libirdma-rdmav34.so': libirdma-rdmav34.so: cannot open shared object file: No such file or directory
libibverbs: Warning: couldn't load driver 'libvmw_pvrdma-rdmav34.so': libvmw_pvrdma-rdmav34.so: cannot open shared object file: No such file or directory
libibverbs: Warning: couldn't load driver 'libmana-rdmav34.so': libmana-rdmav34.so: cannot open shared object file: No such file or directory
libibverbs: Warning: couldn't load driver 'libefa-rdmav34.so': libefa-rdmav34.so: cannot open shared object file: No such file or directory
libibverbs: Warning: couldn't load driver 'libsiw-rdmav34.so': libsiw-rdmav34.so: cannot open shared object file: No such file or directory
libibverbs: Warning: couldn't load driver 'libhfi1verbs-rdmav34.so': libhfi1verbs-rdmav34.so: cannot open shared object file: No such file or directory
libibverbs: Warning: couldn't load driver 'libefa-rdmav34.so': libefa-rdmav34.so: cannot open shared object file: No such file or directory
libibverbs: Warning: couldn't load driver 'libipathverbs-rdmav34.so': libipathverbs-rdmav34.so: cannot open shared object file: No such file or directory
libibverbs: Warning: couldn't load driver 'libbnxt_re-rdmav34.so': libbnxt_re-rdmav34.so: cannot open shared object file: No such file or directory
libibverbs: Warning: couldn't load driver 'libvmw_pvrdma-rdmav34.so': libvmw_pvrdma-rdmav34.so: cannot open shared object file: No such file or directory
libibverbs: Warning: couldn't load driver 'libmana-rdmav34.so': libmana-rdmav34.so: cannot open shared object file: No such file or directory
libibverbs: Warning: couldn't load driver 'libhns-rdmav34.so': libhns-rdmav34.so: cannot open shared object file: No such file or directory
libibverbs: Warning: couldn't load driver 'libipathverbs-rdmav34.so': libipathverbs-rdmav34.so: cannot open shared object file: No such file or directory
libibverbs: Warning: couldn't load driver 'libhns-rdmav34.so': libhns-rdmav34.so: cannot open shared object file: No such file or directory
libibverbs: Warning: couldn't load driver 'libsiw-rdmav34.so': libsiw-rdmav34.so: cannot open shared object file: No such file or directory
libibverbs: Warning: couldn't load driver 'libvmw_pvrdma-rdmav34.so': libvmw_pvrdma-rdmav34.so: cannot open shared object file: No such file or directory
libibverbs: Warning: couldn't load driver 'libmana-rdmav34.so': libmana-rdmav34.so: cannot open shared object file: No such file or directory
libibverbs: Warning: couldn't load driver 'libmthca-rdmav34.so': libmthca-rdmav34.so: cannot open shared object file: No such file or directory
libibverbs: Warning: couldn't load driver 'liberdma-rdmav34.so': liberdma-rdmav34.so: cannot open shared object file: No such file or directory
libibverbs: Warning: couldn't load driver 'libcxgb4-rdmav34.so': libcxgb4-rdmav34.so: cannot open shared object file: No such file or directory
libibverbs: Warning: couldn't load driver 'librxe-rdmav34.so': librxe-rdmav34.so: cannot open shared object file: No such file or directory
libibverbs: Warning: couldn't load driver 'libocrdma-rdmav34.so': libocrdma-rdmav34.so: cannot open shared object file: No such file or directory
libibverbs: Warning: couldn't load driver 'libirdma-rdmav34.so': libirdma-rdmav34.so: cannot open shared object file: No such file or directory
libibverbs: Warning: couldn't load driver 'libsiw-rdmav34.so': libsiw-rdmav34.so: cannot open shared object file: No such file or directory
libibverbs: Warning: couldn't load driver 'libhfi1verbs-rdmav34.so': libhfi1verbs-rdmav34.so: cannot open shared object file: No such file or directory
libibverbs: Warning: couldn't load driver 'libbnxt_re-rdmav34.so': libbnxt_re-rdmav34.so: cannot open shared object file: No such file or directory
libibverbs: Warning: couldn't load driver 'libvmw_pvrdma-rdmav34.so': libvmw_pvrdma-rdmav34.so: cannot open shared object file: No such file or directory
libibverbs: Warning: couldn't load driver 'libhfi1verbs-rdmav34.so': libhfi1verbs-rdmav34.so: cannot open shared object file: No such file or directory
libibverbs: Warning: couldn't load driver 'librxe-rdmav34.so': librxe-rdmav34.so: cannot open shared object file: No such file or directory
libibverbs: Warning: couldn't load driver 'librxe-rdmav34.so': librxe-rdmav34.so: cannot open shared object file: No such file or directory
libibverbs: Warning: couldn't load driver 'libocrdma-rdmav34.so': libocrdma-rdmav34.so: cannot open shared object file: No such file or directory
libibverbs: Warning: couldn't load driver 'libirdma-rdmav34.so': libirdma-rdmav34.so: cannot open shared object file: No such file or directory
libibverbs: Warning: couldn't load driver 'libipathverbs-rdmav34.so': libipathverbs-rdmav34.so: cannot open shared object file: No such file or directory
libibverbs: Warning: couldn't load driver 'libmana-rdmav34.so': libmana-rdmav34.so: cannot open shared object file: No such file or directory
libibverbs: Warning: couldn't load driver 'libipathverbs-rdmav34.so': libipathverbs-rdmav34.so: cannot open shared object file: No such file or directory
libibverbs: Warning: couldn't load driver 'libbnxt_re-rdmav34.so': libbnxt_re-rdmav34.so: cannot open shared object file: No such file or directory
libibverbs: Warning: couldn't load driver 'libocrdma-rdmav34.so': libocrdma-rdmav34.so: cannot open shared object file: No such file or directory
libibverbs: Warning: couldn't load driver 'libirdma-rdmav34.so': libirdma-rdmav34.so: cannot open shared object file: No such file or directory
libibverbs: Warning: couldn't load driver 'libmthca-rdmav34.so': libmthca-rdmav34.so: cannot open shared object file: No such file or directory
libibverbs: Warning: couldn't load driver 'liberdma-rdmav34.so': liberdma-rdmav34.so: cannot open shared object file: No such file or directory
libibverbs: Warning: couldn't load driver 'libcxgb4-rdmav34.so': libcxgb4-rdmav34.so: cannot open shared object file: No such file or directory
libibverbs: Warning: couldn't load driver 'libbnxt_re-rdmav34.so': libbnxt_re-rdmav34.so: cannot open shared object file: No such file or directory
libibverbs: Warning: couldn't load driver 'libvmw_pvrdma-rdmav34.so': libvmw_pvrdma-rdmav34.so: cannot open shared object file: No such file or directory
libibverbs: Warning: couldn't load driver 'librxe-rdmav34.so': librxe-rdmav34.so: cannot open shared object file: No such file or directory
libibverbs: Warning: couldn't load driver 'libmthca-rdmav34.so': libmthca-rdmav34.so: cannot open shared object file: No such file or directory
libibverbs: Warning: couldn't load driver 'liberdma-rdmav34.so': liberdma-rdmav34.so: cannot open shared object file: No such file or directory
libibverbs: Warning: couldn't load driver 'libocrdma-rdmav34.so': libocrdma-rdmav34.so: cannot open shared object file: No such file or directory
libibverbs: Warning: couldn't load driver 'libvmw_pvrdma-rdmav34.so': libvmw_pvrdma-rdmav34.so: cannot open shared object file: No such file or directory
libibverbs: Warning: couldn't load driver 'libmana-rdmav34.so': libmana-rdmav34.so: cannot open shared object file: No such file or directory
libibverbs: Warning: couldn't load driver 'libmthca-rdmav34.so': libmthca-rdmav34.so: cannot open shared object file: No such file or directory
libibverbs: Warning: couldn't load driver 'liberdma-rdmav34.so': liberdma-rdmav34.so: cannot open shared object file: No such file or directory
libibverbs: Warning: couldn't load driver 'libcxgb4-rdmav34.so': libcxgb4-rdmav34.so: cannot open shared object file: No such file or directory
libibverbs: Warning: couldn't load driver 'libmana-rdmav34.so': libmana-rdmav34.so: cannot open shared object file: No such file or directory
libibverbs: Warning: couldn't load driver 'librxe-rdmav34.so': librxe-rdmav34.so: cannot open shared object file: No such file or directory
libibverbs: Warning: couldn't load driver 'libirdma-rdmav34.so': libirdma-rdmav34.so: cannot open shared object file: No such file or directory
libibverbs: Warning: couldn't load driver 'libmthca-rdmav34.so': libmthca-rdmav34.so: cannot open shared object file: No such file or directory
libibverbs: Warning: couldn't load driver 'librxe-rdmav34.so': librxe-rdmav34.so: cannot open shared object file: No such file or directory
libibverbs: Warning: couldn't load driver 'libocrdma-rdmav34.so': libocrdma-rdmav34.so: cannot open shared object file: No such file or directory
libibverbs: Warning: couldn't load driver 'libcxgb4-rdmav34.so': libcxgb4-rdmav34.so: cannot open shared object file: No such file or directory
libibverbs: Warning: couldn't load driver 'libqedr-rdmav34.so': libqedr-rdmav34.so: cannot open shared object file: No such file or directory
libibverbs: Warning: couldn't load driver 'libmlx4-rdmav34.so': libmlx4-rdmav34.so: cannot open shared object file: No such file or directory
libibverbs: Warning: couldn't load driver 'libocrdma-rdmav34.so': libocrdma-rdmav34.so: cannot open shared object file: No such file or directory
libibverbs: Warning: couldn't load driver 'libirdma-rdmav34.so': libirdma-rdmav34.so: cannot open shared object file: No such file or directory
libibverbs: Warning: couldn't load driver 'libefa-rdmav34.so': libefa-rdmav34.so: cannot open shared object file: No such file or directory
libibverbs: Warning: couldn't load driver 'liberdma-rdmav34.so': liberdma-rdmav34.so: cannot open shared object file: No such file or directory
libibverbs: Warning: couldn't load driver 'libcxgb4-rdmav34.so': libcxgb4-rdmav34.so: cannot open shared object file: No such file or directory
libibverbs: Warning: couldn't load driver 'libhns-rdmav34.so': libhns-rdmav34.so: cannot open shared object file: No such file or directory
libibverbs: Warning: couldn't load driver 'libirdma-rdmav34.so': libirdma-rdmav34.so: cannot open shared object file: No such file or directory
libibverbs: Warning: couldn't load driver 'libmthca-rdmav34.so': libmthca-rdmav34.so: cannot open shared object file: No such file or directory
libibverbs: Warning: couldn't load driver 'libqedr-rdmav34.so': libqedr-rdmav34.so: cannot open shared object file: No such file or directory
libibverbs: Warning: couldn't load driver 'libmlx4-rdmav34.so': libmlx4-rdmav34.so: cannot open shared object file: No such file or directory
libibverbs: Warning: couldn't load driver 'libmthca-rdmav34.so': libmthca-rdmav34.so: cannot open shared object file: No such file or directory
libibverbs: Warning: couldn't load driver 'liberdma-rdmav34.so': liberdma-rdmav34.so: cannot open shared object file: No such file or directory
libibverbs: Warning: couldn't load driver 'libsiw-rdmav34.so': libsiw-rdmav34.so: cannot open shared object file: No such file or directory
libibverbs: Warning: couldn't load driver 'libqedr-rdmav34.so': libqedr-rdmav34.so: cannot open shared object file: No such file or directory
libibverbs: Warning: couldn't load driver 'liberdma-rdmav34.so': liberdma-rdmav34.so: cannot open shared object file: No such file or directory
libibverbs: Warning: couldn't load driver 'libcxgb4-rdmav34.so': libcxgb4-rdmav34.so: cannot open shared object file: No such file or directory
libibverbs: Warning: couldn't load driver 'libcxgb4-rdmav34.so': libcxgb4-rdmav34.so: cannot open shared object file: No such file or directory
libibverbs: Warning: couldn't load driver 'libhfi1verbs-rdmav34.so': libhfi1verbs-rdmav34.so: cannot open shared object file: No such file or directory
libibverbs: Warning: couldn't load driver 'libqedr-rdmav34.so': libqedr-rdmav34.so: cannot open shared object file: No such file or directory
libibverbs: Warning: couldn't load driver 'libmlx4-rdmav34.so': libmlx4-rdmav34.so: cannot open shared object file: No such file or directory
libibverbs: Warning: couldn't load driver 'libipathverbs-rdmav34.so': libipathverbs-rdmav34.so: cannot open shared object file: No such file or directory
libibverbs: Warning: couldn't load driver 'libbnxt_re-rdmav34.so': libbnxt_re-rdmav34.so: cannot open shared object file: No such file or directory
libibverbs: Warning: couldn't load driver 'libmlx4-rdmav34.so': libmlx4-rdmav34.so: cannot open shared object file: No such file or directory
libibverbs: Warning: couldn't load driver 'libqedr-rdmav34.so': libqedr-rdmav34.so: cannot open shared object file: No such file or directory
libibverbs: Warning: couldn't load driver 'libvmw_pvrdma-rdmav34.so': libvmw_pvrdma-rdmav34.so: cannot open shared object file: No such file or directory
libibverbs: Warning: couldn't load driver 'libmlx4-rdmav34.so': libmlx4-rdmav34.so: cannot open shared object file: No such file or directory
libibverbs: Warning: couldn't load driver 'libmana-rdmav34.so': libmana-rdmav34.so: cannot open shared object file: No such file or directory
libibverbs: Warning: couldn't load driver 'librxe-rdmav34.so': librxe-rdmav34.so: cannot open shared object file: No such file or directory
libibverbs: Warning: couldn't load driver 'libqedr-rdmav34.so': libqedr-rdmav34.so: cannot open shared object file: No such file or directory
libibverbs: Warning: couldn't load driver 'libocrdma-rdmav34.so': libocrdma-rdmav34.so: cannot open shared object file: No such file or directory
libibverbs: Warning: couldn't load driver 'libqedr-rdmav34.so': libqedr-rdmav34.so: cannot open shared object file: No such file or directory
libibverbs: Warning: couldn't load driver 'libmlx4-rdmav34.so': libmlx4-rdmav34.so: cannot open shared object file: No such file or directory
libibverbs: Warning: couldn't load driver 'libmlx4-rdmav34.so': libmlx4-rdmav34.so: cannot open shared object file: No such file or directory
libibverbs: Warning: couldn't load driver 'libirdma-rdmav34.so': libirdma-rdmav34.so: cannot open shared object file: No such file or directory
libibverbs: Warning: couldn't load driver 'libmthca-rdmav34.so': libmthca-rdmav34.so: cannot open shared object file: No such file or directory
libibverbs: Warning: couldn't load driver 'liberdma-rdmav34.so': liberdma-rdmav34.so: cannot open shared object file: No such file or directory
libibverbs: Warning: couldn't load driver 'libcxgb4-rdmav34.so': libcxgb4-rdmav34.so: cannot open shared object file: No such file or directory
libibverbs: Warning: couldn't load driver 'libefa-rdmav34.so': libefa-rdmav34.so: cannot open shared object file: No such file or directory
libibverbs: Warning: couldn't load driver 'libefa-rdmav34.so': libefa-rdmav34.so: cannot open shared object file: No such file or directory
libibverbs: Warning: couldn't load driver 'libefa-rdmav34.so': libefa-rdmav34.so: cannot open shared object file: No such file or directory
libibverbs: Warning: couldn't load driver 'libefa-rdmav34.so': libefa-rdmav34.so: cannot open shared object file: No such file or directory
libibverbs: Warning: couldn't load driver 'libhns-rdmav34.so': libhns-rdmav34.so: cannot open shared object file: No such file or directory
libibverbs: Warning: couldn't load driver 'libqedr-rdmav34.so': libqedr-rdmav34.so: cannot open shared object file: No such file or directory
libibverbs: Warning: couldn't load driver 'libhns-rdmav34.so': libhns-rdmav34.so: cannot open shared object file: No such file or directory
libibverbs: Warning: couldn't load driver 'libsiw-rdmav34.so': libsiw-rdmav34.so: cannot open shared object file: No such file or directory
libibverbs: Warning: couldn't load driver 'libhns-rdmav34.so': libhns-rdmav34.so: cannot open shared object file: No such file or directory
libibverbs: Warning: couldn't load driver 'libhns-rdmav34.so': libhns-rdmav34.so: cannot open shared object file: No such file or directory
libibverbs: Warning: couldn't load driver 'libsiw-rdmav34.so': libsiw-rdmav34.so: cannot open shared object file: No such file or directory
libibverbs: Warning: couldn't load driver 'libhfi1verbs-rdmav34.so': libhfi1verbs-rdmav34.so: cannot open shared object file: No such file or directory
libibverbs: Warning: couldn't load driver 'libmlx4-rdmav34.so': libmlx4-rdmav34.so: cannot open shared object file: No such file or directory
libibverbs: Warning: couldn't load driver 'libhfi1verbs-rdmav34.so': libhfi1verbs-rdmav34.so: cannot open shared object file: No such file or directory
libibverbs: Warning: couldn't load driver 'libipathverbs-rdmav34.so': libipathverbs-rdmav34.so: cannot open shared object file: No such file or directory
libibverbs: Warning: couldn't load driver 'libsiw-rdmav34.so': libsiw-rdmav34.so: cannot open shared object file: No such file or directory
libibverbs: Warning: couldn't load driver 'libhfi1verbs-rdmav34.so': libhfi1verbs-rdmav34.so: cannot open shared object file: No such file or directory
libibverbs: Warning: couldn't load driver 'libsiw-rdmav34.so': libsiw-rdmav34.so: cannot open shared object file: No such file or directory
libibverbs: Warning: couldn't load driver 'libhfi1verbs-rdmav34.so': libhfi1verbs-rdmav34.so: cannot open shared object file: No such file or directory
libibverbs: Warning: couldn't load driver 'libipathverbs-rdmav34.so': libipathverbs-rdmav34.so: cannot open shared object file: libibverbs: Warning: couldn't load driver 'libipathverbs-rdmav34.so': libipathverbs-rdmav34.so: cannot open shared object file: No such file or directory
libibverbs: Warning: couldn't load driver 'libbnxt_re-rdmav34.so': libbnxt_re-rdmav34.so: cannot open shared object file: No such file or directory
libibverbs: Warning: couldn't load driver 'libbnxt_re-rdmav34.so': libbnxt_re-rdmav34.so: cannot open shared object file: No such file or directory
libibverbs: Warning: couldn't load driver 'libipathverbs-rdmav34.so': libipathverbs-rdmav34.so: cannot open shared object file: No such file or directory
libibverbs: Warning: couldn't load driver 'libbnxt_re-rdmav34.so': libbnxt_re-rdmav34.so: cannot open shared object file: No such file or directory
No such file or directory
libibverbs: Warning: couldn't load driver 'libbnxt_re-rdmav34.so': libbnxt_re-rdmav34.so: cannot open shared object file: No such file or directory
libibverbs: Warning: couldn't load driver 'libvmw_pvrdma-rdmav34.so': libvmw_pvrdma-rdmav34.so: cannot open shared object file: No such file or directory
libibverbs: Warning: couldn't load driver 'libmana-rdmav34.so': libmana-rdmav34.so: cannot open shared object file: No such file or directory
libibverbs: Warning: couldn't load driver 'libvmw_pvrdma-rdmav34.so': libvmw_pvrdma-rdmav34.so: cannot open shared object file: No such file or directory
libibverbs: Warning: couldn't load driver 'libmana-rdmav34.so': libmana-rdmav34.so: cannot open shared object file: No such file or directory
libibverbs: Warning: couldn't load driver 'libvmw_pvrdma-rdmav34.so': libvmw_pvrdma-rdmav34.so: cannot open shared object file: No such file or directory
libibverbs: Warning: couldn't load driver 'libvmw_pvrdma-rdmav34.so': libvmw_pvrdma-rdmav34.so: cannot open shared object file: No such file or directory
libibverbs: Warning: couldn't load driver 'libmana-rdmav34.so': libmana-rdmav34.so: cannot open shared object file: No such file or directory
libibverbs: Warning: couldn't load driver 'librxe-rdmav34.so': librxe-rdmav34.so: cannot open shared object file: No such file or directory
libibverbs: Warning: couldn't load driver 'libmana-rdmav34.so': libmana-rdmav34.so: cannot open shared object file: No such file or directory
libibverbs: Warning: couldn't load driver 'librxe-rdmav34.so': librxe-rdmav34.so: cannot open shared object file: No such file or directory
libibverbs: Warning: couldn't load driver 'librxe-rdmav34.so': librxe-rdmav34.so: cannot open shared object file: No such file or directory
libibverbs: Warning: couldn't load driver 'libocrdma-rdmav34.so': libocrdma-rdmav34.so: cannot open shared object file: No such file or directory
libibverbs: Warning: couldn't load driver 'libocrdma-rdmav34.so': libocrdma-rdmav34.so: cannot open shared object file: No such file or directory
libibverbs: Warning: couldn't load driver 'libocrdma-rdmav34.so': libocrdma-rdmav34.so: cannot open shared object file: No such file or directory
libibverbs: Warning: couldn't load driver 'librxe-rdmav34.so': librxe-rdmav34.so: cannot open shared object file: No such file or directory
libibverbs: Warning: couldn't load driver 'libocrdma-rdmav34.so': libocrdma-rdmav34.so: cannot open shared object file: No such file or directory
libibverbs: Warning: couldn't load driver 'libirdma-rdmav34.so': libirdma-rdmav34.so: cannot open shared object file: No such file or directory
libibverbs: Warning: couldn't load driver 'libmthca-rdmav34.so': libmthca-rdmav34.so: cannot open shared object file: No such file or directory
libibverbs: Warning: couldn't load driver 'libefa-rdmav34.so': libefa-rdmav34.so: cannot open shared object file: No such file or directory
libibverbs: Warning: couldn't load driver 'libirdma-rdmav34.so': libirdma-rdmav34.so: cannot open shared object file: No such file or directory
libibverbs: Warning: couldn't load driver 'libmthca-rdmav34.so': libmthca-rdmav34.so: cannot open shared object file: No such file or directory
libibverbs: Warning: couldn't load driver 'libirdma-rdmav34.so': libirdma-rdmav34.so: cannot open shared object file: No such file or directory
libibverbs: Warning: couldn't load driver 'libmthca-rdmav34.so': libmthca-rdmav34.so: cannot open shared object file: No such file or directory
libibverbs: Warning: couldn't load driver 'libirdma-rdmav34.so': libirdma-rdmav34.so: cannot open shared object file: No such file or directory
libibverbs: Warning: couldn't load driver 'libmthca-rdmav34.so': libmthca-rdmav34.so: cannot open shared object file: No such file or directory
libibverbs: Warning: couldn't load driver 'libhns-rdmav34.so': libhns-rdmav34.so: cannot open shared object file: No such file or directory
libibverbs: Warning: couldn't load driver 'liberdma-rdmav34.so': liberdma-rdmav34.so: cannot open shared object file: No such file or directory
libibverbs: Warning: couldn't load driver 'libcxgb4-rdmav34.so': libcxgb4-rdmav34.so: cannot open shared object file: No such file or directory
libibverbs: Warning: couldn't load driver 'liberdma-rdmav34.so': liberdma-rdmav34.so: cannot open shared object file: No such file or directory
libibverbs: Warning: couldn't load driver 'liberdma-rdmav34.so': liberdma-rdmav34.so: cannot open shared object file: No such file or directory
libibverbs: Warning: couldn't load driver 'libcxgb4-rdmav34.so': libcxgb4-rdmav34.so: cannot open shared object file: No such file or directory
libibverbs: Warning: couldn't load driver 'libsiw-rdmav34.so': libsiw-rdmav34.so: cannot open shared object file: No such file or directory
libibverbs: Warning: couldn't load driver 'liberdma-rdmav34.so': liberdma-rdmav34.so: cannot open shared object file: No such file or directory
libibverbs: Warning: couldn't load driver 'libcxgb4-rdmav34.so': libcxgb4-rdmav34.so: cannot open shared object file: No such file or directory
libibverbs: Warning: couldn't load driver 'libcxgb4-rdmav34.so': libcxgb4-rdmav34.so: cannot open shared object file: No such file or directory
libibverbs: Warning: couldn't load driver 'libhfi1verbs-rdmav34.so': libhfi1verbs-rdmav34.so: cannot open shared object file: No such file or directory
libibverbs: Warning: couldn't load driver 'libipathverbs-rdmav34.so': libipathverbs-rdmav34.so: cannot open shared object file: No such file or directory
libibverbs: Warning: couldn't load driver 'libqedr-rdmav34.so': libqedr-rdmav34.so: cannot open shared object file: No such file or directory
libibverbs: Warning: couldn't load driver 'libbnxt_re-rdmav34.so': libbnxt_re-rdmav34.so: cannot open shared object file: No such file or directory
libibverbs: Warning: couldn't load driver 'libqedr-rdmav34.so': libqedr-rdmav34.so: cannot open shared object file: No such file or directory
libibverbs: Warning: couldn't load driver 'libqedr-rdmav34.so': libqedr-rdmav34.so: cannot open shared object file: No such file or directory
libibverbs: Warning: couldn't load driver 'libqedr-rdmav34.so': libqedr-rdmav34.so: cannot open shared object file: No such file or directory
libibverbs: Warning: couldn't load driver 'libmlx4-rdmav34.so': libmlx4-rdmav34.so: cannot open shared object file: No such file or directory
libibverbs: Warning: couldn't load driver 'libmlx4-rdmav34.so': libmlx4-rdmav34.so: cannot open shared object file: No such file or directory
libibverbs: Warning: couldn't load driver 'libvmw_pvrdma-rdmav34.so': libvmw_pvrdma-rdmav34.so: cannot open shared object file: No such file or directory
libibverbs: Warning: couldn't load driver 'libmlx4-rdmav34.so': libmlx4-rdmav34.so: cannot open shared object file: No such file or directory
libibverbs: Warning: couldn't load driver 'libmlx4-rdmav34.so': libmlx4-rdmav34.so: cannot open shared object file: No such file or directory
libibverbs: Warning: couldn't load driver 'libefa-rdmav34.so': libefa-rdmav34.so: cannot open shared object file: No such file or directory
libibverbs: Warning: couldn't load driver 'libmana-rdmav34.so': libmana-rdmav34.so: cannot open shared object file: No such file or directory
libibverbs: Warning: couldn't load driver 'libhns-rdmav34.so': libhns-rdmav34.so: cannot open shared object file: No such file or directory
libibverbs: Warning: couldn't load driver 'libefa-rdmav34.so': libefa-rdmav34.so: cannot open shared object file: No such file or directory
libibverbs: Warning: couldn't load driver 'librxe-rdmav34.so': librxe-rdmav34.so: cannot open shared object file: No such file or directory
libibverbs: Warning: couldn't load driver 'libsiw-rdmav34.so': libsiw-rdmav34.so: cannot open shared object file: No such file or directory
libibverbs: Warning: couldn't load driver 'libhns-rdmav34.so': libhns-rdmav34.so: cannot open shared object file: No such file or directory
libibverbs: Warning: couldn't load driver 'libefa-rdmav34.so': libefa-rdmav34.so: cannot open shared object file: No such file or directory
libibverbs: Warning: couldn't load driver 'libhns-rdmav34.so': libhns-rdmav34.so: cannot open shared object file: No such file or directory
libibverbs: Warning: couldn't load driver 'libefa-rdmav34.so': libefa-rdmav34.so: cannot open shared object file: No such file or directory
libibverbs: Warning: couldn't load driver 'libhns-rdmav34.so': libhns-rdmav34.so: cannot open shared object file: No such file or directory
libibverbs: Warning: couldn't load driver 'libocrdma-rdmav34.so': libocrdma-rdmav34.so: cannot open shared object file: No such file or directory
libibverbs: Warning: couldn't load driver 'libefa-rdmav34.so': libefa-rdmav34.so: cannot open shared object file: No such file or directory
libibverbs: Warning: couldn't load driver 'libhfi1verbs-rdmav34.so': libhfi1verbs-rdmav34.so: cannot open shared object file: No such file or directory
libibverbs: Warning: couldn't load driver 'libipathverbs-rdmav34.so': libipathverbs-rdmav34.so: cannot open shared object file: No such file or directory
libibverbs: Warning: couldn't load driver 'libsiw-rdmav34.so': libsiw-rdmav34.so: cannot open shared object file: No such file or directory
libibverbs: Warning: couldn't load driver 'libhfi1verbs-rdmav34.so': libhfi1verbs-rdmav34.so: cannot open shared object file: No such file or directory
libibverbs: Warning: couldn't load driver 'libsiw-rdmav34.so': libsiw-rdmav34.so: cannot open shared object file: No such file or directory
libibverbs: Warning: couldn't load driver 'libirdma-rdmav34.so': libirdma-rdmav34.so: cannot open shared object file: No such file or directory
libibverbs: Warning: couldn't load driver 'libhns-rdmav34.so': libhns-rdmav34.so: cannot open shared object file: No such file or directory
libibverbs: Warning: couldn't load driver 'libsiw-rdmav34.so': libsiw-rdmav34.so: cannot open shared object file: No such file or directory
libibverbs: Warning: couldn't load driver 'libefa-rdmav34.so': libefa-rdmav34.so: cannot open shared object file: No such file or directory
libibverbs: Warning: couldn't load driver 'libbnxt_re-rdmav34.so': libbnxt_re-rdmav34.so: cannot open shared object file: No such file or directory
libibverbs: Warning: couldn't load driver 'libvmw_pvrdma-rdmav34.so': libvmw_pvrdma-rdmav34.so: cannot open shared object file: No such file or directory
libibverbs: Warning: couldn't load driver 'libipathverbs-rdmav34.so': libipathverbs-rdmav34.so: cannot open shared object file: No such file or directory
libibverbs: Warning: couldn't load driver 'libbnxt_re-rdmav34.so': libbnxt_re-rdmav34.so: cannot open shared object file: No such file or directory
libibverbs: Warning: couldn't load driver 'libhfi1verbs-rdmav34.so': libhfi1verbs-rdmav34.so: cannot open shared object file: No such file or directory
libibverbs: Warning: couldn't load driver 'libipathverbs-rdmav34.so': libipathverbs-rdmav34.so: cannot open shared object file: No such file or directory
libibverbs: Warning: couldn't load driver 'libsiw-rdmav34.so': libsiw-rdmav34.so: cannot open shared object file: No such file or directory
libibverbs: Warning: couldn't load driver 'libhfi1verbs-rdmav34.so': libhfi1verbs-rdmav34.so: cannot open shared object file: No such file or directory
libibverbs: Warning: couldn't load driver 'libipathverbs-rdmav34.so': libipathverbs-rdmav34.so: cannot open shared object file: No such file or directory
libibverbs: Warning: couldn't load driver 'libmthca-rdmav34.so': libmthca-rdmav34.so: cannot open shared object file: No such file or directory
libibverbs: Warning: couldn't load driver 'libhfi1verbs-rdmav34.so': libhfi1verbs-rdmav34.so: cannot open shared object file: No such file or directory
libibverbs: Warning: couldn't load driver 'libipathverbs-rdmav34.so': libipathverbs-rdmav34.so: cannot open shared object file: No such file or directory
libibverbs: Warning: couldn't load driver 'libhns-rdmav34.so': libhns-rdmav34.so: cannot open shared object file: No such file or directory
libibverbs: Warning: couldn't load driver 'libsiw-rdmav34.so': libsiw-rdmav34.so: cannot open shared object file: No such file or directory
libibverbs: Warning: couldn't load driver 'libmana-rdmav34.so': libmana-rdmav34.so: cannot open shared object file: No such file or directory
libibverbs: Warning: couldn't load driver 'librxe-rdmav34.so': librxe-rdmav34.so: cannot open shared object file: No such file or directory
libibverbs: Warning: couldn't load driver 'libvmw_pvrdma-rdmav34.so': libvmw_pvrdma-rdmav34.so: cannot open shared object file: No such file or directory
libibverbs: Warning: couldn't load driver 'libmana-rdmav34.so': libmana-rdmav34.so: cannot open shared object file: No such file or directory
libibverbs: Warning: couldn't load driver 'libbnxt_re-rdmav34.so': libbnxt_re-rdmav34.so: cannot open shared object file: No such file or directory
libibverbs: Warning: couldn't load driver 'libvmw_pvrdma-rdmav34.so': libvmw_pvrdma-rdmav34.so: cannot open shared object file: No such file or directory
libibverbs: Warning: couldn't load driver 'libbnxt_re-rdmav34.so': libbnxt_re-rdmav34.so: cannot open shared object file: No such file or directory
libibverbs: Warning: couldn't load driver 'libvmw_pvrdma-rdmav34.so': libvmw_pvrdma-rdmav34.so: cannot open shared object file: No such file or directory
libibverbs: Warning: couldn't load driver 'liberdma-rdmav34.so': liberdma-rdmav34.so: cannot open shared object file: No such file or directory
libibverbs: Warning: couldn't load driver 'libbnxt_re-rdmav34.so': libbnxt_re-rdmav34.so: cannot open shared object file: No such file or directory
libibverbs: Warning: couldn't load driver 'libvmw_pvrdma-rdmav34.so': libvmw_pvrdma-rdmav34.so: cannot open shared object file: No such file or directory
libibverbs: Warning: couldn't load driver 'libhfi1verbs-rdmav34.so': libhfi1verbs-rdmav34.so: cannot open shared object file: No such file or directory
libibverbs: Warning: couldn't load driver 'libipathverbs-rdmav34.so': libipathverbs-rdmav34.so: cannot open shared object file: No such file or directory
libibverbs: Warning: couldn't load driver 'libocrdma-rdmav34.so': libocrdma-rdmav34.so: cannot open shared object file: No such file or directory
libibverbs: Warning: couldn't load driver 'libirdma-rdmav34.so': libirdma-rdmav34.so: cannot open shared object file: No such file or directory
libibverbs: Warning: couldn't load driver 'librxe-rdmav34.so': librxe-rdmav34.so: cannot open shared object file: No such file or directory
libibverbs: Warning: couldn't load driver 'libocrdma-rdmav34.so': libocrdma-rdmav34.so: cannot open shared object file: No such file or directory
libibverbs: Warning: couldn't load driver 'libcxgb4-rdmav34.so': libcxgb4-rdmav34.so: cannot open shared object file: No such file or directory
libibverbs: Warning: couldn't load driver 'libmana-rdmav34.so': libmana-rdmav34.so: cannot open shared object file: No such file or directory
libibverbs: Warning: couldn't load driver 'librxe-rdmav34.so': librxe-rdmav34.so: cannot open shared object file: No such file or directory
libibverbs: Warning: couldn't load driver 'libbnxt_re-rdmav34.so': libbnxt_re-rdmav34.so: cannot open shared object file: No such file or directory
libibverbs: Warning: couldn't load driver 'libvmw_pvrdma-rdmav34.so': libvmw_pvrdma-rdmav34.so: cannot open shared object file: No such file or directory
libibverbs: Warning: couldn't load driver 'libmthca-rdmav34.so': libmthca-rdmav34.so: cannot open shared object file: No such file or directory
libibverbs: Warning: couldn't load driver 'liberdma-rdmav34.so': liberdma-rdmav34.so: cannot open shared object file: No such file or directory
libibverbs: Warning: couldn't load driver 'libirdma-rdmav34.so': libirdma-rdmav34.so: cannot open shared object file: No such file or directory
libibverbs: Warning: couldn't load driver 'libmthca-rdmav34.so': libmthca-rdmav34.so: cannot open shared object file: No such file or directory
libibverbs: Warning: couldn't load driver 'libmana-rdmav34.so': libmana-rdmav34.so: cannot open shared object file: No such file or directory
libibverbs: Warning: couldn't load driver 'librxe-rdmav34.so': librxe-rdmav34.so: cannot open shared object file: No such file or directory
libibverbs: Warning: couldn't load driver 'libocrdma-rdmav34.so': libocrdma-rdmav34.so: cannot open shared object file: No such file or directory
libibverbs: Warning: couldn't load driver 'libmana-rdmav34.so': libmana-rdmav34.so: cannot open shared object file: No such file or directory
libibverbs: Warning: couldn't load driver 'librxe-rdmav34.so': librxe-rdmav34.so: cannot open shared object file: No such file or directory
libibverbs: Warning: couldn't load driver 'libocrdma-rdmav34.so': libocrdma-rdmav34.so: cannot open shared object file: No such file or directory
libibverbs: Warning: couldn't load driver 'libirdma-rdmav34.so': libirdma-rdmav34.so: cannot open shared object file: No such file or directory
libibverbs: Warning: couldn't load driver 'libocrdma-rdmav34.so': libocrdma-rdmav34.so: cannot open shared object file: No such file or directory
libibverbs: Warning: couldn't load driver 'libirdma-rdmav34.so': libirdma-rdmav34.so: cannot open shared object file: No such file or directory
libibverbs: Warning: couldn't load driver 'libmana-rdmav34.so': libmana-rdmav34.so: cannot open shared object file: No such file or directory
libibverbs: Warning: couldn't load driver 'librxe-rdmav34.so': librxe-rdmav34.so: cannot open shared object file: No such file or directory
libibverbs: Warning: couldn't load driver 'libcxgb4-rdmav34.so': libcxgb4-rdmav34.so: cannot open shared object file: No such file or directory
libibverbs: Warning: couldn't load driver 'liberdma-rdmav34.so': liberdma-rdmav34.so: cannot open shared object file: No such file or directory
libibverbs: Warning: couldn't load driver 'libcxgb4-rdmav34.so': libcxgb4-rdmav34.so: cannot open shared object file: No such file or directory
libibverbs: Warning: couldn't load driver 'libirdma-rdmav34.so': libirdma-rdmav34.so: cannot open shared object file: No such file or directory
libibverbs: Warning: couldn't load driver 'libmthca-rdmav34.so': libmthca-rdmav34.so: cannot open shared object file: No such file or directory
libibverbs: Warning: couldn't load driver 'libmthca-rdmav34.so': libmthca-rdmav34.so: cannot open shared object file: No such file or directory
libibverbs: Warning: couldn't load driver 'libocrdma-rdmav34.so': libocrdma-rdmav34.so: cannot open shared object file: No such file or directory
libibverbs: Warning: couldn't load driver 'libirdma-rdmav34.so': libirdma-rdmav34.so: cannot open shared object file: No such file or directory
libibverbs: Warning: couldn't load driver 'libmthca-rdmav34.so': libmthca-rdmav34.so: cannot open shared object file: No such file or directory
libibverbs: Warning: couldn't load driver 'liberdma-rdmav34.so': liberdma-rdmav34.so: cannot open shared object file: No such file or directory
libibverbs: Warning: couldn't load driver 'liberdma-rdmav34.so': liberdma-rdmav34.so: cannot open shared object file: No such file or directory
libibverbs: Warning: couldn't load driver 'libmthca-rdmav34.so': libmthca-rdmav34.so: cannot open shared object file: No such file or directory
libibverbs: Warning: couldn't load driver 'liberdma-rdmav34.so': liberdma-rdmav34.so: cannot open shared object file: No such file or directory
libibverbs: Warning: couldn't load driver 'libcxgb4-rdmav34.so': libcxgb4-rdmav34.so: cannot open shared object file: No such file or directory
libibverbs: Warning: couldn't load driver 'libcxgb4-rdmav34.so': libcxgb4-rdmav34.so: cannot open shared object file: No such file or directory
libibverbs: Warning: couldn't load driver 'libqedr-rdmav34.so': libqedr-rdmav34.so: cannot open shared object file: No such file or directory
libibverbs: Warning: couldn't load driver 'libcxgb4-rdmav34.so': libcxgb4-rdmav34.so: cannot open shared object file: No such file or directory
libibverbs: Warning: couldn't load driver 'liberdma-rdmav34.so': liberdma-rdmav34.so: cannot open shared object file: No such file or directory
libibverbs: Warning: couldn't load driver 'libcxgb4-rdmav34.so': libcxgb4-rdmav34.so: cannot open shared object file: No such file or directory
libibverbs: Warning: couldn't load driver 'libqedr-rdmav34.so': libqedr-rdmav34.so: cannot open shared object file: No such file or directory
libibverbs: Warning: couldn't load driver 'libmlx4-rdmav34.so': libmlx4-rdmav34.so: cannot open shared object file: No such file or directory
libibverbs: Warning: couldn't load driver 'libmlx4-rdmav34.so': libmlx4-rdmav34.so: cannot open shared object file: No such file or directory
libibverbs: Warning: couldn't load driver 'libqedr-rdmav34.so': libqedr-rdmav34.so: cannot open shared object file: No such file or directory
libibverbs: Warning: couldn't load driver 'libmlx4-rdmav34.so': libmlx4-rdmav34.so: cannot open shared object file: No such file or directory
libibverbs: Warning: couldn't load driver 'libqedr-rdmav34.so': libqedr-rdmav34.so: cannot open shared object file: No such file or directory
libibverbs: Warning: couldn't load driver 'libqedr-rdmav34.so': libqedr-rdmav34.so: cannot open shared object file: No such file or directory
libibverbs: Warning: couldn't load driver 'libmlx4-rdmav34.so': libmlx4-rdmav34.so: cannot open shared object file: No such file or directory
libibverbs: Warning: couldn't load driver 'libmlx4-rdmav34.so': libmlx4-rdmav34.so: cannot open shared object file: No such file or directory
libibverbs: Warning: couldn't load driver 'libqedr-rdmav34.so': libqedr-rdmav34.so: cannot open shared object file: No such file or directory
libibverbs: Warning: couldn't load driver 'libqedr-rdmav34.so': libqedr-rdmav34.so: cannot open shared object file: No such file or directory
libibverbs: Warning: couldn't load driver 'libmlx4-rdmav34.so': libmlx4-rdmav34.so: cannot open shared object file: No such file or directory
libibverbs: Warning: couldn't load driver 'libmlx4-rdmav34.so': libmlx4-rdmav34.so: cannot open shared object file: No such file or directory
libibverbs: Warning: couldn't load driver 'libefa-rdmav34.so': libefa-rdmav34.so: cannot open shared object file: No such file or directory
libibverbs: Warning: couldn't load driver 'libhns-rdmav34.so': libhns-rdmav34.so: cannot open shared object file: No such file or directory
libibverbs: Warning: couldn't load driver 'libsiw-rdmav34.so': libsiw-rdmav34.so: cannot open shared object file: No such file or directory
libibverbs: Warning: couldn't load driver 'libhfi1verbs-rdmav34.so': libhfi1verbs-rdmav34.so: cannot open shared object file: No such file or directory
libibverbs: Warning: couldn't load driver 'libipathverbs-rdmav34.so': libipathverbs-rdmav34.so: cannot open shared object file: No such file or directory
libibverbs: Warning: couldn't load driver 'libbnxt_re-rdmav34.so': libbnxt_re-rdmav34.so: cannot open shared object file: No such file or directory
libibverbs: Warning: couldn't load driver 'libvmw_pvrdma-rdmav34.so': libvmw_pvrdma-rdmav34.so: cannot open shared object file: No such file or directory
libibverbs: Warning: couldn't load driver 'libmana-rdmav34.so': libmana-rdmav34.so: cannot open shared object file: No such file or directory
libibverbs: Warning: couldn't load driver 'librxe-rdmav34.so': librxe-rdmav34.so: cannot open shared object file: No such file or directory
libibverbs: Warning: couldn't load driver 'libocrdma-rdmav34.so': libocrdma-rdmav34.so: cannot open shared object file: No such file or directory
libibverbs: Warning: couldn't load driver 'libirdma-rdmav34.so': libirdma-rdmav34.so: cannot open shared object file: No such file or directory
libibverbs: Warning: couldn't load driver 'libmthca-rdmav34.so': libmthca-rdmav34.so: cannot open shared object file: No such file or directory
libibverbs: Warning: couldn't load driver 'liberdma-rdmav34.so': liberdma-rdmav34.so: cannot open shared object file: No such file or directory
libibverbs: Warning: couldn't load driver 'libcxgb4-rdmav34.so': libcxgb4-rdmav34.so: cannot open shared object file: No such file or directory
libibverbs: Warning: couldn't load driver 'libqedr-rdmav34.so': libqedr-rdmav34.so: cannot open shared object file: No such file or directory
libibverbs: Warning: couldn't load driver 'libmlx4-rdmav34.so': libmlx4-rdmav34.so: cannot open shared object file: No such file or directory
libibverbs: Warning: couldn't load driver 'libefa-rdmav34.so': libefa-rdmav34.so: cannot open shared object file: No such file or directory
libibverbs: Warning: couldn't load driver 'libhns-rdmav34.so': libhns-rdmav34.so: cannot open shared object file: No such file or directory
libibverbs: Warning: couldn't load driver 'libefa-rdmav34.so': libefa-rdmav34.so: cannot open shared object file: No such file or directory
libibverbs: Warning: couldn't load driver 'libsiw-rdmav34.so': libsiw-rdmav34.so: cannot open shared object file: No such file or directory
libibverbs: Warning: couldn't load driver 'libhns-rdmav34.so': libhns-rdmav34.so: cannot open shared object file: No such file or directory
libibverbs: Warning: couldn't load driver 'libhfi1verbs-rdmav34.so': libhfi1verbs-rdmav34.so: cannot open shared object file: No such file or directory
libibverbs: Warning: couldn't load driver 'libsiw-rdmav34.so': libsiw-rdmav34.so: cannot open shared object file: No such file or directory
libibverbs: Warning: couldn't load driver 'libipathverbs-rdmav34.so': libipathverbs-rdmav34.so: cannot open shared object file: No such file or directory
libibverbs: Warning: couldn't load driver 'libhfi1verbs-rdmav34.so': libhfi1verbs-rdmav34.so: cannot open shared object file: No such file or directory
libibverbs: Warning: couldn't load driver 'libbnxt_re-rdmav34.so': libbnxt_re-rdmav34.so: cannot open shared object file: No such file or directory
libibverbs: Warning: couldn't load driver 'libipathverbs-rdmav34.so': libipathverbs-rdmav34.so: cannot open shared object file: No such file or directory
libibverbs: Warning: couldn't load driver 'libvmw_pvrdma-rdmav34.so': libvmw_pvrdma-rdmav34.so: cannot open shared object file: No such file or directory
libibverbs: Warning: couldn't load driver 'libbnxt_re-rdmav34.so': libbnxt_re-rdmav34.so: cannot open shared object file: No such file or directory
libibverbs: Warning: couldn't load driver 'libmana-rdmav34.so': libmana-rdmav34.so: cannot open shared object file: No such file or directory
libibverbs: Warning: couldn't load driver 'libvmw_pvrdma-rdmav34.so': libvmw_pvrdma-rdmav34.so: cannot open shared object file: No such file or directory
libibverbs: Warning: couldn't load driver 'librxe-rdmav34.so': librxe-rdmav34.so: cannot open shared object file: No such file or directory
libibverbs: Warning: couldn't load driver 'libmana-rdmav34.so': libmana-rdmav34.so: cannot open shared object file: No such file or directory
libibverbs: Warning: couldn't load driver 'libocrdma-rdmav34.so': libocrdma-rdmav34.so: cannot open shared object file: No such file or directory
libibverbs: Warning: couldn't load driver 'librxe-rdmav34.so': librxe-rdmav34.so: cannot open shared object file: No such file or directory
libibverbs: Warning: couldn't load driver 'libirdma-rdmav34.so': libirdma-rdmav34.so: cannot open shared object file: No such file or directory
libibverbs: Warning: couldn't load driver 'libocrdma-rdmav34.so': libocrdma-rdmav34.so: cannot open shared object file: No such file or directory
libibverbs: Warning: couldn't load driver 'libmthca-rdmav34.so': libmthca-rdmav34.so: cannot open shared object file: No such file or directory
libibverbs: Warning: couldn't load driver 'libirdma-rdmav34.so': libirdma-rdmav34.so: cannot open shared object file: No such file or directory
libibverbs: Warning: couldn't load driver 'liberdma-rdmav34.so': liberdma-rdmav34.so: cannot open shared object file: No such file or directory
libibverbs: Warning: couldn't load driver 'libmthca-rdmav34.so': libmthca-rdmav34.so: cannot open shared object file: No such file or directory
libibverbs: Warning: couldn't load driver 'libcxgb4-rdmav34.so': libcxgb4-rdmav34.so: cannot open shared object file: No such file or directory
libibverbs: Warning: couldn't load driver 'liberdma-rdmav34.so': liberdma-rdmav34.so: cannot open shared object file: No such file or directory
libibverbs: Warning: couldn't load driver 'libcxgb4-rdmav34.so': libcxgb4-rdmav34.so: cannot open shared object file: No such file or directory
libibverbs: Warning: couldn't load driver 'libqedr-rdmav34.so': libqedr-rdmav34.so: cannot open shared object file: No such file or directory
libibverbs: Warning: couldn't load driver 'libefa-rdmav34.so': libefa-rdmav34.so: cannot open shared object file: No such file or directory
libibverbs: Warning: couldn't load driver 'libmlx4-rdmav34.so': libmlx4-rdmav34.so: cannot open shared object file: No such file or directory
libibverbs: Warning: couldn't load driver 'libqedr-rdmav34.so': libqedr-rdmav34.so: cannot open shared object file: No such file or directory
libibverbs: Warning: couldn't load driver 'libhns-rdmav34.so': libhns-rdmav34.so: cannot open shared object file: No such file or directory
libibverbs: Warning: couldn't load driver 'libefa-rdmav34.so': libefa-rdmav34.so: cannot open shared object file: No such file or directory
libibverbs: Warning: couldn't load driver 'libmlx4-rdmav34.so': libmlx4-rdmav34.so: cannot open shared object file: No such file or directory
libibverbs: Warning: couldn't load driver 'libsiw-rdmav34.so': libsiw-rdmav34.so: cannot open shared object file: No such file or directory
libibverbs: Warning: couldn't load driver 'libhns-rdmav34.so': libhns-rdmav34.so: cannot open shared object file: No such file or directory
libibverbs: Warning: couldn't load driver 'libefa-rdmav34.so': libefa-rdmav34.so: cannot open shared object file: No such file or directory
libibverbs: Warning: couldn't load driver 'libefa-rdmav34.so': libefa-rdmav34.so: cannot open shared object file: No such file or directory
libibverbs: Warning: couldn't load driver 'libsiw-rdmav34.so': libsiw-rdmav34.so: cannot open shared object file: No such file or directory
libibverbs: Warning: couldn't load driver 'libhfi1verbs-rdmav34.so': libhfi1verbs-rdmav34.so: cannot open shared object file: No such file or directory
libibverbs: Warning: couldn't load driver 'libhns-rdmav34.so': libhns-rdmav34.so: cannot open shared object file: No such file or directory
libibverbs: Warning: couldn't load driver 'libhns-rdmav34.so': libhns-rdmav34.so: cannot open shared object file: No such file or directory
libibverbs: Warning: couldn't load driver 'libsiw-rdmav34.so': libsiw-rdmav34.so: cannot open shared object file: No such file or directory
libibverbs: Warning: couldn't load driver 'libipathverbs-rdmav34.so': libipathverbs-rdmav34.so: cannot open shared object file: No such file or directory
libibverbs: Warning: couldn't load driver 'libhfi1verbs-rdmav34.so': libhfi1verbs-rdmav34.so: cannot open shared object file: No such file or directory
libibverbs: Warning: couldn't load driver 'libbnxt_re-rdmav34.so': libbnxt_re-rdmav34.so: cannot open shared object file: No such file or directory
libibverbs: Warning: couldn't load driver 'libsiw-rdmav34.so': libsiw-rdmav34.so: cannot open shared object file: No such file or directory
libibverbs: Warning: couldn't load driver 'libipathverbs-rdmav34.so': libipathverbs-rdmav34.so: cannot open shared object file: No such file or directory
libibverbs: Warning: couldn't load driver 'libhfi1verbs-rdmav34.so': libhfi1verbs-rdmav34.so: cannot open shared object file: No such file or directory
libibverbs: Warning: couldn't load driver 'libvmw_pvrdma-rdmav34.so': libvmw_pvrdma-rdmav34.so: cannot open shared object file: No such file or directory
libibverbs: Warning: couldn't load driver 'libhfi1verbs-rdmav34.so': libhfi1verbs-rdmav34.so: cannot open shared object file: No such file or directory
libibverbs: Warning: couldn't load driver 'libbnxt_re-rdmav34.so': libbnxt_re-rdmav34.so: cannot open shared object file: No such file or directory
libibverbs: Warning: couldn't load driver 'libipathverbs-rdmav34.so': libipathverbs-rdmav34.so: cannot open shared object file: No such file or directory
libibverbs: Warning: couldn't load driver 'libmana-rdmav34.so': libmana-rdmav34.so: cannot open shared object file: No such file or directory
libibverbs: Warning: couldn't load driver 'libipathverbs-rdmav34.so': libipathverbs-rdmav34.so: cannot open shared object file: No such file or directory
libibverbs: Warning: couldn't load driver 'libvmw_pvrdma-rdmav34.so': libvmw_pvrdma-rdmav34.so: cannot open shared object file: No such file or directory
libibverbs: Warning: couldn't load driver 'libbnxt_re-rdmav34.so': libbnxt_re-rdmav34.so: cannot open shared object file: No such file or directory
libibverbs: Warning: couldn't load driver 'librxe-rdmav34.so': librxe-rdmav34.so: cannot open shared object file: No such file or directory
libibverbs: Warning: couldn't load driver 'libbnxt_re-rdmav34.so': libbnxt_re-rdmav34.so: cannot open shared object file: No such file or directory
libibverbs: Warning: couldn't load driver 'libvmw_pvrdma-rdmav34.so': libvmw_pvrdma-rdmav34.so: cannot open shared object file: No such file or directory
libibverbs: Warning: couldn't load driver 'libmana-rdmav34.so': libmana-rdmav34.so: cannot open shared object file: No such file or directory
libibverbs: Warning: couldn't load driver 'libvmw_pvrdma-rdmav34.so': libvmw_pvrdma-rdmav34.so: cannot open shared object file: No such file or directory
libibverbs: Warning: couldn't load driver 'libocrdma-rdmav34.so': libocrdma-rdmav34.so: cannot open shared object file: No such file or directory
libibverbs: Warning: couldn't load driver 'librxe-rdmav34.so': librxe-rdmav34.so: cannot open shared object file: No such file or directory
libibverbs: Warning: couldn't load driver 'libmana-rdmav34.so': libmana-rdmav34.so: cannot open shared object file: No such file or directory
libibverbs: Warning: couldn't load driver 'libmana-rdmav34.so': libmana-rdmav34.so: cannot open shared object file: No such file or directory
libibverbs: Warning: couldn't load driver 'libocrdma-rdmav34.so': libocrdma-rdmav34.so: cannot open shared object file: No such file or directory
libibverbs: Warning: couldn't load driver 'librxe-rdmav34.so': librxe-rdmav34.so: cannot open shared object file: No such file or directory
libibverbs: Warning: couldn't load driver 'libirdma-rdmav34.so': libirdma-rdmav34.so: cannot open shared object file: No such file or directory
libibverbs: Warning: couldn't load driver 'librxe-rdmav34.so': librxe-rdmav34.so: cannot open shared object file: No such file or directory
libibverbs: Warning: couldn't load driver 'libirdma-rdmav34.so': libirdma-rdmav34.so: cannot open shared object file: No such file or directory
libibverbs: Warning: couldn't load driver 'libmthca-rdmav34.so': libmthca-rdmav34.so: cannot open shared object file: No such file or directory
libibverbs: Warning: couldn't load driver 'liberdma-rdmav34.so': liberdma-rdmav34.so: cannot open shared object file: No such file or directory
libibverbs: Warning: couldn't load driver 'libocrdma-rdmav34.so': libocrdma-rdmav34.so: cannot open shared object file: No such file or directory
libibverbs: Warning: couldn't load driver 'libmthca-rdmav34.so': libmthca-rdmav34.so: cannot open shared object file: No such file or directory
libibverbs: Warning: couldn't load driver 'libocrdma-rdmav34.so': libocrdma-rdmav34.so: cannot open shared object file: No such file or directory
libibverbs: Warning: couldn't load driver 'libirdma-rdmav34.so': libirdma-rdmav34.so: cannot open shared object file: No such file or directory
libibverbs: Warning: couldn't load driver 'libirdma-rdmav34.so': libirdma-rdmav34.so: cannot open shared object file: No such file or directory
libibverbs: Warning: couldn't load driver 'libcxgb4-rdmav34.so': libcxgb4-rdmav34.so: cannot open shared object file: No such file or directory
libibverbs: Warning: couldn't load driver 'libmthca-rdmav34.so': libmthca-rdmav34.so: cannot open shared object file: No such file or directory
libibverbs: Warning: couldn't load driver 'liberdma-rdmav34.so': liberdma-rdmav34.so: cannot open shared object file: No such file or directory
libibverbs: Warning: couldn't load driver 'libmthca-rdmav34.so': libmthca-rdmav34.so: cannot open shared object file: No such file or directory
libibverbs: Warning: couldn't load driver 'liberdma-rdmav34.so': liberdma-rdmav34.so: cannot open shared object file: No such file or directory
libibverbs: Warning: couldn't load driver 'liberdma-rdmav34.so': liberdma-rdmav34.so: cannot open shared object file: No such file or directory
libibverbs: Warning: couldn't load driver 'libcxgb4-rdmav34.so': libcxgb4-rdmav34.so: cannot open shared object file: No such file or directory
libibverbs: Warning: couldn't load driver 'libcxgb4-rdmav34.so': libcxgb4-rdmav34.so: cannot open shared object file: No such file or directory
libibverbs: Warning: couldn't load driver 'libcxgb4-rdmav34.so': libcxgb4-rdmav34.so: cannot open shared object file: No such file or directory
libibverbs: Warning: couldn't load driver 'libqedr-rdmav34.so': libqedr-rdmav34.so: cannot open shared object file: No such file or directory
libibverbs: Warning: couldn't load driver 'libmlx4-rdmav34.so': libmlx4-rdmav34.so: cannot open shared object file: No such file or directory
libibverbs: Warning: couldn't load driver 'libqedr-rdmav34.so': libqedr-rdmav34.so: cannot open shared object file: No such file or directory
libibverbs: Warning: couldn't load driver 'libmlx4-rdmav34.so': libmlx4-rdmav34.so: cannot open shared object file: No such file or directory
libibverbs: Warning: couldn't load driver 'libqedr-rdmav34.so': libqedr-rdmav34.so: cannot open shared object file: No such file or directory
libibverbs: Warning: couldn't load driver 'libqedr-rdmav34.so': libqedr-rdmav34.so: cannot open shared object file: No such file or directory
libibverbs: Warning: couldn't load driver 'libmlx4-rdmav34.so': libmlx4-rdmav34.so: cannot open shared object file: No such file or directory
libibverbs: Warning: couldn't load driver 'libmlx4-rdmav34.so': libmlx4-rdmav34.so: cannot open shared object file: No such file or directory
libibverbs: Warning: couldn't load driver 'libefa-rdmav34.so': libefa-rdmav34.so: cannot open shared object file: No such file or directory
libibverbs: Warning: couldn't load driver 'libhns-rdmav34.so': libhns-rdmav34.so: cannot open shared object file: No such file or directory
libibverbs: Warning: couldn't load driver 'libsiw-rdmav34.so': libsiw-rdmav34.so: cannot open shared object file: No such file or directory
libibverbs: Warning: couldn't load driver 'libhfi1verbs-rdmav34.so': libhfi1verbs-rdmav34.so: cannot open shared object file: No such file or directory
libibverbs: Warning: couldn't load driver 'libipathverbs-rdmav34.so': libipathverbs-rdmav34.so: cannot open shared object file: No such file or directory
libibverbs: Warning: couldn't load driver 'libbnxt_re-rdmav34.so': libbnxt_re-rdmav34.so: cannot open shared object file: No such file or directory
libibverbs: Warning: couldn't load driver 'libvmw_pvrdma-rdmav34.so': libvmw_pvrdma-rdmav34.so: cannot open shared object file: No such file or directory
libibverbs: Warning: couldn't load driver 'libmana-rdmav34.so': libmana-rdmav34.so: cannot open shared object file: No such file or directory
libibverbs: Warning: couldn't load driver 'librxe-rdmav34.so': librxe-rdmav34.so: cannot open shared object file: No such file or directory
libibverbs: Warning: couldn't load driver 'libocrdma-rdmav34.so': libocrdma-rdmav34.so: cannot open shared object file: No such file or directory
libibverbs: Warning: couldn't load driver 'libirdma-rdmav34.so': libirdma-rdmav34.so: cannot open shared object file: No such file or directory
libibverbs: Warning: couldn't load driver 'libmthca-rdmav34.so': libmthca-rdmav34.so: cannot open shared object file: No such file or directory
libibverbs: Warning: couldn't load driver 'liberdma-rdmav34.so': liberdma-rdmav34.so: cannot open shared object file: No such file or directory
libibverbs: Warning: couldn't load driver 'libcxgb4-rdmav34.so': libcxgb4-rdmav34.so: cannot open shared object file: No such file or directory
libibverbs: Warning: couldn't load driver 'libqedr-rdmav34.so': libqedr-rdmav34.so: cannot open shared object file: No such file or directory
libibverbs: Warning: couldn't load driver 'libmlx4-rdmav34.so': libmlx4-rdmav34.so: cannot open shared object file: No such file or directory
libibverbs: Warning: couldn't load driver 'libefa-rdmav34.so': libefa-rdmav34.so: cannot open shared object file: No such file or directory
libibverbs: Warning: couldn't load driver 'libhns-rdmav34.so': libhns-rdmav34.so: cannot open shared object file: No such file or directory
libibverbs: Warning: couldn't load driver 'libsiw-rdmav34.so': libsiw-rdmav34.so: cannot open shared object file: No such file or directory
libibverbs: Warning: couldn't load driver 'libhfi1verbs-rdmav34.so': libhfi1verbs-rdmav34.so: cannot open shared object file: No such file or directory
libibverbs: Warning: couldn't load driver 'libipathverbs-rdmav34.so': libipathverbs-rdmav34.so: cannot open shared object file: No such file or directory
libibverbs: Warning: couldn't load driver 'libbnxt_re-rdmav34.so': libbnxt_re-rdmav34.so: cannot open shared object file: No such file or directory
libibverbs: Warning: couldn't load driver 'libvmw_pvrdma-rdmav34.so': libvmw_pvrdma-rdmav34.so: cannot open shared object file: No such file or directory
libibverbs: Warning: couldn't load driver 'libmana-rdmav34.so': libmana-rdmav34.so: cannot open shared object file: No such file or directory
libibverbs: Warning: couldn't load driver 'librxe-rdmav34.so': librxe-rdmav34.so: cannot open shared object file: No such file or directory
libibverbs: Warning: couldn't load driver 'libocrdma-rdmav34.so': libocrdma-rdmav34.so: cannot open shared object file: No such file or directory
libibverbs: Warning: couldn't load driver 'libefa-rdmav34.so': libefa-rdmav34.so: cannot open shared object file: No such file or directory
libibverbs: Warning: couldn't load driver 'libirdma-rdmav34.so': libirdma-rdmav34.so: cannot open shared object file: No such file or directory
libibverbs: Warning: couldn't load driver 'libhns-rdmav34.so': libhns-rdmav34.so: cannot open shared object file: No such file or directory
libibverbs: Warning: couldn't load driver 'libmthca-rdmav34.so': libmthca-rdmav34.so: cannot open shared object file: No such file or directory
libibverbs: Warning: couldn't load driver 'libsiw-rdmav34.so': libsiw-rdmav34.so: cannot open shared object file: No such file or directory
libibverbs: Warning: couldn't load driver 'liberdma-rdmav34.so': liberdma-rdmav34.so: cannot open shared object file: No such file or directory
libibverbs: Warning: couldn't load driver 'libhfi1verbs-rdmav34.so': libhfi1verbs-rdmav34.so: cannot open shared object file: No such file or directory
libibverbs: Warning: couldn't load driver 'libcxgb4-rdmav34.so': libcxgb4-rdmav34.so: cannot open shared object file: No such file or directory
libibverbs: Warning: couldn't load driver 'libipathverbs-rdmav34.so': libipathverbs-rdmav34.so: cannot open shared object file: No such file or directory
libibverbs: Warning: couldn't load driver 'libbnxt_re-rdmav34.so': libbnxt_re-rdmav34.so: cannot open shared object file: No such file or directory
libibverbs: Warning: couldn't load driver 'libvmw_pvrdma-rdmav34.so': libvmw_pvrdma-rdmav34.so: cannot open shared object file: No such file or directory
libibverbs: Warning: couldn't load driver 'libmana-rdmav34.so': libmana-rdmav34.so: cannot open shared object file: No such file or directory
libibverbs: Warning: couldn't load driver 'librxe-rdmav34.so': librxe-rdmav34.so: cannot open shared object file: No such file or directory
libibverbs: Warning: couldn't load driver 'libefa-rdmav34.so': libefa-rdmav34.so: cannot open shared object file: No such file or directory
libibverbs: Warning: couldn't load driver 'libqedr-rdmav34.so': libqedr-rdmav34.so: cannot open shared object file: No such file or directory
libibverbs: Warning: couldn't load driver 'libocrdma-rdmav34.so': libocrdma-rdmav34.so: cannot open shared object file: No such file or directory
libibverbs: Warning: couldn't load driver 'libirdma-rdmav34.so': libirdma-rdmav34.so: cannot open shared object file: No such file or directory
libibverbs: Warning: couldn't load driver 'libmlx4-rdmav34.so': libmlx4-rdmav34.so: cannot open shared object file: No such file or directory
libibverbs: Warning: couldn't load driver 'libhns-rdmav34.so': libhns-rdmav34.so: cannot open shared object file: No such file or directory
libibverbs: Warning: couldn't load driver 'libsiw-rdmav34.so': libsiw-rdmav34.so: cannot open shared object file: No such file or directory
libibverbs: Warning: couldn't load driver 'libefa-rdmav34.so': libefa-rdmav34.so: cannot open shared object file: No such file or directory
libibverbs: Warning: couldn't load driver 'libhfi1verbs-rdmav34.so': libhfi1verbs-rdmav34.so: cannot open shared object file: No such file or directory
libibverbs: Warning: couldn't load driver 'libmthca-rdmav34.so': libmthca-rdmav34.so: cannot open shared object file: No such file or directory
libibverbs: Warning: couldn't load driver 'liberdma-rdmav34.so': liberdma-rdmav34.so: cannot open shared object file: No such file or directory
libibverbs: Warning: couldn't load driver 'libhns-rdmav34.so': libhns-rdmav34.so: cannot open shared object file: No such file or directory
libibverbs: Warning: couldn't load driver 'libipathverbs-rdmav34.so': libipathverbs-rdmav34.so: cannot open shared object file: No such file or directory
libibverbs: Warning: couldn't load driver 'libsiw-rdmav34.so': libsiw-rdmav34.so: cannot open shared object file: No such file or directory
libibverbs: Warning: couldn't load driver 'libbnxt_re-rdmav34.so': libbnxt_re-rdmav34.so: cannot open shared object file: No such file or directory
libibverbs: Warning: couldn't load driver 'libcxgb4-rdmav34.so': libcxgb4-rdmav34.so: cannot open shared object file: No such file or directory
libibverbs: Warning: couldn't load driver 'libhfi1verbs-rdmav34.so': libhfi1verbs-rdmav34.so: cannot open shared object file: No such file or directory
libibverbs: Warning: couldn't load driver 'libipathverbs-rdmav34.so': libipathverbs-rdmav34.so: cannot open shared object file: No such file or directory
libibverbs: Warning: couldn't load driver 'libvmw_pvrdma-rdmav34.so': libvmw_pvrdma-rdmav34.so: cannot open shared object file: No such file or directory
libibverbs: Warning: couldn't load driver 'libmana-rdmav34.so': libmana-rdmav34.so: cannot open shared object file: No such file or directory
libibverbs: Warning: couldn't load driver 'libbnxt_re-rdmav34.so': libbnxt_re-rdmav34.so: cannot open shared object file: No such file or directory
libibverbs: Warning: couldn't load driver 'libvmw_pvrdma-rdmav34.so': libvmw_pvrdma-rdmav34.so: cannot open shared object file: No such file or directory
libibverbs: Warning: couldn't load driver 'librxe-rdmav34.so': librxe-rdmav34.so: cannot open shared object file: No such file or directory
libibverbs: Warning: couldn't load driver 'libocrdma-rdmav34.so': libocrdma-rdmav34.so: cannot open shared object file: No such file or directory
libibverbs: Warning: couldn't load driver 'libmana-rdmav34.so': libmana-rdmav34.so: cannot open shared object file: No such file or directory
libibverbs: Warning: couldn't load driver 'libqedr-rdmav34.so': libqedr-rdmav34.so: cannot open shared object file: No such file or directory
libibverbs: Warning: couldn't load driver 'librxe-rdmav34.so': librxe-rdmav34.so: cannot open shared object file: No such file or directory
libibverbs: Warning: couldn't load driver 'libirdma-rdmav34.so': libirdma-rdmav34.so: cannot open shared object file: No such file or directory
libibverbs: Warning: couldn't load driver 'libmlx4-rdmav34.so': libmlx4-rdmav34.so: cannot open shared object file: No such file or directory
libibverbs: Warning: couldn't load driver 'libocrdma-rdmav34.so': libocrdma-rdmav34.so: cannot open shared object file: No such file or directory
libibverbs: Warning: couldn't load driver 'libmthca-rdmav34.so': libmthca-rdmav34.so: cannot open shared object file: No such file or directory
libibverbs: Warning: couldn't load driver 'liberdma-rdmav34.so': liberdma-rdmav34.so: cannot open shared object file: No such file or directory
libibverbs: Warning: couldn't load driver 'libirdma-rdmav34.so': libirdma-rdmav34.so: cannot open shared object file: No such file or directory
libibverbs: Warning: couldn't load driver 'libmthca-rdmav34.so': libmthca-rdmav34.so: cannot open shared object file: No such file or directory
libibverbs: Warning: couldn't load driver 'libcxgb4-rdmav34.so': libcxgb4-rdmav34.so: cannot open shared object file: No such file or directory
libibverbs: Warning: couldn't load driver 'liberdma-rdmav34.so': liberdma-rdmav34.so: cannot open shared object file: No such file or directory
libibverbs: Warning: couldn't load driver 'libcxgb4-rdmav34.so': libcxgb4-rdmav34.so: cannot open shared object file: No such file or directory
libibverbs: Warning: couldn't load driver 'libefa-rdmav34.so': libefa-rdmav34.so: cannot open shared object file: No such file or directory
libibverbs: Warning: couldn't load driver 'libhns-rdmav34.so': libhns-rdmav34.so: cannot open shared object file: No such file or directory
libibverbs: Warning: couldn't load driver 'libsiw-rdmav34.so': libsiw-rdmav34.so: cannot open shared object file: No such file or directory
libibverbs: Warning: couldn't load driver 'libefa-rdmav34.so': libefa-rdmav34.so: cannot open shared object file: No such file or directory
libibverbs: Warning: couldn't load driver 'libqedr-rdmav34.so': libqedr-rdmav34.so: cannot open shared object file: No such file or directory
libibverbs: Warning: couldn't load driver 'libhfi1verbs-rdmav34.so': libhfi1verbs-rdmav34.so: cannot open shared object file: No such file or directory
libibverbs: Warning: couldn't load driver 'libmlx4-rdmav34.so': libmlx4-rdmav34.so: cannot open shared object file: No such file or directory
libibverbs: Warning: couldn't load driver 'libipathverbs-rdmav34.so': libipathverbs-rdmav34.so: cannot open shared object file: No such file or directory
libibverbs: Warning: couldn't load driver 'libhns-rdmav34.so': libhns-rdmav34.so: cannot open shared object file: No such file or directory
libibverbs: Warning: couldn't load driver 'libsiw-rdmav34.so': libsiw-rdmav34.so: cannot open shared object file: No such file or directory
libibverbs: Warning: couldn't load driver 'libqedr-rdmav34.so': libqedr-rdmav34.so: cannot open shared object file: No such file or directory
libibverbs: Warning: couldn't load driver 'libmlx4-rdmav34.so': libmlx4-rdmav34.so: cannot open shared object file: No such file or directory
libibverbs: Warning: couldn't load driver 'libbnxt_re-rdmav34.so': libbnxt_re-rdmav34.so: cannot open shared object file: No such file or directory
libibverbs: Warning: couldn't load driver 'libefa-rdmav34.so': libefa-rdmav34.so: cannot open shared object file: No such file or directory
libibverbs: Warning: couldn't load driver 'libhns-rdmav34.so': libhns-rdmav34.so: cannot open shared object file: No such file or directory
libibverbs: Warning: couldn't load driver 'libvmw_pvrdma-rdmav34.so': libvmw_pvrdma-rdmav34.so: cannot open shared object file: No such file or directory
libibverbs: Warning: couldn't load driver 'libsiw-rdmav34.so': libsiw-rdmav34.so: cannot open shared object file: No such file or directory
libibverbs: Warning: couldn't load driver 'libhfi1verbs-rdmav34.so': libhfi1verbs-rdmav34.so: cannot open shared object file: No such file or directory
libibverbs: Warning: couldn't load driver 'libipathverbs-rdmav34.so': libipathverbs-rdmav34.so: cannot open shared object file: No such file or directory
libibverbs: Warning: couldn't load driver 'libmana-rdmav34.so': libmana-rdmav34.so: cannot open shared object file: No such file or directory
libibverbs: Warning: couldn't load driver 'libhfi1verbs-rdmav34.so': libhfi1verbs-rdmav34.so: cannot open shared object file: No such file or directory
libibverbs: Warning: couldn't load driver 'libefa-rdmav34.so': libefa-rdmav34.so: cannot open shared object file: No such file or directory
libibverbs: Warning: couldn't load driver 'libhns-rdmav34.so': libhns-rdmav34.so: cannot open shared object file: No such file or directory
libibverbs: Warning: couldn't load driver 'libbnxt_re-rdmav34.so': libbnxt_re-rdmav34.so: cannot open shared object file: No such file or directory
libibverbs: Warning: couldn't load driver 'libvmw_pvrdma-rdmav34.so': libvmw_pvrdma-rdmav34.so: cannot open shared object file: No such file or directory
libibverbs: Warning: couldn't load driver 'libefa-rdmav34.so': libefa-rdmav34.so: cannot open shared object file: No such file or directory
libibverbs: Warning: couldn't load driver 'libhns-rdmav34.so': libhns-rdmav34.so: cannot open shared object file: No such file or directory
libibverbs: Warning: couldn't load driver 'librxe-rdmav34.so': librxe-rdmav34.so: cannot open shared object file: No such file or directory
libibverbs: Warning: couldn't load driver 'libocrdma-rdmav34.so': libocrdma-rdmav34.so: cannot open shared object file: No such file or directory
libibverbs: Warning: couldn't load driver 'libipathverbs-rdmav34.so': libipathverbs-rdmav34.so: cannot open shared object file: No such file or directory
libibverbs: Warning: couldn't load driver 'libbnxt_re-rdmav34.so': libbnxt_re-rdmav34.so: cannot open shared object file: No such file or directory
libibverbs: Warning: couldn't load driver 'libsiw-rdmav34.so': libsiw-rdmav34.so: cannot open shared object file: No such file or directory
libibverbs: Warning: couldn't load driver 'libhfi1verbs-rdmav34.so': libhfi1verbs-rdmav34.so: cannot open shared object file: No such file or directory
libibverbs: Warning: couldn't load driver 'libefa-rdmav34.so': libefa-rdmav34.so: cannot open shared object file: No such file or directory
libibverbs: Warning: couldn't load driver 'libhns-rdmav34.so': libhns-rdmav34.so: cannot open shared object file: No such file or directory
libibverbs: Warning: couldn't load driver 'libmana-rdmav34.so': libmana-rdmav34.so: cannot open shared object file: No such file or directory
libibverbs: Warning: couldn't load driver 'librxe-rdmav34.so': librxe-rdmav34.so: cannot open shared object file: No such file or directory
libibverbs: Warning: couldn't load driver 'libsiw-rdmav34.so': libsiw-rdmav34.so: cannot open shared object file: No such file or directory
libibverbs: Warning: couldn't load driver 'libhfi1verbs-rdmav34.so': libhfi1verbs-rdmav34.so: cannot open shared object file: No such file or directory
libibverbs: Warning: couldn't load driver 'libirdma-rdmav34.so': libirdma-rdmav34.so: cannot open shared object file: No such file or directory
libibverbs: Warning: couldn't load driver 'libvmw_pvrdma-rdmav34.so': libvmw_pvrdma-rdmav34.so: cannot open shared object file: No such file or directory
libibverbs: Warning: couldn't load driver 'libmana-rdmav34.so': libmana-rdmav34.so: cannot open shared object file: No such file or directory
libibverbs: Warning: couldn't load driver 'libipathverbs-rdmav34.so': libipathverbs-rdmav34.so: cannot open shared object file: No such file or directory
libibverbs: Warning: couldn't load driver 'libbnxt_re-rdmav34.so': libbnxt_re-rdmav34.so: cannot open shared object file: No such file or directory
libibverbs: Warning: couldn't load driver 'libsiw-rdmav34.so': libsiw-rdmav34.so: cannot open shared object file: No such file or directory
libibverbs: Warning: couldn't load driver 'libhfi1verbs-rdmav34.so': libhfi1verbs-rdmav34.so: cannot open shared object file: No such file or directory
libibverbs: Warning: couldn't load driver 'libocrdma-rdmav34.so': libocrdma-rdmav34.so: cannot open shared object file: No such file or directory
libibverbs: Warning: couldn't load driver 'libirdma-rdmav34.so': libirdma-rdmav34.so: cannot open shared object file: No such file or directory
libibverbs: Warning: couldn't load driver 'libipathverbs-rdmav34.so': libipathverbs-rdmav34.so: cannot open shared object file: No such file or directory
libibverbs: Warning: couldn't load driver 'libbnxt_re-rdmav34.so': libbnxt_re-rdmav34.so: cannot open shared object file: No such file or directory
libibverbs: Warning: couldn't load driver 'libmthca-rdmav34.so': libmthca-rdmav34.so: cannot open shared object file: No such file or directory
libibverbs: Warning: couldn't load driver 'liberdma-rdmav34.so': liberdma-rdmav34.so: cannot open shared object file: No such file or directory
libibverbs: Warning: couldn't load driver 'librxe-rdmav34.so': librxe-rdmav34.so: cannot open shared object file: No such file or directory
libibverbs: Warning: couldn't load driver 'libocrdma-rdmav34.so': libocrdma-rdmav34.so: cannot open shared object file: No such file or directory
libibverbs: Warning: couldn't load driver 'libvmw_pvrdma-rdmav34.so': libvmw_pvrdma-rdmav34.so: cannot open shared object file: No such file or directory
libibverbs: Warning: couldn't load driver 'libmana-rdmav34.so': libmana-rdmav34.so: cannot open shared object file: No such file or directory
libibverbs: Warning: couldn't load driver 'libipathverbs-rdmav34.so': libipathverbs-rdmav34.so: cannot open shared object file: No such file or directory
libibverbs: Warning: couldn't load driver 'libbnxt_re-rdmav34.so': libbnxt_re-rdmav34.so: cannot open shared object file: No such file or directory
libibverbs: Warning: couldn't load driver 'libmthca-rdmav34.so': libmthca-rdmav34.so: cannot open shared object file: No such file or directory
libibverbs: Warning: couldn't load driver 'liberdma-rdmav34.so': liberdma-rdmav34.so: cannot open shared object file: No such file or directory
libibverbs: Warning: couldn't load driver 'libcxgb4-rdmav34.so': libcxgb4-rdmav34.so: cannot open shared object file: No such file or directory
libibverbs: Warning: couldn't load driver 'libirdma-rdmav34.so': libirdma-rdmav34.so: cannot open shared object file: No such file or directory
libibverbs: Warning: couldn't load driver 'libmthca-rdmav34.so': libmthca-rdmav34.so: cannot open shared object file: No such file or directory
libibverbs: Warning: couldn't load driver 'librxe-rdmav34.so': librxe-rdmav34.so: cannot open shared object file: No such file or directory
libibverbs: Warning: couldn't load driver 'libocrdma-rdmav34.so': libocrdma-rdmav34.so: cannot open shared object file: No such file or directory
libibverbs: Warning: couldn't load driver 'libvmw_pvrdma-rdmav34.so': libvmw_pvrdma-rdmav34.so: cannot open shared object file: No such file or directory
libibverbs: Warning: couldn't load driver 'libmana-rdmav34.so': libmana-rdmav34.so: cannot open shared object file: No such file or directory
libibverbs: Warning: couldn't load driver 'libcxgb4-rdmav34.so': libcxgb4-rdmav34.so: cannot open shared object file: No such file or directory
libibverbs: Warning: couldn't load driver 'libvmw_pvrdma-rdmav34.so': libvmw_pvrdma-rdmav34.so: cannot open shared object file: No such file or directory
libibverbs: Warning: couldn't load driver 'libmana-rdmav34.so': libmana-rdmav34.so: cannot open shared object file: No such file or directory
libibverbs: Warning: couldn't load driver 'librxe-rdmav34.so': librxe-rdmav34.so: cannot open shared object file: No such file or directory
libibverbs: Warning: couldn't load driver 'libocrdma-rdmav34.so': libocrdma-rdmav34.so: cannot open shared object file: No such file or directory
libibverbs: Warning: couldn't load driver 'liberdma-rdmav34.so': liberdma-rdmav34.so: cannot open shared object file: No such file or directory
libibverbs: Warning: couldn't load driver 'libirdma-rdmav34.so': libirdma-rdmav34.so: cannot open shared object file: No such file or directory
libibverbs: Warning: couldn't load driver 'librxe-rdmav34.so': librxe-rdmav34.so: cannot open shared object file: No such file or directory
libibverbs: Warning: couldn't load driver 'libocrdma-rdmav34.so': libocrdma-rdmav34.so: cannot open shared object file: No such file or directory
libibverbs: Warning: couldn't load driver 'libirdma-rdmav34.so': libirdma-rdmav34.so: cannot open shared object file: No such file or directory
libibverbs: Warning: couldn't load driver 'libcxgb4-rdmav34.so': libcxgb4-rdmav34.so: cannot open shared object file: No such file or directory
libibverbs: Warning: couldn't load driver 'libmthca-rdmav34.so': libmthca-rdmav34.so: cannot open shared object file: No such file or directory
libibverbs: Warning: couldn't load driver 'liberdma-rdmav34.so': liberdma-rdmav34.so: cannot open shared object file: No such file or directory
libibverbs: Warning: couldn't load driver 'libirdma-rdmav34.so': libirdma-rdmav34.so: cannot open shared object file: No such file or directory
libibverbs: Warning: couldn't load driver 'libmthca-rdmav34.so': libmthca-rdmav34.so: cannot open shared object file: No such file or directory
libibverbs: Warning: couldn't load driver 'libmthca-rdmav34.so': libmthca-rdmav34.so: cannot open shared object file: No such file or directory
libibverbs: Warning: couldn't load driver 'liberdma-rdmav34.so': liberdma-rdmav34.so: cannot open shared object file: No such file or directory
libibverbs: Warning: couldn't load driver 'libqedr-rdmav34.so': libqedr-rdmav34.so: cannot open shared object file: No such file or directory
libibverbs: Warning: couldn't load driver 'libcxgb4-rdmav34.so': libcxgb4-rdmav34.so: cannot open shared object file: No such file or directory
libibverbs: Warning: couldn't load driver 'liberdma-rdmav34.so': liberdma-rdmav34.so: cannot open shared object file: No such file or directory
libibverbs: Warning: couldn't load driver 'libqedr-rdmav34.so': libqedr-rdmav34.so: cannot open shared object file: No such file or directory
libibverbs: Warning: couldn't load driver 'libmlx4-rdmav34.so': libmlx4-rdmav34.so: cannot open shared object file: No such file or directory
libibverbs: Warning: couldn't load driver 'libcxgb4-rdmav34.so': libcxgb4-rdmav34.so: cannot open shared object file: No such file or directory
libibverbs: Warning: couldn't load driver 'libmlx4-rdmav34.so': libmlx4-rdmav34.so: cannot open shared object file: No such file or directory
libibverbs: Warning: couldn't load driver 'libcxgb4-rdmav34.so': libcxgb4-rdmav34.so: cannot open shared object file: No such file or directory
libibverbs: Warning: couldn't load driver 'libqedr-rdmav34.so': libqedr-rdmav34.so: cannot open shared object file: No such file or directory
libibverbs: Warning: couldn't load driver 'libmlx4-rdmav34.so': libmlx4-rdmav34.so: cannot open shared object file: No such file or directory
libibverbs: Warning: couldn't load driver 'libqedr-rdmav34.so': libqedr-rdmav34.so: cannot open shared object file: No such file or directory
libibverbs: Warning: couldn't load driver 'libqedr-rdmav34.so': libqedr-rdmav34.so: cannot open shared object file: No such file or directory
libibverbs: Warning: couldn't load driver 'libmlx4-rdmav34.so': libmlx4-rdmav34.so: cannot open shared object file: No such file or directory
libibverbs: Warning: couldn't load driver 'libqedr-rdmav34.so': libqedr-rdmav34.so: cannot open shared object file: No such file or directory
libibverbs: Warning: couldn't load driver 'libmlx4-rdmav34.so': libmlx4-rdmav34.so: cannot open shared object file: No such file or directory
libibverbs: Warning: couldn't load driver 'libmlx4-rdmav34.so': libmlx4-rdmav34.so: cannot open shared object file: No such file or directory
libibverbs: Warning: couldn't load driver 'libefa-rdmav34.so': libefa-rdmav34.so: cannot open shared object file: No such file or directory
libibverbs: Warning: couldn't load driver 'libhns-rdmav34.so': libhns-rdmav34.so: cannot open shared object file: No such file or directory
libibverbs: Warning: couldn't load driver 'libsiw-rdmav34.so': libsiw-rdmav34.so: cannot open shared object file: No such file or directory
libibverbs: Warning: couldn't load driver 'libhfi1verbs-rdmav34.so': libhfi1verbs-rdmav34.so: cannot open shared object file: No such file or directory
libibverbs: Warning: couldn't load driver 'libipathverbs-rdmav34.so': libipathverbs-rdmav34.so: cannot open shared object file: No such file or directory
libibverbs: Warning: couldn't load driver 'libbnxt_re-rdmav34.so': libbnxt_re-rdmav34.so: cannot open shared object file: No such file or directory
libibverbs: Warning: couldn't load driver 'libvmw_pvrdma-rdmav34.so': libvmw_pvrdma-rdmav34.so: cannot open shared object file: No such file or directory
libibverbs: Warning: couldn't load driver 'libmana-rdmav34.so': libmana-rdmav34.so: cannot open shared object file: No such file or directory
libibverbs: Warning: couldn't load driver 'librxe-rdmav34.so': librxe-rdmav34.so: cannot open shared object file: No such file or directory
libibverbs: Warning: couldn't load driver 'libocrdma-rdmav34.so': libocrdma-rdmav34.so: cannot open shared object file: No such file or directory
libibverbs: Warning: couldn't load driver 'libirdma-rdmav34.so': libirdma-rdmav34.so: cannot open shared object file: No such file or directory
libibverbs: Warning: couldn't load driver 'libmthca-rdmav34.so': libmthca-rdmav34.so: cannot open shared object file: No such file or directory
libibverbs: Warning: couldn't load driver 'liberdma-rdmav34.so': liberdma-rdmav34.so: cannot open shared object file: No such file or directory
libibverbs: Warning: couldn't load driver 'libcxgb4-rdmav34.so': libcxgb4-rdmav34.so: cannot open shared object file: No such file or directory
libibverbs: Warning: couldn't load driver 'libqedr-rdmav34.so': libqedr-rdmav34.so: cannot open shared object file: No such file or directory
libibverbs: Warning: couldn't load driver 'libmlx4-rdmav34.so': libmlx4-rdmav34.so: cannot open shared object file: No such file or directory
LAMMPS (29 Aug 2024 - Update 3)
  using 1 OpenMP thread(s) per MPI task
Reading data file ...
  orthogonal box = (0 0 0) to (44.3022 44.3022 44.3022)
  3 by 4 by 4 MPI processor grid
  reading atoms ...
  3700 atoms
  scanning bonds ...
  3 = max bonds/atom
  scanning angles ...
  6 = max angles/atom
  scanning dihedrals ...
  12 = max dihedrals/atom
  orthogonal box = (0 0 0) to (44.3022 44.3022 44.3022)
  3 by 4 by 4 MPI processor grid
  reading bonds ...
  4892 bonds
  reading angles ...
  8968 angles
  reading dihedrals ...
  15912 dihedrals
Finding 1-2 1-3 1-4 neighbors ...
  special bond factors lj:    0        0        0       
  special bond factors coul:  0        0        0       
     4 = max # of 1-2 neighbors
     6 = max # of 1-3 neighbors
    17 = max # of 1-4 neighbors
    14 = max # of special neighbors
  special bonds CPU = 0.007 seconds
  read_data CPU = 0.310 seconds
Finding 1-2 1-3 1-4 neighbors ...
  special bond factors lj:    0        0        1       
  special bond factors coul:  0        0        0       
     4 = max # of 1-2 neighbors
     6 = max # of 1-3 neighbors
    17 = max # of 1-4 neighbors
    14 = max # of special neighbors
  special bonds CPU = 0.003 seconds
Generated 0 of 1 mixed pair_coeff terms from geometric mixing rule
Neighbor list info ...
  update: every = 1 steps, delay = 0 steps, check = yes
  max neighbors/atom: 2000, page size: 100000
  master list distance cutoff = 14
  ghost atom cutoff = 14
  binsize = 7, bins = 7 7 7
  1 neighbor lists, perpetual/occasional/extra = 1 0 0
  (1) pair table, perpetual
      attributes: half, newton on
      pair build: half/bin/newton
      stencil: half/bin/3d
      bin: standard
Setting up cg style minimization ...
  Unit style    : real
  Current step  : 0
WARNING: Inconsistent image flags (src/domain.cpp:1051)
Per MPI rank memory allocation (min/avg/max) = 13.78 | 13.78 | 13.79 Mbytes
   Step         Volume          Temp          Press          PotEng         KinEng         TotEng         E_vdwl         E_coul         E_bond        E_angle        E_dihed        E_impro        Density    
         0   86951.26       0              33282.112      24789.942      0              24789.942      10887.205      0              1448.2876      3656.4676      8797.9811      0              0.95835483   
        55   86951.26       0              10888.258      16841.35       0              16841.35       7476.3385      0              482.30657      2321.7576      6560.9468      0              0.95835483   
Loop time of 0.0952214 on 48 procs for 55 steps with 3700 atoms

98.0% CPU use with 48 MPI tasks x 1 OpenMP threads

Minimization stats:
  Stopping criterion = energy tolerance
  Energy initial, next-to-last, final = 
      24789.9416354615   16841.4724759697   16841.3495059124
  Force two-norm initial, final = 4436.9371 373.91691
  Force max component initial, final = 761.55277 69.082773
  Final line search alpha, max atom move = 6.0274906e-05 0.0041639577
  Iterations, force evaluations = 55 121

MPI task timing breakdown:
Section |  min time  |  avg time  |  max time  |%varavg| %total
---------------------------------------------------------------
Pair    | 0.017539   | 0.047176   | 0.067221   |   4.8 | 49.54
Bond    | 0.0032279  | 0.0071844  | 0.010052   |   1.5 |  7.54
Neigh   | 0          | 0          | 0          |   0.0 |  0.00
Comm    | 0.013561   | 0.036481   | 0.069896   |   6.0 | 38.31
Output  | 0          | 0          | 0          |   0.0 |  0.00
Modify  | 0          | 0          | 0          |   0.0 |  0.00
Other   |            | 0.00438    |            |       |  4.60

Nlocal:        77.0833 ave          97 max          39 min
Histogram: 1 0 2 2 5 5 13 11 3 6
Nghost:        2682.33 ave        2760 max        2613 min
Histogram: 5 4 5 6 5 7 4 6 4 2
Neighs:        18653.6 ave       26336 max        6841 min
Histogram: 1 0 2 3 8 11 8 8 3 4

Total # of neighbors = 895372
Ave neighs/atom = 241.99243
Ave special neighs/atom = 11.898378
Neighbor list builds = 0
Dangerous builds = 0
Generated 0 of 1 mixed pair_coeff terms from geometric mixing rule
Setting up fire style minimization ...
  Unit style    : real
  Current step  : 55
  Parameters for fire:
    dmax  delaystep dtgrow dtshrink alpha0 alphashrink tmax tmin   integrator   halfstepback   abcfire  
     0.1     20      1.1     0.5     0.25     0.99      10  0.02 eulerimplicit      yes          no     
WARNING: Inconsistent image flags (src/domain.cpp:1051)
Per MPI rank memory allocation (min/avg/max) = 13.92 | 13.92 | 13.93 Mbytes
   Step         Volume          Temp          Press          PotEng         KinEng         TotEng         E_vdwl         E_coul         E_bond        E_angle        E_dihed        E_impro        Density    
        55   86951.26       0              10888.258      16841.35       0              16841.35       7476.3385      0              482.30657      2321.7576      6560.9468      0              0.95835483   
        77   86951.26       1.1277704      10879.473      16788.782      12.434815      16801.216      7458.1199      0              480.13497      2320.9632      6529.5636      0              0.95835483   
Loop time of 0.0175249 on 48 procs for 22 steps with 3700 atoms

62.4% CPU use with 48 MPI tasks x 1 OpenMP threads

Minimization stats:
  Stopping criterion = energy tolerance
  Energy initial, next-to-last, final = 
      16841.3495059124   16790.3090458364   16788.7816172487
  Force two-norm initial, final = 373.91691 57.727295
  Force max component initial, final = 69.082773 6.2907856
  Final line search alpha, max atom move = 0 0
  Iterations, force evaluations = 22 23

MPI task timing breakdown:
Section |  min time  |  avg time  |  max time  |%varavg| %total
---------------------------------------------------------------
Pair    | 0.0032254  | 0.0086409  | 0.01215    |   1.9 | 49.31
Bond    | 0.00062423 | 0.0013132  | 0.0016749  |   0.6 |  7.49
Neigh   | 0          | 0          | 0          |   0.0 |  0.00
Comm    | 0.0013508  | 0.0051391  | 0.011204   |   2.8 | 29.32
Output  | 0          | 0          | 0          |   0.0 |  0.00
Modify  | 0          | 0          | 0          |   0.0 |  0.00
Other   |            | 0.002432   |            |       | 13.88

Nlocal:        77.0833 ave          95 max          40 min
Histogram: 1 0 2 0 6 5 11 9 7 7
Nghost:         2686.1 ave        2770 max        2618 min
Histogram: 5 6 4 6 7 7 6 3 2 2
Neighs:        18648.4 ave       25604 max        6983 min
Histogram: 1 0 1 3 6 12 8 10 2 5

Total # of neighbors = 895125
Ave neighs/atom = 241.92568
Ave special neighs/atom = 11.898378
Neighbor list builds = 0
Dangerous builds = 0
System init for write_data ...
Generated 0 of 1 mixed pair_coeff terms from geometric mixing rule
Generated 0 of 1 mixed pair_coeff terms from geometric mixing rule
Setting up Verlet run ...
  Unit style    : real
  Current step  : 77
  Time step     : 0.05
WARNING: Inconsistent image flags (src/domain.cpp:1051)
Per MPI rank memory allocation (min/avg/max) = 13.92 | 13.92 | 13.93 Mbytes
   Step         Volume          Temp          Press          PotEng         KinEng         TotEng         E_vdwl         E_coul         E_bond        E_angle        E_dihed        E_impro        Density    
        77   86951.26       1.1277704      10879.473      16788.782      12.434815      16801.216      7458.1199      0              480.13497      2320.9632      6529.5636      0              0.95835483   
      1077   86951.26       10.730424      10189.67       16682.338      118.31383      16800.651      7330.0446      0              490.2113       2336.3757      6525.706       0              0.95835483   
Loop time of 0.46073 on 48 procs for 1000 steps with 3700 atoms

Performance: 9.376 ns/day, 2.560 hours/ns, 2170.470 timesteps/s, 8.031 Matom-step/s
99.8% CPU use with 48 MPI tasks x 1 OpenMP threads

MPI task timing breakdown:
Section |  min time  |  avg time  |  max time  |%varavg| %total
---------------------------------------------------------------
Pair    | 0.086584   | 0.24683    | 0.34236    |  10.2 | 53.57
Bond    | 0.021422   | 0.04766    | 0.061095   |   3.6 | 10.34
Neigh   | 0          | 0          | 0          |   0.0 |  0.00
Comm    | 0.054249   | 0.15975    | 0.34486    |  14.4 | 34.67
Output  | 3.9779e-05 | 4.1783e-05 | 4.5954e-05 |   0.0 |  0.01
Modify  | 0.00056441 | 0.00092795 | 0.0011359  |   0.0 |  0.20
Other   |            | 0.005524   |            |       |  1.20

Nlocal:        77.0833 ave          96 max          39 min
Histogram: 1 0 2 0 6 6 10 11 5 7
Nghost:        2686.62 ave        2770 max        2619 min
Histogram: 5 5 5 6 8 6 5 4 2 2
Neighs:        18648.1 ave       25591 max        6858 min
Histogram: 1 0 1 3 6 11 8 11 2 5

Total # of neighbors = 895111
Ave neighs/atom = 241.92189
Ave special neighs/atom = 11.898378
Neighbor list builds = 0
Dangerous builds = 0
System init for write_data ...
Generated 0 of 1 mixed pair_coeff terms from geometric mixing rule
Generated 0 of 1 mixed pair_coeff terms from geometric mixing rule
Setting up Verlet run ...
  Unit style    : real
  Current step  : 1077
  Time step     : 0.1
WARNING: Inconsistent image flags (src/domain.cpp:1051)
Per MPI rank memory allocation (min/avg/max) = 13.92 | 13.92 | 13.93 Mbytes
   Step         Volume          Temp          Press          PotEng         KinEng         TotEng         E_vdwl         E_coul         E_bond        E_angle        E_dihed        E_impro        Density    
      1077   86951.26       600            13605.448      16682.338      6615.6098      23297.947      7330.0446      0              490.2113       2336.3757      6525.706       0              0.95835483   
     10000   86951.26       607.44415      7066.9367      22975.366      6697.6892      29673.055      7273.7354      0              2708.9349      4435.9996      8556.6963      0              0.95835483   
     20000   86951.26       586.9013       7262.117       22816.542      6471.1834      29287.725      7095.4851      0              2713.5208      4507.5695      8499.9664      0              0.95835483   
     30000   86951.26       609.4782       7820.1732      22828.585      6720.1166      29548.702      7083.7148      0              2800.2274      4426.0799      8518.563       0              0.95835483   
     40000   86951.26       603.60031      7533.1374      22896.934      6655.3069      29552.24       6997.3254      0              2812.4977      4495.5608      8591.5496      0              0.95835483   
     50000   86951.26       601.51105      6386.1088      22691.182      6632.2707      29323.452      6938.0103      0              2813.8777      4417.335       8521.9587      0              0.95835483   
     60000   86951.26       616.12883      6836.3093      22754.854      6793.4466      29548.301      6905.382       0              2798.1655      4435.7522      8615.5546      0              0.95835483   
     70000   86951.26       605.8694       6712.0649      22689.865      6680.3259      29370.191      6855.4042      0              2808.8162      4496.6176      8529.0267      0              0.95835483   
     80000   86951.26       605.64682      7374.4631      22647.67       6677.8717      29325.541      7029.3531      0              2756.1336      4377.4309      8484.7519      0              0.95835483   
     90000   86951.26       602.67701      7296.6849      22785.678      6645.1265      29430.805      6897.8138      0              2705.8303      4512.1484      8669.8858      0              0.95835483   
    100000   86951.26       609.59648      7742.8134      22723.746      6721.4208      29445.167      6968.3528      0              2763.574       4482.5493      8509.2702      0              0.95835483   
    110000   86951.26       598.17148      7872.9213      22774.964      6595.4485      29370.412      6934.7913      0              2733.5446      4522.9786      8583.6491      0              0.95835483   
    120000   86951.26       587.50449      6544.1196      22694.011      6477.8342      29171.845      6892.95        0              2827.7767      4400.7679      8572.516       0              0.95835483   
    130000   86951.26       610.77035      6038.6394      22589.828      6734.3639      29324.191      6833.0215      0              2772.8133      4493.5087      8490.484       0              0.95835483   
    140000   86951.26       607.43713      6898.0805      22846.986      6697.6118      29544.598      6993.0202      0              2825.2533      4546.5326      8482.1801      0              0.95835483   
    150000   86951.26       600.92397      7323.9627      22628.871      6625.7976      29254.668      6915.2328      0              2730.9638      4417.517       8565.157       0              0.95835483   
    160000   86951.26       598.68952      7549.8848      22659.53       6601.1605      29260.69       6940.3039      0              2711.0741      4505.9687      8502.1831      0              0.95835483   
    170000   86951.26       598.80669      5796.3466      22681.932      6602.4523      29284.385      6894.7512      0              2817.0574      4446.9315      8523.1924      0              0.95835483   
    180000   86951.26       604.85704      7047.8725      22867.469      6669.1636      29536.633      6946.1954      0              2820.2221      4512.0005      8589.0511      0              0.95835483   
    190000   86951.26       606.09658      6003.4656      22734.657      6682.8308      29417.488      6847.0431      0              2870.0935      4488.5393      8528.9813      0              0.95835483   
    200000   86951.26       615.59196      6983.5297      22453.049      6787.527       29240.576      6842.1596      0              2761.8496      4388.2698      8460.7703      0              0.95835483   
    210000   86951.26       598.50057      7085.5951      22602.911      6599.0771      29201.988      6907.246       0              2796.2136      4368.9173      8530.5344      0              0.95835483   
    220000   86951.26       609.04387      7410.516       22586.688      6715.3277      29302.015      6918.2708      0              2702.1538      4447.3525      8518.9106      0              0.95835483   
    230000   86951.26       614.2224       7423.3555      22561.805      6772.4263      29334.231      6885.8833      0              2700.2683      4488.1936      8487.46        0              0.95835483   
    240000   86951.26       595.74321      7879.5836      22724.737      6568.6744      29293.412      6936.5958      0              2826.2248      4514.2365      8447.6803      0              0.95835483   
    250000   86951.26       592.72006      5910.2432      22817.711      6535.341       29353.052      6874.3393      0              2894.9394      4521.8557      8526.5762      0              0.95835483   
    260000   86951.26       585.53108      6657.0799      22537.023      6456.0753      28993.098      6886.8422      0              2689.7465      4460.9571      8499.4769      0              0.95835483   
    270000   86951.26       603.43732      6967.4079      22824.396      6653.5097      29477.906      6956.0196      0              2813.7811      4498.1243      8556.4708      0              0.95835483   
    280000   86951.26       590.57526      7012.7322      22697.214      6511.6925      29208.907      6945.9585      0              2822.0742      4437.4809      8491.7005      0              0.95835483   
    290000   86951.26       598.82413      6737.5108      22662.361      6602.6446      29265.006      6878.3922      0              2736.4371      4425.1531      8622.3789      0              0.95835483   
    300000   86951.26       610.87698      7663.4737      22743.349      6735.5396      29478.889      6776.1983      0              2786.1085      4546.436       8634.6065      0              0.95835483   
    310000   86951.26       587.66818      5826.3694      22776.427      6479.639       29256.066      6802.8171      0              2897.2629      4451.6108      8624.7366      0              0.95835483   
    320000   86951.26       605.20026      6117.9845      22703.795      6672.948       29376.743      6824.2046      0              2806.77        4488.3817      8584.439       0              0.95835483   
    330000   86951.26       596.15899      7158.462       22533.434      6573.2588      29106.693      6793.0189      0              2753.9685      4422.09        8564.3564      0              0.95835483   
    340000   86951.26       586.76007      5935.1643      22657.956      6469.6261      29127.582      6828.6984      0              2862.1257      4435.2218      8531.9098      0              0.95835483   
    350000   86951.26       602.08446      6436.4285      22649.109      6638.5931      29287.702      6741.7047      0              2837.2714      4499.9134      8570.2196      0              0.95835483   
    360000   86951.26       587.81717      6848.1537      22705.258      6481.2818      29186.539      6887.1099      0              2783.5651      4478.8287      8555.7539      0              0.95835483   
    370000   86951.26       599.45259      6094.1994      22676.829      6609.5741      29286.403      6824.5633      0              2786.5158      4463.6764      8602.0738      0              0.95835483   
    380000   86951.26       598.53899      6935.2708      22652.668      6599.5007      29252.168      6808.7117      0              2775.6008      4497.6578      8570.6972      0              0.95835483   
    390000   86951.26       603.42846      6942.8033      22764.303      6653.4121      29417.715      6861.2517      0              2847.9654      4548.3569      8506.7288      0              0.95835483   
    400000   86951.26       602.90462      6454.1592      22683.245      6647.6362      29330.881      6768.0863      0              2879.4429      4498.2923      8537.4231      0              0.95835483   
    410000   86951.26       613.07596      6304.5072      22646.252      6759.7856      29406.038      6806.0402      0              2759.7231      4516.3498      8564.1388      0              0.95835483   
    420000   86951.26       599.9872       6334.792       22662.802      6615.4687      29278.271      6888.9205      0              2768.3581      4430.196       8575.3273      0              0.95835483   
    430000   86951.26       606.25836      6947.3887      22674.979      6684.6146      29359.593      6846.5154      0              2796.8459      4560.4002      8471.2174      0              0.95835483   
    440000   86951.26       597.06007      6566.8901      22609.212      6583.1941      29192.406      6823.9523      0              2786.783       4539.8112      8458.6659      0              0.95835483   
    450000   86951.26       598.87122      6510.7302      22663.183      6603.1639      29266.347      6862.9618      0              2811.5372      4464.6599      8524.0242      0              0.95835483   
    460000   86951.26       606.69461      6986.9568      22586.205      6689.4247      29275.629      6861.3941      0              2777.5813      4431.5113      8515.7179      0              0.95835483   
    470000   86951.26       607.83139      6152.2776      22701.762      6701.9589      29403.721      6786.6207      0              2872.1537      4512.1078      8530.8799      0              0.95835483   
    480000   86951.26       593.39524      6811.5232      22472.982      6542.7856      29015.768      6804.823       0              2652.1389      4503.1157      8512.9047      0              0.95835483   
    490000   86951.26       590.968        8049.6894      22780.164      6516.0228      29296.187      6858.3633      0              2758.3861      4533.2182      8630.1964      0              0.95835483   
    500000   86951.26       609.9921       5479.7982      22671.94       6725.7828      29397.723      6793.4457      0              2831.4776      4479.3735      8567.6431      0              0.95835483   
    501077   86951.26       591.99085      5601.4237      22594.445      6527.3008      29121.746      6749.7722      0              2768.5478      4522.4916      8553.6337      0              0.95835483   
Loop time of 249.6 on 48 procs for 500000 steps with 3700 atoms

Performance: 17.308 ns/day, 1.387 hours/ns, 2003.207 timesteps/s, 7.412 Matom-step/s
99.9% CPU use with 48 MPI tasks x 1 OpenMP threads

MPI task timing breakdown:
Section |  min time  |  avg time  |  max time  |%varavg| %total
---------------------------------------------------------------
Pair    | 107.45     | 140.93     | 182.5      | 132.7 | 56.46
Bond    | 20.543     | 25.805     | 30.564     |  49.1 | 10.34
Neigh   | 0.81162    | 0.8157     | 0.81808    |   0.2 |  0.33
Comm    | 30.82      | 77.051     | 115.2      | 201.8 | 30.87
Output  | 0.022791   | 0.043431   | 0.062232   |   5.2 |  0.02
Modify  | 2.1802     | 2.7831     | 3.2882     |  17.9 |  1.12
Other   |            | 2.169      |            |       |  0.87

Nlocal:        77.0833 ave          92 max          61 min
Histogram: 1 6 4 3 9 6 4 10 3 2
Nghost:        2702.56 ave        2758 max        2668 min
Histogram: 5 5 9 7 7 9 3 1 0 2
Neighs:        18546.8 ave       23167 max       13511 min
Histogram: 2 2 3 5 12 8 4 3 6 3

Total # of neighbors = 890245
Ave neighs/atom = 240.60676
Ave special neighs/atom = 11.898378
Neighbor list builds = 911
Dangerous builds = 0
Generated 0 of 1 mixed pair_coeff terms from geometric mixing rule
Setting up Verlet run ...
  Unit style    : real
  Current step  : 501077
  Time step     : 0.1
WARNING: Inconsistent image flags (src/domain.cpp:1051)
Per MPI rank memory allocation (min/avg/max) = 13.92 | 13.93 | 13.93 Mbytes
   Step         Volume          Temp          Press          PotEng         KinEng         TotEng         E_vdwl         E_coul         E_bond        E_angle        E_dihed        E_impro        Density    
    501077   86951.26       308            3955.2338      22594.445      3396.013       25990.458      6749.7722      0              2768.5478      4522.4916      8553.6337      0              0.95835483   
    510000   86951.26       307.91666      5788.3719      19127.835      3395.0942      22522.929      6366.4383      0              1730.8512      3462.3992      7568.146       0              0.95835483   
    520000   86951.26       303.39071      6833.9529      19071.724      3345.191       22416.915      6387.2298      0              1659.3078      3467.0254      7558.1607      0              0.95835483   
    530000   86951.26       310.0657       7121.3525      19003.075      3418.7895      22421.864      6430.7345      0              1649.6998      3405.7469      7516.8935      0              0.95835483   
    540000   86951.26       301.38211      6559.8185      19072.078      3323.0441      22395.122      6373.2988      0              1744.8822      3409.0768      7544.8199      0              0.95835483   
    550000   86951.26       314.15726      6439.3794      19110.975      3463.9031      22574.878      6364.1921      0              1707.119       3491.6824      7547.9817      0              0.95835483   
    560000   86951.26       301.12313      5865.1684      19021.418      3320.1885      22341.606      6373.5008      0              1696.3623      3422.4971      7529.0576      0              0.95835483   
    570000   86951.26       307.36214      6460.3645      19096.453      3388.98        22485.433      6359.829       0              1713.2694      3505.2371      7518.1174      0              0.95835483   
    580000   86951.26       313.55144      5927.6419      19107.594      3457.2233      22564.817      6419.4986      0              1728.8402      3435.4572      7523.7979      0              0.95835483   
    590000   86951.26       307.54525      6482.2016      19086.313      3390.9989      22477.312      6443.16        0              1697.9641      3394.9795      7550.2098      0              0.95835483   
    600000   86951.26       303.15661      6495.9868      19005.567      3342.6098      22348.176      6407.7237      0              1649.9834      3468.6669      7479.1927      0              0.95835483   
    610000   86951.26       303.73528      6418.5073      19109.832      3348.9902      22458.822      6469.0219      0              1695.8736      3428.9947      7515.9414      0              0.95835483   
    620000   86951.26       304.61024      6069.4733      19126.123      3358.6375      22484.76       6397.8597      0              1705.7848      3467.9221      7554.5563      0              0.95835483   
    630000   86951.26       311.92814      6746.7309      19042.403      3439.3248      22481.727      6339.9856      0              1687.2926      3471.7382      7543.3861      0              0.95835483   
    640000   86951.26       312.05682      5642.0945      19043.057      3440.7436      22483.801      6397.6351      0              1710.1498      3424.2373      7511.0352      0              0.95835483   
    650000   86951.26       302.66217      6017.036       19021.621      3337.1581      22358.779      6409.7879      0              1700.9148      3415.3528      7495.5657      0              0.95835483   
    660000   86951.26       303.23848      5721.1807      19042.574      3343.5125      22386.086      6340.3876      0              1748.0583      3405.8794      7548.2487      0              0.95835483   
    670000   86951.26       311.03216      6322.6418      19051.847      3429.4457      22481.292      6394.1271      0              1686.0645      3452.5692      7519.0857      0              0.95835483   
    680000   86951.26       308.94148      6676.0114      19097.955      3406.3938      22504.349      6344.6254      0              1707.1758      3469.4371      7576.7171      0              0.95835483   
    690000   86951.26       306.44486      5212.0084      19041.483      3378.866       22420.349      6327.7456      0              1757.0584      3455.9576      7500.7217      0              0.95835483   
    700000   86951.26       313.5178       5977.6104      18992.527      3456.8524      22449.379      6391.8353      0              1661.2945      3449.2304      7490.1667      0              0.95835483   
    710000   86951.26       310.92862      5602.5714      18924.006      3428.3041      22352.31       6354.7877      0              1725.587       3356.0207      7487.6105      0              0.95835483   
    720000   86951.26       309.12752      5577.9362      18957.534      3408.4451      22365.979      6330.5338      0              1709.4042      3414.8698      7502.7257      0              0.95835483   
    730000   86951.26       309.79164      6053.1982      19076.15       3415.7677      22491.918      6365.3962      0              1692.6868      3513.7547      7504.3127      0              0.95835483   
    740000   86951.26       306.431        6602.6617      19057.925      3378.7132      22436.638      6390.7713      0              1672.966       3426.9161      7567.2716      0              0.95835483   
    750000   86951.26       310.52769      5928.9433      19092.301      3423.8834      22516.184      6371.2015      0              1724.43        3445.7699      7550.8991      0              0.95835483   
    760000   86951.26       302.15697      5875.6409      19065.039      3331.5877      22396.626      6428.5878      0              1650.1486      3464.7046      7521.5976      0              0.95835483   
    770000   86951.26       305.54731      6337.5737      19047.826      3368.9697      22416.796      6333.2779      0              1673.2544      3472.2579      7569.036       0              0.95835483   
    780000   86951.26       309.65975      6104.4319      18986.498      3414.3134      22400.811      6374.9391      0              1648.5328      3452.8188      7510.207       0              0.95835483   
    790000   86951.26       307.84891      5863.0281      19022.223      3394.3471      22416.57       6339.7207      0              1729.224       3443.2893      7509.989       0              0.95835483   
    800000   86951.26       310.21915      6407.6704      19019.463      3420.4814      22439.944      6354.1811      0              1688.5606      3450.4381      7526.2828      0              0.95835483   
    810000   86951.26       313.45262      7783.1294      19049.84       3456.1337      22505.973      6407.1492      0              1640.5441      3475.4748      7526.6715      0              0.95835483   
    820000   86951.26       308.84112      6955.1234      19073.59       3405.2872      22478.877      6371.1393      0              1674.7718      3484.8386      7542.8404      0              0.95835483   
    830000   86951.26       310.69065      5416.458       19047.898      3425.6801      22473.578      6381.2209      0              1745.7145      3375.3932      7545.5691      0              0.95835483   
    840000   86951.26       307.44146      5862.076       19049.414      3389.8546      22439.269      6356.8036      0              1655.0483      3463.4881      7574.0743      0              0.95835483   
    850000   86951.26       304.65157      6152.6316      19039.591      3359.0932      22398.685      6356.1901      0              1721.0288      3456.794       7505.5784      0              0.95835483   
    860000   86951.26       304.9894       6321.5093      19018.105      3362.8181      22380.923      6301.0332      0              1678.3492      3463.715       7575.0076      0              0.95835483   
    870000   86951.26       302.27494      6036.4289      19076.957      3332.8884      22409.845      6413.2861      0              1721.9151      3430.7261      7511.0295      0              0.95835483   
    880000   86951.26       304.14604      4773.1045      19049.647      3353.5192      22403.166      6356.644       0              1781.2855      3414.5978      7497.1196      0              0.95835483   
    890000   86951.26       310.07598      5908.651       19090.455      3418.9028      22509.358      6348.3436      0              1712.868       3487.8185      7541.4252      0              0.95835483   
    900000   86951.26       307.26133      5405.6972      19005.913      3387.8685      22393.782      6357.7042      0              1675.7365      3383.7693      7588.7034      0              0.95835483   
    910000   86951.26       309.4865       5809.0228      18951.149      3412.4032      22363.553      6347.3719      0              1688.2241      3431.9498      7483.6037      0              0.95835483   
    920000   86951.26       309.27715      6818.463       19031.848      3410.095       22441.943      6372.3347      0              1648.6124      3462.2384      7548.6624      0              0.95835483   
    930000   86951.26       311.96312      6203.6051      18987.447      3439.7104      22427.157      6318.4063      0              1709.9086      3412.956       7546.176       0              0.95835483   
    940000   86951.26       307.51719      6323.739       19003.008      3390.6896      22393.698      6359.5726      0              1676.0339      3480.4969      7486.9047      0              0.95835483   
    950000   86951.26       306.087        4920.356       18964.706      3374.9203      22339.627      6308.3722      0              1703.6876      3488.5278      7464.1188      0              0.95835483   
    960000   86951.26       309.06101      6060.9371      19052.449      3407.7117      22460.161      6361.7188      0              1739.0913      3465.3792      7486.2598      0              0.95835483   
    970000   86951.26       308.23227      6279.7689      19092.725      3398.574       22491.299      6382.3137      0              1703.2162      3434.8901      7572.3054      0              0.95835483   
    980000   86951.26       306.2965       5775.9329      19042.571      3377.2303      22419.801      6369.0498      0              1722.2066      3442.189       7509.1256      0              0.95835483   
    990000   86951.26       310.29376      6391.0599      19047.738      3421.3041      22469.042      6403.9233      0              1713.2265      3456.886       7473.7025      0              0.95835483   
   1000000   86951.26       304.09073      6373.8853      18985.356      3352.9094      22338.265      6343.4298      0              1712.0408      3449.1797      7480.7054      0              0.95835483   
   1001077   86951.26       313.52897      5954.3034      19015.753      3456.9755      22472.728      6365.9198      0              1713.3476      3445.6844      7490.8009      0              0.95835483   
Loop time of 249.527 on 48 procs for 500000 steps with 3700 atoms

Performance: 17.313 ns/day, 1.386 hours/ns, 2003.792 timesteps/s, 7.414 Matom-step/s
99.9% CPU use with 48 MPI tasks x 1 OpenMP threads

MPI task timing breakdown:
Section |  min time  |  avg time  |  max time  |%varavg| %total
---------------------------------------------------------------
Pair    | 98.993     | 142.41     | 185.29     | 147.2 | 57.07
Bond    | 19.202     | 25.895     | 30.459     |  54.1 | 10.38
Neigh   | 0.46854    | 0.47122    | 0.47269    |   0.2 |  0.19
Comm    | 28.394     | 75.741     | 125.27     | 228.0 | 30.35
Output  | 0.021159   | 0.098433   | 0.11665    |   4.7 |  0.04
Modify  | 2.1291     | 2.7445     | 3.2322     |  18.2 |  1.10
Other   |            | 2.169      |            |       |  0.87

Nlocal:        77.0833 ave          96 max          55 min
Histogram: 1 2 2 7 6 9 12 4 4 1
Nghost:         2700.9 ave        2741 max        2671 min
Histogram: 6 7 3 9 6 2 6 3 2 4
Neighs:        18531.5 ave       23328 max       11932 min
Histogram: 1 1 2 8 5 8 8 8 4 3

Total # of neighbors = 889510
Ave neighs/atom = 240.40811
Ave special neighs/atom = 11.898378
Neighbor list builds = 527
Dangerous builds = 0
Generated 0 of 1 mixed pair_coeff terms from geometric mixing rule
Setting up Verlet run ...
  Unit style    : real
  Current step  : 1001077
  Time step     : 0.1
WARNING: Inconsistent image flags (src/domain.cpp:1051)
Per MPI rank memory allocation (min/avg/max) = 13.92 | 13.93 | 13.93 Mbytes
   Step         Volume          Temp          Press          PotEng         KinEng         TotEng         E_vdwl         E_coul         E_bond        E_angle        E_dihed        E_impro        Density    
   1001077   86951.26       308            5922.254       19015.753      3396.013       22411.766      6365.9198      0              1713.3476      3445.6844      7490.8009      0              0.95835483   
   1010000   104089.93      307.02056      1123.0016      18421.107      3385.2137      21806.32       5800.6221      0              1751.0553      3428.6676      7440.7617      0              0.80055931   
   1020000   105680.57      314.21763      1831.9068      18326.868      3464.5688      21791.437      5695.8119      0              1718.7648      3493.4569      7418.8343      0              0.78850976   
   1030000   106636.52      312.14973      1284.3829      18321.264      3441.7681      21763.032      5682.9305      0              1732.2405      3436.0423      7470.0509      0              0.78144113   
   1040000   106857.07      304.62789      1599.9222      18309.228      3358.8322      21668.06       5682.3958      0              1720.7402      3466.8322      7439.2598      0              0.77982827   
   1050000   107126.94      307.78233      1004.611       18351.729      3393.6131      21745.342      5631.2327      0              1754.0263      3545.1217      7421.3487      0              0.7778637    
   1060000   107728.82      313.64889      907.2776       18266.884      3458.2978      21725.182      5611.7509      0              1798.8602      3494.169       7362.1037      0              0.77351783   
   1070000   107425.82      309.09683      1141.0678      18204.958      3408.1067      21613.064      5651.8476      0              1753.3754      3454.3116      7345.4231      0              0.77569952   
   1080000   108240.99      307.51952      369.57446      18375.545      3390.7153      21766.26       5645.5764      0              1835.2862      3481.7669      7412.9152      0              0.76985773   
   1090000   107422.25      309.34031      1599.0566      18293.697      3410.7913      21704.488      5686.7925      0              1751.7783      3462.2178      7392.9081      0              0.77572532   
   1100000   107619.1       306.11125      837.11819      18330.566      3375.1876      21705.754      5649.0951      0              1800.1556      3526.0848      7355.2307      0              0.77430641   
   1110000   108533.58      310.48161      1089.04        18288.189      3423.3753      21711.564      5626.7684      0              1792.4901      3477.565       7391.3652      0              0.7677823    
   1120000   108058.47      310.74435      870.47306      18326.017      3426.2723      21752.29       5669.2737      0              1777.4741      3495.2136      7384.0559      0              0.77115803   
   1130000   108930.41      306.62175      572.44171      18177.257      3380.8164      21558.073      5642.2257      0              1731.4828      3491.1186      7312.4298      0              0.76498531   
   1140000   108068.17      309.44101      1111.7891      18239.74       3411.9016      21651.641      5685.6217      0              1718.004       3500.397       7335.7168      0              0.77108886   
   1150000   107986.42      300.66414      935.74183      18233.924      3315.1277      21549.052      5639.7432      0              1778.0882      3494.7823      7321.3104      0              0.77167257   
   1160000   110055.21      303.25194     -230.64445      18260.734      3343.6608      21604.395      5617.6562      0              1828.7734      3455.7715      7358.5332      0              0.75716687   
   1170000   109436.45      311.42338      1006.2329      18165.122      3433.7593      21598.881      5600.8785      0              1766.8507      3494.199       7303.1937      0              0.76144796   
   1180000   108326.68      302.54047      1607.0386      18207.132      3335.8161      21542.948      5705.9089      0              1689.1929      3493.0058      7319.0245      0              0.76924874   
   1190000   109063.37      307.20366      325.74034      18172.548      3387.2326      21559.78       5625.3006      0              1753.2782      3453.8761      7340.0925      0              0.7640527    
   1200000   109850.33      313.86072      1313.3782      18201.54       3460.6334      21662.173      5680.9308      0              1719.3249      3462.5328      7338.7511      0              0.75857905   
   1210000   109724.91      307.42596      614.39826      18213.067      3389.6837      21602.751      5666.8894      0              1742.0886      3458.3365      7345.7525      0              0.75944617   
   1220000   108647.34      300.32562      1551.6567      18173.722      3311.3952      21485.117      5689.3718      0              1725.6565      3484.2288      7274.4647      0              0.76697839   
   1230000   108324.41      309.86754      923.01474      18135.884      3416.6045      21552.488      5645.238       0              1732.6312      3462.2738      7295.741       0              0.76926485   
   1240000   108154.35      302.74908      751.48418      18139          3338.1163      21477.116      5664.2304      0              1731.5253      3426.4792      7316.7649      0              0.77047441   
   1250000   109054.66      302.99732      690.78817      18178.648      3340.8534      21519.502      5644.0845      0              1767.9513      3424.6172      7341.9952      0              0.76411371   
   1260000   109236.29      312.27579      473.48424      18164.417      3443.158       21607.575      5648.8712      0              1778.8115      3443.7362      7292.9983      0              0.7628432    
   1270000   108565.24      304.73931      1370.1532      18124.5        3360.0607      21484.561      5668.1476      0              1734.2946      3444.0834      7277.9745      0              0.76755838   
   1280000   109013.23      313.14121      895.3878       18195.789      3452.7002      21648.489      5714.4553      0              1716.0443      3474.0941      7291.1956      0              0.76440413   
   1290000   108928.76      301.87573      768.79557      18110.669      3328.4867      21439.155      5704.4908      0              1693.2833      3414.5529      7298.3418      0              0.76499689   
   1300000   110111.78      309.23518      422.72623      18181.112      3409.6321      21590.744      5622.0582      0              1757.5357      3460.5201      7340.9979      0              0.75677788   
   1310000   109422.26      309.7558       1221.6262      18200.916      3415.3725      21616.288      5674.9995      0              1737.0588      3442.9973      7345.8599      0              0.76154671   
   1320000   108862.17      308.8479       1543.3235      18115.843      3405.362       21521.205      5668.813       0              1740.8071      3401.3786      7304.8444      0              0.76546478   
   1330000   109006.44      304.56326      584.20658      18107.965      3358.1195      21466.084      5635.0025      0              1749.5557      3432.5984      7290.808       0              0.76445174   
   1340000   109728.41      312.08419      2118.9544      18150.24       3441.0454      21591.286      5707.5182      0              1717.0722      3441.6205      7284.0296      0              0.75942196   
   1350000   108810.72      307.61712      893.41622      18184.561      3391.7915      21576.353      5646.1709      0              1811.514       3443.3009      7283.5755      0              0.76582677   
   1360000   108437.78      313.5463       1136.6133      18111.826      3457.1666      21568.992      5647.0346      0              1704.3142      3472.8683      7287.6086      0              0.76846062   
   1370000   108814.88      305.71859      617.15888      18170.802      3370.8582      21541.66       5577.9395      0              1824.7388      3446.2515      7321.8722      0              0.76579749   
   1380000   107817.23      312.01731      1096.8478      18137.396      3440.308       21577.704      5690.4065      0              1732.301       3457.6791      7257.0097      0              0.77288353   
   1390000   108536.91      306.03628      950.65579      18160.349      3374.3611      21534.71       5680.8395      0              1753.5117      3382.3195      7343.6785      0              0.76775876   
   1400000   107649.87      302.62068      1100.9492      18154.321      3336.7006      21491.022      5658.4875      0              1736.3168      3454.1145      7305.4025      0              0.77408508   
   1410000   108983.08      314.63922      678.00747      18189.55       3469.2172      21658.767      5587.279       0              1722.6534      3519.3399      7360.278       0              0.76461555   
   1420000   108039.06      312.16921      507.7305       18224.803      3441.9828      21666.785      5593.9417      0              1789.8274      3509.2295      7331.804       0              0.77129662   
   1430000   109049.72      301.33296      425.5391       18122.763      3322.5021      21445.265      5546.9327      0              1756.0149      3498.3544      7321.4607      0              0.76414832   
   1440000   109731.04      307.32281      572.21523      18153.319      3388.5463      21541.865      5555.8313      0              1756.8539      3490.5902      7350.0437      0              0.75940372   
   1450000   107857.88      307.80387      899.81739      18180.602      3393.8505      21574.452      5659.4558      0              1754.252       3508.0422      7258.8517      0              0.77259221   
   1460000   108106.65      314.21743      760.20339      18199.034      3464.5665      21663.601      5594.3444      0              1793.188       3498.8276      7312.674       0              0.77081438   
   1470000   108971.03      303.25022      1602.6797      18158.029      3343.6419      21501.671      5659.7064      0              1749.0893      3443.5311      7305.7019      0              0.76470014   
   1480000   109534.51      303.35283      808.99929      18186.93       3344.7732      21531.703      5606.0139      0              1767.2643      3447.3466      7366.3048      0              0.76076626   
   1490000   108590.61      307.89001      1302.5138      18173.464      3394.8003      21568.264      5675.706       0              1702.545       3479.5543      7315.6585      0              0.76737909   
   1500000   108519.64      308.0736       1783.5736      18092.14       3396.8246      21488.965      5634.8833      0              1706.0299      3440.29        7310.937       0              0.76788088   
   1501077   108623.69      309.76493      953.47207      18139.382      3415.4732      21554.855      5595.6839      0              1778.6331      3425.989       7339.0762      0              0.76714535   
Loop time of 238.416 on 48 procs for 500000 steps with 3700 atoms

Performance: 18.120 ns/day, 1.325 hours/ns, 2097.178 timesteps/s, 7.760 Matom-step/s
99.9% CPU use with 48 MPI tasks x 1 OpenMP threads

MPI task timing breakdown:
Section |  min time  |  avg time  |  max time  |%varavg| %total
---------------------------------------------------------------
Pair    | 75.628     | 117.43     | 159.46     | 162.5 | 49.25
Bond    | 22.231     | 30.691     | 38.413     |  68.8 | 12.87
Neigh   | 0.49194    | 0.4945     | 0.49638    |   0.2 |  0.21
Comm    | 29.532     | 79.264     | 129.71     | 235.0 | 33.25
Output  | 0.020923   | 0.038678   | 0.054997   |   4.8 |  0.02
Modify  | 7.6832     | 8.2144     | 8.8466     |  10.3 |  3.45
Other   |            | 2.284      |            |       |  0.96

Nlocal:        77.0833 ave         101 max          58 min
Histogram: 5 4 4 8 6 8 7 2 3 1
Nghost:        2297.29 ave        2353 max        2233 min
Histogram: 2 1 4 11 4 4 10 4 5 3
Neighs:        14815.4 ave       21260 max       10179 min
Histogram: 3 6 7 6 9 8 5 1 2 1

Total # of neighbors = 711137
Ave neighs/atom = 192.19919
Ave special neighs/atom = 11.898378
Neighbor list builds = 594
Dangerous builds = 0
Generated 0 of 1 mixed pair_coeff terms from geometric mixing rule
Setting up Verlet run ...
  Unit style    : real
  Current step  : 1501077
  Time step     : 0.1
WARNING: Inconsistent image flags (src/domain.cpp:1051)
Per MPI rank memory allocation (min/avg/max) = 13.92 | 13.93 | 13.93 Mbytes
   Step         Volume          Temp          Press          PotEng         KinEng         TotEng         E_vdwl         E_coul         E_bond        E_angle        E_dihed        E_impro        Density    
   1501077   108623.69      600            2300.1905      18139.382      6615.6098      24754.992      5595.6839      0              1778.6331      3425.989       7339.0762      0              0.76714535   
   1510000   108623.69      606.11153      1920.3424      21851.211      6682.9956      28534.207      6104.5483      0              2795.9287      4507.6708      8443.0636      0              0.76714535   
   1520000   108623.69      603.40083      1468.8509      21813.533      6653.1074      28466.64       5992.3289      0              2867.7181      4571.134       8382.3516      0              0.76714535   
   1530000   108623.69      591.55576      367.53293      21759.425      6522.5035      28281.929      5951.7138      0              2901.8404      4530.0632      8375.8076      0              0.76714535   
   1540000   108623.69      589.80361      1710.8857      21574.333      6503.1842      28077.518      6071.6424      0              2793.1154      4384.7085      8324.8671      0              0.76714535   
   1550000   108623.69      597.88736      1244.123       21792.574      6592.3158      28384.889      6068.9567      0              2873.3129      4492.6019      8357.7021      0              0.76714535   
   1560000   108623.69      595.12726      605.89106      21729.094      6561.8829      28290.977      5955.6844      0              2909.4921      4480.8474      8383.0701      0              0.76714535   
   1570000   108623.69      610.81415      296.78146      21474.158      6734.8468      28209.005      5945.1484      0              2811.3074      4433.2085      8284.4935      0              0.76714535   
   1580000   108623.69      590.88881      1320.6819      21632.496      6515.1497      28147.645      5992.5919      0              2907.3908      4464.5261      8267.9868      0              0.76714535   
   1590000   108623.69      609.33103      991.14384      21674.412      6718.4939      28392.906      5982.4903      0              2808.9519      4445.9116      8437.0582      0              0.76714535   
   1600000   108623.69      606.60329      1239.9484      21716.782      6688.4178      28405.2        6041.0612      0              2897.084       4438.4503      8340.1865      0              0.76714535   
   1610000   108623.69      589.88298      1402.8406      21750.778      6504.0594      28254.837      6045.0343      0              2885.1923      4507.2801      8313.2711      0              0.76714535   
   1620000   108623.69      599.2949       1338.195       21554.35       6607.8354      28162.186      5921.3341      0              2920.4077      4442.7459      8269.8627      0              0.76714535   
   1630000   108623.69      603.01001      418.30679      21733.232      6648.7982      28382.03       5934.6487      0              2936.0097      4511.2306      8351.3428      0              0.76714535   
   1640000   108623.69      619.57736      93.742866      21638.732      6831.4701      28470.203      5918.5424      0              2885.7211      4485.6764      8348.7927      0              0.76714535   
   1650000   108623.69      606.91334      1424.6691      21582.369      6691.8364      28274.205      6053.1595      0              2843.6547      4386.9526      8298.6022      0              0.76714535   
   1660000   108623.69      613.72664      1420.2695      21692.197      6766.96        28459.157      6022.4765      0              2858.1964      4492.1829      8319.3414      0              0.76714535   
   1670000   108623.69      592.67931      1596.0895      21593.506      6534.8918      28128.398      5990.1837      0              2860.0048      4388.4236      8354.8943      0              0.76714535   
   1680000   108623.69      605.98345      2425.6751      21856.129      6681.5834      28537.712      5989.5078      0              2913.2009      4516.7867      8436.6334      0              0.76714535   
   1690000   108623.69      608.52241      1624.1526      21821.763      6709.5781      28531.341      6033.5725      0              2871.0509      4519.8134      8397.3263      0              0.76714535   
   1700000   108623.69      617.10694      1779.1118      21775.431      6804.2312      28579.662      5930.1714      0              2936.0135      4605.6334      8303.6123      0              0.76714535   
   1710000   108623.69      603.84442      1755.6806      21668.629      6657.9985      28326.628      5985.1503      0              2880.5775      4524.7762      8278.1253      0              0.76714535   
   1720000   108623.69      586.08242      1499.0642      21666.723      6462.1544      28128.877      5992.3622      0              2889.1414      4483.6725      8301.5467      0              0.76714535   
   1730000   108623.69      601.61154      1227.8828      21828.742      6633.3787      28462.12       6057.0551      0              2959.1477      4479.4704      8333.0684      0              0.76714535   
   1740000   108623.69      593.13853      1326.2167      21572.94       6539.9551      28112.895      5913.3502      0              2911.0121      4499.8439      8248.734       0              0.76714535   
   1750000   108623.69      611.46621      993.04656      21862.462      6742.0365      28604.498      5987.0584      0              3004.8466      4522.5629      8347.9941      0              0.76714535   
   1760000   108623.69      607.57967      689.35976      21964.78       6699.1834      28663.963      5992.3823      0              3040.6612      4537.3887      8394.3475      0              0.76714535   
   1770000   108623.69      599.70392      2309.0023      21586.897      6612.3452      28199.242      6064.7123      0              2806.0691      4418.2691      8297.8461      0              0.76714535   
   1780000   108623.69      618.58411      1819.7497      21676.461      6820.5185      28496.98       6019.7468      0              2877.4922      4440.8751      8338.347       0              0.76714535   
   1790000   108623.69      598.15719      1637.7897      21608.819      6595.2909      28204.11       6003.8728      0              2830.0103      4501.1552      8273.781       0              0.76714535   
   1800000   108623.69      582.57448      1021.2364      21848.329      6423.4758      28271.805      5928.4713      0              3031.8672      4538.3944      8349.596       0              0.76714535   
   1810000   108623.69      598.50944      1281.0494      21800.903      6599.1749      28400.078      6006.8799      0              2872.8541      4515.5981      8405.5714      0              0.76714535   
   1820000   108623.69      595.79095      1061.9583      21588.459      6569.2008      28157.66       6027.9139      0              2863.5278      4408.5914      8288.4256      0              0.76714535   
   1830000   108623.69      605.0691       481.49062      21619.584      6671.5018      28291.086      5971.4556      0              2892.7737      4450.4088      8304.9461      0              0.76714535   
   1840000   108623.69      589.62261      738.97022      21783.213      6501.1886      28284.401      6035.9534      0              2891.281       4455.1878      8400.7905      0              0.76714535   
   1850000   108623.69      600.5508       2046.2005      21748.823      6621.6829      28370.506      6062.4015      0              2903.2773      4498.6815      8284.4632      0              0.76714535   
   1860000   108623.69      607.01342      2055.1178      21620.762      6692.9399      28313.702      6033.3402      0              2757.553       4440.2978      8389.571       0              0.76714535   
   1870000   108623.69      565.73429      1504.7717      21724.902      6237.7956      27962.698      6019.1452      0              2929.6407      4405.3098      8370.8067      0              0.76714535   
   1880000   108623.69      604.2176       1710.7325      21796.914      6662.1131      28459.027      6035.1777      0              2930.6334      4448.2117      8382.8913      0              0.76714535   
   1890000   108623.69      616.77061      1270.8049      21605.254      6800.5229      28405.776      6000.2233      0              2833.7277      4446.0732      8325.2294      0              0.76714535   
   1900000   108623.69      602.55398      820.75405      21790.88       6643.7701      28434.65       5869.6176      0              2955.0488      4618.5915      8347.6226      0              0.76714535   
   1910000   108623.69      596.23323      872.55472      21556.176      6574.0774      28130.253      5972.3418      0              2932.1369      4408.6912      8243.006       0              0.76714535   
   1920000   108623.69      608.29295      1613.1442      21865.399      6707.048       28572.447      5961.4432      0              2866.7224      4579.6956      8457.5382      0              0.76714535   
   1930000   108623.69      616.67816      886.17183      21786.269      6799.5035      28585.772      6002.1669      0              2890.8602      4567.7328      8325.5087      0              0.76714535   
   1940000   108623.69      609.5056       1211.3467      21796.35       6720.4187      28516.768      6035.2738      0              2877.0125      4579.9348      8304.1285      0              0.76714535   
   1950000   108623.69      592.64451      1252.6532      21507.1        6534.5081      28041.608      6024.0061      0              2852.9774      4398.817       8231.2995      0              0.76714535   
   1960000   108623.69      603.31749      1421.963       21827.227      6652.1885      28479.415      6075.9588      0              2910.5491      4492.2627      8348.4562      0              0.76714535   
   1970000   108623.69      607.20693      555.69676      21777.247      6695.0736      28472.321      5961.6672      0              2973.3886      4493.2435      8348.9477      0              0.76714535   
   1980000   108623.69      592.52835      2507.3959      21787.501      6533.2273      28320.728      6060.644       0              2862.3126      4487.7831      8376.7609      0              0.76714535   
   1990000   108623.69      593.36104      2120.9481      21628.833      6542.4085      28171.242      6061.7602      0              2835.0137      4451.1895      8280.8699      0              0.76714535   
   2000000   108623.69      599.79318      1489.9597      21777.051      6613.3294      28390.38       5998.623       0              2886.1598      4485.9018      8406.3663      0              0.76714535   
   2001077   108623.69      596.99074      1801.5778      21656.525      6582.4297      28238.955      5980.1252      0              2851.1806      4438.0143      8387.205       0              0.76714535   
Loop time of 214.256 on 48 procs for 500000 steps with 3700 atoms

Performance: 20.163 ns/day, 1.190 hours/ns, 2333.657 timesteps/s, 8.635 Matom-step/s
99.9% CPU use with 48 MPI tasks x 1 OpenMP threads

MPI task timing breakdown:
Section |  min time  |  avg time  |  max time  |%varavg| %total
---------------------------------------------------------------
Pair    | 76.459     | 111.75     | 146.34     | 162.4 | 52.16
Bond    | 18.599     | 25.588     | 31.196     |  63.2 | 11.94
Neigh   | 0.73547    | 0.74006    | 0.74293    |   0.3 |  0.35
Comm    | 31.736     | 71.245     | 112.54     | 235.5 | 33.25
Output  | 0.020543   | 0.038075   | 0.054384   |   4.8 |  0.02
Modify  | 2.2677     | 2.8514     | 3.5364     |  16.5 |  1.33
Other   |            | 2.038      |            |       |  0.95

Nlocal:        77.0833 ave          96 max          51 min
Histogram: 2 0 5 2 3 9 15 4 6 2
Nghost:        2297.44 ave        2357 max        2242 min
Histogram: 3 5 9 4 4 5 6 4 4 4
Neighs:        14820.3 ave       19577 max        9584 min
Histogram: 3 2 3 6 7 7 9 7 2 2

Total # of neighbors = 711375
Ave neighs/atom = 192.26351
Ave special neighs/atom = 11.898378
Neighbor list builds = 918
Dangerous builds = 0
Generated 0 of 1 mixed pair_coeff terms from geometric mixing rule
Setting up Verlet run ...
  Unit style    : real
  Current step  : 2001077
  Time step     : 0.1
WARNING: Inconsistent image flags (src/domain.cpp:1051)
Per MPI rank memory allocation (min/avg/max) = 13.92 | 13.93 | 13.93 Mbytes
   Step         Volume          Temp          Press          PotEng         KinEng         TotEng         E_vdwl         E_coul         E_bond        E_angle        E_dihed        E_impro        Density    
   2001077   108623.69      308            460.63312      21656.525      3396.013       25052.538      5980.1252      0              2851.1806      4438.0143      8387.205       0              0.76714535   
   2010000   108623.69      314.17297      787.29876      18118.743      3464.0763      21582.819      5637.5455      0              1748.1385      3461.1506      7271.9082      0              0.76714535   
   2020000   108623.69      308.53422      942.02557      18223.815      3401.9034      21625.719      5668.343       0              1799.822       3472.9321      7282.7184      0              0.76714535   
   2030000   108623.69      300.5778       1275.2241      18129.952      3314.1758      21444.128      5655.2794      0              1726.6881      3447.4722      7300.5128      0              0.76714535   
   2040000   108623.69      303.2171       1557.3508      18093.351      3343.2767      21436.628      5622.7487      0              1698.5479      3459.4765      7312.578       0              0.76714535   
   2050000   108623.69      301.4789       1289.7203      18090.373      3324.1113      21414.485      5675.583       0              1741.333       3416.8781      7256.5793      0              0.76714535   
   2060000   108623.69      309.89837      1026.0766      18132.94       3416.9445      21549.885      5589.4237      0              1754.7293      3472.6105      7316.1766      0              0.76714535   
   2070000   108623.69      310.2837       1234.437       18185.481      3421.1932      21606.674      5671.444       0              1759.0379      3464.4159      7290.5827      0              0.76714535   
   2080000   108623.69      307.79338      625.13907      18189.21       3393.7348      21582.945      5587.8516      0              1790.4762      3480.2569      7330.6257      0              0.76714535   
   2090000   108623.69      313.34535      1429.5765      18147.438      3454.951       21602.389      5617.147       0              1744.1712      3499.433       7286.6872      0              0.76714535   
   2100000   108623.69      313.97916      752.51231      18095.282      3461.9393      21557.221      5568.2834      0              1741.1365      3419.3013      7366.5607      0              0.76714535   
   2110000   108623.69      300.11535      983.80873      18179.141      3309.0767      21488.218      5665.5836      0              1792.1713      3450.9363      7270.4501      0              0.76714535   
   2120000   108623.69      299.5898       1249.2932      18129.05       3303.282       21432.332      5625.3497      0              1728.8941      3452.5765      7322.23        0              0.76714535   
   2130000   108623.69      314.4766       1177.9806      18127.403      3467.4241      21594.827      5669.4631      0              1741.834       3452.1533      7263.9529      0              0.76714535   
   2140000   108623.69      306.71815      842.20872      18183.482      3381.8793      21565.361      5620.6359      0              1773.2171      3495.0571      7294.5714      0              0.76714535   
   2150000   108623.69      299.20683      1221.7464      18157.665      3299.0594      21456.724      5659.4935      0              1702.4145      3460.7893      7334.9674      0              0.76714535   
   2160000   108623.69      300.40166      863.59247      18021.893      3312.2336      21334.126      5581.0869      0              1743.4508      3440.2792      7257.0755      0              0.76714535   
   2170000   108623.69      310.3334       1765.0416      18018.147      3421.7412      21439.888      5632.8147      0              1735.417       3448.4588      7201.4561      0              0.76714535   
   2180000   108623.69      313.0759       1233.573       18217.949      3451.98        21669.929      5617.049       0              1748.6015      3504.5439      7347.7546      0              0.76714535   
   2190000   108623.69      311.52558      667.53184      18099.812      3434.8861      21534.698      5608.6147      0              1777.704       3456.6622      7256.8311      0              0.76714535   
   2200000   108623.69      314.44713      713.86596      18086.207      3467.0992      21553.307      5631.0445      0              1746.4984      3433.5789      7275.0857      0              0.76714535   
   2210000   108623.69      311.3856       1160.4275      18159.901      3433.3427      21593.243      5632.7033      0              1729.3387      3515.9815      7281.877       0              0.76714535   
   2220000   108623.69      313.02797      820.82463      18191.971      3451.4515      21643.422      5633.8729      0              1797.6917      3494.3073      7266.099       0              0.76714535   
   2230000   108623.69      304.33173      526.79415      18054.147      3355.5667      21409.714      5587.2063      0              1745.3515      3455.6494      7265.9397      0              0.76714535   
   2240000   108623.69      308.34349      1219.0272      18077.328      3399.8004      21477.129      5598.0519      0              1746.6089      3480.0104      7252.6571      0              0.76714535   
   2250000   108623.69      302.84365      1692.0878      18130.415      3339.159       21469.574      5663.4982      0              1738.9694      3463.5306      7264.417       0              0.76714535   
   2260000   108623.69      305.84107      856.87099      18161.223      3372.2087      21533.431      5634.7523      0              1768.4295      3503.9461      7254.0948      0              0.76714535   
   2270000   108623.69      318.0494       924.29122      18172.116      3506.8179      21678.934      5663.0278      0              1749.3275      3483.6684      7276.0922      0              0.76714535   
   2280000   108623.69      310.25038      115.43428      18152.301      3420.8258      21573.127      5600.8066      0              1814.8416      3481.3237      7255.329       0              0.76714535   
   2290000   108623.69      302.15891      1110.1293      18152.62       3331.6091      21484.229      5636.2784      0              1748.3703      3452.7883      7315.1826      0              0.76714535   
   2300000   108623.69      306.31487      1586.8835      18131.024      3377.4328      21508.457      5644.6021      0              1727.0603      3429.2419      7330.1199      0              0.76714535   
   2310000   108623.69      311.26771      834.07137      18097.108      3432.0428      21529.151      5637.2165      0              1717.1302      3493.8896      7248.8718      0              0.76714535   
   2320000   108623.69      306.84976      702.63296      18076.122      3383.3305      21459.452      5581.9976      0              1718.4681      3423.3858      7352.2701      0              0.76714535   
   2330000   108623.69      314.80323      1250.1607      18063.837      3471.0256      21534.862      5634.1876      0              1697.1071      3446.2432      7286.299       0              0.76714535   
   2340000   108623.69      306.70118      1390.2096      18049.891      3381.6922      21431.583      5581.0442      0              1734.4457      3464.8748      7269.5259      0              0.76714535   
   2350000   108623.69      312.83659      1479.7253      18152.465      3449.3413      21601.807      5606.8137      0              1716.2914      3468.1084      7361.2519      0              0.76714535   
   2360000   108623.69      310.76681      1504.568       18033.235      3426.5199      21459.755      5648.9054      0              1738.7061      3416.4453      7229.1786      0              0.76714535   
   2370000   108623.69      303.60771      1292.2579      18088.702      3347.5835      21436.285      5600.559       0              1748.338       3432.5588      7307.2458      0              0.76714535   
   2380000   108623.69      306.06255      1469.1396      18133.015      3374.6507      21507.666      5631.8787      0              1734.5947      3452.353       7314.1888      0              0.76714535   
   2390000   108623.69      302.79978      1641.9844      18060.651      3338.6754      21399.326      5701.7999      0              1706.2272      3419.9944      7232.6293      0              0.76714535   
   2400000   108623.69      308.30392      443.25233      18060.247      3399.3641      21459.611      5559.1093      0              1800.1942      3447.9089      7253.0342      0              0.76714535   
   2410000   108623.69      306.89598      719.62066      18150.876      3383.8401      21534.716      5572.716       0              1813.2302      3494.1265      7270.803       0              0.76714535   
   2420000   108623.69      312.5049       728.03171      18213.127      3445.6842      21658.811      5597.0967      0              1793.1495      3524.7961      7298.0849      0              0.76714535   
   2430000   108623.69      321.74042      1191.5085      18124.746      3547.5152      21672.261      5627.3442      0              1724.2393      3477.9593      7295.2032      0              0.76714535   
   2440000   108623.69      310.15289      1020.3309      18145.84       3419.7509      21565.591      5591.3384      0              1763.9065      3469.2847      7321.3106      0              0.76714535   
   2450000   108623.69      314.59851      519.28579      18094.974      3468.7683      21563.742      5623.7681      0              1714.1137      3480.6752      7276.4165      0              0.76714535   
   2460000   108623.69      308.83342      1543.6654      18028.252      3405.2024      21433.454      5652.8363      0              1726.0497      3464.2712      7185.0948      0              0.76714535   
   2470000   108623.69      309.22566      913.97598      18028.433      3409.5272      21437.961      5638.9893      0              1711.4689      3405.2047      7272.7706      0              0.76714535   
   2480000   108623.69      308.71473      1598.0979      18106.765      3403.8937      21510.659      5623.6895      0              1682.1164      3498.6425      7302.3166      0              0.76714535   
   2490000   108623.69      300.32297      186.5042       18078.941      3311.366       21390.307      5592.385       0              1821.4675      3430.7388      7234.3497      0              0.76714535   
   2500000   108623.69      304.90214      2129.4686      17976.921      3361.856       21338.777      5708.984       0              1680.3924      3351.2829      7236.2614      0              0.76714535   
   2510000   108623.69      310.83416      968.70164      18005.244      3427.2625      21432.507      5568.8534      0              1728.6811      3405.7594      7301.9503      0              0.76714535   
   2520000   108623.69      309.33115      1058.6783      18129.817      3410.6903      21540.508      5609.7         0              1821.5233      3429.0311      7269.5629      0              0.76714535   
   2530000   108623.69      315.2687       1060.9482      18091.942      3476.1578      21568.1        5615.483       0              1724.7351      3442.0584      7309.6659      0              0.76714535   
   2540000   108623.69      300.95234      1272.7311      18090.933      3318.3055      21409.239      5618.3419      0              1732.4893      3470.4404      7269.6618      0              0.76714535   
   2550000   108623.69      305.76878      1382.9337      18074.724      3371.4116      21446.136      5621.9326      0              1716.2099      3489.7255      7246.8562      0              0.76714535   
   2560000   108623.69      306.49194      415.15866      18187.591      3379.3851      21566.976      5566.5183      0              1798.585       3486.4175      7336.0705      0              0.76714535   
   2570000   108623.69      305.42655      1168.2338      18084.146      3367.6382      21451.785      5625.202       0              1765.3005      3432.2563      7261.3876      0              0.76714535   
   2580000   108623.69      311.44462      427.66641      18171.419      3433.9935      21605.413      5594.2372      0              1810.3143      3482.0546      7284.8131      0              0.76714535   
   2590000   108623.69      320.21582      1991.3744      18005.112      3530.7049      21535.817      5650.4468      0              1654.5463      3487.9512      7212.1681      0              0.76714535   
   2600000   108623.69      302.70491      995.14515      18164.353      3337.6293      21501.982      5640.1812      0              1771.9831      3453.7788      7298.4096      0              0.76714535   
   2610000   108623.69      307.02876      741.91809      18090.672      3385.3042      21475.977      5601.8841      0              1759.9693      3448.2824      7280.5366      0              0.76714535   
   2620000   108623.69      309.48559      1506.3329      18146.933      3412.3932      21559.326      5645.5347      0              1778.6596      3451.7853      7270.9532      0              0.76714535   
   2630000   108623.69      320.63292      1377.426       18062.937      3535.3038      21598.241      5636.6896      0              1716.6381      3411.3565      7298.2526      0              0.76714535   
   2640000   108623.69      310.36957      1496.5242      18070.782      3422.14        21492.922      5660.4017      0              1692.7754      3427.2884      7290.3163      0              0.76714535   
   2650000   108623.69      311.04006      1269.2923      18039.67       3429.5328      21469.203      5660.1275      0              1733.2158      3391.6751      7254.6518      0              0.76714535   
   2660000   108623.69      300.47174      1486.7537      18017.038      3313.0063      21330.044      5641.1628      0              1707.5413      3430.6352      7237.6984      0              0.76714535   
   2670000   108623.69      312.45964      788.6005       18159.947      3445.1851      21605.132      5659.5381      0              1772.1467      3444.2546      7284.008       0              0.76714535   
   2680000   108623.69      306.49166      1620.7478      18080.866      3379.382       21460.248      5660.3896      0              1744.1837      3393.1222      7283.1705      0              0.76714535   
   2690000   108623.69      310.49202      1904.2652      18029.392      3423.4901      21452.882      5661.1652      0              1725.0719      3356.7438      7286.4115      0              0.76714535   
   2700000   108623.69      301.19227      1264.2641      18151.951      3320.9509      21472.902      5641.6353      0              1719.3217      3491.0248      7299.9693      0              0.76714535   
   2710000   108623.69      307.72566      1615.69        18090.915      3392.9882      21483.903      5645.8062      0              1735.4673      3431.2813      7278.3605      0              0.76714535   
   2720000   108623.69      305.73181      2215.2908      18141.239      3371.0039      21512.243      5697.3016      0              1699.7156      3432.5572      7311.665       0              0.76714535   
   2730000   108623.69      296.40376      1503.311       18130.14       3268.1527      21398.292      5677.8318      0              1723.9251      3454.8373      7273.5456      0              0.76714535   
   2740000   108623.69      315.60562      1137.0447      18122.719      3479.8727      21602.591      5671.9868      0              1754.3575      3420.7084      7275.6659      0              0.76714535   
   2750000   108623.69      301.98199      1561.7489      18148.228      3329.6584      21477.886      5684.7738      0              1721.2231      3477.1569      7265.0739      0              0.76714535   
   2760000   108623.69      302.21556      997.9564       18192.33       3332.2338      21524.564      5607.8353      0              1793.3816      3451.5596      7339.5534      0              0.76714535   
   2770000   108623.69      304.25872      1805.6023      18134.217      3354.7617      21488.979      5678.6191      0              1730.4328      3462.1426      7263.023       0              0.76714535   
   2780000   108623.69      310.78499      2059.9723      18036.121      3426.7204      21462.842      5697.4338      0              1669.0012      3411.5468      7258.1394      0              0.76714535   
   2790000   108623.69      315.61084      784.60585      18179.675      3479.9303      21659.605      5621.4436      0              1821.1537      3456.5131      7280.5647      0              0.76714535   
   2800000   108623.69      301.52521      1306.0474      18122.127      3324.6219      21446.749      5619.3412      0              1752.1579      3478.8312      7271.7968      0              0.76714535   
   2810000   108623.69      311.32886      854.81506      18175.837      3432.7171      21608.554      5631.4573      0              1847.4941      3443.085       7253.8006      0              0.76714535   
   2820000   108623.69      311.23512      1430.1704      18128.088      3431.6835      21559.771      5646.4816      0              1725.2377      3465.7492      7290.6196      0              0.76714535   
   2830000   108623.69      305.21597      1273.0594      18072.829      3365.3163      21438.145      5644.917       0              1738.7345      3441.7163      7247.4612      0              0.76714535   
   2840000   108623.69      309.02553      989.14332      18115.518      3407.3205      21522.839      5643.3501      0              1743.015       3473.5088      7255.6443      0              0.76714535   
   2850000   108623.69      308.64873      1504.1189      18112.884      3403.166       21516.05       5620.1949      0              1752.8332      3441.7176      7298.1382      0              0.76714535   
   2860000   108623.69      305.77701      1093.4333      18057.722      3371.5023      21429.225      5627.8705      0              1737.132       3412.5192      7280.2008      0              0.76714535   
   2870000   108623.69      303.87027      1258.8929      18096.103      3350.4786      21446.581      5639.0764      0              1694.7479      3469.1896      7293.0887      0              0.76714535   
   2880000   108623.69      306.41491      1630.68        18106.384      3378.5358      21484.919      5656.069       0              1699.0989      3453.9375      7297.2781      0              0.76714535   
   2890000   108623.69      312.72284      1613.0868      18064.046      3448.0872      21512.133      5648.4726      0              1752.2987      3426.9836      7236.2911      0              0.76714535   
   2900000   108623.69      304.86265      1437.8091      18154.346      3361.4206      21515.766      5646.4339      0              1726.6504      3482.7414      7298.5198      0              0.76714535   
   2910000   108623.69      302.73545      913.35868      18121.466      3337.9661      21459.432      5660.5205      0              1756.7461      3457.3801      7246.8196      0              0.76714535   
   2920000   108623.69      301.86832      1336.7292      18126.184      3328.405       21454.589      5648.4493      0              1751.8238      3438.4195      7287.491       0              0.76714535   
   2930000   108623.69      303.35961      1373.369       18072.52       3344.8481      21417.369      5615.7643      0              1730.6918      3422.641       7303.4232      0              0.76714535   
   2940000   108623.69      309.83538      859.99307      18125.707      3416.25        21541.957      5664.0215      0              1755.8499      3441.6381      7264.1971      0              0.76714535   
   2950000   108623.69      310.41926      1148.1926      18058.683      3422.6878      21481.371      5650.6716      0              1727.8625      3423.7164      7256.4325      0              0.76714535   
   2960000   108623.69      311.15261      1158.633       18125.374      3430.7738      21556.147      5608.177       0              1787.7212      3462.8962      7266.5792      0              0.76714535   
   2970000   108623.69      307.03842      498.195        18131.187      3385.4106      21516.598      5639.0374      0              1760.276       3419.2356      7312.6379      0              0.76714535   
   2980000   108623.69      311.34058      992.88225      18051.974      3432.8463      21484.821      5666.2873      0              1755.1551      3401.2458      7229.2863      0              0.76714535   
   2990000   108623.69      304.85843      1345.1298      18098.76       3361.3741      21460.134      5661.7121      0              1732.5392      3450.916       7253.5923      0              0.76714535   
   3000000   108623.69      314.35223      1261.086       18163.761      3466.0528      21629.814      5669.7995      0              1708.3342      3422.7678      7362.86        0              0.76714535   
   3001077   108623.69      312.49859      1243.0528      18088.437      3445.6146      21534.051      5611.7117      0              1757.8439      3457.5307      7261.3506      0              0.76714535   
Loop time of 422.041 on 48 procs for 1000000 steps with 3700 atoms

Performance: 20.472 ns/day, 1.172 hours/ns, 2369.439 timesteps/s, 8.767 Matom-step/s
99.9% CPU use with 48 MPI tasks x 1 OpenMP threads

MPI task timing breakdown:
Section |  min time  |  avg time  |  max time  |%varavg| %total
---------------------------------------------------------------
Pair    | 146.18     | 223.04     | 293.03     | 243.0 | 52.85
Bond    | 35.956     | 50.84      | 64.497     |  95.7 | 12.05
Neigh   | 0.85679    | 0.86208    | 0.86499    |   0.3 |  0.20
Comm    | 59.78      | 137.4      | 227.77     | 357.0 | 32.56
Output  | 0.039535   | 0.074128   | 0.10622    |   6.7 |  0.02
Modify  | 4.4624     | 5.8147     | 7.1977     |  26.4 |  1.38
Other   |            | 4.009      |            |       |  0.95

Nlocal:        77.0833 ave          97 max          54 min
Histogram: 3 2 2 7 5 10 7 5 4 3
Nghost:        2298.77 ave        2375 max        2242 min
Histogram: 3 7 6 8 6 6 4 4 3 1
Neighs:        14823.5 ave       19238 max       10022 min
Histogram: 3 3 4 7 6 6 4 8 5 2

Total # of neighbors = 711527
Ave neighs/atom = 192.30459
Ave special neighs/atom = 11.898378
Neighbor list builds = 1087
Dangerous builds = 0
Generated 0 of 1 mixed pair_coeff terms from geometric mixing rule
Setting up Verlet run ...
  Unit style    : real
  Current step  : 3001077
  Time step     : 0.1
WARNING: Inconsistent image flags (src/domain.cpp:1051)
Per MPI rank memory allocation (min/avg/max) = 13.92 | 13.93 | 13.93 Mbytes
   Step         Volume          Temp          Press          PotEng         KinEng         TotEng         E_vdwl         E_coul         E_bond        E_angle        E_dihed        E_impro        Density    
   3001077   108623.69      308            1222.1789      18088.437      3396.013       21484.45       5611.7117      0              1757.8439      3457.5307      7261.3506      0              0.76714535   
   3010000   67513.825      305.97691      30005.145      23357.453      3373.7064      26731.159      10663.638      0              1368.2386      3365.2041      7960.3718      0              1.2342681    
   3020000   66335.312      307.88928      30299.11       23618.016      3394.7922      27012.808      10553.779      0              1476.6349      3529.4863      8058.1158      0              1.2561961    
   3030000   66503.679      306.61438      30511.519      23361.685      3380.7352      26742.42       10364.23       0              1499.9139      3470.5671      8026.974       0              1.2530158    
   3040000   66152.176      307.52031      31025.405      23434.928      3390.724       26825.652      10377.062      0              1548.2926      3497.376       8012.1969      0              1.2596738    
   3050000   65994.445      310.21926      31204.015      23437.179      3420.4827      26857.662      10378.641      0              1511.6825      3544.5782      8002.2773      0              1.2626845    
   3060000   66173.701      310.48744      29873          23401.651      3423.4396      26825.09       10389.186      0              1545.4797      3449.7201      8017.2653      0              1.259264     
   3070000   65956.292      295.09728      30096.964      23499.905      3253.7475      26753.652      10491.136      0              1509.3786      3484.3986      8014.992       0              1.2634149    
   3080000   66168.869      315.3396       30631.355      23352.277      3476.9396      26829.217      10339.027      0              1542.3301      3490.3131      7980.6073      0              1.259356     
   3090000   66086.027      304.60121      30069.338      23348.676      3358.5379      26707.214      10410.216      0              1575.0271      3412.1288      7951.304       0              1.2609346    
   3100000   65970.108      307.24064      29812.395      23444.095      3387.6403      26831.736      10382.802      0              1515.585       3496.1744      8049.5342      0              1.2631503    
   3110000   66065.586      306.75024      30518.348      23452.679      3382.2332      26834.912      10421.725      0              1524.3734      3460.1252      8046.4557      0              1.2613248    
   3120000   65907.212      308.17246      29742.079      23423.326      3397.9146      26821.241      10386.276      0              1552.7469      3442.9611      8041.3425      0              1.2643557    
   3130000   65781.612      303.81105      30053.466      23515.128      3349.8256      26864.953      10432.017      0              1513.1675      3485.2116      8084.732       0              1.2667698    
   3140000   65876.198      314.67554      29586.284      23498.652      3469.6176      26968.27       10413.129      0              1502.6544      3492.3368      8090.5316      0              1.264951     
   3150000   65676.318      305.94909      29905.727      23547.203      3373.3996      26920.603      10459.013      0              1532.4522      3519.7719      8035.9664      0              1.2688007    
   3160000   65750.481      306.75629      30080.056      23491.732      3382.2999      26874.032      10390.419      0              1542.6167      3473.5717      8085.1254      0              1.2673696    
   3170000   65776.513      305.85381      30015.214      23481.481      3372.3491      26853.83       10446.354      0              1559.5127      3465.3423      8010.2727      0              1.266868     
   3180000   65822.86       310.45721      29309.203      23503.401      3423.1063      26926.507      10380.586      0              1548.3963      3472.9479      8101.4709      0              1.265976     
   3190000   65828.835      304.54449      30169.945      23452.09       3357.9126      26810.003      10444.09       0              1529.232       3460.7472      8018.0215      0              1.2658611    
   3200000   65830.453      315.04769      29318.388      23577.985      3473.721       27051.706      10398.21       0              1619.8846      3462.7362      8097.1545      0              1.26583      
   3210000   65857.384      309.15546      30359.901      23414.501      3408.7532      26823.254      10447.007      0              1579.4464      3392.8868      7995.1608      0              1.2653123    
   3220000   65871.004      307.08202      29499.723      23441.548      3385.8914      26827.44       10367.768      0              1571.5672      3461.558       8040.6554      0              1.2650507    
   3230000   65748.663      310.80739      29553.42       23527.777      3426.9674      26954.744      10450.383      0              1557.1753      3445.1915      8075.0269      0              1.2674046    
   3240000   65806.317      307.37721      31593.941      23575.874      3389.1461      26965.02       10464.394      0              1510.1404      3513.1385      8088.2016      0              1.2662942    
   3250000   65471.775      310.42646      29984.651      23598.796      3422.7673      27021.563      10489.225      0              1552.3834      3471.781       8085.4057      0              1.2727647    
   3260000   65683.845      309.06526      30795.266      23535.301      3407.7586      26943.06       10514.7        0              1518.5468      3468.1504      8033.904       0              1.2686553    
   3270000   65784.016      305.27463      30507.102      23527.652      3365.9631      26893.615      10399.072      0              1559.4137      3532.1865      8036.9806      0              1.2667235    
   3280000   65868.854      314.98343      30226.294      23457.648      3473.0124      26930.66       10430.377      0              1506.1773      3511.474       8009.6193      0              1.265092     
   3290000   65783.862      299.83768      29605.437      23453.667      3306.0151      26759.682      10382.249      0              1578.1164      3497.8777      7995.424       0              1.2667265    
   3300000   65897.481      303.0506       29636.254      23407.259      3341.4409      26748.7        10374.385      0              1561.8964      3445.4768      8025.5013      0              1.2645424    
   3310000   65833.976      310.21035      29623.817      23466.195      3420.3844      26886.579      10414.958      0              1569.3959      3488.4004      7993.4405      0              1.2657622    
   3320000   65675.824      301.95244      29254.437      23436.066      3329.3325      26765.398      10422.047      0              1567.007       3489.165       7957.847       0              1.2688103    
   3330000   65719.91       306.40778      28507.741      23547.638      3378.4572      26926.095      10402.475      0              1607.1633      3507.8933      8030.1065      0              1.2679591    
   3340000   65788.734      308.02383      30430.869      23411.085      3396.2758      26807.36       10423.237      0              1560.7589      3442.5584      7984.5305      0              1.2666327    
   3350000   65703.891      311.31083      30208.244      23518.463      3432.5183      26950.982      10498.907      0              1573.175       3491.0839      7955.2974      0              1.2682683    
   3360000   66109.772      315.12192      29658.826      23319.027      3474.5394      26793.567      10313.136      0              1534.744       3490.3735      7980.7742      0              1.2604817    
   3370000   65684.541      311.47578      29901.818      23539.802      3434.337       26974.139      10444.706      0              1528.9819      3499.176       8066.9383      0              1.2686419    
   3380000   65758.49       308.1057       30518          23505.504      3397.1785      26902.683      10465.316      0              1582.0626      3487.7622      7970.3634      0              1.2672152    
   3390000   65946.351      311.7805       30267.986      23393.189      3437.6969      26830.886      10287.459      0              1566.0979      3514.7372      8024.8947      0              1.2636053    
   3400000   65684.002      315.16778      29881.569      23487.681      3475.0451      26962.726      10407.697      0              1613.787       3512.0913      7954.1057      0              1.2686523    
   3410000   66101.976      302.62266      28947.705      23422.689      3336.7224      26759.411      10269.421      0              1586.1248      3498.6853      8068.4579      0              1.2606304    
   3420000   65868.09       306.24035      29822.281      23383.29       3376.6111      26759.901      10383.262      0              1544.7565      3486.5468      7968.7251      0              1.2651067    
   3430000   65627.469      307.97454      31493.359      23561.44       3395.7323      26957.172      10491.531      0              1541.093       3500.5385      8028.2777      0              1.2697451    
   3440000   65868.169      309.85237      28656.675      23397.261      3416.4373      26813.699      10361.572      0              1542.71        3496.9475      7996.0318      0              1.2651052    
   3450000   65668.586      311.74734      30148.491      23483.898      3437.3313      26921.229      10442.843      0              1517.7118      3498.9365      8024.407       0              1.2689501    
   3460000   65732.45       307.94811      30651.415      23450.611      3395.4409      26846.052      10500.961      0              1556.4211      3411.0568      7982.1715      0              1.2677173    
   3470000   65966.663      306.21416      28401.336      23271.343      3376.3223      26647.665      10274.859      0              1562.7985      3466.1221      7967.5631      0              1.2632162    
   3480000   65581.951      316.55871      30087.753      23457.299      3490.3815      26947.68       10453.067      0              1538.4553      3475.1982      7990.5783      0              1.2706264    
   3490000   65918.916      304.67499      29548.383      23374.67       3359.3515      26734.022      10420.486      0              1546.6618      3466.1147      7941.4078      0              1.2641312    
   3500000   65599.753      310.98657      29452.287      23484.732      3428.943       26913.675      10453.579      0              1534.7689      3455.6985      8040.6859      0              1.2702816    
   3501077   65351.102      307.79406      30924.662      23496.292      3393.7424      26890.035      10532.57       0              1499.9515      3474.9878      7988.7835      0              1.2751149    
Loop time of 337.054 on 48 procs for 500000 steps with 3700 atoms

Performance: 12.817 ns/day, 1.873 hours/ns, 1483.442 timesteps/s, 5.489 Matom-step/s
99.9% CPU use with 48 MPI tasks x 1 OpenMP threads

MPI task timing breakdown:
Section |  min time  |  avg time  |  max time  |%varavg| %total
---------------------------------------------------------------
Pair    | 167.26     | 194.21     | 248.41     | 112.0 | 57.62
Bond    | 25.803     | 30.99      | 37.637     |  42.3 |  9.19
Neigh   | 0.57312    | 0.57537    | 0.57727    |   0.2 |  0.17
Comm    | 38.882     | 99.093     | 130.23     | 173.7 | 29.40
Output  | 0.020639   | 0.037974   | 0.054127   |   4.7 |  0.01
Modify  | 8.2645     | 9.2641     | 10.396     |  15.1 |  2.75
Other   |            | 2.881      |            |       |  0.85

Nlocal:        77.0833 ave          93 max          67 min
Histogram: 3 6 5 12 11 4 5 0 1 1
Nghost:        3306.46 ave        3334 max        3275 min
Histogram: 4 2 3 7 7 5 8 1 7 4
Neighs:        24738.5 ave       32624 max       21044 min
Histogram: 6 6 11 14 2 7 1 0 0 1

Total # of neighbors = 1187450
Ave neighs/atom = 320.93243
Ave special neighs/atom = 11.898378
Neighbor list builds = 495
Dangerous builds = 0
Generated 0 of 1 mixed pair_coeff terms from geometric mixing rule
Setting up Verlet run ...
  Unit style    : real
  Current step  : 3501077
  Time step     : 0.1
WARNING: Inconsistent image flags (src/domain.cpp:1051)
Per MPI rank memory allocation (min/avg/max) = 13.93 | 13.94 | 13.94 Mbytes
   Step         Volume          Temp          Press          PotEng         KinEng         TotEng         E_vdwl         E_coul         E_bond        E_angle        E_dihed        E_impro        Density    
   3501077   65351.102      600            33178.318      23496.292      6615.6098      30111.902      10532.57       0              1499.9515      3474.9878      7988.7835      0              1.2751149    
   3510000   65351.102      590.63443      31358.563      27379.042      6512.3449      33891.387      11169.291      0              2680.4739      4484.1892      9045.0878      0              1.2751149    
   3520000   65351.102      597.23297      32425.162      27284.455      6585.1005      33869.556      11083.298      0              2517.5639      4539.5663      9144.0271      0              1.2751149    
   3530000   65351.102      593.67141      31263.587      27367.738      6545.8307      33913.569      11146.949      0              2663.9604      4502.1794      9054.649       0              1.2751149    
   3540000   65351.102      600.16859      33162.261      27267.488      6617.4686      33884.956      11196.153      0              2589.7324      4445.5403      9036.0624      0              1.2751149    
   3550000   65351.102      597.05456      32510.05       27419.05       6583.1334      34002.183      11141.304      0              2614.5688      4541.5497      9121.6268      0              1.2751149    
   3560000   65351.102      604.66669      33410.571      27176.988      6667.0648      33844.052      11168.623      0              2534.522       4500.4592      8973.3832      0              1.2751149    
   3570000   65351.102      588.25085      32902.329      27218.345      6486.0635      33704.408      11181.703      0              2529.4999      4440.9442      9066.1976      0              1.2751149    
   3580000   65351.102      595.69773      32619.76       27296.925      6568.1729      33865.098      11190.528      0              2555.8821      4536.9392      9013.5755      0              1.2751149    
   3590000   65351.102      609.52185      31481.843      27181.484      6720.5979      33902.081      11126.896      0              2542.7556      4495.5167      9016.3155      0              1.2751149    
   3600000   65351.102      587.72261      31545.035      27313.464      6480.2392      33793.703      11198.033      0              2682.5559      4503.1662      8929.7087      0              1.2751149    
   3610000   65351.102      600.17906      30619.812      27172.255      6617.5841      33789.839      11053.929      0              2652.1442      4474.3951      8991.7862      0              1.2751149    
   3620000   65351.102      591.88649      30164.332      27075.276      6526.1502      33601.426      11101.075      0              2584.7762      4346.2196      9043.2048      0              1.2751149    
   3630000   65351.102      607.53243      32971.628      27151.611      6698.6626      33850.273      11139.653      0              2549.4128      4455.8139      9006.731       0              1.2751149    
   3640000   65351.102      607.99102      30975.036      27226.301      6703.719       33930.02       11186.802      0              2544.957       4469.4304      9025.1122      0              1.2751149    
   3650000   65351.102      602.83739      32891.98       27327.913      6646.8949      33974.808      11065.807      0              2682.4712      4533.996       9045.6393      0              1.2751149    
   3660000   65351.102      612.59656      32794.954      27175.625      6754.4996      33930.124      11050.988      0              2534.3011      4561.3974      9028.9382      0              1.2751149    
   3670000   65351.102      601.70424      33077.803      27173.244      6634.4008      33807.644      11103.513      0              2578.8231      4424.8597      9066.0478      0              1.2751149    
   3680000   65351.102      607.05283      32216.44       27213.966      6693.3745      33907.341      11120.174      0              2646.7855      4418.3934      9028.6132      0              1.2751149    
   3690000   65351.102      618.53619      30596.535      27179.064      6819.9901      33999.054      11045.03       0              2623.8928      4533.8535      8976.2882      0              1.2751149    
   3700000   65351.102      603.26288      31489.973      27120.984      6651.5864      33772.57       11048.098      0              2513.7002      4497.4693      9061.7158      0              1.2751149    
   3710000   65351.102      593.57901      31666.301      27113.193      6544.8119      33658.005      10934.123      0              2579.141       4465.6519      9134.2778      0              1.2751149    
   3720000   65351.102      591.83491      30549.894      26896.235      6525.5814      33421.816      10855.349      0              2533.2003      4444.7915      9062.8939      0              1.2751149    
   3730000   65351.102      586.85863      32240.226      27072.12       6470.7128      33542.832      11014.452      0              2593.7548      4463.4719      9000.4408      0              1.2751149    
   3740000   65351.102      582.47772      30077.414      27101.254      6422.4088      33523.663      10912.788      0              2630.4998      4452.6703      9105.2961      0              1.2751149    
   3750000   65351.102      600.12615      32776.827      27054.856      6617.0007      33671.857      10915.777      0              2560.7842      4526.9055      9051.3893      0              1.2751149    
   3760000   65351.102      586.4927       30467.429      26888.006      6466.6781      33354.684      10844.948      0              2573.6675      4458.9428      9010.4469      0              1.2751149    
   3770000   65351.102      609.96737      30450.823      26949.695      6725.5102      33675.205      10810.53       0              2526.6832      4502.356       9110.1256      0              1.2751149    
   3780000   65351.102      614.14795      28538.11       27176.136      6771.6053      33947.741      10766.872      0              2697.0059      4539.6225      9172.635       0              1.2751149    
   3790000   65351.102      603.10438      31695.873      26871.15       6649.8388      33520.989      10841.697      0              2562.3929      4516.5321      8950.5279      0              1.2751149    
   3800000   65351.102      611.09047      30755.627      27000.597      6737.8935      33738.491      10786.618      0              2681.0211      4500.9496      9032.0085      0              1.2751149    
   3810000   65351.102      595.95978      29854.332      27038.641      6571.0623      33609.703      10819.68       0              2645.3548      4601.3729      8972.2328      0              1.2751149    
   3820000   65351.102      596.35364      30214.253      27161.856      6575.405       33737.261      10889.806      0              2729.0635      4532.6476      9010.3384      0              1.2751149    
   3830000   65351.102      597.9785       30388.791      27110.208      6593.3208      33703.529      10832.055      0              2691.067       4506.1167      9080.9691      0              1.2751149    
   3840000   65351.102      597.31129      31348.88       27214.301      6585.964       33800.265      10868.327      0              2630.5166      4624.3197      9091.1375      0              1.2751149    
   3850000   65351.102      610.4252       31724.924      27014.591      6730.5583      33745.149      10994.635      0              2549.8446      4476.7037      8993.4079      0              1.2751149    
   3860000   65351.102      592.90034      31706.147      27009.77       6537.3289      33547.099      10943.414      0              2564.286       4521.7922      8980.2774      0              1.2751149    
   3870000   65351.102      614.24875      30235.324      27165.703      6772.7168      33938.42       10907.69       0              2626.4808      4576.2273      9055.3046      0              1.2751149    
   3880000   65351.102      605.33318      30891.815      27015.275      6674.4135      33689.689      10919.389      0              2578.3396      4493.501       9024.0456      0              1.2751149    
   3890000   65351.102      606.44642      30879.229      26921.494      6686.6881      33608.182      10793.529      0              2615.3877      4512.1546      9000.4222      0              1.2751149    
   3900000   65351.102      605.72799      30693.819      26926.759      6678.7668      33605.526      10819.69       0              2605.1696      4507.8842      8994.0156      0              1.2751149    
   3910000   65351.102      603.89452      31231.65       27152.119      6658.5508      33810.67       10793.619      0              2674.0368      4560.2057      9124.2574      0              1.2751149    
   3920000   65351.102      597.66786      30633.253      26941.299      6589.8956      33531.195      10771.57       0              2523.2164      4535.8739      9110.6391      0              1.2751149    
   3930000   65351.102      582.35853      30886.879      27114.546      6421.0947      33535.641      10833.002      0              2644.1023      4566.5333      9070.9081      0              1.2751149    
   3940000   65351.102      608.79004      30365.587      27159.299      6712.5289      33871.828      10905.568      0              2616.2913      4539.2517      9098.1882      0              1.2751149    
   3950000   65351.102      603.72879      29714.289      27030.869      6656.7236      33687.592      10798.857      0              2674.104       4484.5103      9073.3973      0              1.2751149    
   3960000   65351.102      597.79721      30867.047      26968.445      6591.3218      33559.767      10735.158      0              2614.6618      4560.3116      9058.3134      0              1.2751149    
   3970000   65351.102      595.05591      28791.96       27232.313      6561.0962      33793.409      10913.621      0              2668.3006      4519.9623      9130.4288      0              1.2751149    
   3980000   65351.102      599.68783      29461.161      27245.305      6612.1679      33857.473      10770.582      0              2644.3041      4595.6539      9234.7648      0              1.2751149    
   3990000   65351.102      589.24556      30543.432      27159.375      6497.0312      33656.407      10824.847      0              2556.4172      4695.1311      9082.9805      0              1.2751149    
   4000000   65351.102      593.28113      31933.726      27126.481      6541.5274      33668.008      10793.69       0              2682.6742      4587.9727      9062.1438      0              1.2751149    
   4001077   65351.102      601.19607      31894.082      26828.973      6628.7977      33457.771      10778.566      0              2528.8492      4481.0198      9040.5381      0              1.2751149    
Loop time of 305.298 on 48 procs for 500000 steps with 3700 atoms

Performance: 14.150 ns/day, 1.696 hours/ns, 1637.744 timesteps/s, 6.060 Matom-step/s
99.9% CPU use with 48 MPI tasks x 1 OpenMP threads

MPI task timing breakdown:
Section |  min time  |  avg time  |  max time  |%varavg| %total
---------------------------------------------------------------
Pair    | 149.36     | 191.23     | 228.83     | 106.1 | 62.64
Bond    | 19.828     | 25.867     | 29.429     |  35.8 |  8.47
Neigh   | 0.98594    | 0.98961    | 0.99201    |   0.2 |  0.32
Comm    | 41.184     | 81.839     | 129.66     | 175.7 | 26.81
Output  | 0.02079    | 0.038075   | 0.053949   |   4.7 |  0.01
Modify  | 2.3123     | 3.0808     | 4.0019     |  21.6 |  1.01
Other   |            | 2.253      |            |       |  0.74

Nlocal:        77.0833 ave          86 max          66 min
Histogram: 2 1 1 8 6 8 6 5 5 6
Nghost:         3307.6 ave        3339 max        3265 min
Histogram: 2 3 2 5 7 6 5 8 5 5
Neighs:        24751.1 ave       28860 max       19494 min
Histogram: 2 1 2 4 9 11 8 2 6 3

Total # of neighbors = 1188051
Ave neighs/atom = 321.09486
Ave special neighs/atom = 11.898378
Neighbor list builds = 865
Dangerous builds = 0
Generated 0 of 1 mixed pair_coeff terms from geometric mixing rule
Setting up Verlet run ...
  Unit style    : real
  Current step  : 4001077
  Time step     : 0.1
WARNING: Inconsistent image flags (src/domain.cpp:1051)
Per MPI rank memory allocation (min/avg/max) = 13.93 | 13.94 | 13.94 Mbytes
   Step         Volume          Temp          Press          PotEng         KinEng         TotEng         E_vdwl         E_coul         E_bond        E_angle        E_dihed        E_impro        Density    
   4001077   65351.102      308            29632.789      26828.973      3396.013       30224.986      10778.566      0              2528.8492      4481.0198      9040.5381      0              1.2751149    
   4010000   65351.102      309.39128      29934.691      23366.848      3411.3533      26778.201      10228.434      0              1562.0704      3518.9703      8057.3734      0              1.2751149    
   4020000   65351.102      310.02514      29459.124      23432.812      3418.3423      26851.154      10257.244      0              1549.2356      3550.9656      8075.3663      0              1.2751149    
   4030000   65351.102      303.90185      29286.527      23357.885      3350.8268      26708.711      10226.604      0              1530.9239      3530.671       8069.6859      0              1.2751149    
   4040000   65351.102      308.65096      30644.22       23251.445      3403.1905      26654.636      10249.516      0              1508.4737      3498.3725      7995.0835      0              1.2751149    
   4050000   65351.102      309.86816      29422.582      23492.751      3416.6114      26909.362      10302.273      0              1571.7117      3490.3045      8128.4609      0              1.2751149    
   4060000   65351.102      315.58515      29564.158      23337.948      3479.647       26817.595      10200.802      0              1542.7764      3546.5193      8047.8499      0              1.2751149    
   4070000   65351.102      310.62796      29303.729      23286.189      3424.9889      26711.178      10221.628      0              1543.1869      3503.4122      8017.9626      0              1.2751149    
   4080000   65351.102      306.13985      29216.989      23325.603      3375.503       26701.106      10245.8        0              1533.4721      3512.5747      8033.7567      0              1.2751149    
   4090000   65351.102      308.51826      29872.812      23388.147      3401.7274      26789.874      10229.184      0              1520.1692      3601.38        8037.414       0              1.2751149    
   4100000   65351.102      304.74036      28294.365      23334.571      3360.0722      26694.644      10195.797      0              1574.4289      3551.2483      8013.0973      0              1.2751149    
   4110000   65351.102      319.51417      30085.713      23353.694      3522.9684      26876.662      10296.286      0              1559.9883      3481.9118      8015.5078      0              1.2751149    
   4120000   65351.102      309.50153      29015.311      23360.159      3412.5689      26772.728      10203.307      0              1568.6157      3522.8141      8065.4217      0              1.2751149    
   4130000   65351.102      308.03979      29397.36       23348.753      3396.4518      26745.205      10253.961      0              1574.7168      3477.172       8042.9026      0              1.2751149    
   4140000   65351.102      306.11829      30719.812      23346.227      3375.2653      26721.492      10249.069      0              1498.8929      3528.0495      8070.2158      0              1.2751149    
   4150000   65351.102      301.99815      30801.622      23320.456      3329.8365      26650.293      10241.799      0              1510.7957      3537.7958      8030.0653      0              1.2751149    
   4160000   65351.102      311.37025      30838.906      23411.775      3433.1735      26844.948      10231.518      0              1584.1791      3554.6587      8041.4188      0              1.2751149    
   4170000   65351.102      307.71216      29638.938      23346.087      3392.8393      26738.926      10264.202      0              1538.1202      3508.6463      8035.1184      0              1.2751149    
   4180000   65351.102      314.45769      30209.583      23334.024      3467.2157      26801.239      10292.837      0              1533.235       3506.7343      8001.2176      0              1.2751149    
   4190000   65351.102      302.59575      29677.567      23438.436      3336.4257      26774.862      10250.442      0              1614.35        3510.5713      8063.0729      0              1.2751149    
   4200000   65351.102      312.45225      30331.617      23359.306      3445.1037      26804.41       10268.824      0              1492.8261      3537.7398      8059.9162      0              1.2751149    
   4210000   65351.102      302.94848      31515.271      23320.084      3340.3149      26660.399      10217.523      0              1567.1242      3455.5055      8079.9316      0              1.2751149    
   4220000   65351.102      305.00101      30398.082      23342.227      3362.9461      26705.173      10160.241      0              1540.467       3551.038       8090.481       0              1.2751149    
   4230000   65351.102      307.9872       29541.848      23359.04       3395.8719      26754.912      10159.588      0              1622.5262      3528.2966      8048.6293      0              1.2751149    
   4240000   65351.102      308.37224      30006.697      23337.016      3400.1174      26737.133      10253.879      0              1529.7938      3495.0213      8058.3212      0              1.2751149    
   4250000   65351.102      307.75842      30439.788      23307.453      3393.3494      26700.802      10244.053      0              1541.5068      3474.1678      8047.7245      0              1.2751149    
   4260000   65351.102      308.5801       31733.83       23313.632      3402.4092      26716.041      10247.44       0              1525.569       3507.9633      8032.6592      0              1.2751149    
   4270000   65351.102      315.45871      29865.717      23303.392      3478.2529      26781.645      10178.221      0              1550.5834      3551.0115      8023.5765      0              1.2751149    
   4280000   65351.102      309.86461      29735.727      23328.727      3416.5723      26745.3        10205.096      0              1560.9799      3523.4053      8039.2463      0              1.2751149    
   4290000   65351.102      313.59618      28828.378      23375.03       3457.7166      26832.747      10267.424      0              1585.9497      3482.9687      8038.6876      0              1.2751149    
   4300000   65351.102      306.1791       29720.297      23301.954      3375.9358      26677.89       10128.269      0              1512.9628      3566.0381      8094.6847      0              1.2751149    
   4310000   65351.102      306.95621      29598.793      23290.626      3384.5042      26675.13       10188.028      0              1561.3725      3507.2337      8033.991       0              1.2751149    
   4320000   65351.102      312.77583      28949.756      23321.505      3448.6714      26770.176      10196.903      0              1589.471       3515.5426      8019.5879      0              1.2751149    
   4330000   65351.102      309.75845      30435.093      23289.997      3415.4018      26705.399      10207.128      0              1508.739       3499.176       8074.9536      0              1.2751149    
   4340000   65351.102      306.54156      29216.027      23346.5        3379.9322      26726.433      10164.292      0              1560.9385      3509.7124      8111.5572      0              1.2751149    
   4350000   65351.102      313.56796      30223.447      23289.689      3457.4055      26747.095      10244.505      0              1535.987       3452.1092      8057.0884      0              1.2751149    
   4360000   65351.102      313.25547      29369.271      23306.481      3453.9599      26760.441      10213.234      0              1536.8285      3468.7877      8087.6307      0              1.2751149    
   4370000   65351.102      314.44316      29084.223      23304.02       3467.0554      26771.076      10218.723      0              1558.2818      3481.2834      8045.7318      0              1.2751149    
   4380000   65351.102      303.92477      30857.734      23355.477      3351.0795      26706.556      10270.149      0              1542.0811      3511.0771      8032.1699      0              1.2751149    
   4390000   65351.102      311.55804      29670.854      23426.168      3435.244       26861.412      10272.392      0              1590.0056      3537.2446      8026.5262      0              1.2751149    
   4400000   65351.102      309.84625      29842.181      23257.141      3416.3698      26673.511      10204.456      0              1555.0782      3459.628       8037.9787      0              1.2751149    
   4410000   65351.102      308.80501      29632.021      23266.532      3404.8891      26671.421      10170.454      0              1573.2327      3552.8763      7969.9696      0              1.2751149    
   4420000   65351.102      308.75509      29592.012      23292.669      3404.3387      26697.007      10255.3        0              1508.778       3512.2627      8016.3285      0              1.2751149    
   4430000   65351.102      305.99531      29487.997      23312.994      3373.9092      26686.903      10234.221      0              1524.7948      3529.692       8024.286       0              1.2751149    
   4440000   65351.102      315.48163      31488.332      23309.345      3478.5057      26787.851      10261.537      0              1498.9006      3498.9468      8049.961       0              1.2751149    
   4450000   65351.102      306.47261      29708.763      23269.02       3379.172       26648.192      10238.992      0              1575.092       3486.7224      7968.214       0              1.2751149    
   4460000   65351.102      303.54949      30470.706      23224.053      3346.9417      26570.994      10317.971      0              1488.725       3486.34        7931.0165      0              1.2751149    
   4470000   65351.102      306.15183      29462.258      23345.853      3375.6351      26721.489      10222.699      0              1577.2127      3527.8908      8018.051       0              1.2751149    
   4480000   65351.102      302.30296      29630.371      23250.417      3333.1974      26583.614      10268.696      0              1519.3325      3476.4124      7985.9757      0              1.2751149    
   4490000   65351.102      306.75595      28615.891      23327.759      3382.2961      26710.055      10242.41       0              1581.7486      3487.7827      8015.8181      0              1.2751149    
   4500000   65351.102      310.54074      30264.994      23272.14       3424.0272      26696.167      10223.352      0              1489.9765      3527.0986      8031.713       0              1.2751149    
   4510000   65351.102      304.75235      30442.11       23243.886      3360.2044      26604.091      10182.658      0              1510.8494      3587.2354      7963.1434      0              1.2751149    
   4520000   65351.102      308.6213       30319.535      23381.348      3402.8635      26784.211      10245.15       0              1589.5144      3534.1794      8012.5043      0              1.2751149    
   4530000   65351.102      307.1838       29896.786      23339.432      3387.0136      26726.445      10220.437      0              1608.0495      3541.8124      7969.1326      0              1.2751149    
   4540000   65351.102      302.85523      29740.938      23332.757      3339.2868      26672.043      10186.86       0              1597.6682      3529.1242      8019.1042      0              1.2751149    
   4550000   65351.102      303.44596      29159.946      23231.189      3345.8001      26576.989      10221.948      0              1511.1514      3506.905       7991.1848      0              1.2751149    
   4560000   65351.102      309.50506      29929.437      23266.08       3412.6078      26678.688      10224.854      0              1523.6982      3522.2368      7995.2908      0              1.2751149    
   4570000   65351.102      309.17924      31065.037      23349.635      3409.0154      26758.651      10324.573      0              1560.7671      3466.2956      7997.9991      0              1.2751149    
   4580000   65351.102      301.26248      30218.65       23372.936      3321.725       26694.661      10316.19       0              1534.898       3511.524       8010.3238      0              1.2751149    
   4590000   65351.102      308.36231      29685.324      23283.625      3400.0078      26683.633      10290.383      0              1549.5046      3463.7729      7979.9645      0              1.2751149    
   4600000   65351.102      309.94323      27963.024      23357.418      3417.4392      26774.857      10126.622      0              1663.7543      3552.8298      8014.2118      0              1.2751149    
   4610000   65351.102      310.09149      31135.538      23347.129      3419.0738      26766.203      10305.608      0              1562.6417      3509.3912      7969.4888      0              1.2751149    
   4620000   65351.102      308.14108      30469.124      23341.266      3397.5686      26738.835      10263.045      0              1525.7508      3515.1266      8037.3431      0              1.2751149    
   4630000   65351.102      307.18029      29668.837      23303.487      3386.975       26690.462      10193.908      0              1576.0626      3522.4966      8011.02        0              1.2751149    
   4640000   65351.102      305.72118      29911.017      23257.398      3370.8868      26628.285      10279.213      0              1509.3236      3492.7463      7976.1149      0              1.2751149    
   4650000   65351.102      308.68356      29283.136      23305.487      3403.55        26709.037      10211.426      0              1573.0287      3519.2583      8001.7739      0              1.2751149    
   4660000   65351.102      313.7485       30128.853      23365.986      3459.3961      26825.382      10251.91       0              1573.8668      3521.3758      8018.8329      0              1.2751149    
   4670000   65351.102      302.53071      29904.689      23366.138      3335.7086      26701.847      10293.651      0              1562.9457      3510.4293      7999.1129      0              1.2751149    
   4680000   65351.102      303.39386      30767.946      23318.043      3345.2256      26663.269      10275.695      0              1539.6483      3530.1269      7972.5733      0              1.2751149    
   4690000   65351.102      309.56585      29362.552      23314.761      3413.2781      26728.039      10205.5        0              1576.2271      3543.3531      7989.6809      0              1.2751149    
   4700000   65351.102      310.94782      29488.394      23387.656      3428.5157      26816.171      10246.843      0              1548.1528      3551.8901      8040.7695      0              1.2751149    
   4710000   65351.102      309.88562      28908.08       23378.782      3416.8039      26795.586      10173.198      0              1591.4337      3543.159       8070.9912      0              1.2751149    
   4720000   65351.102      305.27004      29097.451      23312.448      3365.9124      26678.36       10182.686      0              1591.2132      3505.1461      8033.4022      0              1.2751149    
   4730000   65351.102      301.0073       29427.521      23255.52       3318.9114      26574.431      10224.224      0              1553.3809      3516.6056      7961.3092      0              1.2751149    
   4740000   65351.102      303.63693      30429.781      23243.6        3347.9058      26591.505      10243.001      0              1527.6835      3471.3321      8001.5828      0              1.2751149    
   4750000   65351.102      304.52415      30101.34       23300.434      3357.6882      26658.122      10239.296      0              1538.5033      3466.9307      8055.7043      0              1.2751149    
   4760000   65351.102      315.53885      29685.617      23265.354      3479.1365      26744.491      10254.761      0              1569.0079      3487.5434      7954.0422      0              1.2751149    
   4770000   65351.102      306.13216      30108.556      23323.546      3375.4182      26698.965      10279.608      0              1581.9115      3508.1226      7953.9045      0              1.2751149    
   4780000   65351.102      312.33019      29044.494      23320.921      3443.7578      26764.679      10233.533      0              1593.6972      3540.0937      7953.5972      0              1.2751149    
   4790000   65351.102      312.88509      28550.2        23313.84       3449.8761      26763.716      10193.337      0              1656.1442      3474.3291      7990.0295      0              1.2751149    
   4800000   65351.102      309.11634      30942.686      23275.648      3408.3218      26683.97       10247.67       0              1569.6549      3470.6872      7987.6367      0              1.2751149    
   4810000   65351.102      305.56864      29218.347      23306.416      3369.2048      26675.62       10225.012      0              1619.1402      3532.7552      7929.5085      0              1.2751149    
   4820000   65351.102      309.55482      29040.342      23348.924      3413.1565      26762.081      10159.32       0              1614.213       3536.9316      8038.4593      0              1.2751149    
   4830000   65351.102      304.96179      28760.697      23310.716      3362.5137      26673.23       10197.07       0              1551.4678      3540.4915      8021.6867      0              1.2751149    
   4840000   65351.102      307.57712      30784.686      23350.537      3391.3503      26741.887      10253.098      0              1587.5274      3520.5821      7989.3285      0              1.2751149    
   4850000   65351.102      301.74         29427.261      23303.085      3326.9902      26630.076      10198.46       0              1598.371       3517.6643      7988.5906      0              1.2751149    
   4860000   65351.102      306.18014      29346.013      23362.461      3375.9473      26738.408      10242.827      0              1552.8512      3554.6098      8012.1722      0              1.2751149    
   4870000   65351.102      307.72908      29240.092      23190.258      3393.0258      26583.283      10196.767      0              1548.9681      3460.05        7984.4724      0              1.2751149    
   4880000   65351.102      301.91021      29742.708      23336.601      3328.8669      26665.468      10300.652      0              1589.5232      3507.1792      7939.2466      0              1.2751149    
   4890000   65351.102      302.87355      30795.216      23265.517      3339.4887      26605.006      10210.648      0              1533.7993      3548.4628      7972.6069      0              1.2751149    
   4900000   65351.102      305.68645      30582.822      23297.358      3370.5038      26667.862      10196.063      0              1535.8898      3518.9664      8046.4391      0              1.2751149    
   4910000   65351.102      309.36965      29859.447      23308.908      3411.1149      26720.022      10231.669      0              1552.5002      3499.2444      8025.4938      0              1.2751149    
   4920000   65351.102      307.02412      29563.108      23289.624      3385.2529      26674.877      10245.71       0              1589.0376      3482.5901      7972.2863      0              1.2751149    
   4930000   65351.102      310.26266      31289.405      23350.938      3420.9611      26771.899      10260.528      0              1539.9351      3534.7578      8015.7169      0              1.2751149    
   4940000   65351.102      314.30928      31358.841      23264.336      3465.5793      26729.915      10280.491      0              1546.6861      3509.9849      7927.1744      0              1.2751149    
   4950000   65351.102      317.44383      31614.2        23353.329      3500.1409      26853.47       10232.984      0              1512.5792      3593.3592      8014.4067      0              1.2751149    
   4960000   65351.102      301.82587      29614.438      23293.967      3327.9369      26621.904      10249.485      0              1517.421       3500.1643      8026.8961      0              1.2751149    
   4970000   65351.102      309.82115      29189.749      23373.87       3416.0931      26789.963      10255.839      0              1607.5706      3549.1396      7961.3204      0              1.2751149    
   4980000   65351.102      309.9544       29694.939      23264.485      3417.5623      26682.047      10177.869      0              1571.7417      3542.7748      7972.0995      0              1.2751149    
   4990000   65351.102      311.54098      30283.334      23365.374      3435.0559      26800.429      10194.374      0              1595.3857      3575.525       8000.089       0              1.2751149    
   5000000   65351.102      304.19347      29211.303      23317.742      3354.0422      26671.784      10199.285      0              1604.9449      3535.7996      7977.713       0              1.2751149    
   5001077   65351.102      311.3662       30704.364      23253.966      3433.1289      26687.095      10234.631      0              1507.7966      3517.1698      7994.3687      0              1.2751149    
Loop time of 588.987 on 48 procs for 1000000 steps with 3700 atoms

Performance: 14.669 ns/day, 1.636 hours/ns, 1697.831 timesteps/s, 6.282 Matom-step/s
99.9% CPU use with 48 MPI tasks x 1 OpenMP threads

MPI task timing breakdown:
Section |  min time  |  avg time  |  max time  |%varavg| %total
---------------------------------------------------------------
Pair    | 291.22     | 383.2      | 434.18     | 172.6 | 65.06
Bond    | 37.359     | 51.594     | 61.341     |  61.1 |  8.76
Neigh   | 0.95735    | 0.96115    | 0.96391    |   0.2 |  0.16
Comm    | 86.155     | 142.64     | 248.73     | 310.1 | 24.22
Output  | 0.041001   | 0.075403   | 0.10742    |   6.7 |  0.01
Modify  | 4.6564     | 6.0141     | 7.6101     |  27.8 |  1.02
Other   |            | 4.506      |            |       |  0.76

Nlocal:        77.0833 ave          86 max          64 min
Histogram: 1 1 2 4 5 12 9 5 5 4
Nghost:        3309.96 ave        3339 max        3267 min
Histogram: 3 3 0 3 3 14 3 5 10 4
Neighs:        24755.2 ave       29045 max       19681 min
Histogram: 2 1 4 5 7 10 7 4 7 1

Total # of neighbors = 1188252
Ave neighs/atom = 321.14919
Ave special neighs/atom = 11.898378
Neighbor list builds = 859
Dangerous builds = 0
Generated 0 of 1 mixed pair_coeff terms from geometric mixing rule
Setting up Verlet run ...
  Unit style    : real
  Current step  : 5001077
  Time step     : 0.1
WARNING: Inconsistent image flags (src/domain.cpp:1051)
Per MPI rank memory allocation (min/avg/max) = 13.93 | 13.94 | 13.94 Mbytes
   Step         Volume          Temp          Press          PotEng         KinEng         TotEng         E_vdwl         E_coul         E_bond        E_angle        E_dihed        E_impro        Density    
   5001077   65351.102      308            30678.402      23253.966      3396.013       26649.979      10234.631      0              1507.7966      3517.1698      7994.3687      0              1.2751149    
   5010000   59428.785      302.11645      48950.109      26583.061      3331.1409      29914.202      13241.358      0              1491.2058      3545.1286      8305.3695      0              1.4021852    
   5020000   59291.661      304.745        49509.07       26622.997      3360.1234      29983.121      13265.153      0              1454.2059      3561.4273      8342.2112      0              1.405428     
   5030000   59185.911      302.79681      49081.905      26746.696      3338.6426      30085.339      13296.772      0              1514.169       3552.6716      8383.0839      0              1.4079391    
   5040000   59241.328      309.56279      50323.539      26653.619      3413.2444      30066.863      13264.83       0              1487.9261      3577.2008      8323.6618      0              1.4066221    
   5050000   59248.823      308.20969      49035.054      26578.28       3398.3251      29976.605      13252.759      0              1488.6179      3532.1854      8304.717       0              1.4064441    
   5060000   59268.647      305.16923      49499.503      26556.891      3364.801       29921.692      13196.69       0              1505.892       3546.8384      8307.4707      0              1.4059737    
   5070000   59307.264      314.92979      50381.336      26575.921      3472.421       30048.342      13207.033      0              1547.959       3545.873       8275.0559      0              1.4050582    
   5080000   59311.447      305.99849      49229.016      26627.889      3373.9443      30001.833      13177.649      0              1545.574       3597.9162      8306.7494      0              1.4049592    
   5090000   59042.783      306.34339      51157.784      26829.575      3377.7473      30207.322      13380.244      0              1485.0004      3637.9873      8326.343       0              1.4113522    
   5100000   59017.897      309.21373      51674.264      26827.218      3409.3956      30236.613      13457.901      0              1489.0822      3562.2481      8317.9867      0              1.4119473    
   5110000   59198.357      305.70977      48981.025      26641.415      3370.7609      30012.176      13289.618      0              1466.0809      3559.2017      8326.5144      0              1.4076431    
   5120000   59147.556      298.83099      50366.703      26590.699      3294.9154      29885.614      13338.777      0              1414.5402      3542.9481      8294.4333      0              1.4088521    
   5130000   59091.839      306.28897      49932.747      26781.967      3377.1472      30159.114      13347.228      0              1550.02        3592.4707      8292.2483      0              1.4101805    
   5140000   59123.491      309.31409      50178.818      26711.428      3410.5022      30121.93       13373.387      0              1490.9098      3536.6772      8310.4536      0              1.4094256    
   5150000   59104.721      297.77278      49962.875      26644.64       3283.2476      29927.887      13336.62       0              1463.8399      3563.5162      8280.6642      0              1.4098732    
   5160000   59069.8        308.88278      50336.957      26720.394      3405.7466      30126.141      13461.296      0              1516.435       3475.1226      8267.5403      0              1.4107067    
   5170000   59220.988      307.48705      50360.904      26794.019      3390.3573      30184.376      13337.366      0              1508.1775      3606.786       8341.6899      0              1.4071052    
   5180000   59093.146      299.39144      49940.676      26733.884      3301.095       30034.979      13314.853      0              1466.3907      3603.0264      8349.6141      0              1.4101493    
   5190000   58782.748      308.76203      50556.944      26980.699      3404.4152      30385.115      13446.831      0              1537.8033      3615.9359      8380.1291      0              1.4175955    
   5200000   59178.37       300.27286      49465.483      26654.9        3310.8135      29965.714      13235.961      0              1497.8426      3574.7457      8346.3504      0              1.4081186    
   5210000   59131.148      306.7761       50341.929      26693.217      3382.5183      30075.735      13295.012      0              1526.7436      3565.335       8306.1267      0              1.4092431    
   5220000   59125.325      307.85648      49685.651      26741.451      3394.4305      30135.881      13347.852      0              1532.7167      3560.1835      8300.6982      0              1.4093819    
   5230000   58982.763      314.79143      50503.754      26731.549      3470.8955      30202.444      13347.693      0              1480.7162      3596.5489      8306.591       0              1.4127884    
   5240000   59091.03       309.01277      51338.796      26794.835      3407.1798      30202.015      13388.368      0              1497.8455      3619.8285      8288.7935      0              1.4101998    
   5250000   59297.801      302.3358       49622.087      26564.599      3333.5595      29898.158      13220.406      0              1504.334       3570.5656      8269.2938      0              1.4052825    
   5260000   59106.677      301.85685      49681.141      26770.494      3328.2786      30098.773      13390.385      0              1540.9556      3568.9536      8270.1999      0              1.4098265    
   5270000   59167.094      301.28707      49566.927      26597.892      3321.9962      29919.888      13281.684      0              1485.9784      3557.8466      8272.3825      0              1.4083869    
   5280000   59027.338      310.67929      49415.125      26795.759      3425.5549      30221.314      13338.537      0              1529.874       3587.5628      8339.7856      0              1.4117215    
   5290000   59287.606      309.20026      50519.375      26542.711      3409.2471      29951.958      13255.774      0              1464.4676      3546.8848      8275.585       0              1.4055241    
   5300000   59203.42       310.0172       49326.811      26589.904      3418.2548      30008.159      13252.712      0              1500.8276      3563.1332      8273.2311      0              1.4075227    
   5310000   59159.936      312.49304      50218.154      26735.447      3445.5534      30181          13268.109      0              1562.5541      3587.1303      8317.6533      0              1.4085573    
   5320000   59167.586      308.39998      50568.641      26652.631      3400.4232      30053.054      13311.714      0              1494.443       3532.6283      8313.8461      0              1.4083752    
   5330000   59240.626      300.62934      49854.22       26670.906      3314.744       29985.65       13308.95       0              1521.1087      3567.1511      8273.6963      0              1.4066388    
   5340000   58920.025      310.38983      52244.993      26835.265      3422.3633      30257.628      13429.652      0              1511.2443      3553.448       8340.9198      0              1.4142927    
   5350000   59059.036      311.87709      50662.572      26746.914      3438.7619      30185.676      13378.148      0              1496.357       3538.7519      8333.6575      0              1.4109638    
   5360000   58980.406      303.9535       50275.737      26829.359      3351.3963      30180.755      13425.694      0              1548.2886      3592.5945      8262.7816      0              1.4128448    
   5370000   59185.868      315.29276      50180.044      26725.5        3476.4231      30201.923      13335.706      0              1515.6661      3575.1572      8298.9705      0              1.4079402    
   5380000   59197.656      308.8005       50696.798      26647.642      3404.8393      30052.481      13263.457      0              1514.3446      3509.7628      8360.0769      0              1.4076598    
   5390000   59173.603      305.12298      49643.012      26707.48       3364.2909      30071.771      13270.604      0              1514.0228      3561.1932      8361.6603      0              1.408232     
   5400000   59126.962      306.26797      48417.451      26720.552      3376.9156      30097.468      13354.237      0              1487.4341      3546.8593      8332.0215      0              1.4093428    
   5410000   59049.735      308.61         49281.313      26786.17       3402.7389      30188.909      13342.446      0              1461.8516      3631.2958      8350.5762      0              1.411186     
   5420000   59169.585      306.22823      49077.434      26715.584      3376.4775      30092.062      13293.378      0              1526.4224      3572.646       8323.1376      0              1.4083276    
   5430000   59236.913      307.77369      49668.167      26715.776      3393.5178      30109.294      13258.97       0              1507.3803      3612.0656      8337.3606      0              1.4067269    
   5440000   59125.706      302.54586      49947.723      26631.664      3335.8756      29967.54       13301.414      0              1515.0531      3551.6         8263.5969      0              1.4093728    
   5450000   58999.657      304.75499      50734.111      26703.888      3360.2335      30064.121      13377.236      0              1464.2126      3551.7884      8310.6511      0              1.4123838    
   5460000   59074.508      305.9261       49861.877      26690.528      3373.1462      30063.674      13364.401      0              1524.2854      3521.649       8280.1924      0              1.4105942    
   5470000   59027.27       307.51436      50803.187      26841.491      3390.6583      30232.149      13467.568      0              1499.6029      3604.6064      8269.7135      0              1.4117231    
   5480000   59229.672      301.41281      49510.123      26644.87       3323.3825      29968.253      13203.131      0              1477.9351      3619.5026      8344.3018      0              1.4068989    
   5490000   59159.212      307.36765      50246.064      26678.451      3389.0408      30067.492      13280.958      0              1507.3874      3566.9671      8323.1387      0              1.4085745    
   5500000   59281.828      307.34085      49042.6        26515.145      3388.7453      29903.89       13199.724      0              1448.9689      3523.3755      8343.0768      0              1.4056611    
   5501077   59147.686      298.8962       49300.051      26761.017      3295.6344      30056.651      13319.483      0              1522.9367      3564.182       8354.4146      0              1.408849     
Loop time of 350.37 on 48 procs for 500000 steps with 3700 atoms

Performance: 12.330 ns/day, 1.946 hours/ns, 1427.063 timesteps/s, 5.280 Matom-step/s
99.9% CPU use with 48 MPI tasks x 1 OpenMP threads

MPI task timing breakdown:
Section |  min time  |  avg time  |  max time  |%varavg| %total
---------------------------------------------------------------
Pair    | 170.01     | 217.8      | 248.95     | 115.3 | 62.16
Bond    | 23.435     | 31.098     | 36.897     |  45.0 |  8.88
Neigh   | 0.47326    | 0.47568    | 0.47752    |   0.2 |  0.14
Comm    | 51.396     | 87.645     | 143.02     | 202.2 | 25.01
Output  | 0.020653   | 0.038103   | 0.053998   |   4.7 |  0.01
Modify  | 9.5244     | 10.145     | 10.821     |   9.5 |  2.90
Other   |            | 3.172      |            |       |  0.91

Nlocal:        77.0833 ave          88 max          65 min
Histogram: 3 1 2 9 7 5 10 8 2 1
Nghost:        3566.69 ave        3597 max        3538 min
Histogram: 6 2 4 4 9 8 3 6 2 4
Neighs:        27379.5 ave       31603 max       21086 min
Histogram: 1 1 4 3 4 9 9 10 4 3

Total # of neighbors = 1314214
Ave neighs/atom = 355.19297
Ave special neighs/atom = 11.898378
Neighbor list builds = 396
Dangerous builds = 0
Generated 0 of 1 mixed pair_coeff terms from geometric mixing rule
Setting up Verlet run ...
  Unit style    : real
  Current step  : 5501077
  Time step     : 0.1
WARNING: Inconsistent image flags (src/domain.cpp:1051)
Per MPI rank memory allocation (min/avg/max) = 13.93 | 13.94 | 13.95 Mbytes
   Step         Volume          Temp          Press          PotEng         KinEng         TotEng         E_vdwl         E_coul         E_bond        E_angle        E_dihed        E_impro        Density    
   5501077   59147.686      600            51865.893      26761.017      6615.6098      33376.627      13319.483      0              1522.9367      3564.182       8354.4146      0              1.408849     
   5510000   59147.686      591.38272      52503.768      30191.109      6520.5956      36711.704      13907.854      0              2509.5137      4483.5043      9290.2367      0              1.408849     
   5520000   59147.686      604.17488      51679.264      30529.908      6661.6421      37191.55       13863.867      0              2628.9031      4654.2231      9382.9153      0              1.408849     
   5530000   59147.686      608.09216      50982.524      30492.512      6704.8341      37197.346      13972.578      0              2544.908       4602.6185      9372.407       0              1.408849     
   5540000   59147.686      616.00064      50497.572      30446.166      6792.0332      37238.199      13962.315      0              2576.1828      4558.1718      9349.4964      0              1.408849     
   5550000   59147.686      612.42274      51571.328      30378.671      6752.5832      37131.255      13932.019      0              2557.74        4588.731       9300.181       0              1.408849     
   5551077   59147.686      593.24456      50126.772      30411.858      6541.1243      36952.983      13895.391      0              2498.0343      4630.9099      9387.5227      0              1.408849     
Loop time of 32.2729 on 48 procs for 50000 steps with 3700 atoms

Performance: 13.386 ns/day, 1.793 hours/ns, 1549.288 timesteps/s, 5.732 Matom-step/s
99.9% CPU use with 48 MPI tasks x 1 OpenMP threads

MPI task timing breakdown:
Section |  min time  |  avg time  |  max time  |%varavg| %total
---------------------------------------------------------------
Pair    | 16.689     | 21.218     | 24.156     |  35.6 | 65.74
Bond    | 1.9751     | 2.5986     | 3.0748     |  12.1 |  8.05
Neigh   | 0.097926   | 0.098489   | 0.098824   |   0.1 |  0.31
Comm    | 4.6852     | 7.8162     | 12.967     |  63.7 | 24.22
Output  | 0.0021441  | 0.0038981  | 0.0054925  |   1.5 |  0.01
Modify  | 0.24823    | 0.30282    | 0.37101    |   5.8 |  0.94
Other   |            | 0.2353     |            |       |  0.73

Nlocal:        77.0833 ave          88 max          69 min
Histogram: 2 2 9 11 7 7 6 3 0 1
Nghost:        3571.56 ave        3604 max        3533 min
Histogram: 1 1 4 5 8 10 10 4 1 4
Neighs:        27382.1 ave       31227 max       22532 min
Histogram: 2 1 2 4 11 9 8 3 4 4

Total # of neighbors = 1314343
Ave neighs/atom = 355.22784
Ave special neighs/atom = 11.898378
Neighbor list builds = 82
Dangerous builds = 0
Generated 0 of 1 mixed pair_coeff terms from geometric mixing rule
Setting up Verlet run ...
  Unit style    : real
  Current step  : 5551077
  Time step     : 0.1
WARNING: Inconsistent image flags (src/domain.cpp:1051)
Per MPI rank memory allocation (min/avg/max) = 13.93 | 13.94 | 13.95 Mbytes
   Step         Volume          Temp          Press          PotEng         KinEng         TotEng         E_vdwl         E_coul         E_bond        E_angle        E_dihed        E_impro        Density    
   5551077   59147.686      308            47696.073      30411.858      3396.013       33807.871      13895.391      0              2498.0343      4630.9099      9387.5227      0              1.408849     
   5560000   59147.686      305.72765      49314.066      26818.737      3370.9581      30189.695      13320.245      0              1511.1507      3573.8938      8413.4477      0              1.408849     
   5570000   59147.686      308.19183      47930.98       26806.708      3398.1282      30204.836      13274.228      0              1526.5112      3603.2975      8402.6714      0              1.408849     
   5580000   59147.686      310.11045      49136.145      26757.869      3419.2829      30177.152      13306.44       0              1532.9355      3517.3077      8401.1865      0              1.408849     
   5590000   59147.686      301.09525      48592.108      26695.41       3319.8812      30015.292      13274.791      0              1567.7304      3564.0304      8288.8586      0              1.408849     
   5600000   59147.686      300.93378      50111.875      26714.139      3318.1008      30032.24       13352.232      0              1466.0021      3527.3907      8368.5142      0              1.408849     
   5601077   59147.686      307.53142      49799.927      26715.88       3390.8464      30106.726      13296.93       0              1571.7345      3570.7082      8276.5077      0              1.408849     
Loop time of 31.7986 on 48 procs for 50000 steps with 3700 atoms

Performance: 13.586 ns/day, 1.767 hours/ns, 1572.396 timesteps/s, 5.818 Matom-step/s
99.9% CPU use with 48 MPI tasks x 1 OpenMP threads

MPI task timing breakdown:
Section |  min time  |  avg time  |  max time  |%varavg| %total
---------------------------------------------------------------
Pair    | 16.833     | 21.195     | 24.393     |  34.9 | 66.65
Bond    | 1.9956     | 2.5927     | 3.0699     |  11.3 |  8.15
Neigh   | 0.038742   | 0.039017   | 0.03915    |   0.0 |  0.12
Comm    | 4.1127     | 7.4321     | 12.409     |  63.5 | 23.37
Output  | 0.002087   | 0.0038138  | 0.005407   |   1.5 |  0.01
Modify  | 0.24725    | 0.30094    | 0.37336    |   5.9 |  0.95
Other   |            | 0.2352     |            |       |  0.74

Nlocal:        77.0833 ave          85 max          68 min
Histogram: 1 2 6 5 9 5 5 10 2 3
Nghost:        3573.29 ave        3610 max        3537 min
Histogram: 1 3 4 8 9 8 6 3 3 3
Neighs:        27382.1 ave       31026 max       21822 min
Histogram: 1 2 1 1 10 10 8 6 4 5

Total # of neighbors = 1314341
Ave neighs/atom = 355.2273
Ave special neighs/atom = 11.898378
Neighbor list builds = 33
Dangerous builds = 0
Generated 0 of 1 mixed pair_coeff terms from geometric mixing rule
Setting up Verlet run ...
  Unit style    : real
  Current step  : 5601077
  Time step     : 0.1
WARNING: Inconsistent image flags (src/domain.cpp:1051)
Per MPI rank memory allocation (min/avg/max) = 13.93 | 13.94 | 13.95 Mbytes
   Step         Volume          Temp          Press          PotEng         KinEng         TotEng         E_vdwl         E_coul         E_bond        E_angle        E_dihed        E_impro        Density    
   5601077   59147.686      308            49803.92       26715.88       3396.013       30111.893      13296.93       0              1571.7345      3570.7082      8276.5077      0              1.408849     
   5610000   67159.791      310.17408      24742.184      22727.187      3419.9845      26147.171      9695.5542      0              1558.6626      3489.6652      7983.3045      0              1.2407746    
   5620000   67244.55       309.90121      26134.125      22664.338      3416.9758      26081.314      9644.3975      0              1579.4525      3475.6931      7964.7947      0              1.2392106    
   5630000   67341.068      306.11423      25279.224      22631.352      3375.2205      26006.573      9534.1468      0              1635.0684      3495.586       7966.5512      0              1.2374345    
   5640000   67615.038      312.70446      25018.649      22489.16       3447.8845      25937.044      9445.3291      0              1587.6942      3557.052       7899.0844      0              1.2324205    
   5650000   67485.985      308.00517      25471.429      22563.741      3396.07        25959.811      9542.8095      0              1618.1505      3527.5982      7875.1824      0              1.2347773    
   5660000   67591.528      302.13713      24972.653      22523.025      3331.369       25854.394      9436.3045      0              1631.9234      3514.2413      7940.5554      0              1.2328492    
   5670000   67465.661      307.24113      25734.792      22500.474      3387.6457      25888.12       9450.1731      0              1570.5542      3552.8956      7926.851       0              1.2351493    
   5680000   67519.095      309.80992      25124.65       22534.534      3415.9693      25950.504      9460.7239      0              1586.2747      3527.507       7960.0289      0              1.2341718    
   5690000   67477.475      311.57403      23747.494      22515.387      3435.4204      25950.808      9467.0405      0              1543.8164      3561.4174      7943.1131      0              1.234933     
   5700000   67521.525      309.15049      25588.621      22420.764      3408.6984      25829.463      9527.5842      0              1531.5407      3510.9138      7850.7255      0              1.2341274    
   5701077   67510.093      307.05075      25090.359      22527.483      3385.5465      25913.03       9522.7413      0              1577.798       3527.0562      7899.8878      0              1.2343363    
Loop time of 62.2867 on 48 procs for 100000 steps with 3700 atoms

Performance: 13.871 ns/day, 1.730 hours/ns, 1605.479 timesteps/s, 5.940 Matom-step/s
99.9% CPU use with 48 MPI tasks x 1 OpenMP threads

MPI task timing breakdown:
Section |  min time  |  avg time  |  max time  |%varavg| %total
---------------------------------------------------------------
Pair    | 28.465     | 38.394     | 43.389     |  50.9 | 61.64
Bond    | 4.4001     | 6.1827     | 7.2381     |  19.8 |  9.93
Neigh   | 0.10486    | 0.10556    | 0.10603    |   0.1 |  0.17
Comm    | 9.8184     | 15.367     | 27.08      |  89.7 | 24.67
Output  | 0.004143   | 0.007584   | 0.010813   |   2.1 |  0.01
Modify  | 1.574      | 1.7212     | 1.8641     |   5.1 |  2.76
Other   |            | 0.5089     |            |       |  0.82

Nlocal:        77.0833 ave          84 max          65 min
Histogram: 1 2 2 4 1 10 8 9 6 5
Nghost:        3240.94 ave        3276 max        3194 min
Histogram: 2 2 1 3 10 8 5 8 7 2
Neighs:        24012.1 ave       27780 max       18958 min
Histogram: 1 2 3 4 8 6 9 9 3 3

Total # of neighbors = 1152582
Ave neighs/atom = 311.50865
Ave special neighs/atom = 11.898378
Neighbor list builds = 98
Dangerous builds = 0
Generated 0 of 1 mixed pair_coeff terms from geometric mixing rule
Setting up Verlet run ...
  Unit style    : real
  Current step  : 5701077
  Time step     : 0.1
WARNING: Inconsistent image flags (src/domain.cpp:1051)
Per MPI rank memory allocation (min/avg/max) = 13.93 | 13.94 | 13.95 Mbytes
   Step         Volume          Temp          Press          PotEng         KinEng         TotEng         E_vdwl         E_coul         E_bond        E_angle        E_dihed        E_impro        Density    
   5701077   67510.093      600            27277.492      22527.483      6615.6098      29143.093      9522.7413      0              1577.798       3527.0562      7899.8878      0              1.2343363    
   5710000   67510.093      604.24553      25005.81       26354.791      6662.4211      33017.212      10092.437      0              2714.293       4570.5555      8977.5057      0              1.2343363    
   5720000   67510.093      606.34949      27550.562      26261.421      6685.6194      32947.04       10105.485      0              2588.7702      4596.1936      8970.972       0              1.2343363    
   5730000   67510.093      599.79431      24627.269      26324.361      6613.3419      32937.703      10000.898      0              2779.8974      4537.0803      9006.4853      0              1.2343363    
   5740000   67510.093      603.72803      25726.834      26293.58       6656.7151      32950.295      10065.952      0              2701.523       4536.4162      8989.6893      0              1.2343363    
   5750000   67510.093      597.93017      26495.824      26298.067      6592.7879      32890.855      10068.825      0              2634.8907      4563.6547      9030.6973      0              1.2343363    
   5751077   67510.093      595.20069      26226.097      26212.369      6562.6925      32775.061      10051.319      0              2640.3776      4552.431       8968.2408      0              1.2343363    
Loop time of 28.7974 on 48 procs for 50000 steps with 3700 atoms

Performance: 15.001 ns/day, 1.600 hours/ns, 1736.266 timesteps/s, 6.424 Matom-step/s
99.9% CPU use with 48 MPI tasks x 1 OpenMP threads

MPI task timing breakdown:
Section |  min time  |  avg time  |  max time  |%varavg| %total
---------------------------------------------------------------
Pair    | 13.951     | 18.562     | 21.079     |  37.7 | 64.46
Bond    | 1.9214     | 2.5855     | 3.0458     |  13.1 |  8.98
Neigh   | 0.091236   | 0.091644   | 0.091894   |   0.1 |  0.32
Comm    | 4.35       | 7.0268     | 12.298     |  67.0 | 24.40
Output  | 0.0020611  | 0.0038042  | 0.0053921  |   1.5 |  0.01
Modify  | 0.2281     | 0.3034     | 0.38846    |   6.4 |  1.05
Other   |            | 0.2239     |            |       |  0.78

Nlocal:        77.0833 ave          89 max          62 min
Histogram: 1 5 1 2 11 6 7 8 5 2
Nghost:        3236.58 ave        3271 max        3186 min
Histogram: 1 0 3 3 9 7 5 15 3 2
Neighs:        23950.8 ave       28001 max       18813 min
Histogram: 4 3 2 2 8 5 6 9 6 3

Total # of neighbors = 1149637
Ave neighs/atom = 310.7127
Ave special neighs/atom = 11.898378
Neighbor list builds = 85
Dangerous builds = 0
Generated 0 of 1 mixed pair_coeff terms from geometric mixing rule
Setting up Verlet run ...
  Unit style    : real
  Current step  : 5751077
  Time step     : 0.1
WARNING: Inconsistent image flags (src/domain.cpp:1051)
Per MPI rank memory allocation (min/avg/max) = 13.93 | 13.94 | 13.95 Mbytes
   Step         Volume          Temp          Press          PotEng         KinEng         TotEng         E_vdwl         E_coul         E_bond        E_angle        E_dihed        E_impro        Density    
   5751077   67510.093      308            24081.883      26212.369      3396.013       29608.382      10051.319      0              2640.3776      4552.431       8968.2408      0              1.2343363    
   5760000   67510.093      300.17911      23597.302      22620.547      3309.7798      25930.326      9475.1479      0              1616.1503      3499.1888      8030.0596      0              1.2343363    
   5770000   67510.093      303.7223       25896.607      22594.791      3348.8471      25943.638      9529.7723      0              1536.8571      3571.4347      7956.7266      0              1.2343363    
   5780000   67510.093      310.05818      23772.97       22585.168      3418.7065      26003.874      9521.0221      0              1605.3982      3490.0188      7968.7287      0              1.2343363    
   5790000   67510.093      303.68856      24536.257      22593.244      3348.475       25941.719      9519.9099      0              1564.591       3524.39        7984.3527      0              1.2343363    
   5800000   67510.093      303.22742      23875.423      22598.314      3343.3905      25941.704      9472.0257      0              1645.2956      3476.1072      8004.8854      0              1.2343363    
   5801077   67510.093      301.63769      24509.853      22484.923      3325.8621      25810.785      9485.3191      0              1537.0785      3493.002       7969.5233      0              1.2343363    
Loop time of 28.7769 on 48 procs for 50000 steps with 3700 atoms

Performance: 15.012 ns/day, 1.599 hours/ns, 1737.503 timesteps/s, 6.429 Matom-step/s
99.9% CPU use with 48 MPI tasks x 1 OpenMP threads

MPI task timing breakdown:
Section |  min time  |  avg time  |  max time  |%varavg| %total
---------------------------------------------------------------
Pair    | 14.298     | 18.552     | 21.581     |  39.6 | 64.47
Bond    | 1.8887     | 2.5789     | 2.9816     |  13.9 |  8.96
Neigh   | 0.048934   | 0.049139   | 0.049273   |   0.1 |  0.17
Comm    | 4.0688     | 7.0676     | 12.006     |  70.4 | 24.56
Output  | 0.0021083  | 0.0038742  | 0.0055211  |   1.5 |  0.01
Modify  | 0.23026    | 0.30397    | 0.39397    |   6.6 |  1.06
Other   |            | 0.2219     |            |       |  0.77

Nlocal:        77.0833 ave          87 max          63 min
Histogram: 3 2 2 1 8 7 4 13 3 5
Nghost:        3235.33 ave        3287 max        3191 min
Histogram: 3 2 4 9 6 11 11 0 1 1
Neighs:        23962.5 ave       28790 max       18174 min
Histogram: 3 1 2 6 6 12 7 4 5 2

Total # of neighbors = 1150202
Ave neighs/atom = 310.86541
Ave special neighs/atom = 11.898378
Neighbor list builds = 46
Dangerous builds = 0
Generated 0 of 1 mixed pair_coeff terms from geometric mixing rule
Setting up Verlet run ...
  Unit style    : real
  Current step  : 5801077
  Time step     : 0.1
WARNING: Inconsistent image flags (src/domain.cpp:1051)
Per MPI rank memory allocation (min/avg/max) = 13.93 | 13.94 | 13.95 Mbytes
   Step         Volume          Temp          Press          PotEng         KinEng         TotEng         E_vdwl         E_coul         E_bond        E_angle        E_dihed        E_impro        Density    
   5801077   67510.093      308            24557.353      22484.923      3396.013       25880.936      9485.3191      0              1537.0785      3493.002       7969.5233      0              1.2343363    
   5810000   89247.025      306.61077      5107.2065      19049.03       3380.6954      22429.725      6438.7541      0              1653.683       3431.8531      7524.7396      0              0.93370239   
   5820000   90578.223      308.77352      5056.2793      18784.266      3404.5419      22188.808      6352.724       0              1648.0985      3369.8333      7413.6105      0              0.91998008   
   5830000   90866.702      307.18302      4924.8058      18818.835      3387.005       22205.84       6302.303       0              1701.9246      3451.209       7363.3988      0              0.91705937   
   5840000   90100.335      310.00565      5154.2087      18886.859      3418.1274      22304.987      6314.0061      0              1682.967       3465.4963      7424.3899      0              0.92485961   
   5850000   90190.168      308.46444      5555.0417      18875.583      3401.134       22276.717      6326.5935      0              1687.5203      3440.2544      7421.2151      0              0.92393841   
   5860000   89861.131      305.20014      5223.9881      18826.187      3365.1418      22191.329      6257.2995      0              1696.5637      3487.3818      7384.9422      0              0.92732152   
   5870000   89718.018      307.87533      5689.984       18856.017      3394.6385      22250.656      6323.1092      0              1673.5304      3441.8442      7417.5336      0              0.92880072   
   5880000   90491.062      310.53578      4305.5835      18730.264      3423.9726      22154.236      6232.0327      0              1738.6755      3421.3562      7338.1991      0              0.9208662    
   5890000   89830.857      303.89572      4858.744       18806.988      3350.7592      22157.747      6286.1921      0              1729.1531      3416.6802      7374.9624      0              0.92763404   
   5900000   89845.85       297.48336      4213.555       18758.411      3280.0564      22038.468      6216.4949      0              1677.6984      3464.6909      7399.5271      0              0.92747924   
   5901077   89125.788      309.26128      6495.3886      18828.791      3409.9199      22238.711      6299.0349      0              1659.7136      3453.2129      7416.8298      0              0.9349725    
Loop time of 51.7555 on 48 procs for 100000 steps with 3700 atoms

Performance: 16.694 ns/day, 1.438 hours/ns, 1932.162 timesteps/s, 7.149 Matom-step/s
99.9% CPU use with 48 MPI tasks x 1 OpenMP threads

MPI task timing breakdown:
Section |  min time  |  avg time  |  max time  |%varavg| %total
---------------------------------------------------------------
Pair    | 20.191     | 28.143     | 35.046     |  55.1 | 54.38
Bond    | 3.998      | 6.1191     | 7.2373     |  26.7 | 11.82
Neigh   | 0.10785    | 0.1086     | 0.10913    |   0.1 |  0.21
Comm    | 7.2993     | 15.236     | 25.293     |  87.8 | 29.44
Output  | 0.0042051  | 0.0075903  | 0.010772   |   2.1 |  0.01
Modify  | 1.5554     | 1.681      | 1.7924     |   4.4 |  3.25
Other   |            | 0.461      |            |       |  0.89

Nlocal:        77.0833 ave          92 max          57 min
Histogram: 2 0 3 5 9 5 9 6 6 3
Nghost:           2641 ave        2689 max        2584 min
Histogram: 2 1 4 7 7 7 6 7 5 2
Neighs:        17959.4 ave       22646 max       12722 min
Histogram: 1 1 2 8 9 13 5 5 1 3

Total # of neighbors = 862051
Ave neighs/atom = 232.98676
Ave special neighs/atom = 11.898378
Neighbor list builds = 124
Dangerous builds = 0
Generated 0 of 1 mixed pair_coeff terms from geometric mixing rule
Setting up Verlet run ...
  Unit style    : real
  Current step  : 5901077
  Time step     : 0.1
WARNING: Inconsistent image flags (src/domain.cpp:1051)
Per MPI rank memory allocation (min/avg/max) = 13.93 | 13.93 | 13.94 Mbytes
   Step         Volume          Temp          Press          PotEng         KinEng         TotEng         E_vdwl         E_coul         E_bond        E_angle        E_dihed        E_impro        Density    
   5901077   89125.788      600            8139.5748      18828.791      6615.6098      25444.401      6299.0349      0              1659.7136      3453.2129      7416.8298      0              0.9349725    
   5910000   89125.788      594.4469       5204.5098      22454.999      6554.3812      29009.38       6779.8533      0              2814.6323      4442.125       8418.3885      0              0.9349725    
   5920000   89125.788      604.74072      6535.4667      22544.317      6667.8811      29212.198      6740.8121      0              2831.4556      4517.4522      8454.5966      0              0.9349725    
   5930000   89125.788      596.08189      6248.1828      22361.799      6572.4087      28934.208      6820.0416      0              2729.2258      4457.5953      8354.9366      0              0.9349725    
   5940000   89125.788      612.33104      7254.691       22454.553      6751.5721      29206.125      6825.4802      0              2781.3746      4455.5282      8392.1701      0              0.9349725    
   5950000   89125.788      613.36898      6612.2461      22530.039      6763.0164      29293.055      6771.0651      0              2790.1118      4472.6588      8496.203       0              0.9349725    
   5951077   89125.788      605.98971      5812.95        22280.009      6681.6524      28961.661      6673.9223      0              2760.9751      4368.3899      8476.7217      0              0.9349725    
Loop time of 24.0266 on 48 procs for 50000 steps with 3700 atoms

Performance: 17.980 ns/day, 1.335 hours/ns, 2081.027 timesteps/s, 7.700 Matom-step/s
99.9% CPU use with 48 MPI tasks x 1 OpenMP threads

MPI task timing breakdown:
Section |  min time  |  avg time  |  max time  |%varavg| %total
---------------------------------------------------------------
Pair    | 10.449     | 13.65      | 17.147     |  39.7 | 56.81
Bond    | 1.8144     | 2.5613     | 3.112      |  17.2 | 10.66
Neigh   | 0.07919    | 0.079626   | 0.079951   |   0.1 |  0.33
Comm    | 3.2562     | 7.2376     | 11.187     |  62.3 | 30.12
Output  | 0.0021238  | 0.0038491  | 0.0054697  |   1.5 |  0.02
Modify  | 0.21816    | 0.28364    | 0.34984    |   5.6 |  1.18
Other   |            | 0.2104     |            |       |  0.88

Nlocal:        77.0833 ave          93 max          59 min
Histogram: 2 2 5 5 4 8 12 5 3 2
Nghost:        2644.96 ave        2696 max        2593 min
Histogram: 1 3 4 10 8 6 7 2 3 4
Neighs:        18084.7 ave       23342 max       13983 min
Histogram: 5 3 3 9 9 9 4 3 1 2

Total # of neighbors = 868066
Ave neighs/atom = 234.61243
Ave special neighs/atom = 11.898378
Neighbor list builds = 91
Dangerous builds = 0
Generated 0 of 1 mixed pair_coeff terms from geometric mixing rule
Setting up Verlet run ...
  Unit style    : real
  Current step  : 5951077
  Time step     : 0.1
WARNING: Inconsistent image flags (src/domain.cpp:1051)
Per MPI rank memory allocation (min/avg/max) = 13.93 | 13.93 | 13.94 Mbytes
   Step         Volume          Temp          Press          PotEng         KinEng         TotEng         E_vdwl         E_coul         E_bond        E_angle        E_dihed        E_impro        Density    
   5951077   89125.788      308            4127.7581      22280.009      3396.013       25676.022      6673.9223      0              2760.9751      4368.3899      8476.7217      0              0.9349725    
   5960000   89125.788      306.67844      5167.2313      18840.087      3381.4415      22221.529      6284.2143      0              1715.5157      3438.6178      7401.7394      0              0.9349725    
   5970000   89125.788      305.6559       5374.5006      18857.011      3370.1669      22227.178      6298.5733      0              1674.7559      3460.2544      7423.4276      0              0.9349725    
   5980000   89125.788      311.95621      5486.3371      18770.233      3439.6343      22209.867      6261.303       0              1686.7111      3480.2228      7341.9957      0              0.9349725    
   5990000   89125.788      305.09179      5701.1289      18651.091      3363.947       22015.038      6288.2935      0              1626.838       3410.5977      7325.3616      0              0.9349725    
   6000000   89125.788      304.34578      5129.7498      18797.887      3355.7215      22153.608      6284.4512      0              1647.5554      3450.9972      7414.8829      0              0.9349725    
   6001077   89125.788      309.52248      5421.9752      18864.099      3412.7999      22276.899      6311.1753      0              1670.7868      3440.9886      7441.1486      0              0.9349725    
Loop time of 23.9242 on 48 procs for 50000 steps with 3700 atoms

Performance: 18.057 ns/day, 1.329 hours/ns, 2089.932 timesteps/s, 7.733 Matom-step/s
99.9% CPU use with 48 MPI tasks x 1 OpenMP threads

MPI task timing breakdown:
Section |  min time  |  avg time  |  max time  |%varavg| %total
---------------------------------------------------------------
Pair    | 10.262     | 13.633     | 17.351     |  42.4 | 56.98
Bond    | 1.7045     | 2.5557     | 3.26       |  18.5 | 10.68
Neigh   | 0.048345   | 0.048618   | 0.048812   |   0.1 |  0.20
Comm    | 2.998      | 7.1816     | 11.409     |  67.0 | 30.02
Output  | 0.0020239  | 0.0037453  | 0.0053562  |   1.5 |  0.02
Modify  | 0.22268    | 0.29122    | 0.38658    |   6.5 |  1.22
Other   |            | 0.2101     |            |       |  0.88

Nlocal:        77.0833 ave          94 max          53 min
Histogram: 1 0 3 8 4 7 8 10 4 3
Nghost:        2637.52 ave        2692 max        2598 min
Histogram: 3 4 9 10 7 5 3 3 3 1
Neighs:        18082.4 ave       23694 max       11895 min
Histogram: 1 0 2 11 8 8 9 6 2 1

Total # of neighbors = 867955
Ave neighs/atom = 234.58243
Ave special neighs/atom = 11.898378
Neighbor list builds = 55
Dangerous builds = 0
Generated 0 of 1 mixed pair_coeff terms from geometric mixing rule
Setting up Verlet run ...
  Unit style    : real
  Current step  : 6001077
  Time step     : 0.1
WARNING: Inconsistent image flags (src/domain.cpp:1051)
Per MPI rank memory allocation (min/avg/max) = 13.93 | 13.93 | 13.94 Mbytes
   Step         Volume          Temp          Press          PotEng         KinEng         TotEng         E_vdwl         E_coul         E_bond        E_angle        E_dihed        E_impro        Density    
   6001077   89125.788      308            5413.3653      18864.099      3396.013       22260.112      6311.1753      0              1670.7868      3440.9886      7441.1486      0              0.9349725    
   6010000   109000.18      312.00742      175.1888       18167.483      3440.1989      21607.682      5647.6212      0              1761.4474      3474.9216      7283.4928      0              0.7644956    
   6020000   113416.82      304.41897      479.56461      18194.326      3356.5286      21550.855      5672.1894      0              1756.011       3458.3693      7307.7565      0              0.73472491   
   6030000   114426.65      309.24504      71.182062      18188.514      3409.7408      21598.255      5645.3412      0              1804.8285      3451.3474      7286.997       0              0.72824082   
   6040000   114574.12      304.15726      949.27713      18149.844      3353.6429      21503.487      5665.8735      0              1719.9634      3461.9326      7302.0741      0              0.72730351   
   6050000   113539.97      313.05924      1322.4362      18070.659      3451.7963      21522.456      5632.1476      0              1739.7176      3401.507       7297.2869      0              0.73392797   
   6060000   114349.68      311.5037       726.63385      18114.68       3434.6448      21549.325      5634.0268      0              1745.6009      3439.3712      7295.6814      0              0.728731     
   6070000   113701.42      303.06128      840.0342       18108.902      3341.5586      21450.461      5607.818       0              1713.2085      3460.5135      7327.3621      0              0.73288584   
   6080000   113362.42      308.51214      1012.8524      18144.743      3401.6599      21546.403      5557.0325      0              1778.564       3478.4138      7330.7326      0              0.73507747   
   6090000   112534.88      308.63012      447.40279      18092.503      3402.9608      21495.464      5555.369       0              1761.4489      3479.3136      7296.3718      0              0.74048295   
   6100000   113549.37      298.83843      240.24245      18150.352      3294.9975      21445.349      5580.7424      0              1797.0682      3433.6201      7338.9213      0              0.7338672    
   6101077   113110.84      307.99958      82.515048      18141.07       3396.0084      21537.078      5576.1151      0              1802.3684      3452.9704      7309.6159      0              0.7367124    
Loop time of 45.6808 on 48 procs for 100000 steps with 3700 atoms

Performance: 18.914 ns/day, 1.269 hours/ns, 2189.104 timesteps/s, 8.100 Matom-step/s
99.9% CPU use with 48 MPI tasks x 1 OpenMP threads

MPI task timing breakdown:
Section |  min time  |  avg time  |  max time  |%varavg| %total
---------------------------------------------------------------
Pair    | 15.375     | 22.364     | 29.906     |  71.2 | 48.96
Bond    | 3.9761     | 6.0999     | 7.5629     |  31.0 | 13.35
Neigh   | 0.098106   | 0.098652   | 0.099097   |   0.1 |  0.22
Comm    | 6.3189     | 14.997     | 24.105     | 103.0 | 32.83
Output  | 0.0041126  | 0.0075723  | 0.010827   |   2.1 |  0.02
Modify  | 1.5319     | 1.6724     | 1.8196     |   4.7 |  3.66
Other   |            | 0.4408     |            |       |  0.96

Nlocal:        77.0833 ave         101 max          58 min
Histogram: 4 5 4 8 2 14 5 5 0 1
Nghost:        2232.19 ave        2314 max        2166 min
Histogram: 5 5 6 3 7 8 10 0 1 3
Neighs:        14236.9 ave       20321 max       10108 min
Histogram: 6 6 2 10 8 7 5 1 2 1

Total # of neighbors = 683371
Ave neighs/atom = 184.69486
Ave special neighs/atom = 11.898378
Neighbor list builds = 125
Dangerous builds = 0
Generated 0 of 1 mixed pair_coeff terms from geometric mixing rule
Setting up Verlet run ...
  Unit style    : real
  Current step  : 6101077
  Time step     : 0.1
WARNING: Inconsistent image flags (src/domain.cpp:1051)
Per MPI rank memory allocation (min/avg/max) = 13.93 | 13.93 | 13.94 Mbytes
   Step         Volume          Temp          Press          PotEng         KinEng         TotEng         E_vdwl         E_coul         E_bond        E_angle        E_dihed        E_impro        Density    
   6101077   113110.84      600            1383.6751      18141.07       6615.6098      24756.68       5576.1151      0              1802.3684      3452.9704      7309.6159      0              0.7367124    
   6110000   113110.84      616.4301       623.25798      21746.803      6796.7683      28543.571      5923.4374      0              2931.357       4489.6169      8402.3918      0              0.7367124    
   6120000   113110.84      594.60613     -14.340677      21713.135      6556.137       28269.272      5972.9417      0              2922.4845      4507.9181      8309.7908      0              0.7367124    
   6130000   113110.84      589.15298      800.43099      21666.657      6496.0104      28162.668      5951.7332      0              2904.4192      4506.0606      8304.4445      0              0.7367124    
   6140000   113110.84      604.77053      1096.3247      21675.571      6668.2097      28343.781      5946.5198      0              2970.5232      4529.7532      8228.7751      0              0.7367124    
   6150000   113110.84      609.68978      1151.0709      21738.999      6722.4495      28461.448      6002.1899      0              2901.6506      4505.2422      8329.9159      0              0.7367124    
   6151077   113110.84      606.18242      735.69946      21535.393      6683.7773      28219.17       5883.7792      0              2852.3181      4481.0562      8318.2392      0              0.7367124    
Loop time of 20.9691 on 48 procs for 50000 steps with 3700 atoms

Performance: 20.602 ns/day, 1.165 hours/ns, 2384.460 timesteps/s, 8.823 Matom-step/s
99.9% CPU use with 48 MPI tasks x 1 OpenMP threads

MPI task timing breakdown:
Section |  min time  |  avg time  |  max time  |%varavg| %total
---------------------------------------------------------------
Pair    | 6.9138     | 10.667     | 14.685     |  56.8 | 50.87
Bond    | 1.6535     | 2.5481     | 3.2596     |  23.1 | 12.15
Neigh   | 0.072584   | 0.07301    | 0.07332    |   0.1 |  0.35
Comm    | 2.722      | 7.1792     | 11.81      |  81.0 | 34.24
Output  | 0.0020501  | 0.0037697  | 0.0053652  |   1.5 |  0.02
Modify  | 0.22571    | 0.29733    | 0.39872    |   6.5 |  1.42
Other   |            | 0.2009     |            |       |  0.96

Nlocal:        77.0833 ave          96 max          51 min
Histogram: 2 3 2 6 3 5 12 4 7 4
Nghost:         2229.6 ave        2310 max        2166 min
Histogram: 4 5 8 6 6 5 4 5 4 1
Neighs:        14231.4 ave       20251 max        8806 min
Histogram: 6 2 2 4 9 10 10 3 1 1

Total # of neighbors = 683108
Ave neighs/atom = 184.62378
Ave special neighs/atom = 11.898378
Neighbor list builds = 93
Dangerous builds = 0
Generated 0 of 1 mixed pair_coeff terms from geometric mixing rule
Setting up Verlet run ...
  Unit style    : real
  Current step  : 6151077
  Time step     : 0.1
WARNING: Inconsistent image flags (src/domain.cpp:1051)
Per MPI rank memory allocation (min/avg/max) = 13.93 | 13.93 | 13.94 Mbytes
   Step         Volume          Temp          Press          PotEng         KinEng         TotEng         E_vdwl         E_coul         E_bond        E_angle        E_dihed        E_impro        Density    
   6151077   113110.84      308           -593.00772      21535.393      3396.013       24931.406      5883.7792      0              2852.3181      4481.0562      8318.2392      0              0.7367124    
   6160000   113110.84      302.68334      477.53732      18076.069      3337.3915      21413.46       5615.0048      0              1754.0677      3409.1636      7297.8329      0              0.7367124    
   6170000   113110.84      305.25691      514.17968      18055.338      3365.7677      21421.106      5553.0677      0              1785.2556      3442.7809      7274.2338      0              0.7367124    
   6180000   113110.84      301.77935      528.35283      18137.171      3327.4241      21464.595      5612.6687      0              1758.5757      3484.5409      7281.3859      0              0.7367124    
   6190000   113110.84      313.07383      741.92444      18118.489      3451.9572      21570.446      5615.6973      0              1752.2916      3416.5571      7333.9431      0              0.7367124    
   6200000   113110.84      308.86175      921.32042      18057.733      3405.5147      21463.248      5564.8607      0              1724.6003      3471.8553      7296.4168      0              0.7367124    
   6210000   113110.84      307.60574      345.02744      18126.6        3391.6659      21518.266      5621.8791      0              1749.0984      3478.2169      7277.4054      0              0.7367124    
   6220000   113110.84      306.86181      708.47479      18061.346      3383.4634      21444.809      5639.6909      0              1793.0028      3384.5208      7244.1315      0              0.7367124    
   6230000   113110.84      307.53534      226.22924      18096.334      3390.8897      21487.223      5554.0577      0              1812.8011      3473.1021      7256.3728      0              0.7367124    
   6240000   113110.84      310.57573      570.77852      18167.134      3424.4131      21591.547      5578.3944      0              1798.7246      3509.5307      7280.4844      0              0.7367124    
   6250000   113110.84      318.15719      797.53519      18035.799      3508.0064      21543.805      5586.2369      0              1756.7888      3400.3526      7292.4205      0              0.7367124    
   6251077   113110.84      309.00998      824.95937      18143.79       3407.1491      21550.939      5590.9966      0              1781.6587      3492.3545      7278.7805      0              0.7367124    
Loop time of 41.3718 on 48 procs for 100000 steps with 3700 atoms

Performance: 20.884 ns/day, 1.149 hours/ns, 2417.104 timesteps/s, 8.943 Matom-step/s
99.9% CPU use with 48 MPI tasks x 1 OpenMP threads

MPI task timing breakdown:
Section |  min time  |  avg time  |  max time  |%varavg| %total
---------------------------------------------------------------
Pair    | 12.871     | 21.33      | 28.945     |  81.9 | 51.56
Bond    | 3.561      | 5.078      | 6.5167     |  31.9 | 12.27
Neigh   | 0.083012   | 0.083481   | 0.083787   |   0.1 |  0.20
Comm    | 5.5548     | 13.89      | 23.251     | 117.7 | 33.57
Output  | 0.0039984  | 0.0074231  | 0.010648   |   2.1 |  0.02
Modify  | 0.44023    | 0.58585    | 0.74811    |   8.9 |  1.42
Other   |            | 0.3976     |            |       |  0.96

Nlocal:        77.0833 ave          94 max          52 min
Histogram: 4 1 3 3 3 7 8 7 9 3
Nghost:        2218.42 ave        2304 max        2146 min
Histogram: 3 4 6 7 7 8 4 5 3 1
Neighs:        14235.6 ave       18142 max        8000 min
Histogram: 1 2 5 3 5 4 7 7 9 5

Total # of neighbors = 683309
Ave neighs/atom = 184.67811
Ave special neighs/atom = 11.898378
Neighbor list builds = 107
Dangerous builds = 0
Generated 0 of 1 mixed pair_coeff terms from geometric mixing rule
Setting up Verlet run ...
  Unit style    : real
  Current step  : 6251077
  Time step     : 0.1
WARNING: Inconsistent image flags (src/domain.cpp:1051)
Per MPI rank memory allocation (min/avg/max) = 13.93 | 13.93 | 13.94 Mbytes
   Step         Volume          Temp          Press          PotEng         KinEng         TotEng         E_vdwl         E_coul         E_bond        E_angle        E_dihed        E_impro        Density    
   6251077   113110.84      308            820.45886      18143.79       3396.013       21539.803      5590.9966      0              1781.6587      3492.3545      7278.7805      0              0.7367124    
   6260000   119052.92      302.83188      397.97257      18114.294      3339.0292      21453.323      5580.002       0              1771.7545      3472.9663      7289.5709      0              0.69994216   
   6270000   121165.91      309.55319     -427.89175      18071.588      3413.1386      21484.726      5507.047       0              1838.809       3497.194       7228.5375      0              0.68773604   
   6280000   121799.85      308.2744       135.0754       17943.047      3399.0386      21342.086      5543.6276      0              1701.8979      3445.3848      7252.1371      0              0.6841565    
   6290000   121130.92      305.34313     -67.671979      18111.091      3366.7184      21477.81       5598.2426      0              1812.8397      3454.4473      7245.5616      0              0.6879347    
   6300000   122955.96      306.2923      -600.73505      18075.292      3377.1839      21452.476      5543.3405      0              1790.1082      3479.3687      7262.4743      0              0.67772365   
   6310000   122485.34      309.31532     -454.40464      18013.697      3410.5157      21424.213      5505.9439      0              1790.6221      3476.1145      7241.0169      0              0.6803276    
   6320000   122913.74      308.06765      186.9529       17966.071      3396.759       21362.83       5550.7966      0              1763.9319      3443.1614      7208.1807      0              0.67795641   
   6330000   122863.56      307.42926      126.07757      18028.207      3389.72        21417.927      5545.3352      0              1748.7903      3452.7745      7281.3071      0              0.67823332   
   6340000   123542.19      308.67527     -847.49084      18069.809      3403.4585      21473.267      5550.8668      0              1816.2382      3423.409       7279.295       0              0.67450774   
   6350000   124858.9       309.60082      352.78664      18070.29       3413.6637      21483.954      5648.9798      0              1741.467       3466.3631      7213.4802      0              0.66739463   
   6360000   125498.56      307.67865      51.592546      17991.701      3392.4698      21384.17       5590.7236      0              1761.6413      3423.7336      7215.6021      0              0.66399298   
   6370000   125763.38      310.55943     -317.82939      18061.191      3424.2334      21485.425      5584.6062      0              1740.9813      3482.373       7253.231       0              0.6625948    
   6380000   125399.95      304.29884     -397.07477      18150.521      3355.204       21505.725      5621.0889      0              1795.0708      3490.0968      7244.2648      0              0.6645151    
   6390000   125365.08      307.01797      532.1301       18080.798      3385.1851      21465.983      5662.5514      0              1749.8277      3462.0332      7206.3855      0              0.66469994   
   6400000   124705.9       309.28599     -75.518851      18073.07       3410.1924      21483.262      5619.722       0              1771.3548      3484.5526      7197.4402      0              0.66821343   
   6410000   127624.23      315.84481     -516.82521      18023.886      3482.5101      21506.396      5570.1521      0              1774.9214      3490.1435      7188.669       0              0.6529337    
   6420000   128134.18      311.00089      217.5563       18066.825      3429.101       21495.926      5602.9687      0              1723.5275      3517.8252      7222.5033      0              0.65033515   
   6430000   128417.59      310.19458      441.50454      18040.605      3420.2106      21460.816      5652.8637      0              1701.581       3469.9095      7216.2511      0              0.64889989   
   6440000   126965.68      308.97123     -357.49675      17916.597      3406.7219      21323.318      5550.5397      0              1748.4959      3438.8794      7178.6816      0              0.65632036   
   6450000   127880.76      308.18607      159.46628      18102.607      3398.0647      21500.672      5657.8638      0              1747.6704      3482.54        7214.5328      0              0.65162393   
   6460000   126943.45      307.73863     -66.701561      18132.072      3393.1312      21525.203      5648.6935      0              1868.3931      3448.5615      7166.4241      0              0.65643531   
   6470000   127076.34      302.74988      289.73989      18096.126      3338.1251      21434.251      5597.6293      0              1814.7229      3478.9121      7204.8619      0              0.65574882   
   6480000   129567.65      308.25682      530.61785      18062.968      3398.8448      21461.813      5648.1011      0              1723.3826      3469.1308      7222.3533      0              0.64314017   
   6490000   127556.5       308.64598     -5.5342102      18130.444      3403.1356      21533.58       5653.3705      0              1774.5188      3512.8951      7189.66        0              0.65328038   
   6500000   128475.09      306.24317     -98.37878       18036.174      3376.6422      21412.816      5628.7628      0              1703.6679      3510.4949      7193.2487      0              0.64860949   
   6510000   127781.3       307.35441      644.90547      18004.06       3388.8948      21392.954      5595.1743      0              1694.2918      3485.8194      7228.7741      0              0.65213112   
   6520000   126294.32      310.48125      136.10077      18000.891      3423.3714      21424.262      5616.8868      0              1749.2322      3449.2037      7185.568       0              0.65980923   
   6530000   127820.29      305.61235      92.235869      18033.486      3369.6868      21403.173      5610.7841      0              1728.3112      3484.4393      7209.9515      0              0.65193217   
   6540000   128885         316.53623      319.65984      18009.447      3490.1337      21499.58       5619.4557      0              1718.0986      3470.7864      7201.106       0              0.6465466    
   6550000   128092.12      307.29984     -464.50225      18035.215      3388.2931      21423.508      5624.468       0              1761.5         3464.1025      7185.1447      0              0.65054868   
   6560000   128848.57      304.94851     -315.17134      18020.807      3362.3673      21383.175      5578.4251      0              1777.8621      3493.9705      7170.5496      0              0.64672942   
   6570000   126829.71      303.40679     -820.47868      18035.925      3345.3682      21381.293      5582.368       0              1796.0039      3424.4349      7233.1182      0              0.65702399   
   6580000   128161.29      312.03803      104.81561      18056.485      3440.5364      21497.021      5620.1084      0              1766.8337      3472.1044      7197.4381      0              0.65019757   
   6590000   127840.99      304.60325     -315.59097      18049.771      3358.5604      21408.332      5573.1141      0              1797.8839      3474.1989      7204.5743      0              0.65182661   
   6600000   128110.04      310.61235     -139.37394      18016.849      3424.8168      21441.666      5625.8209      0              1746.6377      3451.0961      7193.2941      0              0.65045771   
   6610000   127904.64      303.53427     -70.754515      18066.841      3346.7738      21413.615      5602.678       0              1777.285       3509.5409      7177.3369      0              0.65150223   
   6620000   127178.86      302.62408      567.19651      18004.92       3336.738       21341.658      5573.1328      0              1727.2457      3510.8333      7193.7086      0              0.65522021   
   6630000   125968.17      314.10984      106.06589      18044.909      3463.3802      21508.289      5608.8143      0              1766.1302      3455.6133      7214.3514      0              0.66151757   
   6640000   127000.9       307.83061      60.11312       18087.101      3394.1453      21481.246      5614.9667      0              1759.2386      3488.3415      7224.5544      0              0.65613834   
   6650000   129547.25      308.91301     -25.775828      18064.964      3406.0799      21471.043      5637.5153      0              1746.4054      3486.274       7194.769       0              0.64324144   
   6660000   128432.57      305.12074      211.55235      18087.807      3364.2662      21452.074      5630.9478      0              1792.5098      3457.5526      7206.797       0              0.64882419   
   6670000   126803.42      311.39408      340.7632       18010.225      3433.4362      21443.662      5658.5529      0              1728.9358      3475.0145      7147.7223      0              0.65716018   
   6680000   127241.07      314.08027      325.73904      17988.52       3463.0542      21451.574      5629.3306      0              1721.6311      3450.3026      7187.2553      0              0.65489989   
   6690000   127534.66      309.98065      248.38875      17999.085      3417.8518      21416.936      5608.4432      0              1759.3609      3434.29        7196.9906      0              0.65339227   
   6700000   127757.19      302.91542      147.32129      18024.415      3339.9503      21364.365      5610.1076      0              1767.232       3483.7048      7163.3702      0              0.65225417   
   6710000   126944.24      309.50017      341.00824      18130.128      3412.5539      21542.682      5628.2045      0              1752.0259      3494.9114      7254.986       0              0.65643123   
   6720000   125866         305.08252      182.09878      18004.843      3363.8449      21368.688      5620.1152      0              1730.8351      3425.559       7228.3342      0              0.66205458   
   6730000   126972.38      303.43239      166.43389      18070.97       3345.6505      21416.62       5576.7018      0              1794.3746      3476.9358      7222.9575      0              0.65628573   
   6740000   126467.3       314.70467      585.60983      18009.24       3469.9388      21479.179      5567.5391      0              1777.4157      3500.6385      7163.6469      0              0.65890678   
   6750000   126004.27      305.93894     -385.12453      18149.386      3373.2877      21522.674      5559.9893      0              1859.1888      3490.2178      7239.9904      0              0.66132809   
   6760000   127175.67      307.80344      236.35482      18064.196      3393.8458      21458.041      5633.9064      0              1774.5415      3489.9484      7165.7994      0              0.65523665   
   6770000   126444.07      307.23465     -144.87642      17976.581      3387.5743      21364.155      5557.2771      0              1760.2539      3474.0596      7184.9901      0              0.65902782   
   6780000   125400.42      308.03817     -281.06682      18006.214      3396.4339      21402.648      5579.9656      0              1779.6758      3472.1057      7174.4671      0              0.66451259   
   6790000   126178.67      311.67681      515.57243      17887.354      3436.5536      21323.907      5576.26        0              1694.0806      3463.5957      7153.4174      0              0.66041401   
   6800000   127659.02      308.39727     -369.65174      18029.661      3400.3933      21430.054      5552.575       0              1812.5608      3467.0169      7197.508       0              0.65275575   
   6810000   127619.69      313.31735     -423.29434      18048.684      3454.6422      21503.327      5631.6174      0              1785.1882      3460.7179      7171.161       0              0.65295694   
   6820000   128438.29      314.37151     -261.22367      17997.815      3466.2654      21464.081      5587.5598      0              1787.456       3449.549       7173.2506      0              0.64879534   
   6830000   126223.63      300.5528       237.82292      18035.064      3313.9001      21348.964      5674.2206      0              1725.4129      3475.7757      7159.6549      0              0.66017876   
   6840000   127054.28      301.41352      141.05797      18155.139      3323.3905      21478.529      5644.238       0              1766.6872      3516.6014      7227.6121      0              0.6558627    
   6850000   128009.53      299.43627     -355.71079      18061.434      3301.5892      21363.023      5605.0851      0              1787.8778      3455.2142      7213.2567      0              0.65096842   
   6860000   125154.7       309.65138      56.134187      17962.736      3414.2212      21376.957      5633.0258      0              1767.596       3419.6775      7142.4365      0              0.66581726   
   6870000   127686.71      304.07859      245.04817      18103.313      3352.7755      21456.088      5622.7463      0              1815.3944      3473.8267      7191.3453      0              0.6526142    
   6880000   127412.68      313.64743      667.89821      17994.599      3458.2816      21452.881      5704.6582      0              1699.6989      3413.1923      7177.0498      0              0.65401781   
   6890000   126550.08      307.44131     -177.25596      17883.188      3389.853       21273.041      5574.2615      0              1705.0776      3441.753       7162.0958      0              0.65847576   
   6900000   125809.33      306.6227       386.89781      17998.878      3380.8269      21379.705      5578.8922      0              1717.4417      3464.5836      7237.9607      0              0.66235277   
   6910000   126499.06      313.75127      15.106158      18101.327      3459.4266      21560.754      5616.2216      0              1817.9257      3457.0648      7210.1148      0              0.65874135   
   6920000   126168.24      310.91482      14.747766      18004.809      3428.1518      21432.96       5663.473       0              1740.0042      3460.1806      7141.1507      0              0.66046861   
   6930000   125919.89      308.04334      170.95915      17891.567      3396.4909      21288.058      5581.684       0              1683.6398      3479.1775      7147.0658      0              0.66177125   
   6940000   125932.13      302.75664     -171.17584      17962.548      3338.1996      21300.748      5618.4886      0              1753.6517      3413.2214      7177.1867      0              0.66170689   
   6950000   125038.28      307.57403      114.66494      18011.781      3391.3163      21403.097      5653.8748      0              1749.0134      3439.7544      7169.1379      0              0.6664372    
   6960000   127321.54      308.74337     -4.4131504      17987.821      3404.2095      21392.03       5639.9845      0              1740.4642      3453.7462      7153.6258      0              0.65448598   
   6970000   126429.84      304.99821     -322.2042       18061.263      3362.9153      21424.178      5628.6727      0              1785.9612      3458.7746      7187.8544      0              0.659102     
   6980000   126353.15      311.03909      468.97032      18011.708      3429.5221      21441.23       5663.0721      0              1745.9927      3468.7996      7133.8436      0              0.65950205   
   6990000   127112.95      301.34599      70.302657      18053.551      3322.6458      21376.197      5616.475       0              1790.1992      3460.2982      7186.5784      0              0.65555999   
   7000000   126340.11      309.30536      158.4565       18035.168      3410.4059      21445.574      5621.5306      0              1779.964       3495.2416      7138.4322      0              0.65957012   
   7010000   125956.39      306.65392      69.775621      17996.37       3381.1711      21377.541      5596.9944      0              1711.2685      3473.7238      7214.3835      0              0.66157945   
   7020000   126260.07      310.20142      128.63259      18089.738      3420.286       21510.024      5580.0105      0              1796.8138      3502.3846      7210.5293      0              0.65998821   
   7030000   125119.99      302.19944      640.83745      17983.362      3332.0559      21315.418      5672.7473      0              1697.1406      3443.6299      7169.8444      0              0.66600198   
   7040000   125703.4       303.0811      -111.03196      18018.02       3341.7772      21359.797      5664.5545      0              1733.4752      3452.1977      7167.7921      0              0.66291093   
   7050000   127868.96      307.84104     -180.18893      18061.467      3394.2603      21455.728      5614.1866      0              1764.6976      3478.3599      7204.2231      0              0.65168404   
   7060000   126231.39      304.89661      538.11298      18019.084      3361.795       21380.879      5582.6562      0              1706.51        3503.8351      7226.0831      0              0.66013819   
   7070000   126844.47      302.51622     -124.8932       18036.195      3335.5488      21371.744      5588.6285      0              1763.3077      3500.3005      7183.9586      0              0.65694752   
   7080000   125975.34      303.8179       185.85211      18009.983      3349.9011      21359.884      5619.5278      0              1758.3732      3456.4415      7175.6401      0              0.66147994   
   7090000   126900.23      301.47408      378.92784      18030.251      3324.0581      21354.31       5642.8536      0              1748.1049      3437.6028      7201.6903      0              0.65665888   
   7100000   126730.06      301.99909      536.59156      18038.433      3329.8469      21368.28       5634.1937      0              1728.99        3457.5784      7217.6706      0              0.65754062   
   7110000   125858.72      308.80354     -186.80011      17993.259      3404.8728      21398.131      5642.6165      0              1769.9322      3440.5561      7140.1537      0              0.66209285   
   7120000   126099.71      311.08136     -85.436867      18003.607      3429.9882      21433.595      5645.9159      0              1790.3086      3397.8709      7169.5115      0              0.66082751   
   7130000   126039.37      302.23998      539.73122      18000.834      3332.503       21333.337      5625.9777      0              1753.341       3456.0749      7165.4408      0              0.66114387   
   7140000   125688.64      306.88237      382.88966      18000.817      3383.69        21384.507      5646.6241      0              1719.4838      3469.2805      7165.4282      0              0.66298879   
   7150000   126771.74      305.00128     -894.80996      18080.802      3362.9491      21443.751      5554.2586      0              1863.6053      3491.158       7171.7803      0              0.65732443   
   7160000   128344.74      305.29925      389.7792       18006.508      3366.2346      21372.742      5668.035       0              1742.5164      3423.7046      7172.2516      0              0.64926823   
   7170000   127476.97      305.43624     -195.37392      17964.698      3367.745       21332.443      5635.4485      0              1754.3723      3427.3259      7147.5508      0              0.65368799   
   7180000   127120.07      302.85121      279.37909      17959.671      3339.2424      21298.913      5598.0578      0              1716.998       3489.7441      7154.871       0              0.65552323   
   7190000   129134.34      310.82192     -456.25476      17945.986      3427.1276      21373.113      5566.904       0              1786.7243      3445.0025      7147.3548      0              0.64529824   
   7200000   128237.67      302.67612     -112.35256      18037.11       3337.3119      21374.422      5611.2157      0              1761.1932      3475.2862      7189.4154      0              0.64981031   
   7210000   127971.75      308.34021      161.77682      18051.005      3399.7642      21450.77       5615.0407      0              1774.7257      3481.9823      7179.2567      0              0.65116058   
   7220000   127705.45      305.60522     -177.88777      18011.757      3369.6081      21381.365      5578.7484      0              1764.9816      3488.8439      7179.1829      0              0.65251842   
   7230000   126274.44      308.56546     -1000.7186      18015.823      3402.2478      21418.071      5541.7551      0              1792.9148      3487.3323      7193.8211      0              0.65991312   
   7240000   126978.38      306.18248      193.19172      17883.307      3375.973       21259.28       5592.8339      0              1690.2269      3477.2388      7123.0076      0              0.65625472   
   7250000   127505.7       306.73632      246.8486       18079.299      3382.0797      21461.379      5640.6641      0              1761.5307      3516.4708      7160.6335      0              0.65354067   
   7260000   129226.74      299.22621      253.27239      18015.614      3299.2731      21314.887      5642.3473      0              1736.7906      3430.8848      7205.5915      0              0.64483682   
   7270000   128075.4       310.49521     -426.7636       18000.805      3423.5253      21424.331      5542.1778      0              1769.8954      3470.022       7218.7101      0              0.65063361   
   7280000   127030.6       308.53783     -479.35097      17940.892      3401.9432      21342.835      5579.2469      0              1760.3057      3458.9428      7142.3963      0              0.65598494   
   7290000   127068.83      301.74166     -184.32341      17936.376      3327.0085      21263.384      5635.2723      0              1735.4847      3413.2925      7152.3262      0              0.65578756   
   7300000   128060.05      312.73709      440.4505       18027.986      3448.2443      21476.23       5678.9053      0              1721.5121      3441.0004      7186.5679      0              0.65071159   
   7310000   128505.68      303.22134      46.853254      18060.254      3343.3235      21403.578      5651.2478      0              1745.2867      3475.7731      7187.9466      0              0.6484551    
   7320000   129536.1       308.38058     -301.9869       18103.608      3400.2093      21503.818      5653.2312      0              1824.2785      3443.8193      7182.2794      0              0.64329682   
   7330000   127500.12      308.34701     -260.16255      17985.71       3399.8392      21385.55       5588.4836      0              1762.5337      3486.8312      7147.8618      0              0.65356925   
   7340000   129274.42      305.6799       171.96669      17992.424      3370.4316      21362.856      5574.7521      0              1739.6642      3455.2935      7222.7146      0              0.64459899   
   7350000   127579.05      312.38793     -425.70211      18018.594      3444.3944      21462.988      5528.7022      0              1788.2626      3492.0815      7209.5475      0              0.6531649    
   7360000   127253.53      304.45923      234.71034      17992.436      3356.9724      21349.409      5611.7335      0              1785.186       3427.2217      7168.295       0              0.65483577   
   7370000   128008         302.33535      11.768104      17957.996      3333.5546      21291.551      5598.3308      0              1717.6938      3471.1565      7170.815       0              0.65097619   
   7380000   127909.44      309.48649     -350.77194      17921.687      3412.4031      21334.09       5619.3925      0              1750.2137      3373.0652      7179.0155      0              0.65147778   
   7390000   127538.32      306.97344     -487.74409      18049.23       3384.6942      21433.924      5579.2317      0              1799.8561      3452.9065      7217.2355      0              0.65337353   
   7400000   127736.35      306.67019      104.14276      18041.705      3381.3505      21423.055      5627.4917      0              1793.1721      3427.1952      7193.8457      0              0.65236058   
   7410000   128193.96      304.1217      -494.04589      17972.382      3353.2508      21325.633      5616.3543      0              1776.5222      3470.039       7109.4663      0              0.65003188   
   7420000   127828.47      306.10069     -214.96132      18008.965      3375.0713      21384.036      5621.0894      0              1794.6332      3464.1009      7129.1411      0              0.65189044   
   7430000   128490.03      301.5579      -251.1166       18082.147      3324.9824      21407.129      5595.4324      0              1804.7336      3506.9007      7175.0798      0              0.64853408   
   7440000   125739.05      305.54907     -89.698962      18015.821      3368.989       21384.81       5632.6762      0              1795.9555      3426.9897      7160.1993      0              0.66272298   
   7450000   127984.05      315.9311      -39.8615        17957.692      3483.4615      21441.153      5594.2312      0              1732.0585      3436.4236      7194.9785      0              0.651098     
   7460000   127211.83      311.88385     -660.99396      17953.833      3438.8364      21392.669      5586.8704      0              1820.5795      3394.5045      7151.8786      0              0.65505039   
   7470000   125445.63      303.45773      444.58041      17991.292      3345.9299      21337.222      5589.2909      0              1795.7917      3454.2651      7151.9442      0              0.66427312   
   7480000   127319.65      305.65102     -240.27499      17994.064      3370.1132      21364.178      5595.244       0              1709.0709      3501.0007      7188.7487      0              0.6544957    
   7490000   126400.86      305.66614     -209.70936      17965.262      3370.2798      21335.541      5610.5069      0              1743.077       3454.6684      7157.0094      0              0.65925313   
   7500000   126326         312.33478      254.28437      18014.523      3443.8084      21458.331      5642.9411      0              1729.3887      3452.2057      7189.9875      0              0.65964379   
   7510000   126936.29      308.1591      -664.20568      18095.931      3397.7673      21493.698      5600.1911      0              1897.8466      3429.8175      7168.0756      0              0.65647232   
   7520000   127481.49      306.94627      682.23234      17954.051      3384.3946      21338.445      5644.207       0              1725.0391      3424.0979      7160.7068      0              0.65366478   
   7530000   126696.8       299.63854      158.21097      17931.027      3303.8195      21234.847      5613.0283      0              1717.3958      3442.329       7158.2743      0              0.65771324   
   7540000   127728.17      306.2125      -347.72732      17979.406      3376.304       21355.71       5587.5022      0              1778.7695      3398.8836      7214.2506      0              0.65240237   
   7550000   128223.27      303.67533     -108.94242      18013.315      3348.3291      21361.644      5626.0343      0              1759.6585      3464.7231      7162.8985      0              0.64988328   
   7560000   128705.26      313.20965     -277.4063       17966.908      3453.4547      21420.363      5572.8764      0              1727.2648      3490.4007      7176.3666      0              0.64744955   
   7570000   127060.97      314.23943     -512.58929      17942.482      3464.8091      21407.291      5534.6587      0              1831.8997      3442.9434      7132.9798      0              0.65582812   
   7580000   125760.07      310.17832     -221.77912      18033.962      3420.0312      21453.993      5596.4474      0              1776.2882      3452.6888      7208.5373      0              0.66261223   
   7590000   126558.55      306.00518      246.58876      17956.687      3374.0181      21330.705      5598.4715      0              1742.6577      3445.2349      7170.3233      0              0.65843168   
   7600000   126123.66      307.3539       260.43518      17919.679      3388.8891      21308.568      5613.4543      0              1718.9047      3449.9117      7137.4082      0              0.66070206   
   7610000   126019.89      306.53723      77.632347      17974.908      3379.8845      21354.792      5604.8855      0              1765.9346      3447.5326      7156.555       0              0.66124608   
   7620000   125977.8       309.65478      209.27637      17977.744      3414.2587      21392.003      5613.1341      0              1725.0284      3442.0219      7197.5595      0              0.66146702   
   7630000   125897.81      313.19084      493.64289      17930.403      3453.2473      21383.65       5669.0679      0              1742.9552      3381.0665      7137.3134      0              0.66188729   
   7640000   127226.86      306.48531      261.20857      17992.756      3379.312       21372.068      5680.0049      0              1724.6263      3427.9853      7160.14        0              0.65497303   
   7650000   126023.76      313.03548      534.77339      17961.878      3451.5344      21413.413      5587.2951      0              1744.3037      3438.5832      7191.6964      0              0.6612258    
   7660000   126742.77      303.7345       248.49828      17915.217      3348.9816      21264.199      5620.0148      0              1743.2288      3401.3816      7150.5923      0              0.65747468   
   7670000   126614.56      309.36446     -307.20017      17938.199      3411.0576      21349.257      5607.4692      0              1744.2723      3412.6726      7173.7852      0              0.65814043   
   7680000   125771.32      305.09162     -188.75568      17974.117      3363.9452      21338.062      5604.1071      0              1747.3619      3431.5477      7191.1004      0              0.66255297   
   7690000   126205.75      307.25787      21.338874      18017.655      3387.8303      21405.485      5571.7859      0              1781.7585      3498.5408      7165.5699      0              0.66027232   
   7700000   124522.5       309.69475     -176.38608      18002.455      3414.6994      21417.155      5608.6095      0              1815.973       3452.9508      7124.9221      0              0.66919761   
   7710000   126157.39      313.01295     -156.92928      18040.224      3451.2859      21491.51       5601.9619      0              1760.8327      3466.8848      7210.5444      0              0.66052538   
   7720000   125463.64      313.62372      795.57476      17960.808      3458.0203      21418.828      5644.0409      0              1740.7736      3502.9161      7073.077       0              0.66417775   
   7730000   127265.49      310.17273     -262.98687      17936.45       3419.9696      21356.419      5564.1686      0              1780.9339      3448.1179      7143.2292      0              0.65477422   
   7740000   126548.82      311.72232      260.53199      17915.489      3437.0554      21352.545      5604.3221      0              1693.372       3460.075       7157.7201      0              0.65848234   
   7750000   126298.99      312.94503     -77.749702      17950.727      3450.5371      21401.264      5573.9293      0              1763.1632      3399.3443      7214.2906      0              0.65978486   
   7760000   126364.49      307.20649     -73.557623      17936.89       3387.2637      21324.154      5602.2669      0              1730.3276      3443.1918      7161.1035      0              0.65944286   
   7770000   127120.54      309.9364       158.52424      17977.868      3417.3638      21395.231      5570.0947      0              1739.7145      3518.4709      7149.5875      0              0.6555208    
   7780000   126048.77      309.46768      430.54788      17964.065      3412.1957      21376.261      5581.0984      0              1748.6588      3454.7809      7179.5273      0              0.6610946    
   7790000   125120.11      308.51094     -157.89161      18014.576      3401.6467      21416.222      5566.4631      0              1802.2957      3418.3056      7227.5113      0              0.66600132   
   7800000   126247.16      310.87775     -108.88958      17978.63       3427.7432      21406.373      5591.7701      0              1724.8822      3450.6883      7211.2897      0              0.66005573   
   7810000   126472.25      305.23623     -17.680615      18056.812      3365.5396      21422.352      5636.0208      0              1762.3868      3476.2773      7182.1274      0              0.65888099   
   7820000   127653.21      303.97503      184.99678      17961.609      3351.6337      21313.243      5624.5234      0              1697.0602      3444.032       7195.9937      0              0.65278545   
   7830000   126519.15      307.62486     -22.39626       17984.285      3391.8768      21376.162      5619.0317      0              1768.7278      3429.2874      7167.2384      0              0.65863675   
   7840000   126585.45      311.46574     -305.9029       18048.549      3434.2264      21482.775      5579.1797      0              1796.173       3496.3371      7176.8589      0              0.6582918    
   7850000   127199.78      306.8008      -316.55842      17958.033      3382.7907      21340.823      5607.1449      0              1771.7629      3400.4339      7178.6911      0              0.65511247   
   7860000   126701.43      304.76673      196.63411      17940.504      3360.363       21300.867      5611.7053      0              1704.5223      3454.213       7170.0631      0              0.65768919   
   7870000   128266.04      310.32014     -95.902964      18070.045      3421.5949      21491.64       5627.5471      0              1764.4811      3491.6088      7186.4082      0              0.64966658   
   7880000   125974.78      305.33832      464.07383      17948.628      3366.6653      21315.293      5599.205       0              1734.3443      3454.3131      7160.7652      0              0.66148286   
   7890000   126036.96      300.63359     -100.60353      17995.104      3314.7909      21309.895      5576.0452      0              1738.1286      3467.0614      7213.8687      0              0.66115656   
   7900000   127426.45      303.233       -71.232052      17980.376      3343.4521      21323.828      5587.6908      0              1741.7779      3479.4248      7171.4822      0              0.65394712   
   7910000   126511.52      312.26705      844.2006       17962.695      3443.0616      21405.756      5631.4806      0              1723.2401      3449.7469      7158.2271      0              0.65867644   
   7920000   128102.05      304.2552      -359.39963      18024.019      3354.7228      21378.742      5548.6343      0              1806.7668      3477.2733      7191.3444      0              0.65049828   
   7930000   126867.95      306.53916      216.493        17973.807      3379.9058      21353.713      5635.1954      0              1754.655       3413.406       7170.5511      0              0.65682593   
   7940000   127141.72      311.53119      193.85435      17964.107      3434.9481      21399.056      5588.5347      0              1784.3628      3430.5106      7160.6994      0              0.6554116    
   7950000   126310.79      311.53446     -326.77278      17917.598      3434.9841      21352.582      5566.987       0              1758.8516      3456.165       7135.5943      0              0.65972322   
   7960000   126030.91      300.96062      124.70213      17851.187      3318.3967      21169.583      5540.5937      0              1739.6669      3449.714       7121.2119      0              0.66118828   
   7970000   126073.76      315.12063     -249.58375      17989.188      3474.5253      21463.713      5603.8919      0              1774.8245      3487.7082      7122.7633      0              0.66096355   
   7980000   126181.27      302.26117      227.41061      17941.8        3332.7366      21274.536      5582.0593      0              1733.6832      3462.1723      7163.8848      0              0.66040037   
   7990000   126295.3       314.59425      74.322392      17968.636      3468.7214      21437.357      5573.9214      0              1771.2939      3451.8396      7171.5812      0              0.65980415   
   8000000   126766.07      305.85899      272.41148      17950.195      3372.4062      21322.602      5650.4687      0              1740.824       3421.9027      7136.9999      0              0.6573538    
   8010000   125931.16      305.93036     -45.854725      17924.622      3373.1931      21297.815      5591.0188      0              1759.154       3434.5241      7139.9247      0              0.66171198   
   8020000   124980.09      307.47173     -774.74891      17887.729      3390.1883      21277.918      5571.7709      0              1805.0751      3389.4991      7121.3843      0              0.66674749   
   8030000   126700.01      314.50853      278.8465       17971.452      3467.7761      21439.228      5654.4486      0              1702.5786      3415.0548      7199.37        0              0.65769655   
   8040000   125788.07      302.10043      169.03573      17915.68       3330.9643      21246.644      5610.2128      0              1730.1074      3389.2144      7186.1454      0              0.66246472   
   8050000   126560.74      304.44611     -414.69771      17990.598      3356.8278      21347.426      5527.4821      0              1811.3756      3448.9134      7202.827       0              0.6584203    
   8060000   126520.5       304.41744      54.889131      18052.906      3356.5117      21409.418      5639.7789      0              1742.008       3459.7418      7211.377       0              0.65862972   
   8070000   125774.08      309.41042      301.94533      17901.24       3411.5643      21312.804      5605.2586      0              1719.5776      3387.9338      7188.47        0              0.66253843   
   8080000   124947.94      302.002       -505.47844      18008.033      3329.879       21337.913      5582.9396      0              1805.7079      3433.3339      7186.0521      0              0.66691906   
   8090000   127097.99      307.42271     -94.476224      17973.752      3389.6479      21363.4        5582.1003      0              1768.774       3501.2921      7121.5858      0              0.6556371    
   8100000   126026.38      307.66119     -300.94605      17986.724      3392.2773      21379.001      5601.3308      0              1777.3781      3460.5979      7147.4172      0              0.66121206   
   8110000   125452.08      315.80428      180.13363      17922.696      3482.0631      21404.759      5569.6464      0              1782.3442      3460.0999      7110.6051      0              0.66423897   
   8120000   126955.07      305.60266      402.26286      17988.159      3369.5799      21357.738      5586.8284      0              1730.9383      3471.2467      7199.1451      0              0.6563752    
   8130000   126666.45      310.49988     -65.91907       17989.5        3423.5768      21413.076      5569.5625      0              1755.4612      3488.7723      7175.7037      0              0.65787082   
   8140000   126455.21      307.6056      -437.86385      17987.241      3391.6644      21378.906      5546.9565      0              1818.8021      3433.945       7187.5379      0              0.65896977   
   8150000   127092.83      314.37908      517.31323      17945.878      3466.3489      21412.227      5627.5861      0              1736.2228      3429.0326      7153.0367      0              0.65566374   
   8160000   126061.04      309.4124       561.80047      17999.72       3411.5862      21411.306      5611.7931      0              1718.2776      3496.7735      7172.8753      0              0.66103026   
   8170000   127758.8       306.79806     -105.10697      17935.52       3382.7604      21318.28       5576.3531      0              1730.4359      3474.7018      7154.0288      0              0.65224597   
   8180000   125943.25      313.27662     -149.37878      17986.195      3454.1932      21440.388      5584.7932      0              1721.6919      3489.8991      7189.8111      0              0.66164846   
   8190000   125095.99      311.17002     -199.11745      17936.863      3430.9657      21367.829      5548.1668      0              1806.1341      3461.2155      7121.3464      0              0.66612975   
   8200000   126896.95      306.30846     -406.72018      17990.991      3377.3621      21368.353      5575.9822      0              1776.2077      3463.898       7174.9034      0              0.65667582   
   8210000   125623.36      308.38088      465.35802      17868.599      3400.2126      21268.812      5601.8147      0              1695.4875      3450.397       7120.9         0              0.66333329   
   8220000   125323.82      308.58657     -558.18028      17890.798      3402.4806      21293.279      5599.4111      0              1742.8765      3403.6959      7144.8146      0              0.66491875   
   8230000   126625.53      310.19535      365.68715      17937.112      3420.219       21357.331      5613.9593      0              1728.9083      3452.408       7141.8362      0              0.6580834    
   8240000   126527.48      303.03117     -400.96785      17887.473      3341.2266      21228.699      5537.5801      0              1734.9618      3455.9501      7158.9809      0              0.6585934    
   8250000   126982.63      311.40555      235.6431       18000.59       3433.5627      21434.153      5619.8872      0              1775.3317      3432.3823      7172.9888      0              0.65623277   
   8260000   125457.95      307.11291     -247.88907      18008.81       3386.232       21395.042      5592.4554      0              1792.0835      3458.7047      7165.5668      0              0.6642079    
   8270000   125732.71      307.11841     -314.65232      17973.638      3386.2926      21359.931      5618.8016      0              1740.5197      3431.3907      7182.9259      0              0.66275642   
   8280000   125006.83      305.14379      35.250055      17962.481      3364.5204      21327.002      5608.7942      0              1755.4082      3419.5976      7178.6813      0              0.66660488   
   8290000   125098.33      301.49985     -400.19005      17973.938      3324.3423      21298.281      5595.0865      0              1802.0786      3423.8484      7152.9248      0              0.66611726   
   8300000   125690.41      309.48508     -435.41034      18006.181      3412.3876      21418.569      5591.2916      0              1805.4285      3443.3311      7166.1299      0              0.66297949   
   8310000   126470.8       308.73714      432.73493      17997.698      3404.1408      21401.839      5661.9213      0              1744.2921      3436.4685      7155.0161      0              0.65888854   
   8320000   125575.78      307.06077     -411.50346      17975.819      3385.6571      21361.476      5560.6717      0              1767.1538      3463.6997      7184.294       0              0.66358465   
   8330000   125422.33      312.48777     -145.47357      17901.806      3445.4953      21347.302      5617.437       0              1745.6557      3417.4843      7121.2292      0              0.66439654   
   8340000   124208.78      300.03908     -100.08899      17962.69       3308.2358      21270.926      5630.2177      0              1771.6268      3442.4296      7118.4161      0              0.67088784   
   8350000   126427.91      312.2119      -470.3159       17992.627      3442.4535      21435.081      5520.671       0              1830.6878      3492.3494      7148.919       0              0.65911205   
   8360000   126339.84      312.36243      224.04476      17972.484      3444.1133      21416.597      5602.1588      0              1755.1133      3453.1655      7162.0461      0              0.65957153   
   8370000   126299.17      308.38514     -8.217533       17988.089      3400.2596      21388.349      5597.0962      0              1742.1308      3450.7278      7198.1343      0              0.6597839    
   8380000   127095.63      312.13465     -270.89695      18059.193      3441.6018      21500.795      5617.4031      0              1765.8406      3493.7203      7182.229       0              0.65564932   
   8390000   125258.83      301.07161     -618.33678      17957.459      3319.6205      21277.079      5544.6048      0              1785.2051      3501.7032      7125.9459      0              0.66526376   
   8400000   126170.8       304.74019     -489.4626       18053.442      3360.0703      21413.513      5597.5579      0              1806.5288      3476.3893      7172.9663      0              0.66045521   
   8410000   126313.21      301.24165     -395.30929      18034.256      3321.4954      21355.751      5562.4801      0              1822.9756      3517.7345      7131.0656      0              0.65971055   
   8420000   128300.23      305.68155     -137.55224      17936.694      3370.4498      21307.144      5647.9561      0              1727.6573      3449.7716      7111.3089      0              0.64949345   
   8430000   127086.92      314.38857     -561.57898      18005.484      3466.4535      21471.938      5541.0381      0              1799.3258      3484.8344      7180.2863      0              0.65569421   
   8440000   124827.7       306.10221      14.720137      18024.233      3375.088       21399.321      5575.5571      0              1806.2038      3461.3364      7181.1359      0              0.66756145   
   8450000   125717.53      308.47033     -75.984623      17927.846      3401.1989      21329.045      5561.7032      0              1750.5275      3474.3833      7141.2325      0              0.66283645   
   8460000   126524.48      305.29662      112.96894      17951.869      3366.2055      21318.074      5552.1349      0              1778.7562      3457.7572      7163.2206      0              0.65860898   
   8470000   128934.17      309.84836      33.098857      18081.519      3416.3931      21497.912      5603.4952      0              1777.6882      3498.9336      7201.4019      0              0.64630006   
   8480000   124723.25      313.76952      595.75067      17949.962      3459.6279      21409.59       5588.8948      0              1730.553       3478.0041      7152.5103      0              0.66812051   
   8490000   126176.66      302.64875     -435.55361      17935.382      3337.0101      21272.392      5542.6925      0              1735.5952      3517.8095      7139.2848      0              0.66042451   
   8500000   125512         305.85688      64.458588      18081.899      3372.383       21454.282      5612.3591      0              1769.4991      3507.7978      7192.2435      0              0.66392186   
   8510000   125944.93      301.20095     -131.08751      17957.622      3321.0466      21278.669      5563.5204      0              1781.272       3445.3718      7167.4581      0              0.66163965   
   8520000   125360.32      316.80387     -100.16522      17952.389      3493.0846      21445.473      5606.2375      0              1704.1738      3470.3503      7171.627       0              0.66472518   
   8530000   125804.76      308.81799     -466.94629      18025.308      3405.0322      21430.341      5572.5565      0              1802.0675      3484.6449      7166.0395      0              0.66237682   
   8540000   125134.9       306.8389       316.74953      17957.043      3383.2107      21340.253      5558.4172      0              1740.5932      3489.9782      7168.0538      0              0.6659226    
   8550000   126451.46      305.49693      357.59896      17894.366      3368.4141      21262.78       5591.6847      0              1699.9963      3435.2953      7167.39        0              0.65898931   
   8560000   126706.46      303.78334     -12.315635      17959.786      3349.5201      21309.306      5608.1027      0              1736.0916      3430.5303      7185.0613      0              0.65766306   
   8570000   126144.16      305.8534       15.369622      17982.897      3372.3446      21355.242      5617.5295      0              1732.9657      3448.4599      7183.9424      0              0.66059469   
   8580000   126388.58      310.99953     -214.12384      18017.371      3429.0859      21446.457      5622.2962      0              1816.7798      3387.2909      7191.0041      0              0.65931719   
   8590000   125031.49      309.01884     -634.83813      17891.892      3407.2468      21299.139      5570.7799      0              1744.4843      3447.4237      7129.2045      0              0.66647337   
   8600000   126987.43      319.78849     -200.95308      17937.472      3525.9931      21463.465      5554.4101      0              1739.9459      3514.0443      7129.0711      0              0.65620795   
   8610000   126229.84      313.14828     -96.271058      17970.295      3452.7781      21423.073      5577.5         0              1752.8919      3486.3603      7153.5429      0              0.6601463    
   8620000   126825.24      308.38226     -195.00039      17869.392      3400.2278      21269.62       5557.3461      0              1726.3022      3444.2204      7141.5235      0              0.65704714   
   8630000   127309.25      304.55205     -561.83957      17979.646      3357.9959      21337.642      5517.5793      0              1765.0404      3506.3154      7190.7113      0              0.65454916   
   8640000   125457.22      309.83637     -63.041359      17979.706      3416.2609      21395.967      5622.854       0              1810.0579      3410.8535      7135.9403      0              0.66421177   
   8650000   126616.94      308.30472      266.36242      17983.266      3399.3729      21382.639      5633.9574      0              1738.5893      3446.6575      7164.0621      0              0.65812804   
   8660000   126530.43      315.41309      109.57758      18053.545      3477.7499      21531.295      5579.191       0              1793.8881      3482.8382      7197.628       0              0.65857803   
   8670000   127329.33      313.28512     -230.58296      18017.098      3454.2869      21471.385      5610.6238      0              1777.7498      3466.2181      7162.5062      0              0.65444593   
   8680000   126496.6       311.41993     -113.94233      17930.362      3433.7213      21364.083      5622.6213      0              1715.0112      3435.034       7157.6953      0              0.65875413   
   8690000   126193.16      308.29983      99.179668      17989.832      3399.3189      21389.151      5620.7052      0              1726.0664      3474.467       7168.5934      0              0.66033818   
   8700000   126557.84      305.9397       594.5382       17940.204      3373.2961      21313.5        5650.8326      0              1707.3572      3417.627       7164.3874      0              0.65843537   
   8710000   127431.28      304.71845      181.22543      18101.521      3359.8307      21461.352      5593.8168      0              1811.0055      3463.854       7232.8447      0              0.65392233   
   8720000   127659.6       309.94277     -456.60474      18052.201      3417.4341      21469.635      5578.9571      0              1853.7346      3450.9671      7168.5425      0              0.65275278   
   8730000   126732.87      310.51605     -284.49473      17939.695      3423.7551      21363.45       5509.7321      0              1742.501       3518.4616      7169.0007      0              0.65752604   
   8740000   125509.68      306.26893      17.321636      18027.259      3376.9262      21404.185      5606.6865      0              1761.5621      3482.2179      7176.7923      0              0.66393413   
   8750000   125635.38      307.34665     -252.64947      17980.746      3388.8092      21369.556      5591.5901      0              1766.5222      3481.7449      7140.8892      0              0.66326986   
   8760000   125116.35      307.36065      169.91593      17925.19       3388.9636      21314.154      5615.1792      0              1697.4677      3466.3947      7146.1483      0              0.66602138   
   8770000   126151.46      317.13929      81.446423      18011.996      3496.783       21508.779      5598.2032      0              1769.34        3458.4928      7185.9605      0              0.66055643   
   8780000   125663.18      305.1648       128.20331      17947.202      3364.7521      21311.954      5588.4593      0              1765.7094      3426.0976      7166.9359      0              0.66312315   
   8790000   125893.97      306.88332     -50.936567      17954.316      3383.7005      21338.017      5621.3113      0              1764.9789      3412.5054      7155.5205      0              0.66190747   
   8800000   126297.47      316.10641      303.04604      17978.009      3485.3945      21463.403      5615.2958      0              1701.1765      3443.2961      7218.2401      0              0.6597928    
   8810000   125626.08      309.16896     -79.129825      17945.293      3408.902       21354.195      5524.9243      0              1732.9072      3496.6981      7190.7635      0              0.66331897   
   8820000   124873.52      310.33461     -286.3501       17889.533      3421.7545      21311.288      5607.0226      0              1738.3595      3389.7561      7154.3953      0              0.66731649   
   8830000   126513.23      309.30467     -469.83438      17962.883      3410.3984      21373.281      5543.9556      0              1750.9901      3485.2662      7182.6708      0              0.65866758   
   8840000   125959.8       305.49496     -136.91618      18032.346      3368.3925      21400.739      5547.1822      0              1807.0948      3500.4383      7177.6312      0              0.66156153   
   8850000   126381.46      303.94476      187.6774       17988.308      3351.2999      21339.608      5625.9653      0              1710.8339      3445.221       7206.2883      0              0.65935432   
   8860000   126556.1       307.1573      -415.0749       17955.925      3386.7215      21342.646      5545.6901      0              1791.4303      3470.3817      7148.4226      0              0.65844444   
   8870000   127129         309.57029     -478.81159      17923.885      3413.3271      21337.212      5541.1312      0              1788.5448      3453.3721      7140.8368      0              0.6554772    
   8880000   126194.74      301.41061      52.132206      18014.979      3323.3583      21338.337      5582.0623      0              1772.8959      3453.413       7206.608       0              0.66032989   
   8890000   127027.73      302.86185     -1102.3331      18066.942      3339.3597      21406.302      5531.5483      0              1831.2162      3482.7822      7221.3952      0              0.65599978   
   8900000   128242.48      306.2516      -194.78073      17963.39       3376.7352      21340.125      5585.4441      0              1746.631       3459.1638      7172.1506      0              0.64978592   
   8910000   127357.04      306.44835     -316.77644      17999.48       3378.9046      21378.385      5613.5463      0              1812.8671      3406.5641      7166.5029      0              0.65430355   
   8920000   127736.42      314.95495     -247.69775      18052.97       3472.6984      21525.669      5595.6213      0              1798.595       3457.0921      7201.6619      0              0.65236024   
   8930000   126157.13      304.74122      450.14074      17938.299      3360.0817      21298.381      5611.2025      0              1709.9297      3462.9336      7154.2333      0              0.66052675   
   8940000   127053.71      306.6079      -510.70688      18015.193      3380.6637      21395.857      5539.4687      0              1809.8122      3458.3177      7207.5946      0              0.65586561   
   8950000   127539.62      313.78145      240.10101      18024.374      3459.7594      21484.133      5595.5147      0              1783.7262      3436.4987      7208.6343      0              0.65336684   
   8960000   125376.65      311.88811     -368.11074      17992.222      3438.8834      21431.106      5569.4008      0              1853.7306      3410.7485      7158.3422      0              0.66463858   
   8970000   126585.86      300.59731     -169.43786      18056.753      3314.3908      21371.144      5565.1626      0              1813.3433      3512.7852      7165.462       0              0.65828965   
   8980000   126481.57      309.71086      519.11704      17951.942      3414.877       21366.819      5603.9258      0              1707.3507      3467.9098      7172.7554      0              0.65883245   
   8990000   127144.88      319.62578     -569.01187      17963.345      3524.1991      21487.544      5546.2222      0              1741.518       3462.4888      7213.1159      0              0.65539531   
   9000000   127670.95      305.22432      209.56831      17930.672      3365.4083      21296.081      5615.3534      0              1679.204       3510.8625      7125.2523      0              0.65269474   
   9010000   128279.76      305.09646     -297.45717      17956.276      3363.9985      21320.275      5580.7739      0              1763.7469      3403.7124      7208.0431      0              0.64959712   
   9020000   127445.14      308.97626      438.25028      17911.337      3406.7773      21318.114      5667.5133      0              1662.5756      3421.6628      7159.5853      0              0.65385124   
   9030000   125915         310.95311     -269.81971      17949.421      3428.5741      21377.995      5554.4848      0              1743.3602      3508.7355      7142.8401      0              0.66179693   
   9040000   126953.83      305.3674      -245.60378      17993.992      3366.9859      21360.978      5568.0205      0              1786.9108      3508.704       7130.357       0              0.65638163   
   9050000   126613.71      304.45632      174.00693      17947.51       3356.9404      21304.45       5594.571       0              1714.0432      3467.0418      7171.8539      0              0.65814486   
   9060000   126693.89      308.98351      37.026914      17978.153      3406.8572      21385.01       5620.22        0              1744.6919      3417.8268      7195.4145      0              0.65772831   
   9070000   126268.25      309.26179      20.799791      17860.381      3409.9255      21270.307      5553.468       0              1718.1024      3435.0058      7153.8049      0              0.65994546   
   9080000   126941.5       305.54379      607.36024      17909.764      3368.9309      21278.695      5588.8668      0              1685.862       3494.8576      7140.1773      0              0.65644537   
   9090000   124423.16      306.37964      96.079013      17904.534      3378.1469      21282.681      5547.33        0              1755.6633      3463.7877      7137.7534      0              0.6697319    
   9100000   125763.86      303.27437     -74.228603      17885.988      3343.9082      21229.896      5514.4011      0              1746.2715      3476.0439      7149.2715      0              0.66259227   
   9110000   126214.56      307.56132     -831.5489       17915.263      3391.1761      21306.439      5547.6172      0              1748.2997      3432.0252      7187.3211      0              0.66022621   
   9120000   125732.55      304.77052      50.903538      17843.183      3360.4048      21203.587      5556.5235      0              1668.8326      3450.4463      7167.3803      0              0.66275725   
   9130000   124521.66      308.21726     -16.532082      17944.918      3398.4085      21343.327      5534.5658      0              1775.3487      3502.1122      7132.8916      0              0.66920215   
   9140000   125474.69      305.61651      119.75569      17985.065      3369.7326      21354.797      5560.1803      0              1767.65        3449.9651      7207.2694      0              0.66411929   
   9150000   126138.38      313.34756      188.878        17998.006      3454.9754      21452.982      5609.555       0              1767.1968      3458.2716      7162.9827      0              0.66062493   
   9160000   126066.54      308.79777      105.52596      17942.011      3404.8093      21346.82       5600.6338      0              1725.327       3437.7865      7178.2633      0              0.66100141   
   9170000   125216.15      308.92779      316.52101      17979.753      3406.2429      21385.996      5594.6529      0              1760.8767      3412.0865      7212.1371      0              0.6654905    
   9180000   126836.3       306.17884     -33.447331      18020.116      3375.9329      21396.049      5622.1923      0              1739.1141      3463.717       7195.093       0              0.65698982   
   9190000   125553.81      307.57373      75.885058      17932.081      3391.313       21323.394      5617.6381      0              1748.3899      3437.7042      7128.3484      0              0.66370078   
   9200000   126702.39      311.78741     -431.79392      17975.303      3437.7731      21413.076      5584.1319      0              1819.006       3435.7197      7136.4454      0              0.65768419   
   9210000   126698.39      302.79386     -378.84437      17921.713      3338.6101      21260.323      5565.403       0              1769.9981      3459.0577      7127.2538      0              0.65770497   
   9220000   125924.46      305.38006      135.05807      18023.646      3367.1256      21390.772      5580.6506      0              1778.4779      3487.2081      7177.3096      0              0.66174722   
   9230000   126245.36      308.21046     -255.20922      18032.44       3398.3336      21430.773      5573.7346      0              1804.3901      3466.4203      7187.8948      0              0.66006511   
   9240000   124881.72      311.42913      267.2688       17946.699      3433.8227      21380.521      5577.5427      0              1792.1383      3426.698       7150.3195      0              0.66727269   
   9250000   125417.88      306.4933      -81.845122      18031.641      3379.4002      21411.042      5592.9058      0              1806.3746      3485.6827      7146.6783      0              0.6644201    
   9260000   126301.62      310.65052      432.62465      17919.953      3425.2377      21345.191      5627.3557      0              1696.7215      3471.8797      7123.9966      0              0.65977113   
   9270000   125401.7       306.55032     -172.27103      17945.092      3380.0289      21325.121      5544.2825      0              1763.5095      3501.8639      7135.4359      0              0.66450581   
   9280000   125700.9       304.28333      20.532887      17951.406      3355.033       21306.439      5539.3019      0              1727.8802      3477.1416      7207.0819      0              0.66292413   
   9290000   126496.57      308.73929      90.330566      17968.09       3404.1645      21372.254      5593.0884      0              1757.7036      3460.6903      7156.6076      0              0.65875429   
   9300000   125441.61      305.66837     -449.24898      17951.315      3370.3045      21321.619      5536.1519      0              1783.6388      3441.882       7189.642       0              0.66429441   
   9310000   125373.69      309.34795     -190.9712       17904.217      3410.8755      21315.092      5562.0365      0              1733.4117      3454.8563      7153.9125      0              0.66465426   
   9320000   125949.67      306.62652     -342.1102       17946.696      3380.869       21327.565      5568.0304      0              1742.8505      3472.9702      7162.8446      0              0.66161476   
   9330000   126542.03      306.6019       91.128098      17994.9        3380.5975      21375.497      5610.596       0              1737.5905      3447.1348      7199.5783      0              0.65851766   
   9340000   126155.05      308.83159      851.50014      18006.161      3405.1822      21411.343      5648.5555      0              1720.1797      3443.0115      7194.4146      0              0.66053763   
   9350000   126406.75      306.21417     -317.99204      18006.8        3376.3225      21383.122      5583.8281      0              1786.1666      3441.3001      7195.5052      0              0.65922241   
   9360000   125033.46      309.17984      172.34518      17946.194      3409.022       21355.216      5571.3642      0              1745.8387      3534.0586      7094.9329      0              0.66646288   
   9370000   125260.95      302.85614     -141.06306      17977.248      3339.2968      21316.544      5573.5678      0              1774.7799      3482.4325      7146.4675      0              0.66525251   
   9380000   126428.47      306.85669     -370.02485      17976.227      3383.4069      21359.634      5603.128       0              1755.1586      3428.1954      7189.745       0              0.65910916   
   9390000   126113.26      308.68072     -245.5485       17892.645      3403.5187      21296.164      5566.958       0              1728.3752      3436.6341      7160.6778      0              0.66075651   
   9400000   126322.87      302.12326      593.38249      18013.319      3331.216       21344.535      5673.9065      0              1735.1214      3439.1164      7165.1748      0              0.65966015   
   9410000   127380.62      314.01769      228.52641      17986.02       3462.3642      21448.384      5607.2195      0              1745.7285      3467.9536      7165.1181      0              0.65418238   
   9420000   125918.42      309.35848      203.29081      17944.294      3410.9916      21355.286      5604.5391      0              1741.1165      3450.164       7148.4747      0              0.66177898   
   9430000   126278.89      303.54748     -893.0433       17947.517      3346.9195      21294.437      5550.1498      0              1800.5658      3435.9526      7160.8488      0              0.65988988   
   9440000   126281.78      306.56816      126.25656      17953.048      3380.2256      21333.273      5621.6529      0              1740.8475      3462.0257      7128.5217      0              0.65987479   
   9450000   126755.08      312.03657     -516.10551      17899.819      3440.5203      21340.339      5539.4351      0              1799.7157      3426.5805      7134.0878      0              0.65741079   
   9460000   126860.09      308.8728      -197.96643      17958.545      3405.6366      21364.182      5547.4413      0              1745.5574      3442.2236      7223.3226      0              0.65686661   
   9470000   125811.28      316.14154      216.55914      17947.648      3485.7818      21433.43       5587.8978      0              1753.1057      3448.5784      7158.0661      0              0.66234251   
   9480000   124819.21      311.614       -12.014915      17983.909      3435.861       21419.77       5582.321       0              1806.0748      3469.1831      7126.3297      0              0.66760688   
   9490000   127163.3       311.50891      317.88229      17951.704      3434.7023      21386.406      5608.714       0              1689.5863      3479.574       7173.8295      0              0.6553004    
   9500000   126799.61      307.26521     -487.21343      18056.899      3387.9112      21444.81       5527.1623      0              1820.2683      3473.5139      7235.9545      0              0.65717994   
   9510000   125596.97      308.60613      241.98049      17942.411      3402.6962      21345.107      5600.9005      0              1713.6987      3464.5334      7163.278       0              0.66347268   
   9520000   125616.33      307.36093     -486.27091      17979.954      3388.9667      21368.921      5596.3803      0              1794.7377      3442.3096      7146.5268      0              0.66337043   
   9530000   126747.18      309.56045      363.73862      17980.627      3413.2186      21393.845      5614.5466      0              1764.9578      3477.261       7123.861       0              0.65745178   
   9540000   125901.19      306.9715       509.1766       17945.294      3384.6728      21329.967      5631.1885      0              1731.2413      3414.6485      7168.2154      0              0.66186952   
   9550000   125695.08      308.62522     -411.41553      18035.724      3402.9067      21438.631      5640.2294      0              1819.7608      3443.3517      7132.3822      0              0.66295482   
   9560000   124982.6       309.82446     -313.4157       17880.282      3416.1296      21296.412      5600.1444      0              1748.241       3408.2926      7123.6041      0              0.66673407   
   9570000   125737.92      308.22849      226.42094      17953.917      3398.5323      21352.45       5583.8886      0              1724.5825      3437.9845      7207.4617      0              0.66272895   
   9580000   126732.31      309.76858     -181.39643      17960.435      3415.5134      21375.948      5588.9924      0              1742.508       3482.845       7146.0894      0              0.65752893   
   9590000   126799.71      302.7678      -606.39988      17936.509      3338.3227      21274.831      5589.6865      0              1766.0578      3458.9341      7121.8302      0              0.65717942   
   9600000   126730.52      307.2267       161.03141      18048.578      3387.4867      21436.064      5636.0337      0              1801.3853      3494.8126      7116.346       0              0.65753821   
   9610000   126954.93      307.82592     -50.471406      18033.054      3394.0937      21427.148      5615.8157      0              1783.8865      3423.3261      7210.0256      0              0.65637592   
   9620000   126601.97      312.4917       147.23023      17968.235      3445.5386      21413.773      5590.5413      0              1765.8149      3446.9648      7164.9135      0              0.65820586   
   9630000   126581.84      311.23279     -129.05761      17936.918      3431.6578      21368.576      5575.8752      0              1731.9354      3471.6304      7157.477       0              0.65831057   
   9640000   128195.97      299.90311     -549.02898      17948.368      3306.7366      21255.105      5555.5279      0              1797.5931      3474.9137      7120.3334      0              0.6500217    
   9650000   127199.71      310.44759     -0.08909177     17991.908      3423.0002      21414.909      5631.6752      0              1771.1892      3458.05        7130.994       0              0.6551128    
   9660000   127253.47      310.37251     -543.24335      17902.094      3422.1723      21324.266      5536.6732      0              1751.5704      3470.3507      7143.4994      0              0.65483607   
   9670000   125148.05      306.77048     -203.90654      17960.123      3382.4564      21342.579      5626.4613      0              1780.8963      3387.0177      7165.7475      0              0.66585264   
   9680000   125697.8       311.54141      657.48796      17908.51       3435.0607      21343.571      5620.3788      0              1721.239       3471.1162      7095.776       0              0.66294049   
   9690000   126454.01      302.88478     -299.98691      17897.272      3339.6126      21236.885      5558.9458      0              1701.4684      3487.3347      7149.5233      0              0.65897603   
   9700000   126251.65      306.75005      298.59674      17853.72       3382.2311      21235.951      5600.536       0              1711.983       3383.6309      7157.5699      0              0.66003225   
   9710000   126682.43      313.20193     -241.15541      18019.965      3453.3696      21473.335      5552.9257      0              1759.729       3526.2802      7181.0305      0              0.65778782   
   9720000   126680.25      310.95484      344.93625      17934.899      3428.5932      21363.492      5611.9368      0              1718.5001      3425.2648      7179.1973      0              0.65779913   
   9730000   126025.95      309.97123      201.63569      18039.472      3417.7478      21457.22       5611.3223      0              1791.8967      3446.2032      7190.0497      0              0.66121428   
   9740000   126369.02      310.58711      87.459949      18018.005      3424.5385      21442.544      5563.9153      0              1742.3105      3518.2588      7193.5209      0              0.65941924   
   9750000   125479.67      309.02083     -524.68865      17883.472      3407.2687      21290.741      5496.4516      0              1761.5355      3479.0799      7146.4053      0              0.66409291   
   9760000   124580.22      300.28601     -111.75714      17936.373      3310.9585      21247.331      5627.7428      0              1739.375       3433.545       7135.7101      0              0.66888757   
   9770000   126001.67      307.56531      427.29419      17924.2        3391.2202      21315.421      5625.923       0              1744.8994      3426.1746      7127.2036      0              0.6613417    
   9780000   125962.11      311.69403      253.71258      17989.985      3436.7435      21426.729      5620.2601      0              1778.7625      3447.1167      7143.8459      0              0.66154942   
   9790000   125886.35      303.17985      274.34138      17957.862      3342.866       21300.728      5607.4705      0              1769.821       3450.3595      7130.2112      0              0.66194754   
   9800000   125798.69      305.74332      552.96318      17931.648      3371.1309      21302.779      5606.166       0              1709.3743      3437.7955      7178.3125      0              0.66240883   
   9810000   126680.97      310.99363     -273.90287      17892.07       3429.0208      21321.091      5552.1831      0              1718.8754      3455.615       7165.3963      0              0.65779541   
   9820000   126676.51      306.52773      104.35202      18001.756      3379.7798      21381.536      5560.8499      0              1789.7766      3445.7957      7205.3336      0              0.65781855   
   9830000   126435.39      313.49844     -301.27061      18023.665      3456.6389      21480.304      5612.1041      0              1810.5835      3455.5082      7145.4694      0              0.65907309   
   9840000   127088.78      307.3119       230.36001      17957.834      3388.426       21346.26       5568.9682      0              1770.1366      3498.6727      7120.0562      0              0.65568461   
   9850000   126296.93      308.20426     -394.97379      17953.33       3398.2652      21351.595      5538.8598      0              1732.8002      3498.6488      7183.0208      0              0.65979562   
   9860000   128641.4       310.51105      28.722961      17956.583      3423.6999      21380.283      5588.5881      0              1747.1819      3453.7584      7167.0544      0              0.64777092   
   9870000   126594.33      307.43288      101.79426      17962.549      3389.76        21352.309      5572.4809      0              1774.2929      3457.8602      7157.9151      0              0.65824562   
   9880000   126458.55      315.87104      456.77586      18069.991      3482.7992      21552.791      5645.8571      0              1792.4772      3474.4314      7157.2257      0              0.65895237   
   9890000   125640.75      316.92998      187.07814      17965.691      3494.4752      21460.166      5600.8044      0              1765.7164      3446.0397      7153.1302      0              0.66324152   
   9900000   127073.14      312.87043      847.75843      18013.083      3449.7145      21462.798      5641.6661      0              1716.2838      3495.5206      7159.613       0              0.65576532   
   9910000   126632.89      300.55982     -149.51083      17942.506      3313.9775      21256.484      5601.4502      0              1754.3301      3429.6056      7157.12        0              0.65804518   
   9920000   126972.33      312.39648      733.65304      18053.833      3444.4887      21498.322      5676.3155      0              1699.7908      3479.0242      7198.7023      0              0.656286     
   9930000   125674.29      315.8887       223.06284      18020.918      3482.994       21503.912      5625.7984      0              1725.8769      3466.8456      7202.3968      0              0.66306452   
   9940000   125959.03      310.17743     -189.55604      18004.739      3420.0214      21424.761      5601.4598      0              1784.5736      3463.0367      7155.669       0              0.66156559   
   9950000   126899.56      304.33145      306.57799      17992.25       3355.5635      21347.814      5636.5594      0              1713.364       3443.5005      7198.8263      0              0.6566623    
   9960000   126898.59      305.52429     -152.0706       17937.03       3368.7158      21305.746      5620.5428      0              1723.7172      3433.5856      7159.1847      0              0.65666736   
   9970000   126489.15      314.0258      -62.860679      17946.649      3462.4536      21409.102      5625.7949      0              1755.6414      3430.1701      7135.0425      0              0.65879296   
   9980000   126743.17      312.43635     -114.21492      17977.634      3444.9284      21422.563      5631.8271      0              1714.913       3490.065       7140.8294      0              0.65747259   
   9990000   126833.96      310.3651      -78.679247      17987.425      3422.0906      21409.516      5594.549       0              1767.3096      3436.7344      7188.8325      0              0.65700196   
  10000000   126925.92      309.62253     -353.74494      18027.919      3413.903       21441.822      5560.0546      0              1738.8799      3495.1377      7233.8465      0              0.65652597   
  10010000   126454.11      309.42627     -575.36024      17980.128      3411.7391      21391.867      5536.8028      0              1798.3163      3463.8531      7181.1554      0              0.65897548   
  10020000   126795.14      304.78243      742.94517      18014.389      3360.5361      21374.925      5638.6141      0              1750.521       3422.1176      7203.1366      0              0.65720312   
  10030000   128134.56      303.97926     -859.3283       18002.129      3351.6803      21353.81       5556.7242      0              1782.1107      3432.0229      7231.2715      0              0.65033322   
  10040000   126564.84      302.28286      467.42626      18055.012      3332.9758      21387.988      5658.0285      0              1709.6988      3477.9035      7209.3811      0              0.65839895   
  10050000   126431.4       301.00943      326.52114      17945.834      3318.9349      21264.769      5642.8871      0              1745.4988      3419.0648      7138.3833      0              0.65909386   
  10060000   126639.69      304.78369      501.5633       17940.576      3360.55        21301.126      5600.436       0              1700.0839      3464.0279      7176.0284      0              0.6580098    
  10070000   126700.08      312.18057     -216.22383      18071.174      3442.1081      21513.282      5603.3607      0              1808.3063      3511.3588      7148.1483      0              0.6576962    
  10080000   125038.25      311.4344       604.3515       17954.05       3433.8808      21387.931      5649.6744      0              1671.987       3436.2669      7196.1221      0              0.66643737   
  10090000   125185.94      307.42333      902.14289      17978.789      3389.6546      21368.444      5618.6691      0              1710.7438      3463.7629      7185.6133      0              0.66565114   
  10100000   125874.02      312.09167      165.49708      18012.629      3441.1279      21453.757      5659.3011      0              1743.0179      3460.4097      7149.9002      0              0.66201241   
  10110000   128257.14      310.39978      647.91483      18047.427      3422.473       21469.9        5692.7065      0              1683.8431      3481.3262      7189.5514      0              0.64971167   
  10120000   127112.04      305.87802      379.00763      17994.934      3372.6161      21367.55       5667.2709      0              1747.7282      3421.0602      7158.8748      0              0.65556465   
  10130000   128102.59      309.92671     -550.77935      17927.577      3417.257       21344.834      5605.4483      0              1729.4703      3436.5021      7156.1568      0              0.65049552   
  10140000   128694.46      309.66618     -181.81691      18042.296      3414.3844      21456.681      5647.3333      0              1831.6443      3444.7284      7118.5903      0              0.64750385   
  10150000   128183.82      301.00026      355.4895       18007.014      3318.8338      21325.848      5687.1725      0              1701.659       3406.5765      7211.606       0              0.65008329   
  10160000   127444.96      307.84987      114.02102      17926.358      3394.3577      21320.716      5648.2718      0              1715.0831      3412.6997      7150.3036      0              0.65385213   
  10170000   127193.23      303.76582     -228.60464      17975.487      3349.3269      21324.814      5564.6751      0              1740.1198      3495.7799      7174.9124      0              0.65514619   
  10180000   127877.72      309.68904     -369.94859      17895.727      3414.6365      21310.364      5617.6113      0              1761.1601      3390.0605      7126.8955      0              0.65163938   
  10190000   127512.47      319.49156      245.03205      18005.68       3522.7192      21528.399      5648.0286      0              1751.4572      3476.2158      7129.9783      0              0.65350596   
  10200000   126603.17      306.81068      466.94264      17952.158      3382.8995      21335.058      5610.1568      0              1747.8069      3431.3718      7162.8226      0              0.65819963   
  10210000   126683.61      307.79453     -107.30425      18028.901      3393.7475      21422.649      5638.8477      0              1757.9157      3458.3691      7173.7686      0              0.65778171   
  10220000   128294.13      312.01134      45.332693      17993.173      3440.2422      21433.415      5622.5574      0              1715.2977      3451.5         7203.8178      0              0.64952436   
  10230000   126880.77      311.61972      99.040565      18039.498      3435.9241      21475.422      5660.7161      0              1776.4099      3443.5547      7158.8171      0              0.65675959   
  10240000   127437.02      306.76762     -202.91147      18045.153      3382.4248      21427.578      5653.5513      0              1773.7545      3463.1307      7154.7166      0              0.65389287   
  10250000   126707.37      306.90965      277.24766      17957.852      3383.9908      21341.843      5631.322       0              1745.2784      3437.9899      7143.2621      0              0.65765836   
  10260000   127973.23      308.50223      85.188739      17946.983      3401.5507      21348.534      5632.9567      0              1754.3457      3430.4152      7129.2659      0              0.65115306   
  10270000   127036.92      311.47851      336.33277      17973.392      3434.3672      21407.759      5625.1803      0              1712.2082      3471.4964      7164.5071      0              0.65595232   
  10280000   126269.28      306.43435      247.56468      17970.771      3378.7502      21349.521      5578.4751      0              1814.5274      3423.8584      7153.9097      0              0.6599401    
  10290000   127554.77      309.28719     -570.13176      18009.095      3410.2056      21419.3        5591.9526      0              1781.5946      3443.6048      7191.9429      0              0.65328926   
  10300000   126757.27      307.12545      52.262573      17929.75       3386.3702      21316.12       5605.5984      0              1763.4432      3405.0475      7155.6604      0              0.65739948   
  10310000   126554.73      312.82856      547.70409      17997.714      3449.2528      21446.967      5631.8848      0              1734.9256      3414.5987      7216.3052      0              0.65845156   
  10320000   128106.97      306.87597      795.37548      17958.631      3383.6195      21342.25       5666.2832      0              1700.8695      3469.5373      7121.9406      0              0.65047328   
  10330000   127122.68      311.16094      24.387114      18003.426      3430.8657      21434.292      5675.2339      0              1768.8449      3420.9139      7138.4333      0              0.65550978   
  10340000   127318.57      311.15562     -207.02655      18011.202      3430.8069      21442.009      5579.0785      0              1789.8434      3496.73        7145.5505      0              0.65450123   
  10350000   126758.68      307.47459     -38.028971      17981.245      3390.2199      21371.465      5657.371       0              1738.2821      3445.3031      7140.289       0              0.65739213   
  10360000   126666.13      307.61141      185.68457      17923.162      3391.7285      21314.89       5685.8404      0              1724.3922      3396.1193      7116.81        0              0.65787249   
  10370000   128139.65      301.96957     -473.79156      18021.249      3329.5214      21350.77       5604.6993      0              1773.493       3473.169       7169.8875      0              0.65030741   
  10380000   126798.38      309.63843      363.66048      18017.463      3414.0784      21431.542      5686.7338      0              1749.6867      3446.7593      7134.2835      0              0.65718631   
  10390000   126836.6       309.30501     -332.4665       18053.545      3410.4021      21463.948      5669.2873      0              1799.7669      3445.8411      7138.6501      0              0.65698826   
  10400000   126841.16      306.18111     -173.56053      17958.49       3375.9579      21334.448      5606.8301      0              1755.0716      3489.4478      7107.1403      0              0.65696468   
  10410000   125549.01      306.22903     -332.00523      18054.528      3376.4863      21431.014      5620.3018      0              1770.8236      3447.6951      7215.7076      0              0.66372615   
  10420000   126676.23      304.22944     -453.91541      17994.944      3354.4388      21349.383      5621.7052      0              1770.884       3424.7896      7177.5656      0              0.65782003   
  10430000   128188.91      304.09908     -84.513605      17922.264      3353.0015      21275.265      5622.1579      0              1728.8674      3438.7264      7132.5122      0              0.65005751   
  10440000   126369.81      302.81987     -427.34048      18017.082      3338.8969      21355.979      5531.157       0              1813.1092      3464.6339      7208.1821      0              0.6594151    
  10450000   125397.1       309.53299      301.58797      17862.032      3412.9158      21274.948      5607.0234      0              1712.6353      3433.0379      7109.3358      0              0.66453021   
  10460000   126708.28      303.68771      548.8677       17962.279      3348.4657      21310.744      5629.5782      0              1767.6774      3430.8206      7134.2025      0              0.65765364   
  10470000   126320.95      312.13298      427.74044      17969.225      3441.5834      21410.808      5684.6827      0              1734.396       3449.2283      7100.9177      0              0.65967014   
  10480000   126873.63      297.94149      307.32682      17998.13       3285.1077      21283.238      5645.6837      0              1758.2505      3445.0748      7149.1212      0              0.65679652   
  10490000   126752.3       304.17898      705.77499      18020.16       3353.8824      21374.042      5699.764       0              1747.0245      3449.6646      7123.7064      0              0.65742524   
  10500000   127066.96      313.82959      357.03784      17980.224      3460.2902      21440.514      5656.0482      0              1783.5728      3418.7622      7121.8406      0              0.65579724   
  10510000   127633.13      306.62441      181.00988      18007.704      3380.8458      21388.55       5618.981       0              1781.3084      3517.1665      7090.2481      0              0.65288818   
  10520000   127326.51      301.76879     -190.15469      18033.352      3327.3076      21360.66       5597.8097      0              1706.5537      3531.5528      7197.4359      0              0.65446041   
  10530000   128443.93      301.52928      254.69569      18064.036      3324.6668      21388.703      5603.7012      0              1756.2242      3540.4045      7163.7062      0              0.64876683   
  10540000   127987.59      304.7832       207.62104      17958.912      3360.5446      21319.456      5608.6132      0              1703.207       3487.7105      7159.3809      0              0.65108002   
  10550000   126711.58      304.73224      282.97544      18047.72       3359.9827      21407.703      5647.6244      0              1763.3134      3450.7665      7186.0158      0              0.6576365    
  10560000   126990.2       313.25178     -233.657        18030.734      3453.9193      21484.653      5594.6303      0              1774.1856      3479.9226      7181.995       0              0.65619362   
  10570000   125815.87      310.53216     -481.45346      17931.821      3423.9327      21355.754      5585.0242      0              1787.8032      3434.7788      7124.215       0              0.66231834   
  10580000   126696.31      304.27989      705.14733      17910.826      3354.995       21265.821      5695.7528      0              1681.0386      3444.1842      7089.85        0              0.65771578   
  10590000   128853.2       314.75945     -84.283649      18004.631      3470.5428      21475.174      5654.1941      0              1766.2532      3426.7791      7157.4044      0              0.64670619   
  10600000   127921.09      305.72643      267.94607      18003.759      3370.9446      21374.704      5639.9832      0              1736.0234      3491.0287      7136.7238      0              0.65141848   
  10610000   129328.92      303.33342     -180.41632      18047.591      3344.5592      21392.15       5608.882       0              1785.5137      3484.3725      7168.8226      0              0.64432737   
  10620000   127048.4       307.61293      119.85791      18000.507      3391.7452      21392.253      5652.0647      0              1797.4096      3440.5741      7110.459       0              0.65589301   
  10630000   127353.29      305.31137     -94.444022      17952.052      3366.3681      21318.42       5654.7379      0              1753.5002      3428.9209      7114.8932      0              0.65432277   
  10640000   128160.5       305.42728      473.62662      17999.804      3367.6462      21367.451      5666.1337      0              1764.8878      3427.3176      7141.4654      0              0.65020159   
  10650000   126138.17      306.06735      226.25002      17922.09       3374.7036      21296.793      5671.5468      0              1731.996       3393.5098      7125.0373      0              0.66062603   
  10660000   127098.42      312.74451      244.19528      17954.963      3448.3261      21403.289      5652.7265      0              1737.5528      3442.0565      7122.6269      0              0.65563492   
  10670000   125744.97      306.36379     -337.87997      17933.405      3377.9722      21311.378      5599.4345      0              1789.3965      3410.9713      7133.6031      0              0.66269181   
  10680000   126135.09      304.34505      337.54464      18019.579      3355.7135      21375.292      5644.0615      0              1722.7779      3466.6027      7186.1365      0              0.66064217   
  10690000   127030.48      298.69777      208.04725      17896.352      3293.4465      21189.798      5618.4591      0              1747.6197      3455.1817      7075.0913      0              0.65598554   
  10700000   126974.79      316.21867     -223.71298      17936.97       3486.6322      21423.603      5586.5772      0              1750.8542      3421.2521      7178.2869      0              0.65627327   
  10710000   127744.2       310.60875     -200.33875      17972.074      3424.7771      21396.851      5626.2146      0              1738.3909      3502.1031      7105.3651      0              0.6523205    
  10720000   126384.74      302.44601      146.31857      17939.789      3334.7746      21274.564      5564.3851      0              1762.5068      3504.7191      7108.1785      0              0.6593372    
  10730000   126846.03      308.97034     -26.884925      17922.477      3406.712       21329.189      5608.7986      0              1674.6914      3475.0516      7163.9357      0              0.65693946   
  10740000   126624.27      305.02057     -57.534093      17968.419      3363.1618      21331.581      5606.8939      0              1742.3674      3435.9755      7183.1819      0              0.65808998   
  10750000   127158.45      311.34612      32.835502      18060.125      3432.9075      21493.032      5668.1734      0              1767.3         3427.179       7197.4722      0              0.65532539   
  10760000   126236.89      300.17585      550.88168      17967.875      3309.7438      21277.619      5635.6753      0              1728.8765      3459.6871      7143.6363      0              0.66010942   
  10770000   128515.32      312.28399     -378.11566      17924.129      3443.2483      21367.377      5582.7813      0              1752.9308      3446.2849      7142.1316      0              0.64840646   
  10780000   126290.52      308.04861      409.23119      17968.228      3396.5491      21364.777      5629.7835      0              1687.3384      3469.8708      7181.2357      0              0.65982909   
  10790000   127448.91      311.01473      390.51084      18032.32       3429.2535      21461.574      5593.9081      0              1751.745       3458.113       7228.5541      0              0.65383189   
  10800000   127203.11      315.64355     -82.121848      17929.098      3480.2909      21409.389      5596.5127      0              1731.4002      3451.7936      7149.3917      0              0.65509533   
  10810000   127749.61      312.60542      158.12195      17888.601      3446.7925      21335.393      5576.2576      0              1688.4426      3507.3134      7116.5875      0              0.65229288   
  10820000   126625.27      309.25525      441.54382      17988.146      3409.8535      21397.999      5616.7955      0              1745.3291      3489.4548      7136.5663      0              0.65808475   
  10830000   126612.62      311.89904      222.81962      17927.656      3439.0039      21366.66       5626.2025      0              1720.7241      3439.6185      7141.111       0              0.65815049   
  10840000   126862.41      304.19972     -206.8226       18020.488      3354.1111      21374.599      5603.2646      0              1766.3749      3483.692       7167.1565      0              0.65685462   
  10850000   125885.67      308.12341      325.62119      17898.556      3397.3738      21295.93       5573.0649      0              1768.4436      3463.7972      7093.2507      0              0.66195112   
  10860000   126367.6       310.32051     -34.643106      18016.483      3421.599       21438.082      5625.418       0              1778.5699      3435.0959      7177.3988      0              0.65942662   
  10870000   127731.86      308.03703      36.777996      18022.75       3396.4213      21419.172      5572.4933      0              1789.0294      3489.5946      7171.633       0              0.65238353   
  10880000   126981.24      309.1515      -115.8037       17935.164      3408.7095      21343.873      5629.3712      0              1743.3765      3406.4118      7156.0045      0              0.65623994   
  10890000   127628.99      305.43472     -435.12706      17980.372      3367.7283      21348.1        5602.682       0              1799.2918      3462.7643      7115.634       0              0.65290935   
  10900000   127477.64      303.97199      34.343698      17926.584      3351.6001      21278.184      5646.7177      0              1685.3642      3460.3668      7134.1351      0              0.65368451   
  10910000   126590.33      294.42077      189.13595      18022.878      3246.2882      21269.166      5584.9073      0              1796.9865      3475.6839      7165.3006      0              0.65826638   
  10920000   127072.92      307.15607     -186.82559      17953.579      3386.7078      21340.287      5558.8146      0              1755.3541      3467.7609      7171.6492      0              0.65576647   
  10930000   127180.08      313.47732     -163.19579      18000.929      3456.406       21457.335      5559.1006      0              1760.7404      3509.0703      7172.0176      0              0.65521394   
  10940000   128147.99      307.88566     -18.294019      18020.715      3394.7523      21415.467      5633.6698      0              1815.2033      3452.6455      7119.1959      0              0.65026508   
  10950000   128250.87      311.89479      46.907205      17980.324      3438.957       21419.281      5625.5343      0              1772.9565      3419.5158      7162.3172      0              0.64974345   
  10960000   124953.45      308.2272       731.57752      17981.864      3398.5182      21380.382      5663.533       0              1707.4556      3449.4062      7161.4693      0              0.66688963   
  10970000   127817.79      310.36572     -228.81168      17923.673      3422.0975      21345.771      5635.8037      0              1716.8549      3415.5125      7155.502       0              0.65194495   
  10980000   126780.27      311.20248      247.3554       17947          3431.3237      21378.324      5625.614       0              1717.5257      3434.5602      7169.3001      0              0.6572802    
  10990000   127668.03      307.43423     -423.75366      17954.209      3389.7748      21343.984      5606.0596      0              1765.6378      3462.1357      7120.3758      0              0.65270969   
  11000000   126064.26      307.00967      28.525246      17938.431      3385.0936      21323.524      5620.4057      0              1734.826       3449.3747      7133.8242      0              0.66101336   
  11010000   126437.01      304.13265     -293.42015      18019.695      3353.3716      21373.067      5589.2041      0              1819.6682      3437.1474      7173.6756      0              0.65906462   
  11020000   125155.75      304.23716      475.25947      17874.095      3354.5239      21228.619      5621.2401      0              1728.9546      3402.9012      7120.9996      0              0.66581167   
  11030000   127790.36      312.97089     -477.25881      18039.266      3450.8221      21490.088      5582.0376      0              1760.6502      3520.0025      7176.5757      0              0.65208485   
  11040000   125576.55      309.05542      799.8476       17885.21       3407.6501      21292.86       5598.5279      0              1685.962       3485.3422      7115.3779      0              0.66358059   
  11050000   124922.66      309.6314       116.01759      17873.936      3414.0008      21287.937      5549.5778      0              1729.4924      3463.1712      7131.6945      0              0.66705402   
  11060000   125172.04      310.92216      149.35979      17931.474      3428.2329      21359.707      5589.7988      0              1734.3737      3434.7699      7172.5316      0              0.66572503   
  11070000   127294.61      307.7609       456.31752      17970.214      3393.3767      21363.591      5596.8691      0              1700.5808      3490.9212      7181.8428      0              0.65462442   
  11080000   125234.79      310.99507     -589.74288      17944.396      3429.0367      21373.432      5518.2799      0              1764.8859      3497.9841      7163.2459      0              0.66539145   
  11090000   127041.94      302.45508      180.91072      17990.311      3334.8746      21325.186      5616.0572      0              1745.9995      3441.0931      7187.1616      0              0.65592641   
  11100000   126925.31      308.32334      41.575141      18026.119      3399.5782      21425.697      5629.2468      0              1781.5809      3435.4178      7179.8738      0              0.6565291    
  11110000   126884.07      303.39782     -438.78189      18075.207      3345.2693      21420.477      5577.9942      0              1799.3459      3485.99        7211.8774      0              0.6567425    
  11120000   127641.99      307.5908       6.2559783      17972.482      3391.5012      21363.983      5617.4636      0              1766.7614      3443.5273      7144.7298      0              0.65284285   
  11130000   127743.42      304.7138       91.537678      18069.131      3359.7793      21428.91       5645.9503      0              1764.5807      3493.7643      7164.8356      0              0.65232446   
  11140000   127362.37      313.26451     -292.97548      17919.292      3454.0596      21373.352      5590.7573      0              1758.8742      3432.5403      7137.1202      0              0.65427617   
  11150000   127864.74      301.20282      167.6042       18054.383      3321.0672      21375.45       5644.2546      0              1751.5738      3500.1523      7158.4024      0              0.65170556   
  11160000   129635.56      307.98056     -168.93939      18027.572      3395.7987      21423.37       5660.2255      0              1760.2225      3456.7314      7150.3925      0              0.64280324   
  11170000   128547.95      309.07676      219.06606      18025.33       3407.8854      21433.216      5673.0353      0              1715.0354      3498.9402      7138.3196      0              0.64824183   
  11180000   127753.39      311.11577      374.726        17994.598      3430.3676      21424.966      5683.8         0              1761.1459      3412.6904      7136.9621      0              0.65227356   
  11190000   126724.92      306.21227      71.755932      17977.022      3376.3015      21353.323      5617.741       0              1736.207       3453.9094      7169.1644      0              0.65756725   
  11200000   125720.4       306.87602      77.420917      17943.566      3383.62        21327.186      5628.4724      0              1721.1351      3450.1707      7143.7874      0              0.6628213    
  11210000   126383.96      307.02937      58.920192      18042.04       3385.3108      21427.351      5651.3504      0              1789.8366      3433.2294      7167.6239      0              0.65934128   
  11220000   126918.57      308.3745      -291.91996      17919.297      3400.1423      21319.439      5594.5091      0              1765.0042      3411.5447      7148.239       0              0.65656398   
  11230000   125984.12      306.06477     -176.1882       17951.882      3374.6752      21326.557      5621.8496      0              1739.4793      3485.2853      7105.2679      0              0.66143385   
  11240000   128486.39      312.30223     -157.26422      17948.761      3443.4495      21392.21       5619.3664      0              1735.4953      3421.9512      7171.9477      0              0.64855242   
  11250000   129515.03      304.76412     -370.18779      18053.68       3360.3342      21414.014      5645.454       0              1772.8569      3457.7033      7177.6655      0              0.64340145   
  11260000   128234.34      309.54166     -81.04842       17921.167      3413.0114      21334.179      5671.5976      0              1710.7525      3404.618       7134.1991      0              0.64982719   
  11270000   127739.63      308.20236      441.45287      17957.371      3398.2443      21355.615      5696.4237      0              1685.4177      3422.2508      7153.2789      0              0.65234382   
  11280000   129376.76      305.47115     -57.069287      17918.994      3368.1299      21287.124      5656.2846      0              1749.0352      3423.265       7090.4093      0              0.64408911   
  11290000   129090.72      311.17238     -268.14972      18021.776      3430.9917      21452.768      5660.9979      0              1760.7296      3450.2956      7149.7532      0              0.64551626   
  11300000   126941.38      310.27742     -667.97902      17900.107      3421.1239      21321.231      5565.8441      0              1777.106       3440.3234      7116.8335      0              0.65644597   
  11310000   129444.72      308.78958     -193.09547      18038.68       3404.719       21443.399      5564.5882      0              1761.859       3459.6494      7252.5838      0              0.64375095   
  11320000   127752.55      307.78357     -207.92076      17972.805      3393.6267      21366.432      5607.3615      0              1742.2276      3422.2584      7200.9576      0              0.65227788   
  11330000   130492.43      301.77666     -91.894952      17962.929      3327.3944      21290.323      5640.0503      0              1761.0105      3440.329       7121.5391      0              0.63858236   
  11340000   128486.43      302.46748     -336.93701      17939.572      3335.0114      21274.583      5671.2802      0              1781.8124      3407.33        7079.149       0              0.64855221   
  11350000   127473.96      310.79154      244.29913      17910.998      3426.7926      21337.791      5615.1175      0              1723.5415      3459.0971      7113.2422      0              0.65370338   
  11360000   127497.07      308.40388     -60.100186      17955.892      3400.4662      21356.358      5616.187       0              1758.2357      3434.3678      7147.1015      0              0.65358488   
  11370000   126919.28      307.28217      121.93053      18068.909      3388.0982      21457.007      5673.182       0              1809.6894      3435.0642      7150.9735      0              0.6565603    
  11380000   127039.33      304.97392      622.4221       17881.468      3362.6474      21244.115      5614.1975      0              1710.6255      3412.3938      7144.251       0              0.65593988   
  11390000   126518.6       309.05869     -78.960154      18020.359      3407.6862      21428.045      5555.7582      0              1753.378       3510.5422      7200.6805      0              0.6586396    
  11400000   126150.87      308.6715      -72.760555      18029.884      3403.4171      21433.301      5605.2724      0              1791.8403      3442.5022      7190.2693      0              0.66055953   
  11410000   125967.87      308.96043      374.79728      18019.352      3406.6028      21425.955      5607.0614      0              1769.1652      3463.666       7179.4598      0              0.66151915   
  11420000   125783.52      311.03034      380.37157      18024.054      3429.4257      21453.48       5642.1873      0              1669.7927      3541.1068      7170.9672      0              0.6624887    
  11430000   126218.04      309.28302     -119.25498      17883.532      3410.1597      21293.691      5582.5297      0              1732.8648      3442.5482      7125.5891      0              0.66020803   
  11440000   126653.98      310.36795     -30.32931       17931.306      3422.122       21353.428      5599.6492      0              1743.6013      3442.3166      7145.7388      0              0.65793561   
  11450000   127053.84      308.61958     -190.90404      17951.66       3402.8446      21354.504      5633.0696      0              1766.4616      3421.5731      7130.5552      0              0.65586495   
  11460000   126092.27      311.04818      348.39645      17977.889      3429.6224      21407.511      5638.9708      0              1736.3567      3446.5017      7156.0595      0              0.66086652   
  11470000   126026.62      306.14763     -415.05074      17987.62       3375.5887      21363.208      5579.0391      0              1777.1558      3450.3396      7181.0852      0              0.66121077   
  11480000   125971.33      303.48135      182.94576      17915.387      3346.1903      21261.577      5632.4303      0              1732.155       3425.6263      7125.1754      0              0.66150098   
  11490000   126405.66      306.23975      458.7391       17904.57       3376.6044      21281.174      5618.6396      0              1720.7021      3420.2368      7144.9912      0              0.65922807   
  11500000   128015.95      307.06748     -381.06144      18014.521      3385.731       21400.252      5589.5858      0              1773.0543      3486.2619      7165.6187      0              0.65093576   
  11510000   127719.84      310.26352      82.198302      17915.095      3420.9707      21336.065      5603.4879      0              1754.2748      3452.8065      7104.5253      0              0.65244491   
  11520000   128449.78      311.06706      142.46597      18074.737      3429.8305      21504.568      5659.3069      0              1774.8034      3427.5396      7213.0873      0              0.64873728   
  11530000   127798.21      306.89632     -272.99737      17964.906      3383.8438      21348.749      5585.5461      0              1760.2957      3464.1932      7154.8707      0              0.6520448    
  11540000   127462.24      299.59483      169.19648      18023.158      3303.3375      21326.495      5587.9189      0              1754.1335      3476.1805      7204.925       0              0.6537635    
  11550000   125840.66      308.42857      620.37274      17911.902      3400.7384      21312.641      5634.0488      0              1694.4647      3418.166       7165.2228      0              0.66218786   
  11560000   126482.17      316.82246     -48.464063      17989.657      3493.2897      21482.946      5562.2353      0              1801.004       3454.9285      7171.4887      0              0.65882932   
  11570000   126606.63      308.84963     -142.1414       18043.878      3405.3811      21449.259      5570.1034      0              1813.381       3494.7103      7165.6833      0              0.65818163   
  11580000   125679.37      309.24323     -399.2665       18023.053      3409.721       21432.774      5568.2288      0              1845.3384      3421.9434      7187.5427      0              0.6630377    
  11590000   127239.32      305.664        287.3254       17951.242      3370.2562      21321.499      5589.8547      0              1738.2582      3456.486       7166.6435      0              0.6549089    
  11600000   126657.62      309.75913     -564.67682      17916.491      3415.4092      21331.9        5560.5242      0              1817.883       3413.2909      7124.7924      0              0.65791668   
  11610000   127335.35      307.07068      89.214651      18018.144      3385.7664      21403.91       5602.221       0              1758.0397      3470.1883      7187.695       0              0.654415     
  11620000   125054.95      305.19739      548.95834      17920.685      3365.1114      21285.797      5571.408       0              1705.1868      3501.9472      7142.1431      0              0.66634838   
  11630000   126853.75      313.95417     -342.97151      18081.813      3461.6639      21543.477      5562.2187      0              1842.2003      3489.8264      7187.5674      0              0.65689944   
  11640000   126393.66      311.62462     -194.77794      17878.734      3435.9781      21314.712      5576.2974      0              1758.1819      3394.9854      7149.2688      0              0.65929067   
  11650000   127217.33      302.02005      139.87833      17959.282      3330.078       21289.36       5615.495       0              1749.2243      3450.609       7143.954       0              0.65502207   
  11660000   127404.58      310.05956     -94.061996      17888.128      3418.7218      21306.85       5578.0701      0              1695.9985      3432.6271      7181.4326      0              0.65405936   
  11670000   126564.02      304.91194      843.46436      17962.291      3361.964       21324.255      5601.3677      0              1725.9965      3450.6039      7184.3226      0              0.65840326   
  11680000   127413.97      309.13739      176.02112      18195.024      3408.5539      21603.578      5618.0425      0              1846.5484      3455.8892      7274.5444      0              0.65401115   
  11690000   126720.04      308.30943      614.58886      17956.27       3399.4248      21355.695      5620.8534      0              1679.9907      3468.9001      7186.5256      0              0.65759261   
  11700000   126825.42      308.53933      262.64087      17993.542      3401.9597      21395.501      5661.974       0              1739.3742      3438.8817      7153.3116      0              0.65704618   
  11710000   125480.42      299.83209     -249.48721      17931.174      3305.9536      21237.128      5553.2386      0              1759.0317      3455.5186      7163.3855      0              0.66408893   
  11720000   127311.69      311.87478     -209.54168      17921.145      3438.7364      21359.881      5547.6043      0              1754.5394      3422.8531      7196.1482      0              0.65453657   
  11730000   127278.95      298.99446      495.44404      17976.863      3296.7179      21273.581      5609.5256      0              1715.8182      3496.8536      7154.6659      0              0.65470498   
  11740000   128847.72      305.81755      304.94638      18019.076      3371.9493      21391.025      5601.4015      0              1756.4154      3447.5737      7213.6849      0              0.64673369   
  11750000   128418.59      315.13188      57.333681      17973.914      3474.6493      21448.564      5635.8481      0              1768.076       3455.26        7114.7303      0              0.64889485   
  11760000   127609.95      305.70582      157.33622      17999.984      3370.7174      21370.701      5629.5295      0              1745.091       3423.4244      7201.939       0              0.65300676   
  11770000   127766.69      308.19786      222.48344      17969.048      3398.1946      21367.242      5628.7141      0              1717.7257      3448.663       7173.945       0              0.65220569   
  11780000   127137.87      307.2426       29.67872       17988.127      3387.6619      21375.788      5619.4831      0              1779.9645      3459.174       7129.505       0              0.65543145   
  11790000   128262.89      306.26458      85.214104      17939.675      3376.8782      21316.553      5559.494       0              1747.6052      3459.4704      7173.105       0              0.64968254   
  11800000   126646.45      315.07177      146.18205      18026.945      3473.9865      21500.932      5602.9279      0              1744.8916      3493.0795      7186.0461      0              0.65797469   
  11810000   126494.77      311.66239     -87.060226      17915.257      3436.3947      21351.652      5632.9924      0              1792.8607      3407.6078      7081.7962      0              0.6587637    
  11820000   127962.31      304.44382     -296.08923      18034.323      3356.8025      21391.126      5613.8443      0              1747.5442      3498.6507      7174.2842      0              0.65120864   
  11830000   126219.01      308.47151      112.75403      18047.864      3401.2119      21449.076      5572.6663      0              1806.9767      3464.1225      7204.0989      0              0.66020295   
  11840000   127357.72      302.72036      284.31163      17959.678      3337.7997      21297.478      5618.0756      0              1722.3279      3465.0336      7154.2412      0              0.65430001   
  11850000   128423.17      311.35197     -235.43729      18052.277      3432.972       21485.249      5609.1228      0              1782.6235      3448.7135      7211.8172      0              0.64887172   
  11860000   127896.18      309.27023     -435.49475      17967.561      3410.0186      21377.579      5584.1195      0              1755.0116      3446.3615      7182.068       0              0.65154533   
  11870000   126372.62      309.10597      483.99402      18022.214      3408.2074      21430.421      5685.2305      0              1775.7455      3418.189       7143.0489      0              0.65940042   
  11880000   128489.32      312.64907     -177.58723      17983.515      3447.2737      21430.788      5583.0649      0              1746.0898      3459.5267      7194.8332      0              0.64853766   
  11890000   127608.19      314.65915     -97.661297      17960.14       3469.437       21429.577      5553.6871      0              1758.1214      3452.5377      7195.794       0              0.65301579   
  11900000   128555.72      314.80079      280.33137      17977.265      3470.9987      21448.264      5595.4734      0              1720.6486      3534.7303      7126.4125      0              0.64820268   
  11910000   128901.47      312.89194      605.83126      17870.187      3449.9516      21320.138      5649.5983      0              1688.5741      3419.938       7112.0761      0              0.646464     
  11920000   128878.81      298.723       -134.85193      17914.822      3293.7247      21208.547      5606.4061      0              1748.592       3437.8919      7121.932       0              0.64657765   
  11930000   129104.85      310.22625     -71.615072      17940.41       3420.5597      21360.97       5612.2142      0              1765.8957      3399.2601      7163.0405      0              0.64544564   
  11940000   130653.13      300.43338      558.23734      18040.113      3312.5834      21352.697      5626.54        0              1772.3081      3486.3886      7154.8767      0              0.63779691   
  11950000   129056.11      309.77703     -285.97468      17965.388      3415.6066      21380.995      5587.49        0              1780.119       3441.0906      7156.6887      0              0.64568939   
  11960000   128372.04      307.95906     -154.73073      18055.382      3395.5616      21450.944      5529.971       0              1813.857       3534.5982      7176.9558      0              0.64913014   
  11970000   128280.84      304.80743     -269.13103      17979.745      3360.8117      21340.556      5617.2901      0              1775.6646      3440.2112      7146.5787      0              0.64959162   
  11980000   127210.42      305.21612      355.46681      18039.567      3365.3179      21404.885      5625.9093      0              1757.8134      3445.0423      7210.8017      0              0.65505765   
  11990000   127433.87      310.59776     -275.79136      18024.959      3424.656       21449.615      5627.4879      0              1807.9793      3411.8643      7177.6276      0              0.65390905   
  12000000   126806.27      305.96098      561.99128      17933.72       3373.5308      21307.251      5658.8582      0              1702.9657      3426.3714      7145.5249      0              0.6571454    
  12010000   127782.38      306.88093     -309.57702      17906.635      3383.6741      21290.309      5606.2984      0              1734.3994      3406.6095      7159.3278      0              0.6521256    
  12020000   128439.65      307.00698      528.68903      18049.932      3385.064       21434.996      5658.565       0              1750.0477      3464.4311      7176.888       0              0.64878844   
  12030000   127023.95      303.45996     -450.309        18073.31       3345.9545      21419.265      5521.9509      0              1773.1559      3547.0072      7231.1962      0              0.6560193    
  12040000   127931.9       310.18357     -126.252        18021.997      3420.0891      21442.086      5577.3065      0              1791.6822      3499.4419      7153.5659      0              0.6513634    
  12050000   127634.92      308.77061     -35.254513      18050.228      3404.5097      21454.737      5641.8842      0              1792.7148      3453.3948      7162.2338      0              0.65287902   
  12060000   126418.37      302.34068      466.80287      17958.751      3333.6133      21292.364      5635.594       0              1679.0284      3466.4342      7177.6945      0              0.65916182   
  12070000   125706.4       302.37736     -357.06342      17978.618      3334.0178      21312.636      5569.5316      0              1783.033       3424.7809      7201.2723      0              0.66289513   
  12080000   127254.61      310.78378      385.82252      17971.073      3426.7071      21397.78       5684.1686      0              1716.3173      3435.2123      7135.3744      0              0.65483018   
  12090000   127333.68      306.97284     -388.02168      17930.779      3384.6875      21315.466      5631.261       0              1732.4443      3394.5857      7172.4875      0              0.65442355   
  12100000   127652.58      305.61629      77.959091      17983.836      3369.7303      21353.566      5619.6139      0              1771.4407      3454.8106      7137.9707      0              0.6527887    
  12110000   127080.89      308.14494     -57.757981      17941.084      3397.6112      21338.695      5562.9296      0              1748.1989      3501.8982      7128.0573      0              0.65572532   
  12120000   127771.29      311.55222      232.11732      17957.011      3435.1798      21392.191      5627.8394      0              1720.9106      3462.4761      7145.7853      0              0.65218222   
  12130000   126868.35      306.23467     -128.60842      17962.063      3376.5484      21338.611      5603.2935      0              1767.0178      3440.5222      7151.2294      0              0.65682389   
  12140000   126981.85      307.32889      152.38952      17970.136      3388.6134      21358.749      5647.4187      0              1724.4279      3426.8356      7171.4539      0              0.65623679   
  12150000   128552.58      312.03799     -552.47116      17947.967      3440.536       21388.503      5563.8819      0              1794.2043      3497.4355      7092.4454      0              0.64821849   
  12160000   127769.3       311.48481      192.50441      18040.786      3434.4366      21475.222      5680.8662      0              1709.2083      3487.9897      7162.7217      0              0.65219238   
  12170000   126631.73      304.65279     -828.91797      17979.422      3359.1067      21338.529      5584.4854      0              1808.8825      3436.3599      7149.6946      0              0.65805121   
  12180000   126856.66      315.83586     -481.94059      17916.11       3482.4114      21398.521      5556.136       0              1765.8623      3438.5469      7155.5643      0              0.65688441   
  12190000   125479.14      310.47579      317.77019      17926.322      3423.3112      21349.633      5652.4447      0              1778.2382      3383.751       7111.8879      0              0.66409574   
  12200000   126109.67      312.45042      203.54566      18048.908      3445.0834      21493.992      5591.8092      0              1793.74        3471.2591      7192.1001      0              0.66077534   
  12210000   128099.1       312.91995     -152.2738       18017.476      3450.2605      21467.736      5625.8243      0              1769.4872      3450.5884      7171.576       0              0.65051324   
  12220000   127769.12      317.6705       223.16862      17949.623      3502.6402      21452.263      5594.0069      0              1711.8937      3477.4716      7166.2507      0              0.65219327   
  12230000   127389.91      311.60807     -74.868604      17928.629      3435.7956      21364.425      5587.246       0              1752.8534      3425.6355      7162.8946      0              0.6541347    
  12240000   127487.74      304.64776      49.583787      17984.569      3359.0512      21343.62       5624.596       0              1759.8708      3459.6098      7140.4921      0              0.65363275   
  12250000   126088.46      300.26025     -575.03599      17991.692      3310.6744      21302.366      5615.2614      0              1788.9442      3441.6965      7145.7897      0              0.66088651   
  12260000   127021.75      306.4075       70.973056      18024.207      3378.4541      21402.661      5630.1221      0              1750.2962      3445.741       7198.0479      0              0.65603067   
  12270000   127877.43      303.37123      190.95609      17971.913      3344.9761      21316.889      5610.8172      0              1799.7901      3470.8252      7090.4803      0              0.65164086   
  12280000   127459.43      317.39861      174.19929      18001.485      3499.6422      21501.127      5645.3317      0              1744.5046      3448.6123      7163.0364      0              0.65377792   
  12290000   128545.74      303.59588      224.22351      18018.959      3347.4531      21366.413      5624.4407      0              1769.336       3455.333       7169.8496      0              0.64825298   
  12300000   126523.06      307.41749     -73.094276      17891.231      3389.5903      21280.822      5604.2472      0              1739.0539      3434.2621      7113.668       0              0.6586164    
  12310000   127963.5       309.95972      376.90316      17998.353      3417.621       21415.974      5608.3752      0              1784.7689      3488.9397      7116.2689      0              0.65120255   
  12320000   128298.68      304.79721     -584.26206      18036.609      3360.6991      21397.308      5596.5557      0              1835.5674      3441.4907      7162.9951      0              0.64950129   
  12330000   126695.91      305.95348     -391.56642      18018.579      3373.4481      21392.027      5516.8271      0              1791.6193      3530.263       7179.8697      0              0.65771784   
  12340000   126705.94      307.33243     -44.964754      17923.691      3388.6524      21312.344      5584.6521      0              1729.8075      3450.7318      7158.5         0              0.65766578   
  12350000   128107.01      309.57629     -570.81204      17934.299      3413.3933      21347.692      5581.9991      0              1788.9064      3420.3017      7143.0917      0              0.65047306   
  12360000   128283.5       310.53222     -266.31435      17902.527      3423.9333      21326.46       5535.0464      0              1784.874       3480.5551      7102.0515      0              0.64957815   
  12370000   126906.98      306.82899     -254.73568      17984.034      3383.1015      21367.135      5603.2891      0              1766.1931      3418.1005      7196.4509      0              0.65662395   
  12380000   127609.55      316.22253     -208.50065      17999.758      3486.6748      21486.433      5619.5037      0              1793.5012      3461.7685      7124.9845      0              0.65300881   
  12390000   127560.71      311.31587      304.46279      17945.423      3432.5739      21377.997      5697.2759      0              1682.5125      3383.8056      7181.8294      0              0.65325882   
  12400000   128055.97      307.21369     -150.66398      17927.685      3387.3432      21315.028      5592.9056      0              1750.9749      3429.3843      7154.4199      0              0.65073235   
  12410000   126788.56      308.81782      173.16773      17961.322      3405.0303      21366.352      5601.4277      0              1708.6163      3471.7174      7179.5604      0              0.65723724   
  12420000   126943.35      306.944       -6.5752447      18024.747      3384.3696      21409.117      5602.3102      0              1802.0994      3443.013       7177.3244      0              0.65643578   
  12430000   128313.51      310.96073     -328.04283      18051.66       3428.6581      21480.318      5583.5618      0              1789.7801      3475.8099      7202.5086      0              0.64942625   
  12440000   127634.48      305.08931     -402.22828      17979.504      3363.9198      21343.424      5634.2795      0              1765.7861      3440.2002      7139.2387      0              0.65288126   
  12450000   126980.62      312.32833      578.87097      17905.602      3443.7373      21349.34       5611.9687      0              1675.3306      3467.27        7151.033       0              0.65624313   
  12460000   126502.11      314.60392      58.870335      17955.747      3468.8279      21424.575      5636.8911      0              1712.9815      3454.8938      7150.9807      0              0.65872543   
  12470000   125612.58      308.89211     -234.24696      17916.245      3405.8494      21322.095      5562.5144      0              1760.3478      3433.3124      7160.0706      0              0.66339023   
  12480000   127011.23      300.1277      -242.11402      17977.533      3309.213       21286.746      5594.8191      0              1789.6966      3458.7421      7134.2751      0              0.65608501   
  12490000   127852.69      307.85722     -200.58821      17978.231      3394.4387      21372.669      5625.0476      0              1788.9936      3440.0533      7124.1362      0              0.65176697   
  12500000   126285.67      308.14111      523.29188      17987.3        3397.5689      21384.869      5636.8621      0              1714.9582      3485.5138      7149.9655      0              0.65985443   
  12510000   127538.06      297.86276     -51.140398      17915.054      3284.2397      21199.294      5586.6742      0              1741.9083      3468.0051      7118.4662      0              0.65337484   
  12520000   127646.79      310.79799      268.11065      18041.214      3426.8637      21468.077      5622.8064      0              1744.5248      3480.6858      7193.1967      0              0.65281831   
  12530000   129517.74      306.46416      134.38928      17972.335      3379.0789      21351.414      5576.3135      0              1716.6512      3500.471       7178.8996      0              0.64338801   
  12540000   126773.72      307.75143     -171.73752      18035.99       3393.2723      21429.262      5646.1471      0              1790.8218      3458.6495      7140.3717      0              0.65731417   
  12550000   127886.65      298.99714     -238.36749      18069.211      3296.7473      21365.958      5580.8613      0              1788.9092      3488.8505      7210.5894      0              0.65159388   
  12560000   126129.38      310.09261     -286.29065      18005.748      3419.0862      21424.834      5588.8138      0              1809.2054      3453.4057      7154.3229      0              0.66067207   
  12570000   126557.57      308.78313     -41.57559       17970.195      3404.6479      21374.842      5558.5219      0              1761.1708      3496.6895      7153.8124      0              0.6584368    
  12580000   126711.8       316.2116       319.18402      17904.504      3486.5543      21391.058      5630.3813      0              1728.8268      3422.9015      7122.3943      0              0.65763535   
  12590000   127855.51      316.05424      185.38337      18084.227      3484.8193      21569.046      5621.0999      0              1761.8518      3503.8752      7197.4003      0              0.6517526    
  12600000   127354.53      310.4835       40.202472      18025.544      3423.3961      21448.941      5604.083       0              1791.5903      3461.814       7168.0571      0              0.65431644   
  12610000   126391.57      304.92368     -159.017        17937.502      3362.0935      21299.596      5537.5762      0              1742.2368      3492.4054      7165.2837      0              0.65930157   
  12620000   126281.95      307.39489     -295.41444      17962.277      3389.3411      21351.618      5588.0217      0              1804.1171      3392.3601      7177.7782      0              0.65987386   
  12630000   124863.72      306.25047     -32.716777      17994.904      3376.7227      21371.626      5572.9284      0              1753.7425      3483.2178      7185.015       0              0.66736887   
  12640000   127232.95      305.14045     -263.10869      17982.902      3364.4836      21347.386      5552.163       0              1828.7401      3472.3985      7129.6007      0              0.65494165   
  12650000   128283.17      312.00206      82.831932      17972.769      3440.1398      21412.908      5550.8595      0              1789.7751      3458.5359      7173.5982      0              0.64957984   
  12660000   126871.92      306.77543     -238.97117      17952.157      3382.5109      21334.668      5581.2099      0              1751.0764      3452.5293      7167.3418      0              0.65680537   
  12670000   127268.06      310.55178     -614.14556      17952.284      3424.149       21376.433      5545.9138      0              1794.4504      3463.0448      7148.8754      0              0.65476097   
  12680000   129591.02      302.81315     -136.45738      17857.794      3338.8228      21196.617      5552.8175      0              1730.6974      3445.9654      7128.3138      0              0.64302419   
  12690000   127561         303.36204      173.33886      17994.158      3344.8748      21339.033      5612.4376      0              1706.7762      3481.4205      7193.5236      0              0.65325737   
  12700000   127036.54      313.54178      266.06018      17989.013      3457.1168      21446.13       5590.1862      0              1766.5449      3456.3746      7175.9077      0              0.65595426   
  12710000   128928.53      308.63052     -615.59461      18012.4        3402.9652      21415.365      5582.0106      0              1848.4458      3422.8184      7159.1249      0              0.64632832   
  12720000   127386.68      314.27995      62.043495      17965.538      3465.2559      21430.794      5630.842       0              1752.0113      3456.9522      7125.7324      0              0.65415131   
  12730000   127565.66      309.62544      305.16026      17941.02       3413.9352      21354.955      5608.6171      0              1711.8155      3495.9252      7124.6617      0              0.6532335    
  12740000   128296.92      310.84173     -452.37389      17982.937      3427.346       21410.283      5562.9741      0              1790.3005      3488.7743      7140.8884      0              0.64951021   
  12750000   127051.86      311.81072     -236.93258      17953.575      3438.0301      21391.605      5607.4814      0              1781.6873      3414.7349      7149.6717      0              0.65587517   
  12760000   126352.24      320.10405     -463.11223      18012.485      3529.4725      21541.958      5619.7435      0              1812.4448      3437.9427      7142.3541      0              0.65950678   
  12770000   126890.5       309.24272      300.68265      18038.406      3409.7153      21448.121      5614.8562      0              1787.7396      3438.7349      7197.0751      0              0.65670922   
  12780000   127251.11      304.77528      457.99161      17937.361      3360.4572      21297.818      5693.0499      0              1662.1088      3418.092       7164.1101      0              0.6548482    
  12790000   127527.25      306.10407      426.49852      17976.18       3375.1085      21351.288      5622.541       0              1684.4636      3479.4083      7189.7669      0              0.65343025   
  12800000   127325.05      313.06276     -683.67839      17916.437      3451.8351      21368.272      5548.4585      0              1767.1141      3443.0032      7157.8615      0              0.65446792   
  12810000   127366.2       308.44507     -0.41079673     17970.656      3400.9204      21371.577      5621.5518      0              1720.1412      3486.0444      7142.919       0              0.65425648   
  12820000   127361.88      309.00285      183.10204      17974.626      3407.0705      21381.696      5688.3518      0              1719.7802      3450.9749      7115.5188      0              0.65427866   
  12830000   126994.7       299.57127     -805.58151      17955.432      3303.0778      21258.51       5614.6877      0              1768.3808      3389.9473      7182.4161      0              0.6561704    
  12840000   126767.76      313.25069      401.99213      18000.867      3453.9072      21454.774      5630.5785      0              1728.1843      3470.8774      7171.2264      0              0.65734507   
  12850000   127268.82      309.93982     -116.46963      17966.339      3417.4015      21383.741      5611.3867      0              1774.4334      3419.4533      7161.0658      0              0.6547571    
  12860000   127767.71      306.97597      663.58368      17922.007      3384.7221      21306.729      5595.4878      0              1694.5586      3455.5058      7176.4549      0              0.65220048   
  12870000   127115.8       307.88426     -81.074471      17994.752      3394.7369      21389.489      5579.3139      0              1756.1173      3485.1294      7174.1917      0              0.65554525   
  12880000   127799.6       310.64802     -454.11263      18002.209      3425.2102      21427.419      5595.1679      0              1801.1962      3442.6514      7163.1935      0              0.65203771   
  12890000   128541.4       313.54557     -77.883861      18044.407      3457.1586      21501.565      5625.8585      0              1785.2834      3473.8837      7159.3811      0              0.6482749    
  12900000   128089.43      307.50708     -121.87373      17933.042      3390.5781      21323.62       5591.1913      0              1749.8855      3442.8573      7149.1083      0              0.65056234   
  12910000   127174.04      312.60371      377.53376      18020.283      3446.7736      21467.056      5648.3774      0              1739.8952      3473.7791      7158.2308      0              0.65524505   
  12920000   126741.87      303.8847       716.95434      17972.236      3350.6377      21322.874      5640.4844      0              1685.2197      3476.9366      7169.5957      0              0.65747931   
  12930000   125779.13      313.3076       34.10688       17935.179      3454.5347      21389.714      5620.3498      0              1739.7391      3411.5728      7163.5175      0              0.66251182   
  12940000   127369.86      311.72172     -76.881276      17896.359      3437.0488      21333.407      5536.6223      0              1738.7146      3492.225       7128.7968      0              0.65423768   
  12950000   126990.03      308.38723     -677.58206      17944.253      3400.2826      21344.536      5573.3971      0              1757.2662      3431.9408      7181.6493      0              0.65619452   
  12960000   125878.65      312.67303     -167.77122      17867.654      3447.538       21315.192      5537.5197      0              1709.2219      3443.515       7177.3977      0              0.66198806   
  12970000   126988.05      302.97635     -199.13314      18006.683      3340.6222      21347.306      5598.6587      0              1757.7303      3435.9246      7214.3697      0              0.65620474   
  12980000   125414.32      306.2957      -277.31171      17955.883      3377.2214      21333.104      5580.06        0              1808.8011      3440.4577      7126.5637      0              0.66443897   
  12990000   127647.53      313.54333     -282.05707      17891.937      3457.1338      21349.071      5535.1361      0              1749.0181      3462.5529      7145.2298      0              0.65281454   
  13000000   128377.76      307.08564     -339.95472      18030.756      3385.9313      21416.687      5595.417       0              1775.0515      3469.3007      7190.9863      0              0.6491012    
  13010000   127912.19      305.59962     -284.96674      17982.258      3369.5464      21351.804      5581.8274      0              1757.3005      3441.1205      7202.0093      0              0.65146382   
  13020000   127077.17      303.40553     -37.05122       18038.978      3345.3544      21384.332      5668.4618      0              1815.6402      3436.3212      7118.5547      0              0.65574455   
  13030000   126986.54      309.96197      199.29719      18020.441      3417.6457      21438.087      5550.0543      0              1797.2828      3466.9123      7206.1913      0              0.65621257   
  13040000   126762.47      305.57887      117.81167      18060.21       3369.3177      21429.528      5582.9494      0              1796.0647      3507.4127      7173.7835      0              0.65737249   
  13050000   127443.88      305.06743      423.96847      17989.478      3363.6784      21353.156      5629.0383      0              1774.308       3442.1455      7143.9863      0              0.65385771   
  13060000   125917.39      313.70546      534.83734      17975.431      3458.9215      21434.352      5638.7083      0              1716.5225      3455.8133      7164.3864      0              0.66178436   
  13070000   126450.87      307.35975      182.20879      17978.426      3388.9536      21367.38       5617.4126      0              1798.2322      3441.1902      7121.5914      0              0.65899236   
  13080000   126637.69      309.16035     -411.61192      17928.141      3408.8071      21336.948      5607.5141      0              1744.1921      3420.9784      7155.4561      0              0.65802024   
  13090000   128353.9       302.65814     -40.940027      18033.97       3337.1136      21371.084      5593.6851      0              1767.4378      3461.1579      7211.6891      0              0.6492219    
  13100000   127413.2       312.02184     -335.13532      17945.747      3440.358       21386.105      5579.3092      0              1764.4004      3447.7966      7154.241       0              0.65401512   
  13110000   125873.95      302.91601      0.89473913     18013.561      3339.9569      21353.518      5635.2052      0              1766.5423      3446.8662      7164.9476      0              0.66201276   
  13120000   127611.44      306.88357     -286.71372      17925.457      3383.7033      21309.16       5596.5486      0              1766.027       3430.3301      7132.5512      0              0.65299914   
  13130000   126431.71      308.9881      -106.61603      17948.296      3406.9078      21355.204      5603.1026      0              1743.7829      3474.0447      7127.3658      0              0.65909225   
  13140000   127382.3       314.75392      500.43358      18022.346      3470.4819      21492.827      5662.2994      0              1715.5529      3512.4332      7132.06        0              0.65417377   
  13150000   128000.43      308.40113      166.87921      17861.873      3400.4359      21262.309      5599.2444      0              1722.04        3457.2718      7083.3172      0              0.6510147    
  13160000   127747.28      301.95964     -13.226908      17936.368      3329.4119      21265.78       5551.4018      0              1735.0088      3465.0106      7184.9472      0              0.65230478   
  13170000   127474.27      296.39763      243.32016      17949.348      3268.0851      21217.433      5644.2186      0              1751.7757      3392.1292      7161.2243      0              0.6537018    
  13180000   126135.8       311.07683      260.89338      18002.002      3429.9382      21431.94       5633.402       0              1713.5315      3492.327       7162.7415      0              0.66063844   
  13190000   127137.03      309.87515     -504.10477      17926.985      3416.6885      21343.674      5612.0987      0              1750.4687      3416.1931      7148.2249      0              0.65543579   
  13200000   127919.12      305.00075     -240.59162      18041.916      3362.9432      21404.859      5598.4638      0              1814.9691      3467.2128      7161.2704      0              0.6514285    
  13210000   128980.53      303.26673      46.699864      18058.648      3343.824       21402.472      5649.8507      0              1743.0913      3478.3648      7187.3415      0              0.64606774   
  13220000   129156.45      309.33083      408.55082      17990.677      3410.6868      21401.364      5620.4372      0              1699.9069      3484.101       7186.2323      0              0.64518775   
  13230000   127364.45      305.11399      380.66939      17959.438      3364.1918      21323.63       5598.6789      0              1705.0026      3484.5862      7171.1704      0              0.65426548   
  13240000   126513.5       307.54708      39.893826      17960.09       3391.0192      21351.109      5601.5659      0              1748.8198      3453.7747      7155.9293      0              0.65866615   
  13250000   127168.11      304.80132     -218.55584      17842.705      3360.7443      21203.45       5587.4657      0              1721.4224      3404.5728      7129.2446      0              0.65527561   
  13260000   129720.86      303.22046     -266.02566      17958.394      3343.3138      21301.707      5638.685       0              1785.5516      3365.0182      7169.1389      0              0.64238055   
  13270000   130026.98      310.62848      23.979111      18015.785      3424.9947      21440.78       5627.2366      0              1750.8625      3451.1682      7186.5177      0              0.64086824   
  13280000   126659.56      302.19006     -106.6619       17970.913      3331.9525      21302.866      5583.6194      0              1781.4642      3452.1141      7153.7157      0              0.65790661   
  13290000   127076.49      309.34879      692.52263      17928.167      3410.8848      21339.052      5659.5953      0              1708.0573      3440.1028      7120.4116      0              0.65574806   
  13300000   127824.21      304.72708     -13.572099      17961.977      3359.9258      21321.902      5591.2093      0              1745.4519      3455.7689      7169.5464      0              0.6519122    
  13310000   126386.4       307.61585      138.03791      17928.119      3391.7774      21319.896      5564.2333      0              1731.407       3427.1595      7205.3193      0              0.65932854   
  13320000   127016.65      313.85653     -49.632412      17947.461      3460.5872      21408.048      5591.9344      0              1751.6748      3419.0237      7184.8278      0              0.656057     
  13330000   126860.02      312.98163     -180.66203      17948.83       3450.9406      21399.77       5594.3084      0              1757.0824      3439.4621      7157.9771      0              0.65686698   
  13340000   125824.52      307.22567     -38.997813      17984.954      3387.4752      21372.43       5582.0467      0              1792.6714      3432.8937      7177.3425      0              0.66227282   
  13350000   126585.8       305.75019      51.660896      17924.212      3371.2066      21295.418      5607.2216      0              1748.0745      3403.3308      7165.5847      0              0.65828995   
  13360000   128378.45      311.12268     -546.55336      17958.593      3430.4438      21389.036      5523.7371      0              1827.4425      3468.6128      7138.8002      0              0.6490977    
  13370000   127525.18      309.59066     -442.40048      18090.542      3413.5517      21504.094      5588.7482      0              1843.8405      3444.0636      7213.8897      0              0.65344083   
  13380000   127667.46      312.66689      318.88539      18000.6        3447.4702      21448.071      5642.1977      0              1764.6134      3466.3924      7127.3968      0              0.65271258   
  13390000   127345.09      303.43783     -130.78984      17966.87       3345.7105      21312.581      5634.2102      0              1717.0388      3414.3775      7201.2438      0              0.65436495   
  13400000   128385.21      303.123       -532.09344      17951.105      3342.2392      21293.344      5584.6533      0              1820.7498      3442.0992      7103.603       0              0.64906357   
  13410000   126963.59      309.89126      13.854123      17865.462      3416.8662      21282.328      5569.1972      0              1761.907       3420.8043      7113.5531      0              0.65633119   
  13420000   126077.15      306.57374     -423.23378      18033.15       3380.2871      21413.437      5574.2508      0              1823.3214      3443.9107      7191.6668      0              0.66094577   
  13430000   126966.89      304.3846       341.40453      17971.457      3356.1495      21327.607      5600.1947      0              1730.3433      3470.1497      7170.7697      0              0.65631413   
  13440000   129663.11      305.18241      127.28016      17992.069      3364.9463      21357.015      5632.1228      0              1769.8574      3454.9578      7135.1308      0              0.64266668   
  13450000   128520.99      312.40119      192.42112      17930.389      3444.5407      21374.93       5615.4749      0              1699.9558      3445.5203      7169.4379      0              0.64837781   
  13460000   128378.02      309.05191     -324.9034       17920.76       3407.6114      21328.371      5618.4696      0              1758.3028      3407.8945      7136.0927      0              0.6490999    
  13470000   126624.24      313.10911     -188.41322      17958.793      3452.3462      21411.139      5627.6886      0              1739.8358      3429.0847      7162.1839      0              0.65809013   
  13480000   125709.35      307.78405      79.10407       17944.535      3393.6319      21338.167      5617.3386      0              1738.272       3439.5927      7149.3317      0              0.66287956   
  13490000   127892.84      309.11114      270.17373      17976.877      3408.2645      21385.142      5611.7991      0              1738.9471      3476.9536      7149.1775      0              0.65156234   
  13500000   126845.77      301.69398      27.468618      18020.376      3326.4828      21346.859      5612.4927      0              1757.3625      3469.6471      7180.874       0              0.65694077   
  13510000   128017.33      301.28207      144.49036      18026.372      3321.9411      21348.313      5634.669       0              1719.7061      3515.168       7156.8289      0              0.65092875   
  13520000   128052.82      305.01328     -177.84485      18015.255      3363.0814      21378.336      5606.1841      0              1762.1378      3425.4557      7221.4771      0              0.65074836   
  13530000   126493.8       308.20196     -383.40275      17972.662      3398.2399      21370.902      5604.2102      0              1756.8804      3470.2183      7141.3531      0              0.65876871   
  13540000   128221.13      302.29295     -95.70771       17886.366      3333.087       21219.453      5585.4535      0              1730.3064      3464.7509      7105.855       0              0.64989415   
  13550000   127335.4       309.96716      298.77245      17948.227      3417.703       21365.93       5653.7606      0              1772.8549      3425.3057      7096.3055      0              0.65441473   
  13560000   126504.12      310.61246      549.89846      17970.562      3424.818       21395.38       5679.8972      0              1723.5862      3412.7281      7154.3507      0              0.65871499   
  13570000   127316.68      304.89658      587.60392      17994.2        3361.7947      21355.994      5649.1251      0              1713.5096      3444.7016      7186.8634      0              0.65451095   
  13580000   128324.2       310.14332      439.64309      17887.102      3419.6453      21306.747      5598.4499      0              1734.0955      3420.2305      7134.3258      0              0.64937216   
  13590000   129205.99      312.80865      153.65935      17948.644      3449.0334      21397.677      5637.0893      0              1727.9305      3443.4691      7140.1552      0              0.64494037   
  13600000   128886.13      313.80721      376.66754      17983.285      3460.0435      21443.328      5633.5648      0              1750.9637      3471.9922      7126.7642      0              0.64654095   
  13610000   128272.94      309.71743     -103.91773      17985.109      3414.9494      21400.059      5605.3526      0              1732.2642      3463.9393      7183.5532      0              0.64963166   
  13620000   127175.99      309.24668      56.692667      18051.616      3409.7589      21461.375      5589.3885      0              1772.0355      3472.7399      7217.4522      0              0.65523503   
  13630000   127179.58      317.71887      162.26348      17895.264      3503.1734      21398.437      5617.3433      0              1746.3305      3449.3512      7082.2386      0              0.65521651   
  13640000   127067.5       308.69524     -666.98099      17952.323      3403.6788      21356.001      5531.044       0              1801.0239      3473.1296      7147.1252      0              0.65579446   
  13650000   127570.1       307.30187     -400.07636      17918.52       3388.3155      21306.836      5593.5064      0              1744.9677      3384.2633      7195.7827      0              0.65321073   
  13660000   127001.75      305.71043      639.43168      17964.941      3370.7682      21335.709      5612.0535      0              1661.2277      3490.1162      7201.5438      0              0.65613396   
  13670000   127036         309.47932      118.03195      18052.988      3412.324       21465.312      5589.175       0              1752.7276      3503.7839      7207.3011      0              0.65595706   
  13680000   126348.78      313.97405      243.25709      17954.94       3461.883       21416.823      5597.9213      0              1736.5713      3467.2785      7153.1691      0              0.65952484   
  13690000   126312.61      306.59421      1117.0338      17997.213      3380.5127      21377.726      5663.3119      0              1738.3076      3446.8873      7148.7064      0              0.65971371   
  13700000   127302.45      309.24165     -578.29713      17955.691      3409.7035      21365.395      5562.4519      0              1786.9829      3434.3179      7171.9386      0              0.65458412   
  13710000   126552.74      309.62374      474.67884      17969.687      3413.9164      21383.604      5617.0266      0              1715.2268      3460.4073      7177.0265      0              0.65846191   
  13720000   126954.92      308.7553      -307.93303      17994.978      3404.341       21399.319      5538.3029      0              1798.5522      3502.3762      7155.7466      0              0.65637598   
  13730000   127255.42      307.29112      143.7853       17939.66       3388.197       21327.857      5612.6506      0              1761.0766      3430.6899      7135.2425      0              0.65482602   
  13740000   129108.44      307.50038     -285.54815      18048.564      3390.5042      21439.068      5577.9301      0              1772.9389      3462.3117      7235.3829      0              0.64542766   
  13750000   126202.03      311.15622     -201.68152      17948.345      3430.8136      21379.159      5596.7461      0              1748.6587      3427.2183      7175.7221      0              0.66029178   
  13760000   127664.36      312.69258     -415.4196       17943.508      3447.7535      21391.261      5600.7925      0              1778.3347      3405.4683      7158.9121      0              0.65272848   
  13770000   127179.97      309.24153     -377.10057      17896.428      3409.7021      21306.13       5600.9987      0              1738.6495      3424.4858      7132.2939      0              0.6552145    
  13780000   127502.67      308.24292      58.800351      18019.166      3398.6915      21417.857      5638.8059      0              1735.8224      3431.6478      7212.8895      0              0.65355622   
  13790000   128175.75      309.68243     -395.9846       17839.076      3414.5635      21253.639      5567.1612      0              1741.0322      3435.9501      7094.932       0              0.65012424   
  13800000   127477.06      308.24187      444.56336      17957.014      3398.6799      21355.694      5610.4661      0              1773.6834      3405.7789      7167.0859      0              0.6536875    
  13810000   128641.24      305.41746     -135.87282      17914.785      3367.5379      21282.323      5603.1574      0              1738.8633      3424.0439      7148.7203      0              0.64777175   
  13820000   125504.88      312.56468      377.20032      17941.901      3446.3432      21388.245      5607.3774      0              1755.1347      3437.9228      7141.4664      0              0.66395953   
  13830000   125354.79      313.99567     -323.38853      17934.608      3462.1214      21396.729      5650.0373      0              1759.7155      3389.2639      7135.5911      0              0.66475449   
  13840000   125386.58      317.31977      3.7153072      18005.631      3498.7729      21504.404      5601.0555      0              1750.7578      3450.5039      7203.314       0              0.66458597   
  13850000   125648.51      314.32664      28.437454      17971.278      3465.7707      21437.048      5600.7083      0              1793.5218      3437.0233      7140.0243      0              0.66320057   
  13860000   126262.59      305.24026      60.062147      17994.002      3365.5841      21359.586      5590.7168      0              1785.7568      3447.245       7170.2829      0              0.65997505   
  13870000   126764.59      307.01071     -501.05013      18055.556      3385.1052      21440.661      5596.7172      0              1820.585       3460.5671      7177.6864      0              0.65736148   
  13880000   127261.06      308.25578      595.35106      17885.149      3398.8332      21283.982      5597.9762      0              1725.236       3430.9616      7130.9755      0              0.65479701   
  13890000   127959.81      307.58262     -140.26144      17985.481      3391.411       21376.891      5552.955       0              1759.1212      3465.4618      7207.9425      0              0.65122135   
  13900000   127752.76      298.08178     -195.84876      17873.325      3286.6546      21159.98       5563.3119      0              1757.3043      3454.1823      7098.5265      0              0.65227678   
  13910000   127476.94      300.54573     -232.10418      18017.642      3313.8222      21331.464      5613.5738      0              1742.3955      3474.5519      7187.1206      0              0.65368813   
  13920000   127189.77      308.28131     -121.23834      17996.622      3399.1148      21395.737      5612.7659      0              1746.8795      3456.3315      7180.645       0              0.65516402   
  13930000   127607.62      309.12404     -82.475628      17991.095      3408.4067      21399.502      5542.4489      0              1726.421       3548.9812      7173.244       0              0.65301869   
  13940000   126087.02      303.41214      246.40758      17977.075      3345.4272      21322.502      5614.7561      0              1730.0899      3474.0468      7158.182       0              0.66089405   
  13950000   126467.77      304.27277     -56.643712      17930.981      3354.9165      21285.898      5578.0252      0              1732.39        3467.5202      7153.0461      0              0.65890433   
  13960000   125978.26      307.33112      144.94616      17983.216      3388.638       21371.854      5602.9717      0              1750.2741      3455.8785      7174.0916      0              0.66146463   
  13970000   127053.81      313.69219     -486.98229      17951.216      3458.7752      21409.992      5621.2609      0              1752.4109      3434.4593      7143.0853      0              0.65586509   
  13980000   126323.16      308.73277     -46.555212      17947.065      3404.0926      21351.158      5601.6717      0              1761.9835      3469.5461      7113.8642      0              0.6596586    
  13990000   127235.21      305.65331     -136.86504      18003.117      3370.1384      21373.255      5604.489       0              1729.9987      3474.4007      7194.2285      0              0.65493001   
  14000000   126207.22      311.45301      598.46623      18050.245      3434.086       21484.331      5637.3701      0              1767.6914      3460.1153      7185.068       0              0.66026462   
  14010000   127500.21      303.67038      115.27358      17893.824      3348.2746      21242.099      5607.4761      0              1733.0398      3428.3629      7124.9453      0              0.65356881   
  14020000   127097.68      307.4598      -314.68042      17983.233      3390.0568      21373.29       5585.2982      0              1756.9813      3449.9433      7191.0104      0              0.65563871   
  14030000   126817.25      302.63502      48.721265      17963.831      3336.8587      21300.689      5608.7329      0              1774.7797      3464.4613      7115.8569      0              0.65708852   
  14040000   126876.69      305.65317     -437.62312      18011.667      3370.1369      21381.804      5544.5386      0              1813.5231      3460.1575      7193.4479      0              0.6567807    
  14050000   127553.65      314.77529     -907.50324      17991.193      3470.7175      21461.91       5482.609       0              1833.669       3511.0483      7163.8665      0              0.65329497   
  14060000   127792.7       310.46618     -4.0022908      17974.062      3423.2052      21397.267      5626.2695      0              1744.021       3440.6613      7163.1101      0              0.65207292   
  14070000   128797.14      304.9967      -511.19894      18026.676      3362.8987      21389.575      5575.6314      0              1799.6853      3483.886       7167.4731      0              0.64698767   
  14080000   126788.67      308.62199      439.68287      17906.875      3402.8711      21309.746      5626.2205      0              1684.5192      3456.8984      7139.237       0              0.65723662   
  14090000   127867.07      311.346       -141.18635      18063.699      3432.9061      21496.605      5548.2682      0              1825.2952      3512.5282      7177.6074      0              0.65169369   
  14100000   126301.43      307.74434      502.13758      18018.132      3393.1941      21411.326      5648.9757      0              1712.3334      3483.1762      7173.6464      0              0.65977213   
  14110000   126393.92      311.22138     -222.29133      18024.421      3431.532       21455.953      5549.2162      0              1810.8707      3473.1466      7191.1874      0              0.65928929   
  14120000   126927.7       305.81886      583.42012      17999.363      3371.9638      21371.327      5628.2975      0              1687.569       3450.9813      7232.515       0              0.65651675   
  14130000   128822.8       302.65527     -50.253226      18043.042      3337.082       21380.124      5576.563       0              1729.4875      3500.8117      7236.1794      0              0.64685877   
  14140000   128376.57      314.8949      -327.86498      17914.336      3472.0364      21386.372      5562.4274      0              1734.2941      3470.2996      7147.3146      0              0.64910725   
  14150000   127806.67      303.55782      205.41342      17984.203      3347.0335      21331.237      5614.3279      0              1749.4195      3507.8689      7112.5869      0              0.65200166   
  14160000   126541.46      311.78814     -187.39738      18088.023      3437.7811      21525.804      5549.0971      0              1795.6479      3545.3987      7197.8794      0              0.65852062   
  14170000   126141.47      314.49901     -517.11825      18005.814      3467.6712      21473.485      5593.25        0              1759.0117      3507.9219      7145.6303      0              0.66060876   
  14180000   125798.89      302.9848       232.68634      18051.118      3340.7153      21391.834      5605.6646      0              1782.6367      3492.176       7170.6412      0              0.66240777   
  14190000   126290.88      312.96081     -28.363276      17961.922      3450.711       21412.633      5599.133       0              1765.2551      3409.4066      7188.1268      0              0.65982722   
  14200000   125718.39      308.47558     -104.66215      17918.758      3401.2568      21320.015      5564.2012      0              1700.1619      3485.3508      7169.0439      0              0.66283189   
  14210000   127132.39      305.75384      239.72384      18020.013      3371.2468      21391.259      5573.8848      0              1759.9435      3466.0292      7220.155       0              0.65545971   
  14220000   126411.01      311.28842     -73.633807      18055.99       3432.2712      21488.261      5523.043       0              1790.999       3544.102       7197.8462      0              0.65920018   
  14230000   128989.73      304.43327      158.97804      18009.547      3356.6862      21366.233      5564.973       0              1735.8339      3488.7655      7219.9745      0              0.64602168   
  14240000   127106.08      311.82659      197.03287      17930.681      3438.205       21368.886      5577.8429      0              1762.9329      3463.3783      7126.5269      0              0.65559538   
  14250000   126766.75      310.52456      19.242583      18003.33       3423.8489      21427.179      5533.2056      0              1788.0924      3476.7449      7205.2875      0              0.65735028   
  14251077   127499.49      310.54883     -380.04227      18048.228      3424.1165      21472.345      5578.2067      0              1780.8454      3488.0225      7201.1535      0              0.6535725    
Loop time of 3512.71 on 48 procs for 8000000 steps with 3700 atoms

Performance: 19.677 ns/day, 1.220 hours/ns, 2277.447 timesteps/s, 8.427 Matom-step/s
99.9% CPU use with 48 MPI tasks x 1 OpenMP threads

MPI task timing breakdown:
Section |  min time  |  avg time  |  max time  |%varavg| %total
---------------------------------------------------------------
Pair    | 663.15     | 1572.7     | 2196.9     | 907.6 | 44.77
Bond    | 305.38     | 487.82     | 603.45     | 381.8 | 13.89
Neigh   | 6.5297     | 6.5749     | 6.6108     |   0.9 |  0.19
Comm    | 541.91     | 1278.5     | 2351.3     |1223.1 | 36.40
Output  | 0.33148    | 0.62306    | 0.87777    |  18.6 |  0.02
Modify  | 123.15     | 131.76     | 141.95     |  36.9 |  3.75
Other   |            | 34.74      |            |       |  0.99

Nlocal:        77.0833 ave         100 max          31 min
Histogram: 1 1 2 2 4 4 8 12 11 3
Nghost:        2062.92 ave        2202 max        1964 min
Histogram: 3 4 12 3 10 6 4 4 1 1
Neighs:        12856.4 ave       18113 max        4823 min
Histogram: 2 3 1 4 3 5 11 9 7 3

Total # of neighbors = 617106
Ave neighs/atom = 166.78541
Ave special neighs/atom = 11.898378
Neighbor list builds = 9546
Dangerous builds = 0
System init for write_data ...
Generated 0 of 1 mixed pair_coeff terms from geometric mixing rule
Total wall time: 1:54:21
