Loading intel/oneapi/compiler/latest
  Loading requirement: intel/oneapi/tbb/latest intel/oneapi/compiler-rt/latest
    intel/oneapi/umf/latest
libibverbs: Warning: couldn't load driver 'libmana-rdmav34.so': libmana-rdmav34.so: cannot open shared object file: No such file or directory
libibverbs: Warning: couldn't load driver 'libmana-rdmav34.so': libmana-rdmav34.so: cannot open shared object file: No such file or directory
libibverbs: Warning: couldn't load driver 'libmana-rdmav34.so': libmana-rdmav34.so: cannot open shared object file: No such file or directory
libibverbs: Warning: couldn't load driver 'libmana-rdmav34.so': libmana-rdmav34.so: cannot open shared object file: No such file or directory
libibverbs: Warning: couldn't load driver 'libmana-rdmav34.so': libmana-rdmav34.so: cannot open shared object file: No such file or directory
libibverbs: Warning: couldn't load driver 'libmana-rdmav34.so': libmana-rdmav34.so: cannot open shared object file: No such file or directory
libibverbs: Warning: couldn't load driver 'libmana-rdmav34.so': libmana-rdmav34.so: cannot open shared object file: No such file or directory
libibverbs: Warning: couldn't load driver 'libmana-rdmav34.so': libmana-rdmav34.so: cannot open shared object file: No such file or directory
libibverbs: Warning: couldn't load driver 'libmana-rdmav34.so': libmana-rdmav34.so: cannot open shared object file: No such file or directory
libibverbs: Warning: couldn't load driver 'libmana-rdmav34.so': libmana-rdmav34.so: cannot open shared object file: No such file or directory
libibverbs: Warning: couldn't load driver 'libmana-rdmav34.so': libmana-rdmav34.so: cannot open shared object file: No such file or directory
libibverbs: Warning: couldn't load driver 'libmana-rdmav34.so': libmana-rdmav34.so: cannot open shared object file: No such file or directory
libibverbs: Warning: couldn't load driver 'libmana-rdmav34.so': libmana-rdmav34.so: cannot open shared object file: No such file or directory
libibverbs: Warning: couldn't load driver 'libmana-rdmav34.so': libmana-rdmav34.so: cannot open shared object file: No such file or directory
libibverbs: Warning: couldn't load driver 'libmana-rdmav34.so': libmana-rdmav34.so: cannot open shared object file: No such file or directory
libibverbs: Warning: couldn't load driver 'libmana-rdmav34.so': libmana-rdmav34.so: cannot open shared object file: No such file or directory
libibverbs: Warning: couldn't load driver 'libmana-rdmav34.so': libmana-rdmav34.so: cannot open shared object file: No such file or directory
libibverbs: Warning: couldn't load driver 'libmlx4-rdmav34.so': libmlx4-rdmav34.so: cannot open shared object file: No such file or directory
libibverbs: Warning: couldn't load driver 'libmlx4-rdmav34.so': libmlx4-rdmav34.so: cannot open shared object file: No such file or directory
libibverbs: Warning: couldn't load driver 'libmlx4-rdmav34.so': libmlx4-rdmav34.so: cannot open shared object file: No such file or directory
libibverbs: Warning: couldn't load driver 'libmlx4-rdmav34.so': libmlx4-rdmav34.so: cannot open shared object file: No such file or directory
libibverbs: Warning: couldn't load driver 'libmlx4-rdmav34.so': libmlx4-rdmav34.so: cannot open shared object file: No such file or directory
libibverbs: Warning: couldn't load driver 'libmlx4-rdmav34.so': libmlx4-rdmav34.so: cannot open shared object file: No such file or directory
libibverbs: Warning: couldn't load driver 'libmlx4-rdmav34.so': libmlx4-rdmav34.so: cannot open shared object file: No such file or directory
libibverbs: Warning: couldn't load driver 'libmlx4-rdmav34.so': libmlx4-rdmav34.so: cannot open shared object file: No such file or directory
libibverbs: Warning: couldn't load driver 'libmlx4-rdmav34.so': libmlx4-rdmav34.so: cannot open shared object file: No such file or directory
libibverbs: Warning: couldn't load driver 'libmlx4-rdmav34.so': libmlx4-rdmav34.so: cannot open shared object file: No such file or directory
libibverbs: Warning: couldn't load driver 'libmlx4-rdmav34.so': libmlx4-rdmav34.so: cannot open shared object file: No such file or directory
libibverbs: Warning: couldn't load driver 'libmlx4-rdmav34.so': libmlx4-rdmav34.so: cannot open shared object file: No such file or directory
libibverbs: Warning: couldn't load driver 'libmlx4-rdmav34.so': libmlx4-rdmav34.so: cannot open shared object file: No such file or directory
libibverbs: Warning: couldn't load driver 'libmlx4-rdmav34.so': libmlx4-rdmav34.so: cannot open shared object file: No such file or directory
libibverbs: Warning: couldn't load driver 'libmlx4-rdmav34.so': libmlx4-rdmav34.so: cannot open shared object file: No such file or directory
libibverbs: Warning: couldn't load driver 'libmlx4-rdmav34.so': libmlx4-rdmav34.so: cannot open shared object file: No such file or directory
libibverbs: Warning: couldn't load driver 'libmlx4-rdmav34.so': libmlx4-rdmav34.so: cannot open shared object file: No such file or directory
libibverbs: Warning: couldn't load driver 'libmana-rdmav34.so': libmana-rdmav34.so: cannot open shared object file: No such file or directory
libibverbs: Warning: couldn't load driver 'libmlx4-rdmav34.so': libmlx4-rdmav34.so: cannot open shared object file: No such file or directory
libibverbs: Warning: couldn't load driver 'libmana-rdmav34.so': libmana-rdmav34.so: cannot open shared object file: No such file or directory
libibverbs: Warning: couldn't load driver 'libmlx4-rdmav34.so': libmlx4-rdmav34.so: cannot open shared object file: No such file or directory
libibverbs: Warning: couldn't load driver 'libefa-rdmav34.so': libefa-rdmav34.so: cannot open shared object file: No such file or directory
libibverbs: Warning: couldn't load driver 'libefa-rdmav34.so': libefa-rdmav34.so: cannot open shared object file: No such file or directory
libibverbs: Warning: couldn't load driver 'libefa-rdmav34.so': libefa-rdmav34.so: cannot open shared object file: No such file or directory
libibverbs: Warning: couldn't load driver 'libefa-rdmav34.so': libefa-rdmav34.so: cannot open shared object file: No such file or directory
libibverbs: Warning: couldn't load driver 'libefa-rdmav34.so': libefa-rdmav34.so: cannot open shared object file: No such file or directory
libibverbs: Warning: couldn't load driver 'libefa-rdmav34.so': libefa-rdmav34.so: cannot open shared object file: No such file or directory
libibverbs: Warning: couldn't load driver 'libefa-rdmav34.so': libefa-rdmav34.so: cannot open shared object file: No such file or directory
libibverbs: Warning: couldn't load driver 'libefa-rdmav34.so': libefa-rdmav34.so: cannot open shared object file: No such file or directory
libibverbs: Warning: couldn't load driver 'libefa-rdmav34.so': libefa-rdmav34.so: cannot open shared object file: No such file or directory
libibverbs: Warning: couldn't load driver 'libefa-rdmav34.so': libefa-rdmav34.so: cannot open shared object file: No such file or directory
libibverbs: Warning: couldn't load driver 'libefa-rdmav34.so': libefa-rdmav34.so: cannot open shared object file: No such file or directory
libibverbs: Warning: couldn't load driver 'libefa-rdmav34.so': libefa-rdmav34.so: cannot open shared object file: No such file or directory
libibverbs: Warning: couldn't load driver 'libefa-rdmav34.so': libefa-rdmav34.so: cannot open shared object file: No such file or directory
libibverbs: Warning: couldn't load driver 'libefa-rdmav34.so': libefa-rdmav34.so: cannot open shared object file: No such file or directory
libibverbs: Warning: couldn't load driver 'libefa-rdmav34.so': libefa-rdmav34.so: cannot open shared object file: No such file or directory
libibverbs: Warning: couldn't load driver 'libefa-rdmav34.so': libefa-rdmav34.so: cannot open shared object file: No such file or directory
libibverbs: Warning: couldn't load driver 'libefa-rdmav34.so': libefa-rdmav34.so: cannot open shared object file: No such file or directory
libibverbs: Warning: couldn't load driver 'libefa-rdmav34.so': libefa-rdmav34.so: cannot open shared object file: No such file or directory
libibverbs: Warning: couldn't load driver 'libefa-rdmav34.so': libefa-rdmav34.so: cannot open shared object file: No such file or directory
libibverbs: Warning: couldn't load driver 'libqedr-rdmav34.so': libqedr-rdmav34.so: cannot open shared object file: No such file or directory
libibverbs: Warning: couldn't load driver 'libqedr-rdmav34.so': libqedr-rdmav34.so: cannot open shared object file: No such file or directory
libibverbs: Warning: couldn't load driver 'libqedr-rdmav34.so': libqedr-rdmav34.so: cannot open shared object file: No such file or directory
libibverbs: Warning: couldn't load driver 'libqedr-rdmav34.so': libqedr-rdmav34.so: cannot open shared object file: No such file or directory
libibverbs: Warning: couldn't load driver 'libqedr-rdmav34.so': libqedr-rdmav34.so: cannot open shared object file: No such file or directory
libibverbs: Warning: couldn't load driver 'libqedr-rdmav34.so': libqedr-rdmav34.so: cannot open shared object file: No such file or directory
libibverbs: Warning: couldn't load driver 'libqedr-rdmav34.so': libqedr-rdmav34.so: cannot open shared object file: No such file or directory
libibverbs: Warning: couldn't load driver 'libqedr-rdmav34.so': libqedr-rdmav34.so: cannot open shared object file: No such file or directory
libibverbs: Warning: couldn't load driver 'libqedr-rdmav34.so': libqedr-rdmav34.so: cannot open shared object file: No such file or directory
libibverbs: Warning: couldn't load driver 'libqedr-rdmav34.so': libqedr-rdmav34.so: cannot open shared object file: No such file or directory
libibverbs: Warning: couldn't load driver 'libqedr-rdmav34.so': libqedr-rdmav34.so: cannot open shared object file: No such file or directory
libibverbs: Warning: couldn't load driver 'libqedr-rdmav34.so': libqedr-rdmav34.so: cannot open shared object file: No such file or directory
libibverbs: Warning: couldn't load driver 'libqedr-rdmav34.so': libqedr-rdmav34.so: cannot open shared object file: No such file or directory
libibverbs: Warning: couldn't load driver 'libqedr-rdmav34.so': libqedr-rdmav34.so: cannot open shared object file: No such file or directory
libibverbs: Warning: couldn't load driver 'libqedr-rdmav34.so': libqedr-rdmav34.so: cannot open shared object file: No such file or directory
libibverbs: Warning: couldn't load driver 'libqedr-rdmav34.so': libqedr-rdmav34.so: cannot open shared object file: No such file or directory
libibverbs: Warning: couldn't load driver 'libqedr-rdmav34.so': libqedr-rdmav34.so: cannot open shared object file: No such file or directory
libibverbs: Warning: couldn't load driver 'libqedr-rdmav34.so': libqedr-rdmav34.so: cannot open shared object file: No such file or directory
libibverbs: Warning: couldn't load driver 'libqedr-rdmav34.so': libqedr-rdmav34.so: cannot open shared object file: No such file or directory
libibverbs: Warning: couldn't load driver 'libvmw_pvrdma-rdmav34.so': libvmw_pvrdma-rdmav34.so: cannot open shared object file: No such file or directory
libibverbs: Warning: couldn't load driver 'libvmw_pvrdma-rdmav34.so': libvmw_pvrdma-rdmav34.so: cannot open shared object file: No such file or directory
libibverbs: Warning: couldn't load driver 'libvmw_pvrdma-rdmav34.so': libvmw_pvrdma-rdmav34.so: cannot open shared object file: No such file or directory
libibverbs: Warning: couldn't load driver 'libvmw_pvrdma-rdmav34.so': libvmw_pvrdma-rdmav34.so: cannot open shared object file: No such file or directory
libibverbs: Warning: couldn't load driver 'libvmw_pvrdma-rdmav34.so': libvmw_pvrdma-rdmav34.so: cannot open shared object file: No such file or directory
libibverbs: Warning: couldn't load driver 'libvmw_pvrdma-rdmav34.so': libvmw_pvrdma-rdmav34.so: cannot open shared object file: No such file or directory
libibverbs: Warning: couldn't load driver 'libvmw_pvrdma-rdmav34.so': libvmw_pvrdma-rdmav34.so: cannot open shared object file: No such file or directory
libibverbs: Warning: couldn't load driver 'libvmw_pvrdma-rdmav34.so': libvmw_pvrdma-rdmav34.so: cannot open shared object file: No such file or directory
libibverbs: Warning: couldn't load driver 'libvmw_pvrdma-rdmav34.so': libvmw_pvrdma-rdmav34.so: cannot open shared object file: No such file or directory
libibverbs: Warning: couldn't load driver 'libvmw_pvrdma-rdmav34.so': libvmw_pvrdma-rdmav34.so: cannot open shared object file: No such file or directory
libibverbs: Warning: couldn't load driver 'libvmw_pvrdma-rdmav34.so': libvmw_pvrdma-rdmav34.so: cannot open shared object file: No such file or directory
libibverbs: Warning: couldn't load driver 'libvmw_pvrdma-rdmav34.so': libvmw_pvrdma-rdmav34.so: cannot open shared object file: No such file or directory
libibverbs: Warning: couldn't load driver 'libvmw_pvrdma-rdmav34.so': libvmw_pvrdma-rdmav34.so: cannot open shared object file: No such file or directory
libibverbs: Warning: couldn't load driver 'libvmw_pvrdma-rdmav34.so': libvmw_pvrdma-rdmav34.so: cannot open shared object file: No such file or directory
libibverbs: Warning: couldn't load driver 'libvmw_pvrdma-rdmav34.so': libvmw_pvrdma-rdmav34.so: cannot open shared object file: No such file or directory
libibverbs: Warning: couldn't load driver 'libvmw_pvrdma-rdmav34.so': libvmw_pvrdma-rdmav34.so: cannot open shared object file: No such file or directory
libibverbs: Warning: couldn't load driver 'libmana-rdmav34.so': libmana-rdmav34.so: cannot open shared object file: No such file or directory
libibverbs: Warning: couldn't load driver 'libvmw_pvrdma-rdmav34.so': libvmw_pvrdma-rdmav34.so: cannot open shared object file: No such file or directory
libibverbs: Warning: couldn't load driver 'libvmw_pvrdma-rdmav34.so': libvmw_pvrdma-rdmav34.so: cannot open shared object file: No such file or directory
libibverbs: Warning: couldn't load driver 'libvmw_pvrdma-rdmav34.so': libvmw_pvrdma-rdmav34.so: cannot open shared object file: No such file or directory
libibverbs: Warning: couldn't load driver 'libmlx4-rdmav34.so': libmlx4-rdmav34.so: cannot open shared object file: No such file or directory
libibverbs: Warning: couldn't load driver 'libefa-rdmav34.so': libefa-rdmav34.so: cannot open shared object file: No such file or directory
libibverbs: Warning: couldn't load driver 'libmana-rdmav34.so': libmana-rdmav34.so: cannot open shared object file: No such file or directory
libibverbs: Warning: couldn't load driver 'libmana-rdmav34.so': libmana-rdmav34.so: cannot open shared object file: No such file or directory
libibverbs: Warning: couldn't load driver 'libqedr-rdmav34.so': libqedr-rdmav34.so: cannot open shared object file: No such file or directory
libibverbs: Warning: couldn't load driver 'libmlx4-rdmav34.so': libmlx4-rdmav34.so: cannot open shared object file: No such file or directory
libibverbs: Warning: couldn't load driver 'libmlx4-rdmav34.so': libmlx4-rdmav34.so: cannot open shared object file: No such file or directory
libibverbs: Warning: couldn't load driver 'libvmw_pvrdma-rdmav34.so': libvmw_pvrdma-rdmav34.so: cannot open shared object file: No such file or directory
libibverbs: Warning: couldn't load driver 'libefa-rdmav34.so': libefa-rdmav34.so: cannot open shared object file: No such file or directory
libibverbs: Warning: couldn't load driver 'libefa-rdmav34.so': libefa-rdmav34.so: cannot open shared object file: No such file or directory
libibverbs: Warning: couldn't load driver 'libqedr-rdmav34.so': libqedr-rdmav34.so: cannot open shared object file: No such file or directory
libibverbs: Warning: couldn't load driver 'libsiw-rdmav34.so': libsiw-rdmav34.so: cannot open shared object file: No such file or directory
libibverbs: Warning: couldn't load driver 'libsiw-rdmav34.so': libsiw-rdmav34.so: cannot open shared object file: No such file or directory
libibverbs: Warning: couldn't load driver 'libsiw-rdmav34.so': libsiw-rdmav34.so: cannot open shared object file: No such file or directory
libibverbs: Warning: couldn't load driver 'libsiw-rdmav34.so': libsiw-rdmav34.so: cannot open shared object file: No such file or directory
libibverbs: Warning: couldn't load driver 'libsiw-rdmav34.so': libsiw-rdmav34.so: cannot open shared object file: No such file or directory
libibverbs: Warning: couldn't load driver 'libsiw-rdmav34.so': libsiw-rdmav34.so: cannot open shared object file: No such file or directory
libibverbs: Warning: couldn't load driver 'libsiw-rdmav34.so': libsiw-rdmav34.so: cannot open shared object file: No such file or directory
libibverbs: Warning: couldn't load driver 'libsiw-rdmav34.so': libsiw-rdmav34.so: cannot open shared object file: No such file or directory
libibverbs: Warning: couldn't load driver 'libqedr-rdmav34.so': libqedr-rdmav34.so: cannot open shared object file: No such file or directory
libibverbs: Warning: couldn't load driver 'libsiw-rdmav34.so': libsiw-rdmav34.so: cannot open shared object file: No such file or directory
libibverbs: Warning: couldn't load driver 'libsiw-rdmav34.so': libsiw-rdmav34.so: cannot open shared object file: No such file or directory
libibverbs: Warning: couldn't load driver 'libsiw-rdmav34.so': libsiw-rdmav34.so: cannot open shared object file: No such file or directory
libibverbs: Warning: couldn't load driver 'libsiw-rdmav34.so': libsiw-rdmav34.so: cannot open shared object file: No such file or directory
libibverbs: Warning: couldn't load driver 'libsiw-rdmav34.so': libsiw-rdmav34.so: cannot open shared object file: No such file or directory
libibverbs: Warning: couldn't load driver 'libsiw-rdmav34.so': libsiw-rdmav34.so: cannot open shared object file: No such file or directory
libibverbs: Warning: couldn't load driver 'libsiw-rdmav34.so': libsiw-rdmav34.so: cannot open shared object file: No such file or directory
libibverbs: Warning: couldn't load driver 'libsiw-rdmav34.so': libsiw-rdmav34.so: cannot open shared object file: No such file or directory
libibverbs: Warning: couldn't load driver 'libsiw-rdmav34.so': libsiw-rdmav34.so: cannot open shared object file: No such file or directory
libibverbs: Warning: couldn't load driver 'libvmw_pvrdma-rdmav34.so': libvmw_pvrdma-rdmav34.so: cannot open shared object file: No such file or directory
libibverbs: Warning: couldn't load driver 'libsiw-rdmav34.so': libsiw-rdmav34.so: cannot open shared object file: No such file or directory
libibverbs: Warning: couldn't load driver 'libsiw-rdmav34.so': libsiw-rdmav34.so: cannot open shared object file: No such file or directory
libibverbs: Warning: couldn't load driver 'libsiw-rdmav34.so': libsiw-rdmav34.so: cannot open shared object file: No such file or directory
libibverbs: Warning: couldn't load driver 'libsiw-rdmav34.so': libsiw-rdmav34.so: cannot open shared object file: No such file or directory
libibverbs: Warning: couldn't load driver 'libvmw_pvrdma-rdmav34.so': libvmw_pvrdma-rdmav34.so: cannot open shared object file: No such file or directory
libibverbs: Warning: couldn't load driver 'libsiw-rdmav34.so': libsiw-rdmav34.so: cannot open shared object file: No such file or directory
libibverbs: Warning: couldn't load driver 'libmana-rdmav34.so': libmana-rdmav34.so: cannot open shared object file: No such file or directory
libibverbs: Warning: couldn't load driver 'libmlx4-rdmav34.so': libmlx4-rdmav34.so: cannot open shared object file: No such file or directory
libibverbs: Warning: couldn't load driver 'libefa-rdmav34.so': libefa-rdmav34.so: cannot open shared object file: No such file or directory
libibverbs: Warning: couldn't load driver 'libmana-rdmav34.so': libmana-rdmav34.so: cannot open shared object file: No such file or directory
libibverbs: Warning: couldn't load driver 'libmlx4-rdmav34.so': libmlx4-rdmav34.so: cannot open shared object file: No such file or directory
libibverbs: Warning: couldn't load driver 'libefa-rdmav34.so': libefa-rdmav34.so: cannot open shared object file: No such file or directory
libibverbs: Warning: couldn't load driver 'libmana-rdmav34.so': libmana-rdmav34.so: cannot open shared object file: No such file or directory
libibverbs: Warning: couldn't load driver 'libmlx4-rdmav34.so': libmlx4-rdmav34.so: cannot open shared object file: No such file or directory
libibverbs: Warning: couldn't load driver 'libefa-rdmav34.so': libefa-rdmav34.so: cannot open shared object file: No such file or directory
libibverbs: Warning: couldn't load driver 'libqedr-rdmav34.so': libqedr-rdmav34.so: cannot open shared object file: No such file or directory
libibverbs: Warning: couldn't load driver 'libmana-rdmav34.so': libmana-rdmav34.so: cannot open shared object file: No such file or directory
libibverbs: Warning: couldn't load driver 'libmlx4-rdmav34.so': libmlx4-rdmav34.so: cannot open shared object file: No such file or directory
libibverbs: Warning: couldn't load driver 'libqedr-rdmav34.so': libqedr-rdmav34.so: cannot open shared object file: No such file or directory
libibverbs: Warning: couldn't load driver 'libmana-rdmav34.so': libmana-rdmav34.so: cannot open shared object file: No such file or directory
libibverbs: Warning: couldn't load driver 'libmlx4-rdmav34.so': libmlx4-rdmav34.so: cannot open shared object file: No such file or directory
libibverbs: Warning: couldn't load driver 'libqedr-rdmav34.so': libqedr-rdmav34.so: cannot open shared object file: No such file or directory
libibverbs: Warning: couldn't load driver 'libcxgb4-rdmav34.so': libcxgb4-rdmav34.so: cannot open shared object file: No such file or directory
libibverbs: Warning: couldn't load driver 'libcxgb4-rdmav34.so': libcxgb4-rdmav34.so: cannot open shared object file: No such file or directory
libibverbs: Warning: couldn't load driver 'libcxgb4-rdmav34.so': libcxgb4-rdmav34.so: cannot open shared object file: No such file or directory
libibverbs: Warning: couldn't load driver 'libcxgb4-rdmav34.so': libcxgb4-rdmav34.so: cannot open shared object file: No such file or directory
libibverbs: Warning: couldn't load driver 'libcxgb4-rdmav34.so': libcxgb4-rdmav34.so: cannot open shared object file: No such file or directory
libibverbs: Warning: couldn't load driver 'libcxgb4-rdmav34.so': libcxgb4-rdmav34.so: cannot open shared object file: No such file or directory
libibverbs: Warning: couldn't load driver 'libcxgb4-rdmav34.so': libcxgb4-rdmav34.so: cannot open shared object file: No such file or directory
libibverbs: Warning: couldn't load driver 'libcxgb4-rdmav34.so': libcxgb4-rdmav34.so: cannot open shared object file: No such file or directory
libibverbs: Warning: couldn't load driver 'libcxgb4-rdmav34.so': libcxgb4-rdmav34.so: cannot open shared object file: No such file or directory
libibverbs: Warning: couldn't load driver 'libcxgb4-rdmav34.so': libcxgb4-rdmav34.so: cannot open shared object file: No such file or directory
libibverbs: Warning: couldn't load driver 'libcxgb4-rdmav34.so': libcxgb4-rdmav34.so: cannot open shared object file: No such file or directory
libibverbs: Warning: couldn't load driver 'libcxgb4-rdmav34.so': libcxgb4-rdmav34.so: cannot open shared object file: No such file or directory
libibverbs: Warning: couldn't load driver 'libcxgb4-rdmav34.so': libcxgb4-rdmav34.so: cannot open shared object file: No such file or directory
libibverbs: Warning: couldn't load driver 'libcxgb4-rdmav34.so': libcxgb4-rdmav34.so: cannot open shared object file: No such file or directory
libibverbs: Warning: couldn't load driver 'libcxgb4-rdmav34.so': libcxgb4-rdmav34.so: cannot open shared object file: No such file or directory
libibverbs: Warning: couldn't load driver 'libcxgb4-rdmav34.so': libcxgb4-rdmav34.so: cannot open shared object file: No such file or directory
libibverbs: Warning: couldn't load driver 'libcxgb4-rdmav34.so': libcxgb4-rdmav34.so: cannot open shared object file: No such file or directory
libibverbs: Warning: couldn't load driver 'libcxgb4-rdmav34.so': libcxgb4-rdmav34.so: cannot open shared object file: No such file or directory
libibverbs: Warning: couldn't load driver 'libcxgb4-rdmav34.so': libcxgb4-rdmav34.so: cannot open shared object file: No such file or directory
libibverbs: Warning: couldn't load driver 'libcxgb4-rdmav34.so': libcxgb4-rdmav34.so: cannot open shared object file: No such file or directory
libibverbs: Warning: couldn't load driver 'libcxgb4-rdmav34.so': libcxgb4-rdmav34.so: cannot open shared object file: No such file or directory
libibverbs: Warning: couldn't load driver 'libcxgb4-rdmav34.so': libcxgb4-rdmav34.so: cannot open shared object file: No such file or directory
libibverbs: Warning: couldn't load driver 'libvmw_pvrdma-rdmav34.so': libvmw_pvrdma-rdmav34.so: cannot open shared object file: No such file or directory
libibverbs: Warning: couldn't load driver 'libsiw-rdmav34.so': libsiw-rdmav34.so: cannot open shared object file: No such file or directory
libibverbs: Warning: couldn't load driver 'libcxgb4-rdmav34.so': libcxgb4-rdmav34.so: cannot open shared object file: No such file or directory
libibverbs: Warning: couldn't load driver 'libefa-rdmav34.so': libefa-rdmav34.so: cannot open shared object file: No such file or directory
libibverbs: Warning: couldn't load driver 'libqedr-rdmav34.so': libqedr-rdmav34.so: cannot open shared object file: No such file or directory
libibverbs: Warning: couldn't load driver 'libvmw_pvrdma-rdmav34.so': libvmw_pvrdma-rdmav34.so: cannot open shared object file: No such file or directory
libibverbs: Warning: couldn't load driver 'libsiw-rdmav34.so': libsiw-rdmav34.so: cannot open shared object file: No such file or directory
libibverbs: Warning: couldn't load driver 'libvmw_pvrdma-rdmav34.so': libvmw_pvrdma-rdmav34.so: cannot open shared object file: No such file or directory
libibverbs: Warning: couldn't load driver 'libsiw-rdmav34.so': libsiw-rdmav34.so: cannot open shared object file: No such file or directory
libibverbs: Warning: couldn't load driver 'libcxgb4-rdmav34.so': libcxgb4-rdmav34.so: cannot open shared object file: No such file or directory
libibverbs: Warning: couldn't load driver 'libvmw_pvrdma-rdmav34.so': libvmw_pvrdma-rdmav34.so: cannot open shared object file: No such file or directory
libibverbs: Warning: couldn't load driver 'libsiw-rdmav34.so': libsiw-rdmav34.so: cannot open shared object file: No such file or directory
libibverbs: Warning: couldn't load driver 'libcxgb4-rdmav34.so': libcxgb4-rdmav34.so: cannot open shared object file: No such file or directory
libibverbs: Warning: couldn't load driver 'libefa-rdmav34.so': libefa-rdmav34.so: cannot open shared object file: No such file or directory
libibverbs: Warning: couldn't load driver 'libqedr-rdmav34.so': libqedr-rdmav34.so: cannot open shared object file: No such file or directory
libibverbs: Warning: couldn't load driver 'libvmw_pvrdma-rdmav34.so': libvmw_pvrdma-rdmav34.so: cannot open shared object file: No such file or directory
libibverbs: Warning: couldn't load driver 'libsiw-rdmav34.so': libsiw-rdmav34.so: cannot open shared object file: No such file or directory
libibverbs: Warning: couldn't load driver 'libcxgb4-rdmav34.so': libcxgb4-rdmav34.so: cannot open shared object file: No such file or directory
libibverbs: Warning: couldn't load driver 'libcxgb4-rdmav34.so': libcxgb4-rdmav34.so: cannot open shared object file: No such file or directory
libibverbs: Warning: couldn't load driver 'libhfi1verbs-rdmav34.so': libhfi1verbs-rdmav34.so: cannot open shared object file: No such file or directory
libibverbs: Warning: couldn't load driver 'libhfi1verbs-rdmav34.so': libhfi1verbs-rdmav34.so: cannot open shared object file: No such file or directory
libibverbs: Warning: couldn't load driver 'libhfi1verbs-rdmav34.so': libhfi1verbs-rdmav34.so: cannot open shared object file: No such file or directory
libibverbs: Warning: couldn't load driver 'libhfi1verbs-rdmav34.so': libhfi1verbs-rdmav34.so: cannot open shared object file: No such file or directory
libibverbs: Warning: couldn't load driver 'libhfi1verbs-rdmav34.so': libhfi1verbs-rdmav34.so: cannot open shared object file: No such file or directory
libibverbs: Warning: couldn't load driver 'libhfi1verbs-rdmav34.so': libhfi1verbs-rdmav34.so: cannot open shared object file: No such file or directory
libibverbs: Warning: couldn't load driver 'libhfi1verbs-rdmav34.so': libhfi1verbs-rdmav34.so: cannot open shared object file: No such file or directory
libibverbs: Warning: couldn't load driver 'libhfi1verbs-rdmav34.so': libhfi1verbs-rdmav34.so: cannot open shared object file: No such file or directory
libibverbs: Warning: couldn't load driver 'libhfi1verbs-rdmav34.so': libhfi1verbs-rdmav34.so: cannot open shared object file: No such file or directory
libibverbs: Warning: couldn't load driver 'libhfi1verbs-rdmav34.so': libhfi1verbs-rdmav34.so: cannot open shared object file: No such file or directory
libibverbs: Warning: couldn't load driver 'libhfi1verbs-rdmav34.so': libhfi1verbs-rdmav34.so: cannot open shared object file: No such file or directory
libibverbs: Warning: couldn't load driver 'libhfi1verbs-rdmav34.so': libhfi1verbs-rdmav34.so: cannot open shared object file: No such file or directory
libibverbs: Warning: couldn't load driver 'libhfi1verbs-rdmav34.so': libhfi1verbs-rdmav34.so: cannot open shared object file: No such file or directory
libibverbs: Warning: couldn't load driver 'libhfi1verbs-rdmav34.so': libhfi1verbs-rdmav34.so: cannot open shared object file: No such file or directory
libibverbs: Warning: couldn't load driver 'libhfi1verbs-rdmav34.so': libhfi1verbs-rdmav34.so: cannot open shared object file: No such file or directory
libibverbs: Warning: couldn't load driver 'libhfi1verbs-rdmav34.so': libhfi1verbs-rdmav34.so: cannot open shared object file: No such file or directory
libibverbs: Warning: couldn't load driver 'libhfi1verbs-rdmav34.so': libhfi1verbs-rdmav34.so: cannot open shared object file: No such file or directory
libibverbs: Warning: couldn't load driver 'libhfi1verbs-rdmav34.so': libhfi1verbs-rdmav34.so: cannot open shared object file: No such file or directory
libibverbs: Warning: couldn't load driver 'libhfi1verbs-rdmav34.so': libhfi1verbs-rdmav34.so: cannot open shared object file: No such file or directory
libibverbs: Warning: couldn't load driver 'libhfi1verbs-rdmav34.so': libhfi1verbs-rdmav34.so: cannot open shared object file: No such file or directory
libibverbs: Warning: couldn't load driver 'libhfi1verbs-rdmav34.so': libhfi1verbs-rdmav34.so: cannot open shared object file: No such file or directory
libibverbs: Warning: couldn't load driver 'libhfi1verbs-rdmav34.so': libhfi1verbs-rdmav34.so: cannot open shared object file: No such file or directory
libibverbs: Warning: couldn't load driver 'libhfi1verbs-rdmav34.so': libhfi1verbs-rdmav34.so: cannot open shared object file: No such file or directory
libibverbs: Warning: couldn't load driver 'libhfi1verbs-rdmav34.so': libhfi1verbs-rdmav34.so: cannot open shared object file: No such file or directory
libibverbs: Warning: couldn't load driver 'libhfi1verbs-rdmav34.so': libhfi1verbs-rdmav34.so: cannot open shared object file: No such file or directory
libibverbs: Warning: couldn't load driver 'libhfi1verbs-rdmav34.so': libhfi1verbs-rdmav34.so: cannot open shared object file: No such file or directory
libibverbs: Warning: couldn't load driver 'libhfi1verbs-rdmav34.so': libhfi1verbs-rdmav34.so: cannot open shared object file: No such file or directory
libibverbs: Warning: couldn't load driver 'libhns-rdmav34.so': libhns-rdmav34.so: cannot open shared object file: No such file or directory
libibverbs: Warning: couldn't load driver 'libhns-rdmav34.so': libhns-rdmav34.so: cannot open shared object file: No such file or directory
libibverbs: Warning: couldn't load driver 'libhns-rdmav34.so': libhns-rdmav34.so: cannot open shared object file: No such file or directory
libibverbs: Warning: couldn't load driver 'libmana-rdmav34.so': libmana-rdmav34.so: cannot open shared object file: No such file or directory
libibverbs: Warning: couldn't load driver 'libmlx4-rdmav34.so': libmlx4-rdmav34.so: cannot open shared object file: No such file or directory
libibverbs: Warning: couldn't load driver 'libefa-rdmav34.so': libefa-rdmav34.so: cannot open shared object file: No such file or directory
libibverbs: Warning: couldn't load driver 'libhns-rdmav34.so': libhns-rdmav34.so: cannot open shared object file: No such file or directory
libibverbs: Warning: couldn't load driver 'libhns-rdmav34.so': libhns-rdmav34.so: cannot open shared object file: No such file or directory
libibverbs: Warning: couldn't load driver 'libhns-rdmav34.so': libhns-rdmav34.so: cannot open shared object file: No such file or directory
libibverbs: Warning: couldn't load driver 'libhns-rdmav34.so': libhns-rdmav34.so: cannot open shared object file: No such file or directory
libibverbs: Warning: couldn't load driver 'libhns-rdmav34.so': libhns-rdmav34.so: cannot open shared object file: No such file or directory
libibverbs: Warning: couldn't load driver 'libhns-rdmav34.so': libhns-rdmav34.so: cannot open shared object file: No such file or directory
libibverbs: Warning: couldn't load driver 'libhns-rdmav34.so': libhns-rdmav34.so: cannot open shared object file: No such file or directory
libibverbs: Warning: couldn't load driver 'libhns-rdmav34.so': libhns-rdmav34.so: cannot open shared object file: No such file or directory
libibverbs: Warning: couldn't load driver 'libhns-rdmav34.so': libhns-rdmav34.so: cannot open shared object file: No such file or directory
libibverbs: Warning: couldn't load driver 'libhns-rdmav34.so': libhns-rdmav34.so: cannot open shared object file: No such file or directory
libibverbs: Warning: couldn't load driver 'libhns-rdmav34.so': libhns-rdmav34.so: cannot open shared object file: No such file or directory
libibverbs: Warning: couldn't load driver 'libhns-rdmav34.so': libhns-rdmav34.so: cannot open shared object file: No such file or directory
libibverbs: Warning: couldn't load driver 'libhns-rdmav34.so': libhns-rdmav34.so: cannot open shared object file: No such file or directory
libibverbs: Warning: couldn't load driver 'libhns-rdmav34.so': libhns-rdmav34.so: cannot open shared object file: No such file or directory
libibverbs: Warning: couldn't load driver 'libhns-rdmav34.so': libhns-rdmav34.so: cannot open shared object file: No such file or directory
libibverbs: Warning: couldn't load driver 'libhns-rdmav34.so': libhns-rdmav34.so: cannot open shared object file: No such file or directory
libibverbs: Warning: couldn't load driver 'libhns-rdmav34.so': libhns-rdmav34.so: cannot open shared object file: No such file or directory
libibverbs: Warning: couldn't load driver 'libhns-rdmav34.so': libhns-rdmav34.so: cannot open shared object file: No such file or directory
libibverbs: Warning: couldn't load driver 'libhns-rdmav34.so': libhns-rdmav34.so: cannot open shared object file: No such file or directory
libibverbs: Warning: couldn't load driver 'librxe-rdmav34.so': librxe-rdmav34.so: cannot open shared object file: No such file or directory
libibverbs: Warning: couldn't load driver 'libhns-rdmav34.so': libhns-rdmav34.so: cannot open shared object file: No such file or directory
libibverbs: Warning: couldn't load driver 'librxe-rdmav34.so': librxe-rdmav34.so: cannot open shared object file: No such file or directory
libibverbs: Warning: couldn't load driver 'libhns-rdmav34.so': libhns-rdmav34.so: cannot open shared object file: No such file or directory
libibverbs: Warning: couldn't load driver 'librxe-rdmav34.so': librxe-rdmav34.so: cannot open shared object file: No such file or directory
libibverbs: Warning: couldn't load driver 'libhns-rdmav34.so': libhns-rdmav34.so: cannot open shared object file: No such file or directory
libibverbs: Warning: couldn't load driver 'librxe-rdmav34.so': librxe-rdmav34.so: cannot open shared object file: No such file or directory
libibverbs: Warning: couldn't load driver 'libhns-rdmav34.so': libhns-rdmav34.so: cannot open shared object file: No such file or directory
libibverbs: Warning: couldn't load driver 'librxe-rdmav34.so': librxe-rdmav34.so: cannot open shared object file: No such file or directory
libibverbs: Warning: couldn't load driver 'libmana-rdmav34.so': libmana-rdmav34.so: cannot open shared object file: No such file or directory
libibverbs: Warning: couldn't load driver 'libmlx4-rdmav34.so': libmlx4-rdmav34.so: cannot open shared object file: No such file or directory
libibverbs: Warning: couldn't load driver 'libefa-rdmav34.so': libefa-rdmav34.so: cannot open shared object file: No such file or directory
libibverbs: Warning: couldn't load driver 'libqedr-rdmav34.so': libqedr-rdmav34.so: cannot open shared object file: No such file or directory
libibverbs: Warning: couldn't load driver 'libvmw_pvrdma-rdmav34.so': libvmw_pvrdma-rdmav34.so: cannot open shared object file: No such file or directory
libibverbs: Warning: couldn't load driver 'libsiw-rdmav34.so': libsiw-rdmav34.so: cannot open shared object file: No such file or directory
libibverbs: Warning: couldn't load driver 'libhns-rdmav34.so': libhns-rdmav34.so: cannot open shared object file: No such file or directory
libibverbs: Warning: couldn't load driver 'librxe-rdmav34.so': librxe-rdmav34.so: cannot open shared object file: No such file or directory
libibverbs: Warning: couldn't load driver 'libqedr-rdmav34.so': libqedr-rdmav34.so: cannot open shared object file: No such file or directory
libibverbs: Warning: couldn't load driver 'libvmw_pvrdma-rdmav34.so': libvmw_pvrdma-rdmav34.so: cannot open shared object file: No such file or directory
libibverbs: Warning: couldn't load driver 'libsiw-rdmav34.so': libsiw-rdmav34.so: cannot open shared object file: No such file or directory
libibverbs: Warning: couldn't load driver 'libcxgb4-rdmav34.so': libcxgb4-rdmav34.so: cannot open shared object file: No such file or directory
libibverbs: Warning: couldn't load driver 'libhfi1verbs-rdmav34.so': libhfi1verbs-rdmav34.so: cannot open shared object file: No such file or directory
libibverbs: Warning: couldn't load driver 'librxe-rdmav34.so': librxe-rdmav34.so: cannot open shared object file: No such file or directory
libibverbs: Warning: couldn't load driver 'librxe-rdmav34.so': librxe-rdmav34.so: cannot open shared object file: No such file or directory
libibverbs: Warning: couldn't load driver 'librxe-rdmav34.so': librxe-rdmav34.so: cannot open shared object file: No such file or directory
libibverbs: Warning: couldn't load driver 'librxe-rdmav34.so': librxe-rdmav34.so: cannot open shared object file: No such file or directory
libibverbs: Warning: couldn't load driver 'librxe-rdmav34.so': librxe-rdmav34.so: cannot open shared object file: No such file or directory
libibverbs: Warning: couldn't load driver 'librxe-rdmav34.so': librxe-rdmav34.so: cannot open shared object file: No such file or directory
libibverbs: Warning: couldn't load driver 'librxe-rdmav34.so': librxe-rdmav34.so: cannot open shared object file: No such file or directory
libibverbs: Warning: couldn't load driver 'librxe-rdmav34.so': librxe-rdmav34.so: cannot open shared object file: No such file or directory
libibverbs: Warning: couldn't load driver 'librxe-rdmav34.so': librxe-rdmav34.so: cannot open shared object file: No such file or directory
libibverbs: Warning: couldn't load driver 'librxe-rdmav34.so': librxe-rdmav34.so: cannot open shared object file: No such file or directory
libibverbs: Warning: couldn't load driver 'librxe-rdmav34.so': librxe-rdmav34.so: cannot open shared object file: No such file or directory
libibverbs: Warning: couldn't load driver 'librxe-rdmav34.so': librxe-rdmav34.so: cannot open shared object file: No such file or directory
libibverbs: Warning: couldn't load driver 'librxe-rdmav34.so': librxe-rdmav34.so: cannot open shared object file: No such file or directory
libibverbs: Warning: couldn't load driver 'librxe-rdmav34.so': librxe-rdmav34.so: cannot open shared object file: No such file or directory
libibverbs: Warning: couldn't load driver 'librxe-rdmav34.so': librxe-rdmav34.so: cannot open shared object file: No such file or directory
libibverbs: Warning: couldn't load driver 'librxe-rdmav34.so': librxe-rdmav34.so: cannot open shared object file: No such file or directory
libibverbs: Warning: couldn't load driver 'librxe-rdmav34.so': librxe-rdmav34.so: cannot open shared object file: No such file or directory
libibverbs: Warning: couldn't load driver 'librxe-rdmav34.so': librxe-rdmav34.so: cannot open shared object file: No such file or directory
libibverbs: Warning: couldn't load driver 'libmana-rdmav34.so': libmana-rdmav34.so: cannot open shared object file: No such file or directory
libibverbs: Warning: couldn't load driver 'libmlx4-rdmav34.so': libmlx4-rdmav34.so: cannot open shared object file: No such file or directory
libibverbs: Warning: couldn't load driver 'libefa-rdmav34.so': libefa-rdmav34.so: cannot open shared object file: No such file or directory
libibverbs: Warning: couldn't load driver 'libqedr-rdmav34.so': libqedr-rdmav34.so: cannot open shared object file: No such file or directory
libibverbs: Warning: couldn't load driver 'libvmw_pvrdma-rdmav34.so': libvmw_pvrdma-rdmav34.so: cannot open shared object file: No such file or directory
libibverbs: Warning: couldn't load driver 'libsiw-rdmav34.so': libsiw-rdmav34.so: cannot open shared object file: No such file or directory
libibverbs: Warning: couldn't load driver 'libcxgb4-rdmav34.so': libcxgb4-rdmav34.so: cannot open shared object file: No such file or directory
libibverbs: Warning: couldn't load driver 'libmana-rdmav34.so': libmana-rdmav34.so: cannot open shared object file: No such file or directory
libibverbs: Warning: couldn't load driver 'libmlx4-rdmav34.so': libmlx4-rdmav34.so: cannot open shared object file: No such file or directory
libibverbs: Warning: couldn't load driver 'libefa-rdmav34.so': libefa-rdmav34.so: cannot open shared object file: No such file or directory
libibverbs: Warning: couldn't load driver 'libqedr-rdmav34.so': libqedr-rdmav34.so: cannot open shared object file: No such file or directory
libibverbs: Warning: couldn't load driver 'libvmw_pvrdma-rdmav34.so': libvmw_pvrdma-rdmav34.so: cannot open shared object file: No such file or directory
libibverbs: Warning: couldn't load driver 'libsiw-rdmav34.so': libsiw-rdmav34.so: cannot open shared object file: No such file or directory
libibverbs: Warning: couldn't load driver 'libcxgb4-rdmav34.so': libcxgb4-rdmav34.so: cannot open shared object file: No such file or directory
libibverbs: Warning: couldn't load driver 'libmana-rdmav34.so': libmana-rdmav34.so: cannot open shared object file: No such file or directory
libibverbs: Warning: couldn't load driver 'libmlx4-rdmav34.so': libmlx4-rdmav34.so: cannot open shared object file: No such file or directory
libibverbs: Warning: couldn't load driver 'libefa-rdmav34.so': libefa-rdmav34.so: cannot open shared object file: No such file or directory
libibverbs: Warning: couldn't load driver 'libqedr-rdmav34.so': libqedr-rdmav34.so: cannot open shared object file: No such file or directory
libibverbs: Warning: couldn't load driver 'libvmw_pvrdma-rdmav34.so': libvmw_pvrdma-rdmav34.so: cannot open shared object file: No such file or directory
libibverbs: Warning: couldn't load driver 'libcxgb4-rdmav34.so': libcxgb4-rdmav34.so: cannot open shared object file: No such file or directory
libibverbs: Warning: couldn't load driver 'libhfi1verbs-rdmav34.so': libhfi1verbs-rdmav34.so: cannot open shared object file: No such file or directory
libibverbs: Warning: couldn't load driver 'libhns-rdmav34.so': libhns-rdmav34.so: cannot open shared object file: No such file or directory
libibverbs: Warning: couldn't load driver 'librxe-rdmav34.so': librxe-rdmav34.so: cannot open shared object file: No such file or directory
libibverbs: Warning: couldn't load driver 'librxe-rdmav34.so': librxe-rdmav34.so: cannot open shared object file: No such file or directory
libibverbs: Warning: couldn't load driver 'librxe-rdmav34.so': librxe-rdmav34.so: cannot open shared object file: No such file or directory
libibverbs: Warning: couldn't load driver 'libmana-rdmav34.so': libmana-rdmav34.so: cannot open shared object file: No such file or directory
libibverbs: Warning: couldn't load driver 'libmlx4-rdmav34.so': libmlx4-rdmav34.so: cannot open shared object file: No such file or directory
libibverbs: Warning: couldn't load driver 'libefa-rdmav34.so': libefa-rdmav34.so: cannot open shared object file: No such file or directory
libibverbs: Warning: couldn't load driver 'libqedr-rdmav34.so': libqedr-rdmav34.so: cannot open shared object file: No such file or directory
libibverbs: Warning: couldn't load driver 'libvmw_pvrdma-rdmav34.so': libvmw_pvrdma-rdmav34.so: cannot open shared object file: No such file or directory
libibverbs: Warning: couldn't load driver 'libsiw-rdmav34.so': libsiw-rdmav34.so: cannot open shared object file: No such file or directory
libibverbs: Warning: couldn't load driver 'librxe-rdmav34.so': librxe-rdmav34.so: cannot open shared object file: No such file or directory
libibverbs: Warning: couldn't load driver 'libmana-rdmav34.so': libmana-rdmav34.so: cannot open shared object file: No such file or directory
libibverbs: Warning: couldn't load driver 'libmlx4-rdmav34.so': libmlx4-rdmav34.so: cannot open shared object file: No such file or directory
libibverbs: Warning: couldn't load driver 'libefa-rdmav34.so': libefa-rdmav34.so: cannot open shared object file: No such file or directory
libibverbs: Warning: couldn't load driver 'libqedr-rdmav34.so': libqedr-rdmav34.so: cannot open shared object file: No such file or directory
libibverbs: Warning: couldn't load driver 'libvmw_pvrdma-rdmav34.so': libvmw_pvrdma-rdmav34.so: cannot open shared object file: No such file or directory
libibverbs: Warning: couldn't load driver 'libsiw-rdmav34.so': libsiw-rdmav34.so: cannot open shared object file: No such file or directory
libibverbs: Warning: couldn't load driver 'libmana-rdmav34.so': libmana-rdmav34.so: cannot open shared object file: No such file or directory
libibverbs: Warning: couldn't load driver 'libmlx4-rdmav34.so': libmlx4-rdmav34.so: cannot open shared object file: No such file or directory
libibverbs: Warning: couldn't load driver 'libefa-rdmav34.so': libefa-rdmav34.so: cannot open shared object file: No such file or directory
libibverbs: Warning: couldn't load driver 'libqedr-rdmav34.so': libqedr-rdmav34.so: cannot open shared object file: No such file or directory
libibverbs: Warning: couldn't load driver 'libvmw_pvrdma-rdmav34.so': libvmw_pvrdma-rdmav34.so: cannot open shared object file: No such file or directory
libibverbs: Warning: couldn't load driver 'libsiw-rdmav34.so': libsiw-rdmav34.so: cannot open shared object file: No such file or directory
libibverbs: Warning: couldn't load driver 'libcxgb4-rdmav34.so': libcxgb4-rdmav34.so: cannot open shared object file: No such file or directory
libibverbs: Warning: couldn't load driver 'libhns-rdmav34.so': libhns-rdmav34.so: cannot open shared object file: No such file or directory
libibverbs: Warning: couldn't load driver 'librxe-rdmav34.so': librxe-rdmav34.so: cannot open shared object file: No such file or directory
libibverbs: Warning: couldn't load driver 'libbnxt_re-rdmav34.so': libbnxt_re-rdmav34.so: cannot open shared object file: No such file or directory
libibverbs: Warning: couldn't load driver 'libhfi1verbs-rdmav34.so': libhfi1verbs-rdmav34.so: cannot open shared object file: No such file or directory
libibverbs: Warning: couldn't load driver 'libhns-rdmav34.so': libhns-rdmav34.so: cannot open shared object file: No such file or directory
libibverbs: Warning: couldn't load driver 'librxe-rdmav34.so': librxe-rdmav34.so: cannot open shared object file: No such file or directory
libibverbs: Warning: couldn't load driver 'libhfi1verbs-rdmav34.so': libhfi1verbs-rdmav34.so: cannot open shared object file: No such file or directory
libibverbs: Warning: couldn't load driver 'libhns-rdmav34.so': libhns-rdmav34.so: cannot open shared object file: No such file or directory
libibverbs: Warning: couldn't load driver 'librxe-rdmav34.so': librxe-rdmav34.so: cannot open shared object file: No such file or directory
libibverbs: Warning: couldn't load driver 'libsiw-rdmav34.so': libsiw-rdmav34.so: cannot open shared object file: No such file or directory
libibverbs: Warning: couldn't load driver 'libcxgb4-rdmav34.so': libcxgb4-rdmav34.so: cannot open shared object file: No such file or directory
libibverbs: Warning: couldn't load driver 'libcxgb4-rdmav34.so': libcxgb4-rdmav34.so: cannot open shared object file: No such file or directory
libibverbs: Warning: couldn't load driver 'libcxgb4-rdmav34.so': libcxgb4-rdmav34.so: cannot open shared object file: No such file or directory
libibverbs: Warning: couldn't load driver 'libbnxt_re-rdmav34.so': libbnxt_re-rdmav34.so: cannot open shared object file: No such file or directory
libibverbs: Warning: couldn't load driver 'libbnxt_re-rdmav34.so': libbnxt_re-rdmav34.so: cannot open shared object file: No such file or directory
libibverbs: Warning: couldn't load driver 'libbnxt_re-rdmav34.so': libbnxt_re-rdmav34.so: cannot open shared object file: No such file or directory
libibverbs: Warning: couldn't load driver 'libbnxt_re-rdmav34.so': libbnxt_re-rdmav34.so: cannot open shared object file: No such file or directory
libibverbs: Warning: couldn't load driver 'libbnxt_re-rdmav34.so': libbnxt_re-rdmav34.so: cannot open shared object file: No such file or directory
libibverbs: Warning: couldn't load driver 'libbnxt_re-rdmav34.so': libbnxt_re-rdmav34.so: cannot open shared object file: No such file or directory
libibverbs: Warning: couldn't load driver 'libbnxt_re-rdmav34.so': libbnxt_re-rdmav34.so: cannot open shared object file: No such file or directory
libibverbs: Warning: couldn't load driver 'libbnxt_re-rdmav34.so': libbnxt_re-rdmav34.so: cannot open shared object file: No such file or directory
libibverbs: Warning: couldn't load driver 'libbnxt_re-rdmav34.so': libbnxt_re-rdmav34.so: cannot open shared object file: No such file or directory
libibverbs: Warning: couldn't load driver 'libbnxt_re-rdmav34.so': libbnxt_re-rdmav34.so: cannot open shared object file: No such file or directory
libibverbs: Warning: couldn't load driver 'libbnxt_re-rdmav34.so': libbnxt_re-rdmav34.so: cannot open shared object file: No such file or directory
libibverbs: Warning: couldn't load driver 'libbnxt_re-rdmav34.so': libbnxt_re-rdmav34.so: cannot open shared object file: No such file or directory
libibverbs: Warning: couldn't load driver 'libbnxt_re-rdmav34.so': libbnxt_re-rdmav34.so: cannot open shared object file: No such file or directory
libibverbs: Warning: couldn't load driver 'libbnxt_re-rdmav34.so': libbnxt_re-rdmav34.so: cannot open shared object file: No such file or directory
libibverbs: Warning: couldn't load driver 'libbnxt_re-rdmav34.so': libbnxt_re-rdmav34.so: cannot open shared object file: No such file or directory
libibverbs: Warning: couldn't load driver 'libbnxt_re-rdmav34.so': libbnxt_re-rdmav34.so: cannot open shared object file: No such file or directory
libibverbs: Warning: couldn't load driver 'libbnxt_re-rdmav34.so': libbnxt_re-rdmav34.so: cannot open shared object file: No such file or directory
libibverbs: Warning: couldn't load driver 'libbnxt_re-rdmav34.so': libbnxt_re-rdmav34.so: cannot open shared object file: No such file or directory
libibverbs: Warning: couldn't load driver 'libbnxt_re-rdmav34.so': libbnxt_re-rdmav34.so: cannot open shared object file: No such file or directory
libibverbs: Warning: couldn't load driver 'libbnxt_re-rdmav34.so': libbnxt_re-rdmav34.so: cannot open shared object file: No such file or directory
libibverbs: Warning: couldn't load driver 'libbnxt_re-rdmav34.so': libbnxt_re-rdmav34.so: cannot open shared object file: No such file or directory
libibverbs: Warning: couldn't load driver 'libbnxt_re-rdmav34.so': libbnxt_re-rdmav34.so: cannot open shared object file: No such file or directory
libibverbs: Warning: couldn't load driver 'libbnxt_re-rdmav34.so': libbnxt_re-rdmav34.so: cannot open shared object file: No such file or directory
libibverbs: Warning: couldn't load driver 'libbnxt_re-rdmav34.so': libbnxt_re-rdmav34.so: cannot open shared object file: No such file or directory
libibverbs: Warning: couldn't load driver 'libhfi1verbs-rdmav34.so': libhfi1verbs-rdmav34.so: cannot open shared object file: No such file or directory
libibverbs: Warning: couldn't load driver 'libhns-rdmav34.so': libhns-rdmav34.so: cannot open shared object file: No such file or directory
libibverbs: Warning: couldn't load driver 'librxe-rdmav34.so': librxe-rdmav34.so: cannot open shared object file: No such file or directory
libibverbs: Warning: couldn't load driver 'libbnxt_re-rdmav34.so': libbnxt_re-rdmav34.so: cannot open shared object file: No such file or directory
libibverbs: Warning: couldn't load driver 'libbnxt_re-rdmav34.so': libbnxt_re-rdmav34.so: cannot open shared object file: No such file or directory
libibverbs: Warning: couldn't load driver 'libbnxt_re-rdmav34.so': libbnxt_re-rdmav34.so: cannot open shared object file: No such file or directory
libibverbs: Warning: couldn't load driver 'libbnxt_re-rdmav34.so': libbnxt_re-rdmav34.so: cannot open shared object file: No such file or directory
libibverbs: Warning: couldn't load driver 'libhfi1verbs-rdmav34.so': libhfi1verbs-rdmav34.so: cannot open shared object file: No such file or directory
libibverbs: Warning: couldn't load driver 'libhns-rdmav34.so': libhns-rdmav34.so: cannot open shared object file: No such file or directory
libibverbs: Warning: couldn't load driver 'librxe-rdmav34.so': librxe-rdmav34.so: cannot open shared object file: No such file or directory
libibverbs: Warning: couldn't load driver 'libbnxt_re-rdmav34.so': libbnxt_re-rdmav34.so: cannot open shared object file: No such file or directory
libibverbs: Warning: couldn't load driver 'libocrdma-rdmav34.so': libocrdma-rdmav34.so: cannot open shared object file: No such file or directory
libibverbs: Warning: couldn't load driver 'libbnxt_re-rdmav34.so': libbnxt_re-rdmav34.so: cannot open shared object file: No such file or directory
libibverbs: Warning: couldn't load driver 'libocrdma-rdmav34.so': libocrdma-rdmav34.so: cannot open shared object file: No such file or directory
libibverbs: Warning: couldn't load driver 'libbnxt_re-rdmav34.so': libbnxt_re-rdmav34.so: cannot open shared object file: No such file or directory
libibverbs: Warning: couldn't load driver 'libocrdma-rdmav34.so': libocrdma-rdmav34.so: cannot open shared object file: No such file or directory
libibverbs: Warning: couldn't load driver 'libhfi1verbs-rdmav34.so': libhfi1verbs-rdmav34.so: cannot open shared object file: No such file or directory
libibverbs: Warning: couldn't load driver 'libhns-rdmav34.so': libhns-rdmav34.so: cannot open shared object file: No such file or directory
libibverbs: Warning: couldn't load driver 'librxe-rdmav34.so': librxe-rdmav34.so: cannot open shared object file: No such file or directory
libibverbs: Warning: couldn't load driver 'libbnxt_re-rdmav34.so': libbnxt_re-rdmav34.so: cannot open shared object file: No such file or directory
libibverbs: Warning: couldn't load driver 'libhfi1verbs-rdmav34.so': libhfi1verbs-rdmav34.so: cannot open shared object file: No such file or directory
libibverbs: Warning: couldn't load driver 'libhns-rdmav34.so': libhns-rdmav34.so: cannot open shared object file: No such file or directory
libibverbs: Warning: couldn't load driver 'librxe-rdmav34.so': librxe-rdmav34.so: cannot open shared object file: No such file or directory
libibverbs: Warning: couldn't load driver 'libbnxt_re-rdmav34.so': libbnxt_re-rdmav34.so: cannot open shared object file: No such file or directory
libibverbs: Warning: couldn't load driver 'libocrdma-rdmav34.so': libocrdma-rdmav34.so: cannot open shared object file: No such file or directory
libibverbs: Warning: couldn't load driver 'libbnxt_re-rdmav34.so': libbnxt_re-rdmav34.so: cannot open shared object file: No such file or directory
libibverbs: Warning: couldn't load driver 'libocrdma-rdmav34.so': libocrdma-rdmav34.so: cannot open shared object file: No such file or directory
libibverbs: Warning: couldn't load driver 'libocrdma-rdmav34.so': libocrdma-rdmav34.so: cannot open shared object file: No such file or directory
libibverbs: Warning: couldn't load driver 'libocrdma-rdmav34.so': libocrdma-rdmav34.so: cannot open shared object file: No such file or directory
libibverbs: Warning: couldn't load driver 'libocrdma-rdmav34.so': libocrdma-rdmav34.so: cannot open shared object file: No such file or directory
libibverbs: Warning: couldn't load driver 'libocrdma-rdmav34.so': libocrdma-rdmav34.so: cannot open shared object file: No such file or directory
libibverbs: Warning: couldn't load driver 'libocrdma-rdmav34.so': libocrdma-rdmav34.so: cannot open shared object file: No such file or directory
libibverbs: Warning: couldn't load driver 'libocrdma-rdmav34.so': libocrdma-rdmav34.so: cannot open shared object file: No such file or directory
libibverbs: Warning: couldn't load driver 'libocrdma-rdmav34.so': libocrdma-rdmav34.so: cannot open shared object file: No such file or directory
libibverbs: Warning: couldn't load driver 'libocrdma-rdmav34.so': libocrdma-rdmav34.so: cannot open shared object file: No such file or directory
libibverbs: Warning: couldn't load driver 'libocrdma-rdmav34.so': libocrdma-rdmav34.so: cannot open shared object file: No such file or directory
libibverbs: Warning: couldn't load driver 'libocrdma-rdmav34.so': libocrdma-rdmav34.so: cannot open shared object file: No such file or directory
libibverbs: Warning: couldn't load driver 'libocrdma-rdmav34.so': libocrdma-rdmav34.so: cannot open shared object file: No such file or directory
libibverbs: Warning: couldn't load driver 'libocrdma-rdmav34.so': libocrdma-rdmav34.so: cannot open shared object file: No such file or directory
libibverbs: Warning: couldn't load driver 'libocrdma-rdmav34.so': libocrdma-rdmav34.so: cannot open shared object file: No such file or directory
libibverbs: Warning: couldn't load driver 'libocrdma-rdmav34.so': libocrdma-rdmav34.so: cannot open shared object file: No such file or directory
libibverbs: Warning: couldn't load driver 'libocrdma-rdmav34.so': libocrdma-rdmav34.so: cannot open shared object file: No such file or directory
libibverbs: Warning: couldn't load driver 'libocrdma-rdmav34.so': libocrdma-rdmav34.so: cannot open shared object file: No such file or directory
libibverbs: Warning: couldn't load driver 'libirdma-rdmav34.so': libirdma-rdmav34.so: cannot open shared object file: No such file or directory
libibverbs: Warning: couldn't load driver 'libocrdma-rdmav34.so': libocrdma-rdmav34.so: cannot open shared object file: No such file or directory
libibverbs: Warning: couldn't load driver 'libocrdma-rdmav34.so': libocrdma-rdmav34.so: cannot open shared object file: No such file or directory
libibverbs: Warning: couldn't load driver 'libocrdma-rdmav34.so': libocrdma-rdmav34.so: cannot open shared object file: No such file or directory
libibverbs: Warning: couldn't load driver 'libirdma-rdmav34.so': libirdma-rdmav34.so: cannot open shared object file: No such file or directory
libibverbs: Warning: couldn't load driver 'libocrdma-rdmav34.so': libocrdma-rdmav34.so: cannot open shared object file: No such file or directory
libibverbs: Warning: couldn't load driver 'libocrdma-rdmav34.so': libocrdma-rdmav34.so: cannot open shared object file: No such file or directory
libibverbs: Warning: couldn't load driver 'libirdma-rdmav34.so': libirdma-rdmav34.so: cannot open shared object file: No such file or directory
libibverbs: Warning: couldn't load driver 'libocrdma-rdmav34.so': libocrdma-rdmav34.so: cannot open shared object file: No such file or directory
libibverbs: Warning: couldn't load driver 'libirdma-rdmav34.so': libirdma-rdmav34.so: cannot open shared object file: No such file or directory
libibverbs: Warning: couldn't load driver 'libmana-rdmav34.so': libmana-rdmav34.so: cannot open shared object file: No such file or directory
libibverbs: Warning: couldn't load driver 'libmlx4-rdmav34.so': libmlx4-rdmav34.so: cannot open shared object file: No such file or directory
libibverbs: Warning: couldn't load driver 'libefa-rdmav34.so': libefa-rdmav34.so: cannot open shared object file: No such file or directory
libibverbs: Warning: couldn't load driver 'libqedr-rdmav34.so': libqedr-rdmav34.so: cannot open shared object file: No such file or directory
libibverbs: Warning: couldn't load driver 'libvmw_pvrdma-rdmav34.so': libvmw_pvrdma-rdmav34.so: cannot open shared object file: No such file or directory
libibverbs: Warning: couldn't load driver 'libocrdma-rdmav34.so': libocrdma-rdmav34.so: cannot open shared object file: No such file or directory
libibverbs: Warning: couldn't load driver 'libirdma-rdmav34.so': libirdma-rdmav34.so: cannot open shared object file: No such file or directory
libibverbs: Warning: couldn't load driver 'libocrdma-rdmav34.so': libocrdma-rdmav34.so: cannot open shared object file: No such file or directory
libibverbs: Warning: couldn't load driver 'libirdma-rdmav34.so': libirdma-rdmav34.so: cannot open shared object file: No such file or directory
libibverbs: Warning: couldn't load driver 'libocrdma-rdmav34.so': libocrdma-rdmav34.so: cannot open shared object file: No such file or directory
libibverbs: Warning: couldn't load driver 'libirdma-rdmav34.so': libirdma-rdmav34.so: cannot open shared object file: No such file or directory
libibverbs: Warning: couldn't load driver 'libmana-rdmav34.so': libmana-rdmav34.so: cannot open shared object file: No such file or directory
libibverbs: Warning: couldn't load driver 'libmlx4-rdmav34.so': libmlx4-rdmav34.so: cannot open shared object file: No such file or directory
libibverbs: Warning: couldn't load driver 'libefa-rdmav34.so': libefa-rdmav34.so: cannot open shared object file: No such file or directory
libibverbs: Warning: couldn't load driver 'libqedr-rdmav34.so': libqedr-rdmav34.so: cannot open shared object file: No such file or directory
libibverbs: Warning: couldn't load driver 'libvmw_pvrdma-rdmav34.so': libvmw_pvrdma-rdmav34.so: cannot open shared object file: No such file or directory
libibverbs: Warning: couldn't load driver 'libsiw-rdmav34.so': libsiw-rdmav34.so: cannot open shared object file: No such file or directory
libibverbs: Warning: couldn't load driver 'libcxgb4-rdmav34.so': libcxgb4-rdmav34.so: cannot open shared object file: No such file or directory
libibverbs: Warning: couldn't load driver 'libmana-rdmav34.so': libmana-rdmav34.so: cannot open shared object file: No such file or directory
libibverbs: Warning: couldn't load driver 'libmlx4-rdmav34.so': libmlx4-rdmav34.so: cannot open shared object file: No such file or directory
libibverbs: Warning: couldn't load driver 'libefa-rdmav34.so': libefa-rdmav34.so: cannot open shared object file: No such file or directory
libibverbs: Warning: couldn't load driver 'libqedr-rdmav34.so': libqedr-rdmav34.so: cannot open shared object file: No such file or directory
libibverbs: Warning: couldn't load driver 'libvmw_pvrdma-rdmav34.so': libvmw_pvrdma-rdmav34.so: cannot open shared object file: No such file or directory
libibverbs: Warning: couldn't load driver 'libsiw-rdmav34.so': libsiw-rdmav34.so: cannot open shared object file: No such file or directory
libibverbs: Warning: couldn't load driver 'libcxgb4-rdmav34.so': libcxgb4-rdmav34.so: cannot open shared object file: No such file or directory
libibverbs: Warning: couldn't load driver 'libmana-rdmav34.so': libmana-rdmav34.so: cannot open shared object file: No such file or directory
libibverbs: Warning: couldn't load driver 'libmlx4-rdmav34.so': libmlx4-rdmav34.so: cannot open shared object file: No such file or directory
libibverbs: Warning: couldn't load driver 'libefa-rdmav34.so': libefa-rdmav34.so: cannot open shared object file: No such file or directory
libibverbs: Warning: couldn't load driver 'libqedr-rdmav34.so': libqedr-rdmav34.so: cannot open shared object file: No such file or directory
libibverbs: Warning: couldn't load driver 'libvmw_pvrdma-rdmav34.so': libvmw_pvrdma-rdmav34.so: cannot open shared object file: No such file or directory
libibverbs: Warning: couldn't load driver 'libmana-rdmav34.so': libmana-rdmav34.so: cannot open shared object file: No such file or directory
libibverbs: Warning: couldn't load driver 'libmlx4-rdmav34.so': libmlx4-rdmav34.so: cannot open shared object file: No such file or directory
libibverbs: Warning: couldn't load driver 'libefa-rdmav34.so': libefa-rdmav34.so: cannot open shared object file: No such file or directory
libibverbs: Warning: couldn't load driver 'libqedr-rdmav34.so': libqedr-rdmav34.so: cannot open shared object file: No such file or directory
libibverbs: Warning: couldn't load driver 'libvmw_pvrdma-rdmav34.so': libvmw_pvrdma-rdmav34.so: cannot open shared object file: No such file or directory
libibverbs: Warning: couldn't load driver 'libsiw-rdmav34.so': libsiw-rdmav34.so: cannot open shared object file: No such file or directory
libibverbs: Warning: couldn't load driver 'libmana-rdmav34.so': libmana-rdmav34.so: cannot open shared object file: No such file or directory
libibverbs: Warning: couldn't load driver 'libmlx4-rdmav34.so': libmlx4-rdmav34.so: cannot open shared object file: No such file or directory
libibverbs: Warning: couldn't load driver 'libefa-rdmav34.so': libefa-rdmav34.so: cannot open shared object file: No such file or directory
libibverbs: Warning: couldn't load driver 'libqedr-rdmav34.so': libqedr-rdmav34.so: cannot open shared object file: No such file or directory
libibverbs: Warning: couldn't load driver 'libvmw_pvrdma-rdmav34.so': libvmw_pvrdma-rdmav34.so: cannot open shared object file: No such file or directory
libibverbs: Warning: couldn't load driver 'libsiw-rdmav34.so': libsiw-rdmav34.so: cannot open shared object file: No such file or directory
libibverbs: Warning: couldn't load driver 'libcxgb4-rdmav34.so': libcxgb4-rdmav34.so: cannot open shared object file: No such file or directory
libibverbs: Warning: couldn't load driver 'libhfi1verbs-rdmav34.so': libhfi1verbs-rdmav34.so: cannot open shared object file: No such file or directory
libibverbs: Warning: couldn't load driver 'libocrdma-rdmav34.so': libocrdma-rdmav34.so: cannot open shared object file: No such file or directory
libibverbs: Warning: couldn't load driver 'libirdma-rdmav34.so': libirdma-rdmav34.so: cannot open shared object file: No such file or directory
libibverbs: Warning: couldn't load driver 'libocrdma-rdmav34.so': libocrdma-rdmav34.so: cannot open shared object file: No such file or directory
libibverbs: Warning: couldn't load driver 'libirdma-rdmav34.so': libirdma-rdmav34.so: cannot open shared object file: No such file or directory
libibverbs: Warning: couldn't load driver 'libocrdma-rdmav34.so': libocrdma-rdmav34.so: cannot open shared object file: No such file or directory
libibverbs: Warning: couldn't load driver 'libirdma-rdmav34.so': libirdma-rdmav34.so: cannot open shared object file: No such file or directory
libibverbs: Warning: couldn't load driver 'libmana-rdmav34.so': libmana-rdmav34.so: cannot open shared object file: No such file or directory
libibverbs: Warning: couldn't load driver 'libmlx4-rdmav34.so': libmlx4-rdmav34.so: cannot open shared object file: No such file or directory
libibverbs: Warning: couldn't load driver 'libefa-rdmav34.so': libefa-rdmav34.so: cannot open shared object file: No such file or directory
libibverbs: Warning: couldn't load driver 'libqedr-rdmav34.so': libqedr-rdmav34.so: cannot open shared object file: No such file or directory
libibverbs: Warning: couldn't load driver 'libvmw_pvrdma-rdmav34.so': libvmw_pvrdma-rdmav34.so: cannot open shared object file: No such file or directory
libibverbs: Warning: couldn't load driver 'libocrdma-rdmav34.so': libocrdma-rdmav34.so: cannot open shared object file: No such file or directory
libibverbs: Warning: couldn't load driver 'libirdma-rdmav34.so': libirdma-rdmav34.so: cannot open shared object file: No such file or directory
libibverbs: Warning: couldn't load driver 'libmana-rdmav34.so': libmana-rdmav34.so: cannot open shared object file: No such file or directory
libibverbs: Warning: couldn't load driver 'libmlx4-rdmav34.so': libmlx4-rdmav34.so: cannot open shared object file: No such file or directory
libibverbs: Warning: couldn't load driver 'libefa-rdmav34.so': libefa-rdmav34.so: cannot open shared object file: No such file or directory
libibverbs: Warning: couldn't load driver 'libqedr-rdmav34.so': libqedr-rdmav34.so: cannot open shared object file: No such file or directory
libibverbs: Warning: couldn't load driver 'libvmw_pvrdma-rdmav34.so': libvmw_pvrdma-rdmav34.so: cannot open shared object file: No such file or directory
libibverbs: Warning: couldn't load driver 'libsiw-rdmav34.so': libsiw-rdmav34.so: cannot open shared object file: No such file or directory
libibverbs: Warning: couldn't load driver 'libmana-rdmav34.so': libmana-rdmav34.so: cannot open shared object file: No such file or directory
libibverbs: Warning: couldn't load driver 'libmlx4-rdmav34.so': libmlx4-rdmav34.so: cannot open shared object file: No such file or directory
libibverbs: Warning: couldn't load driver 'libefa-rdmav34.so': libefa-rdmav34.so: cannot open shared object file: No such file or directory
libibverbs: Warning: couldn't load driver 'libqedr-rdmav34.so': libqedr-rdmav34.so: cannot open shared object file: No such file or directory
libibverbs: Warning: couldn't load driver 'libvmw_pvrdma-rdmav34.so': libvmw_pvrdma-rdmav34.so: cannot open shared object file: No such file or directory
libibverbs: Warning: couldn't load driver 'libsiw-rdmav34.so': libsiw-rdmav34.so: cannot open shared object file: No such file or directory
libibverbs: Warning: couldn't load driver 'libocrdma-rdmav34.so': libocrdma-rdmav34.so: cannot open shared object file: No such file or directory
libibverbs: Warning: couldn't load driver 'libirdma-rdmav34.so': libirdma-rdmav34.so: cannot open shared object file: No such file or directory
libibverbs: Warning: couldn't load driver 'libirdma-rdmav34.so': libirdma-rdmav34.so: cannot open shared object file: No such file or directory
libibverbs: Warning: couldn't load driver 'libirdma-rdmav34.so': libirdma-rdmav34.so: cannot open shared object file: No such file or directory
libibverbs: Warning: couldn't load driver 'libirdma-rdmav34.so': libirdma-rdmav34.so: cannot open shared object file: No such file or directory
libibverbs: Warning: couldn't load driver 'libirdma-rdmav34.so': libirdma-rdmav34.so: cannot open shared object file: No such file or directory
libibverbs: Warning: couldn't load driver 'libmthca-rdmav34.so': libmthca-rdmav34.so: cannot open shared object file: No such file or directory
libibverbs: Warning: couldn't load driver 'libirdma-rdmav34.so': libirdma-rdmav34.so: cannot open shared object file: No such file or directory
libibverbs: Warning: couldn't load driver 'libirdma-rdmav34.so': libirdma-rdmav34.so: cannot open shared object file: No such file or directory
libibverbs: Warning: couldn't load driver 'libmthca-rdmav34.so': libmthca-rdmav34.so: cannot open shared object file: No such file or directory
libibverbs: Warning: couldn't load driver 'libirdma-rdmav34.so': libirdma-rdmav34.so: cannot open shared object file: No such file or directory
libibverbs: Warning: couldn't load driver 'libmthca-rdmav34.so': libmthca-rdmav34.so: cannot open shared object file: No such file or directory
libibverbs: Warning: couldn't load driver 'libirdma-rdmav34.so': libirdma-rdmav34.so: cannot open shared object file: No such file or directory
libibverbs: Warning: couldn't load driver 'libirdma-rdmav34.so': libirdma-rdmav34.so: cannot open shared object file: No such file or directory
libibverbs: Warning: couldn't load driver 'libmthca-rdmav34.so': libmthca-rdmav34.so: cannot open shared object file: No such file or directory
libibverbs: Warning: couldn't load driver 'libirdma-rdmav34.so': libirdma-rdmav34.so: cannot open shared object file: No such file or directory
libibverbs: Warning: couldn't load driver 'libmthca-rdmav34.so': libmthca-rdmav34.so: cannot open shared object file: No such file or directory
libibverbs: Warning: couldn't load driver 'libirdma-rdmav34.so': libirdma-rdmav34.so: cannot open shared object file: No such file or directory
libibverbs: Warning: couldn't load driver 'libmthca-rdmav34.so': libmthca-rdmav34.so: cannot open shared object file: No such file or directory
libibverbs: Warning: couldn't load driver 'libirdma-rdmav34.so': libirdma-rdmav34.so: cannot open shared object file: No such file or directory
libibverbs: Warning: couldn't load driver 'libmthca-rdmav34.so': libmthca-rdmav34.so: cannot open shared object file: No such file or directory
libibverbs: Warning: couldn't load driver 'libirdma-rdmav34.so': libirdma-rdmav34.so: cannot open shared object file: No such file or directory
libibverbs: Warning: couldn't load driver 'libmthca-rdmav34.so': libmthca-rdmav34.so: cannot open shared object file: No such file or directory
libibverbs: Warning: couldn't load driver 'libirdma-rdmav34.so': libirdma-rdmav34.so: cannot open shared object file: No such file or directory
libibverbs: Warning: couldn't load driver 'libmthca-rdmav34.so': libmthca-rdmav34.so: cannot open shared object file: No such file or directory
libibverbs: Warning: couldn't load driver 'libirdma-rdmav34.so': libirdma-rdmav34.so: cannot open shared object file: No such file or directory
libibverbs: Warning: couldn't load driver 'libmthca-rdmav34.so': libmthca-rdmav34.so: cannot open shared object file: No such file or directory
libibverbs: Warning: couldn't load driver 'libirdma-rdmav34.so': libirdma-rdmav34.so: cannot open shared object file: No such file or directory
libibverbs: Warning: couldn't load driver 'libmthca-rdmav34.so': libmthca-rdmav34.so: cannot open shared object file: No such file or directory
libibverbs: Warning: couldn't load driver 'libirdma-rdmav34.so': libirdma-rdmav34.so: cannot open shared object file: No such file or directory
libibverbs: Warning: couldn't load driver 'libmthca-rdmav34.so': libmthca-rdmav34.so: cannot open shared object file: No such file or directory
libibverbs: Warning: couldn't load driver 'libirdma-rdmav34.so': libirdma-rdmav34.so: cannot open shared object file: No such file or directory
libibverbs: Warning: couldn't load driver 'libmthca-rdmav34.so': libmthca-rdmav34.so: cannot open shared object file: No such file or directory
libibverbs: Warning: couldn't load driver 'libmana-rdmav34.so': libmana-rdmav34.so: cannot open shared object file: No such file or directory
libibverbs: Warning: couldn't load driver 'libmlx4-rdmav34.so': libmlx4-rdmav34.so: cannot open shared object file: No such file or directory
libibverbs: Warning: couldn't load driver 'libefa-rdmav34.so': libefa-rdmav34.so: cannot open shared object file: No such file or directory
libibverbs: Warning: couldn't load driver 'libqedr-rdmav34.so': libqedr-rdmav34.so: cannot open shared object file: No such file or directory
libibverbs: Warning: couldn't load driver 'libvmw_pvrdma-rdmav34.so': libvmw_pvrdma-rdmav34.so: cannot open shared object file: No such file or directory
libibverbs: Warning: couldn't load driver 'libsiw-rdmav34.so': libsiw-rdmav34.so: cannot open shared object file: No such file or directory
libibverbs: Warning: couldn't load driver 'libcxgb4-rdmav34.so': libcxgb4-rdmav34.so: cannot open shared object file: No such file or directory
libibverbs: Warning: couldn't load driver 'libhfi1verbs-rdmav34.so': libhfi1verbs-rdmav34.so: cannot open shared object file: No such file or directory
libibverbs: Warning: couldn't load driver 'libhns-rdmav34.so': libhns-rdmav34.so: cannot open shared object file: No such file or directory
libibverbs: Warning: couldn't load driver 'librxe-rdmav34.so': librxe-rdmav34.so: cannot open shared object file: No such file or directory
libibverbs: Warning: couldn't load driver 'libhfi1verbs-rdmav34.so': libhfi1verbs-rdmav34.so: cannot open shared object file: No such file or directory
libibverbs: Warning: couldn't load driver 'libhns-rdmav34.so': libhns-rdmav34.so: cannot open shared object file: No such file or directory
libibverbs: Warning: couldn't load driver 'librxe-rdmav34.so': librxe-rdmav34.so: cannot open shared object file: No such file or directory
libibverbs: Warning: couldn't load driver 'libbnxt_re-rdmav34.so': libbnxt_re-rdmav34.so: cannot open shared object file: No such file or directory
libibverbs: Warning: couldn't load driver 'libhfi1verbs-rdmav34.so': libhfi1verbs-rdmav34.so: cannot open shared object file: No such file or directory
libibverbs: Warning: couldn't load driver 'libhns-rdmav34.so': libhns-rdmav34.so: cannot open shared object file: No such file or directory
libibverbs: Warning: couldn't load driver 'librxe-rdmav34.so': librxe-rdmav34.so: cannot open shared object file: No such file or directory
libibverbs: Warning: couldn't load driver 'libbnxt_re-rdmav34.so': libbnxt_re-rdmav34.so: cannot open shared object file: No such file or directory
libibverbs: Warning: couldn't load driver 'libocrdma-rdmav34.so': libocrdma-rdmav34.so: cannot open shared object file: No such file or directory
libibverbs: Warning: couldn't load driver 'libsiw-rdmav34.so': libsiw-rdmav34.so: cannot open shared object file: No such file or directory
libibverbs: Warning: couldn't load driver 'libcxgb4-rdmav34.so': libcxgb4-rdmav34.so: cannot open shared object file: No such file or directory
libibverbs: Warning: couldn't load driver 'libhfi1verbs-rdmav34.so': libhfi1verbs-rdmav34.so: cannot open shared object file: No such file or directory
libibverbs: Warning: couldn't load driver 'libhns-rdmav34.so': libhns-rdmav34.so: cannot open shared object file: No such file or directory
libibverbs: Warning: couldn't load driver 'librxe-rdmav34.so': librxe-rdmav34.so: cannot open shared object file: No such file or directory
libibverbs: Warning: couldn't load driver 'libcxgb4-rdmav34.so': libcxgb4-rdmav34.so: cannot open shared object file: No such file or directory
libibverbs: Warning: couldn't load driver 'libhfi1verbs-rdmav34.so': libhfi1verbs-rdmav34.so: cannot open shared object file: No such file or directory
libibverbs: Warning: couldn't load driver 'libhns-rdmav34.so': libhns-rdmav34.so: cannot open shared object file: No such file or directory
libibverbs: Warning: couldn't load driver 'librxe-rdmav34.so': librxe-rdmav34.so: cannot open shared object file: No such file or directory
libibverbs: Warning: couldn't load driver 'libhns-rdmav34.so': libhns-rdmav34.so: cannot open shared object file: No such file or directory
libibverbs: Warning: couldn't load driver 'librxe-rdmav34.so': librxe-rdmav34.so: cannot open shared object file: No such file or directory
libibverbs: Warning: couldn't load driver 'libbnxt_re-rdmav34.so': libbnxt_re-rdmav34.so: cannot open shared object file: No such file or directory
libibverbs: Warning: couldn't load driver 'libocrdma-rdmav34.so': libocrdma-rdmav34.so: cannot open shared object file: No such file or directory
libibverbs: Warning: couldn't load driver 'libirdma-rdmav34.so': libirdma-rdmav34.so: cannot open shared object file: No such file or directory
libibverbs: Warning: couldn't load driver 'libmthca-rdmav34.so': libmthca-rdmav34.so: cannot open shared object file: No such file or directory
libibverbs: Warning: couldn't load driver 'libirdma-rdmav34.so': libirdma-rdmav34.so: cannot open shared object file: No such file or directory
libibverbs: Warning: couldn't load driver 'libmthca-rdmav34.so': libmthca-rdmav34.so: cannot open shared object file: No such file or directory
libibverbs: Warning: couldn't load driver 'libirdma-rdmav34.so': libirdma-rdmav34.so: cannot open shared object file: No such file or directory
libibverbs: Warning: couldn't load driver 'libmthca-rdmav34.so': libmthca-rdmav34.so: cannot open shared object file: No such file or directory
libibverbs: Warning: couldn't load driver 'libirdma-rdmav34.so': libirdma-rdmav34.so: cannot open shared object file: No such file or directory
libibverbs: Warning: couldn't load driver 'libmthca-rdmav34.so': libmthca-rdmav34.so: cannot open shared object file: No such file or directory
libibverbs: Warning: couldn't load driver 'libirdma-rdmav34.so': libirdma-rdmav34.so: cannot open shared object file: No such file or directory
libibverbs: Warning: couldn't load driver 'libmthca-rdmav34.so': libmthca-rdmav34.so: cannot open shared object file: No such file or directory
libibverbs: Warning: couldn't load driver 'libmthca-rdmav34.so': libmthca-rdmav34.so: cannot open shared object file: No such file or directory
libibverbs: Warning: couldn't load driver 'libmthca-rdmav34.so': libmthca-rdmav34.so: cannot open shared object file: No such file or directory
libibverbs: Warning: couldn't load driver 'libmthca-rdmav34.so': libmthca-rdmav34.so: cannot open shared object file: No such file or directory
libibverbs: Warning: couldn't load driver 'libmthca-rdmav34.so': libmthca-rdmav34.so: cannot open shared object file: No such file or directory
libibverbs: Warning: couldn't load driver 'libmthca-rdmav34.so': libmthca-rdmav34.so: cannot open shared object file: No such file or directory
libibverbs: Warning: couldn't load driver 'libmthca-rdmav34.so': libmthca-rdmav34.so: cannot open shared object file: No such file or directory
libibverbs: Warning: couldn't load driver 'libmthca-rdmav34.so': libmthca-rdmav34.so: cannot open shared object file: No such file or directory
libibverbs: Warning: couldn't load driver 'libmthca-rdmav34.so': libmthca-rdmav34.so: cannot open shared object file: No such file or directory
libibverbs: Warning: couldn't load driver 'libmthca-rdmav34.so': libmthca-rdmav34.so: cannot open shared object file: No such file or directory
libibverbs: Warning: couldn't load driver 'libsiw-rdmav34.so': libsiw-rdmav34.so: cannot open shared object file: No such file or directory
libibverbs: Warning: couldn't load driver 'libcxgb4-rdmav34.so': libcxgb4-rdmav34.so: cannot open shared object file: No such file or directory
libibverbs: Warning: couldn't load driver 'libbnxt_re-rdmav34.so': libbnxt_re-rdmav34.so: cannot open shared object file: No such file or directory
libibverbs: Warning: couldn't load driver 'libocrdma-rdmav34.so': libocrdma-rdmav34.so: cannot open shared object file: No such file or directory
libibverbs: Warning: couldn't load driver 'libirdma-rdmav34.so': libirdma-rdmav34.so: cannot open shared object file: No such file or directory
libibverbs: Warning: couldn't load driver 'libmthca-rdmav34.so': libmthca-rdmav34.so: cannot open shared object file: No such file or directory
libibverbs: Warning: couldn't load driver 'libmthca-rdmav34.so': libmthca-rdmav34.so: cannot open shared object file: No such file or directory
libibverbs: Warning: couldn't load driver 'libmthca-rdmav34.so': libmthca-rdmav34.so: cannot open shared object file: No such file or directory
libibverbs: Warning: couldn't load driver 'libocrdma-rdmav34.so': libocrdma-rdmav34.so: cannot open shared object file: No such file or directory
libibverbs: Warning: couldn't load driver 'libirdma-rdmav34.so': libirdma-rdmav34.so: cannot open shared object file: No such file or directory
libibverbs: Warning: couldn't load driver 'libmthca-rdmav34.so': libmthca-rdmav34.so: cannot open shared object file: No such file or directory
libibverbs: Warning: couldn't load driver 'liberdma-rdmav34.so': liberdma-rdmav34.so: cannot open shared object file: No such file or directory
libibverbs: Warning: couldn't load driver 'libirdma-rdmav34.so': libirdma-rdmav34.so: cannot open shared object file: No such file or directory
libibverbs: Warning: couldn't load driver 'libmthca-rdmav34.so': libmthca-rdmav34.so: cannot open shared object file: No such file or directory
libibverbs: Warning: couldn't load driver 'liberdma-rdmav34.so': liberdma-rdmav34.so: cannot open shared object file: No such file or directory
libibverbs: Warning: couldn't load driver 'libbnxt_re-rdmav34.so': libbnxt_re-rdmav34.so: cannot open shared object file: No such file or directory
libibverbs: Warning: couldn't load driver 'libocrdma-rdmav34.so': libocrdma-rdmav34.so: cannot open shared object file: No such file or directory
libibverbs: Warning: couldn't load driver 'libirdma-rdmav34.so': libirdma-rdmav34.so: cannot open shared object file: No such file or directory
libibverbs: Warning: couldn't load driver 'libmthca-rdmav34.so': libmthca-rdmav34.so: cannot open shared object file: No such file or directory
libibverbs: Warning: couldn't load driver 'libbnxt_re-rdmav34.so': libbnxt_re-rdmav34.so: cannot open shared object file: No such file or directory
libibverbs: Warning: couldn't load driver 'libocrdma-rdmav34.so': libocrdma-rdmav34.so: cannot open shared object file: No such file or directory
libibverbs: Warning: couldn't load driver 'libirdma-rdmav34.so': libirdma-rdmav34.so: cannot open shared object file: No such file or directory
libibverbs: Warning: couldn't load driver 'libmthca-rdmav34.so': libmthca-rdmav34.so: cannot open shared object file: No such file or directory
libibverbs: Warning: couldn't load driver 'libirdma-rdmav34.so': libirdma-rdmav34.so: cannot open shared object file: No such file or directory
libibverbs: Warning: couldn't load driver 'libmthca-rdmav34.so': libmthca-rdmav34.so: cannot open shared object file: No such file or directory
libibverbs: Warning: couldn't load driver 'liberdma-rdmav34.so': liberdma-rdmav34.so: cannot open shared object file: No such file or directory
libibverbs: Warning: couldn't load driver 'libmthca-rdmav34.so': libmthca-rdmav34.so: cannot open shared object file: No such file or directory
libibverbs: Warning: couldn't load driver 'liberdma-rdmav34.so': liberdma-rdmav34.so: cannot open shared object file: No such file or directory
libibverbs: Warning: couldn't load driver 'libmthca-rdmav34.so': libmthca-rdmav34.so: cannot open shared object file: No such file or directory
libibverbs: Warning: couldn't load driver 'liberdma-rdmav34.so': liberdma-rdmav34.so: cannot open shared object file: No such file or directory
libibverbs: Warning: couldn't load driver 'libmthca-rdmav34.so': libmthca-rdmav34.so: cannot open shared object file: No such file or directory
libibverbs: Warning: couldn't load driver 'liberdma-rdmav34.so': liberdma-rdmav34.so: cannot open shared object file: No such file or directory
libibverbs: Warning: couldn't load driver 'libsiw-rdmav34.so': libsiw-rdmav34.so: cannot open shared object file: No such file or directory
libibverbs: Warning: couldn't load driver 'libcxgb4-rdmav34.so': libcxgb4-rdmav34.so: cannot open shared object file: No such file or directory
libibverbs: Warning: couldn't load driver 'libhfi1verbs-rdmav34.so': libhfi1verbs-rdmav34.so: cannot open shared object file: No such file or directory
libibverbs: Warning: couldn't load driver 'libhns-rdmav34.so': libhns-rdmav34.so: cannot open shared object file: No such file or directory
libibverbs: Warning: couldn't load driver 'librxe-rdmav34.so': librxe-rdmav34.so: cannot open shared object file: No such file or directory
libibverbs: Warning: couldn't load driver 'libbnxt_re-rdmav34.so': libbnxt_re-rdmav34.so: cannot open shared object file: No such file or directory
libibverbs: Warning: couldn't load driver 'libocrdma-rdmav34.so': libocrdma-rdmav34.so: cannot open shared object file: No such file or directory
libibverbs: Warning: couldn't load driver 'libirdma-rdmav34.so': libirdma-rdmav34.so: cannot open shared object file: No such file or directory
libibverbs: Warning: couldn't load driver 'libmthca-rdmav34.so': libmthca-rdmav34.so: cannot open shared object file: No such file or directory
libibverbs: Warning: couldn't load driver 'liberdma-rdmav34.so': liberdma-rdmav34.so: cannot open shared object file: No such file or directory
libibverbs: Warning: couldn't load driver 'libcxgb4-rdmav34.so': libcxgb4-rdmav34.so: cannot open shared object file: No such file or directory
libibverbs: Warning: couldn't load driver 'libhfi1verbs-rdmav34.so': libhfi1verbs-rdmav34.so: cannot open shared object file: No such file or directory
libibverbs: Warning: couldn't load driver 'libhns-rdmav34.so': libhns-rdmav34.so: cannot open shared object file: No such file or directory
libibverbs: Warning: couldn't load driver 'librxe-rdmav34.so': librxe-rdmav34.so: cannot open shared object file: No such file or directory
libibverbs: Warning: couldn't load driver 'libbnxt_re-rdmav34.so': libbnxt_re-rdmav34.so: cannot open shared object file: No such file or directory
libibverbs: Warning: couldn't load driver 'libocrdma-rdmav34.so': libocrdma-rdmav34.so: cannot open shared object file: No such file or directory
libibverbs: Warning: couldn't load driver 'libirdma-rdmav34.so': libirdma-rdmav34.so: cannot open shared object file: No such file or directory
libibverbs: Warning: couldn't load driver 'libcxgb4-rdmav34.so': libcxgb4-rdmav34.so: cannot open shared object file: No such file or directory
libibverbs: Warning: couldn't load driver 'libhfi1verbs-rdmav34.so': libhfi1verbs-rdmav34.so: cannot open shared object file: No such file or directory
libibverbs: Warning: couldn't load driver 'libhns-rdmav34.so': libhns-rdmav34.so: cannot open shared object file: No such file or directory
libibverbs: Warning: couldn't load driver 'librxe-rdmav34.so': librxe-rdmav34.so: cannot open shared object file: No such file or directory
libibverbs: Warning: couldn't load driver 'libbnxt_re-rdmav34.so': libbnxt_re-rdmav34.so: cannot open shared object file: No such file or directory
libibverbs: Warning: couldn't load driver 'libocrdma-rdmav34.so': libocrdma-rdmav34.so: cannot open shared object file: No such file or directory
libibverbs: Warning: couldn't load driver 'libirdma-rdmav34.so': libirdma-rdmav34.so: cannot open shared object file: No such file or directory
libibverbs: Warning: couldn't load driver 'libmthca-rdmav34.so': libmthca-rdmav34.so: cannot open shared object file: No such file or directory
libibverbs: Warning: couldn't load driver 'liberdma-rdmav34.so': liberdma-rdmav34.so: cannot open shared object file: No such file or directory
libibverbs: Warning: couldn't load driver 'liberdma-rdmav34.so': liberdma-rdmav34.so: cannot open shared object file: No such file or directory
libibverbs: Warning: couldn't load driver 'liberdma-rdmav34.so': liberdma-rdmav34.so: cannot open shared object file: No such file or directory
libibverbs: Warning: couldn't load driver 'liberdma-rdmav34.so': liberdma-rdmav34.so: cannot open shared object file: No such file or directory
libibverbs: Warning: couldn't load driver 'liberdma-rdmav34.so': liberdma-rdmav34.so: cannot open shared object file: No such file or directory
libibverbs: Warning: couldn't load driver 'liberdma-rdmav34.so': liberdma-rdmav34.so: cannot open shared object file: No such file or directory
libibverbs: Warning: couldn't load driver 'liberdma-rdmav34.so': liberdma-rdmav34.so: cannot open shared object file: No such file or directory
libibverbs: Warning: couldn't load driver 'liberdma-rdmav34.so': liberdma-rdmav34.so: cannot open shared object file: No such file or directory
libibverbs: Warning: couldn't load driver 'liberdma-rdmav34.so': liberdma-rdmav34.so: cannot open shared object file: No such file or directory
libibverbs: Warning: couldn't load driver 'liberdma-rdmav34.so': liberdma-rdmav34.so: cannot open shared object file: No such file or directory
libibverbs: Warning: couldn't load driver 'liberdma-rdmav34.so': liberdma-rdmav34.so: cannot open shared object file: No such file or directory
libibverbs: Warning: couldn't load driver 'liberdma-rdmav34.so': liberdma-rdmav34.so: cannot open shared object file: No such file or directory
libibverbs: Warning: couldn't load driver 'liberdma-rdmav34.so': liberdma-rdmav34.so: cannot open shared object file: No such file or directory
libibverbs: Warning: couldn't load driver 'liberdma-rdmav34.so': liberdma-rdmav34.so: cannot open shared object file: No such file or directory
libibverbs: Warning: couldn't load driver 'liberdma-rdmav34.so': liberdma-rdmav34.so: cannot open shared object file: No such file or directory
libibverbs: Warning: couldn't load driver 'liberdma-rdmav34.so': liberdma-rdmav34.so: cannot open shared object file: No such file or directory
libibverbs: Warning: couldn't load driver 'liberdma-rdmav34.so': liberdma-rdmav34.so: cannot open shared object file: No such file or directory
libibverbs: Warning: couldn't load driver 'liberdma-rdmav34.so': liberdma-rdmav34.so: cannot open shared object file: No such file or directory
libibverbs: Warning: couldn't load driver 'libipathverbs-rdmav34.so': libipathverbs-rdmav34.so: cannot open shared object file: No such file or directory
libibverbs: Warning: couldn't load driver 'liberdma-rdmav34.so': liberdma-rdmav34.so: cannot open shared object file: No such file or directory
libibverbs: Warning: couldn't load driver 'libipathverbs-rdmav34.so': libipathverbs-rdmav34.so: cannot open shared object file: No such file or directory
libibverbs: Warning: couldn't load driver 'liberdma-rdmav34.so': liberdma-rdmav34.so: cannot open shared object file: No such file or directory
libibverbs: Warning: couldn't load driver 'liberdma-rdmav34.so': liberdma-rdmav34.so: cannot open shared object file: No such file or directory
libibverbs: Warning: couldn't load driver 'liberdma-rdmav34.so': liberdma-rdmav34.so: cannot open shared object file: No such file or directory
libibverbs: Warning: couldn't load driver 'liberdma-rdmav34.so': liberdma-rdmav34.so: cannot open shared object file: No such file or directory
libibverbs: Warning: couldn't load driver 'libipathverbs-rdmav34.so': libipathverbs-rdmav34.so: cannot open shared object file: No such file or directory
libibverbs: Warning: couldn't load driver 'libhfi1verbs-rdmav34.so': libhfi1verbs-rdmav34.so: cannot open shared object file: No such file or directory
libibverbs: Warning: couldn't load driver 'libhns-rdmav34.so': libhns-rdmav34.so: cannot open shared object file: No such file or directory
libibverbs: Warning: couldn't load driver 'librxe-rdmav34.so': librxe-rdmav34.so: cannot open shared object file: No such file or directory
libibverbs: Warning: couldn't load driver 'libmthca-rdmav34.so': libmthca-rdmav34.so: cannot open shared object file: No such file or directory
libibverbs: Warning: couldn't load driver 'liberdma-rdmav34.so': liberdma-rdmav34.so: cannot open shared object file: No such file or directory
libibverbs: Warning: couldn't load driver 'liberdma-rdmav34.so': liberdma-rdmav34.so: cannot open shared object file: No such file or directory
libibverbs: Warning: couldn't load driver 'libipathverbs-rdmav34.so': libipathverbs-rdmav34.so: cannot open shared object file: No such file or directory
libibverbs: Warning: couldn't load driver 'liberdma-rdmav34.so': liberdma-rdmav34.so: cannot open shared object file: No such file or directory
libibverbs: Warning: couldn't load driver 'liberdma-rdmav34.so': liberdma-rdmav34.so: cannot open shared object file: No such file or directory
libibverbs: Warning: couldn't load driver 'liberdma-rdmav34.so': liberdma-rdmav34.so: cannot open shared object file: No such file or directory
libibverbs: Warning: couldn't load driver 'libipathverbs-rdmav34.so': libipathverbs-rdmav34.so: cannot open shared object file: No such file or directory
libibverbs: Warning: couldn't load driver 'liberdma-rdmav34.so': liberdma-rdmav34.so: cannot open shared object file: No such file or directory
libibverbs: Warning: couldn't load driver 'liberdma-rdmav34.so': liberdma-rdmav34.so: cannot open shared object file: No such file or directory
libibverbs: Warning: couldn't load driver 'libipathverbs-rdmav34.so': libipathverbs-rdmav34.so: cannot open shared object file: No such file or directory
libibverbs: Warning: couldn't load driver 'liberdma-rdmav34.so': liberdma-rdmav34.so: cannot open shared object file: No such file or directory
libibverbs: Warning: couldn't load driver 'libipathverbs-rdmav34.so': libipathverbs-rdmav34.so: cannot open shared object file: No such file or directory
libibverbs: Warning: couldn't load driver 'libmthca-rdmav34.so': libmthca-rdmav34.so: cannot open shared object file: No such file or directory
libibverbs: Warning: couldn't load driver 'liberdma-rdmav34.so': liberdma-rdmav34.so: cannot open shared object file: No such file or directory
libibverbs: Warning: couldn't load driver 'libipathverbs-rdmav34.so': libipathverbs-rdmav34.so: cannot open shared object file: No such file or directory
libibverbs: Warning: couldn't load driver 'liberdma-rdmav34.so': liberdma-rdmav34.so: cannot open shared object file: No such file or directory
libibverbs: Warning: couldn't load driver 'libipathverbs-rdmav34.so': libipathverbs-rdmav34.so: cannot open shared object file: No such file or directory
libibverbs: Warning: couldn't load driver 'liberdma-rdmav34.so': liberdma-rdmav34.so: cannot open shared object file: No such file or directory
libibverbs: Warning: couldn't load driver 'libipathverbs-rdmav34.so': libipathverbs-rdmav34.so: cannot open shared object file: No such file or directory
libibverbs: Warning: couldn't load driver 'liberdma-rdmav34.so': liberdma-rdmav34.so: cannot open shared object file: No such file or directory
libibverbs: Warning: couldn't load driver 'libipathverbs-rdmav34.so': libipathverbs-rdmav34.so: cannot open shared object file: No such file or directory
libibverbs: Warning: couldn't load driver 'libipathverbs-rdmav34.so': libipathverbs-rdmav34.so: cannot open shared object file: No such file or directory
libibverbs: Warning: couldn't load driver 'libipathverbs-rdmav34.so': libipathverbs-rdmav34.so: cannot open shared object file: No such file or directory
libibverbs: Warning: couldn't load driver 'libipathverbs-rdmav34.so': libipathverbs-rdmav34.so: cannot open shared object file: No such file or directory
libibverbs: Warning: couldn't load driver 'libipathverbs-rdmav34.so': libipathverbs-rdmav34.so: cannot open shared object file: No such file or directory
libibverbs: Warning: couldn't load driver 'libipathverbs-rdmav34.so': libipathverbs-rdmav34.so: cannot open shared object file: No such file or directory
libibverbs: Warning: couldn't load driver 'libipathverbs-rdmav34.so': libipathverbs-rdmav34.so: cannot open shared object file: No such file or directory
libibverbs: Warning: couldn't load driver 'libipathverbs-rdmav34.so': libipathverbs-rdmav34.so: cannot open shared object file: No such file or directory
libibverbs: Warning: couldn't load driver 'libipathverbs-rdmav34.so': libipathverbs-rdmav34.so: cannot open shared object file: No such file or directory
libibverbs: Warning: couldn't load driver 'libipathverbs-rdmav34.so': libipathverbs-rdmav34.so: cannot open shared object file: No such file or directory
libibverbs: Warning: couldn't load driver 'libipathverbs-rdmav34.so': libipathverbs-rdmav34.so: cannot open shared object file: No such file or directory
libibverbs: Warning: couldn't load driver 'libipathverbs-rdmav34.so': libipathverbs-rdmav34.so: cannot open shared object file: No such file or directory
libibverbs: Warning: couldn't load driver 'libipathverbs-rdmav34.so': libipathverbs-rdmav34.so: cannot open shared object file: No such file or directory
libibverbs: Warning: couldn't load driver 'libipathverbs-rdmav34.so': libipathverbs-rdmav34.so: cannot open shared object file: No such file or directory
libibverbs: Warning: couldn't load driver 'libipathverbs-rdmav34.so': libipathverbs-rdmav34.so: cannot open shared object file: No such file or directory
libibverbs: Warning: couldn't load driver 'libipathverbs-rdmav34.so': libipathverbs-rdmav34.so: cannot open shared object file: No such file or directory
libibverbs: Warning: couldn't load driver 'libipathverbs-rdmav34.so': libipathverbs-rdmav34.so: cannot open shared object file: No such file or directory
libibverbs: Warning: couldn't load driver 'libipathverbs-rdmav34.so': libipathverbs-rdmav34.so: cannot open shared object file: No such file or directory
libibverbs: Warning: couldn't load driver 'libipathverbs-rdmav34.so': libipathverbs-rdmav34.so: cannot open shared object file: No such file or directory
libibverbs: Warning: couldn't load driver 'libipathverbs-rdmav34.so': libipathverbs-rdmav34.so: cannot open shared object file: No such file or directory
libibverbs: Warning: couldn't load driver 'libbnxt_re-rdmav34.so': libbnxt_re-rdmav34.so: cannot open shared object file: No such file or directory
libibverbs: Warning: couldn't load driver 'libocrdma-rdmav34.so': libocrdma-rdmav34.so: cannot open shared object file: No such file or directory
libibverbs: Warning: couldn't load driver 'libirdma-rdmav34.so': libirdma-rdmav34.so: cannot open shared object file: No such file or directory
libibverbs: Warning: couldn't load driver 'libmthca-rdmav34.so': libmthca-rdmav34.so: cannot open shared object file: No such file or directory
libibverbs: Warning: couldn't load driver 'liberdma-rdmav34.so': liberdma-rdmav34.so: cannot open shared object file: No such file or directory
libibverbs: Warning: couldn't load driver 'libipathverbs-rdmav34.so': libipathverbs-rdmav34.so: cannot open shared object file: libibverbs: Warning: couldn't load driver 'libipathverbs-rdmav34.so': libipathverbs-rdmav34.so: cannot open shared object file: No such file or directory
libibverbs: Warning: couldn't load driver 'libipathverbs-rdmav34.so': libipathverbs-rdmav34.so: cannot open shared object file: No such file or directory
libibverbs: Warning: couldn't load driver 'libipathverbs-rdmav34.so': libipathverbs-rdmav34.so: cannot open shared object file: No such file or directory
libibverbs: Warning: couldn't load driver 'libipathverbs-rdmav34.so': libipathverbs-rdmav34.so: cannot open shared object file: No such file or directory
libibverbs: Warning: couldn't load driver 'libipathverbs-rdmav34.so': libipathverbs-rdmav34.so: cannot open shared object file: No such file or directory
libibverbs: Warning: couldn't load driver 'libipathverbs-rdmav34.so': libipathverbs-rdmav34.so: cannot open shared object file: No such file or directory
libibverbs: Warning: couldn't load driver 'libipathverbs-rdmav34.so': libipathverbs-rdmav34.so: cannot open shared object file: No such file or directory
libibverbs: Warning: couldn't load driver 'libipathverbs-rdmav34.so': libipathverbs-rdmav34.so: cannot open shared object file: No such file or directory
libibverbs: Warning: couldn't load driver 'libipathverbs-rdmav34.so': libipathverbs-rdmav34.so: cannot open shared object file: No such file or directory
libibverbs: Warning: couldn't load driver 'libipathverbs-rdmav34.so': libipathverbs-rdmav34.so: cannot open shared object file: No such file or directory
libibverbs: Warning: couldn't load driver 'libmthca-rdmav34.so': libmthca-rdmav34.so: cannot open shared object file: No such file or directory
libibverbs: Warning: couldn't load driver 'liberdma-rdmav34.so': liberdma-rdmav34.so: cannot open shared object file: No such file or directory
libibverbs: Warning: couldn't load driver 'libipathverbs-rdmav34.so': libipathverbs-rdmav34.so: cannot open shared object file: No such file or directory
libibverbs: Warning: couldn't load driver 'libmana-rdmav34.so': libmana-rdmav34.so: cannot open shared object file: No such file or directory
libibverbs: Warning: couldn't load driver 'libmlx4-rdmav34.so': libmlx4-rdmav34.so: cannot open shared object file: No such file or directory
libibverbs: Warning: couldn't load driver 'libefa-rdmav34.so': libefa-rdmav34.so: cannot open shared object file: No such file or directory
libibverbs: Warning: couldn't load driver 'libqedr-rdmav34.so': libqedr-rdmav34.so: cannot open shared object file: No such file or directory
libibverbs: Warning: couldn't load driver 'libvmw_pvrdma-rdmav34.so': libvmw_pvrdma-rdmav34.so: cannot open shared object file: No such file or directory
libibverbs: Warning: couldn't load driver 'libsiw-rdmav34.so': libsiw-rdmav34.so: cannot open shared object file: No such file or directory
libibverbs: Warning: couldn't load driver 'libcxgb4-rdmav34.so': libcxgb4-rdmav34.so: cannot open shared object file: No such file or directory
libibverbs: Warning: couldn't load driver 'libhfi1verbs-rdmav34.so': libhfi1verbs-rdmav34.so: cannot open shared object file: No such file or directory
libibverbs: Warning: couldn't load driver 'libhns-rdmav34.so': libhns-rdmav34.so: cannot open shared object file: No such file or directory
libibverbs: Warning: couldn't load driver 'libipathverbs-rdmav34.so': libipathverbs-rdmav34.so: cannot open shared object file: No such file or directory
libibverbs: Warning: couldn't load driver 'libmthca-rdmav34.so': libmthca-rdmav34.so: cannot open shared object file: No such file or directory
libibverbs: Warning: couldn't load driver 'liberdma-rdmav34.so': liberdma-rdmav34.so: cannot open shared object file: No such file or directory
libibverbs: Warning: couldn't load driver 'libipathverbs-rdmav34.so': libipathverbs-rdmav34.so: cannot open shared object file: No such file or directory
libibverbs: Warning: couldn't load driver 'libipathverbs-rdmav34.so': libipathverbs-rdmav34.so: cannot open shared object file: No such file or directory
No such file or directory
libibverbs: Warning: couldn't load driver 'librxe-rdmav34.so': librxe-rdmav34.so: cannot open shared object file: No such file or directory
libibverbs: Warning: couldn't load driver 'libbnxt_re-rdmav34.so': libbnxt_re-rdmav34.so: cannot open shared object file: No such file or directory
libibverbs: Warning: couldn't load driver 'libocrdma-rdmav34.so': libocrdma-rdmav34.so: cannot open shared object file: No such file or directory
libibverbs: Warning: couldn't load driver 'libirdma-rdmav34.so': libirdma-rdmav34.so: cannot open shared object file: No such file or directory
libibverbs: Warning: couldn't load driver 'libmthca-rdmav34.so': libmthca-rdmav34.so: cannot open shared object file: No such file or directory
libibverbs: Warning: couldn't load driver 'liberdma-rdmav34.so': liberdma-rdmav34.so: cannot open shared object file: No such file or directory
libibverbs: Warning: couldn't load driver 'libipathverbs-rdmav34.so': libipathverbs-rdmav34.so: cannot open shared object file: No such file or directory
libibverbs: Warning: couldn't load driver 'libmana-rdmav34.so': libmana-rdmav34.so: cannot open shared object file: No such file or directory
libibverbs: Warning: couldn't load driver 'libmlx4-rdmav34.so': libmlx4-rdmav34.so: cannot open shared object file: No such file or directory
libibverbs: Warning: couldn't load driver 'libefa-rdmav34.so': libefa-rdmav34.so: cannot open shared object file: No such file or directory
libibverbs: Warning: couldn't load driver 'libqedr-rdmav34.so': libqedr-rdmav34.so: cannot open shared object file: No such file or directory
libibverbs: Warning: couldn't load driver 'libvmw_pvrdma-rdmav34.so': libvmw_pvrdma-rdmav34.so: cannot open shared object file: No such file or directory
libibverbs: Warning: couldn't load driver 'libsiw-rdmav34.so': libsiw-rdmav34.so: cannot open shared object file: No such file or directory
libibverbs: Warning: couldn't load driver 'libcxgb4-rdmav34.so': libcxgb4-rdmav34.so: cannot open shared object file: No such file or directory
libibverbs: Warning: couldn't load driver 'libhfi1verbs-rdmav34.so': libhfi1verbs-rdmav34.so: cannot open shared object file: No such file or directory
libibverbs: Warning: couldn't load driver 'libhns-rdmav34.so': libhns-rdmav34.so: cannot open shared object file: No such file or directory
libibverbs: Warning: couldn't load driver 'librxe-rdmav34.so': librxe-rdmav34.so: cannot open shared object file: No such file or directory
libibverbs: Warning: couldn't load driver 'libbnxt_re-rdmav34.so': libbnxt_re-rdmav34.so: cannot open shared object file: No such file or directory
libibverbs: Warning: couldn't load driver 'libocrdma-rdmav34.so': libocrdma-rdmav34.so: cannot open shared object file: No such file or directory
libibverbs: Warning: couldn't load driver 'libirdma-rdmav34.so': libirdma-rdmav34.so: cannot open shared object file: No such file or directory
libibverbs: Warning: couldn't load driver 'libmthca-rdmav34.so': libmthca-rdmav34.so: cannot open shared object file: No such file or directory
libibverbs: Warning: couldn't load driver 'liberdma-rdmav34.so': liberdma-rdmav34.so: cannot open shared object file: No such file or directory
libibverbs: Warning: couldn't load driver 'libipathverbs-rdmav34.so': libipathverbs-rdmav34.so: cannot open shared object file: No such file or directory
libibverbs: Warning: couldn't load driver 'libmana-rdmav34.so': libmana-rdmav34.so: cannot open shared object file: No such file or directory
libibverbs: Warning: couldn't load driver 'libmlx4-rdmav34.so': libmlx4-rdmav34.so: cannot open shared object file: No such file or directory
libibverbs: Warning: couldn't load driver 'libefa-rdmav34.so': libefa-rdmav34.so: cannot open shared object file: No such file or directory
libibverbs: Warning: couldn't load driver 'libqedr-rdmav34.so': libqedr-rdmav34.so: cannot open shared object file: No such file or directory
libibverbs: Warning: couldn't load driver 'libvmw_pvrdma-rdmav34.so': libvmw_pvrdma-rdmav34.so: cannot open shared object file: No such file or directory
libibverbs: Warning: couldn't load driver 'libsiw-rdmav34.so': libsiw-rdmav34.so: cannot open shared object file: No such file or directory
libibverbs: Warning: couldn't load driver 'libcxgb4-rdmav34.so': libcxgb4-rdmav34.so: cannot open shared object file: No such file or directory
libibverbs: Warning: couldn't load driver 'libhfi1verbs-rdmav34.so': libhfi1verbs-rdmav34.so: cannot open shared object file: No such file or directory
libibverbs: Warning: couldn't load driver 'libhns-rdmav34.so': libhns-rdmav34.so: cannot open shared object file: No such file or directory
libibverbs: Warning: couldn't load driver 'librxe-rdmav34.so': librxe-rdmav34.so: cannot open shared object file: No such file or directory
libibverbs: Warning: couldn't load driver 'libbnxt_re-rdmav34.so': libbnxt_re-rdmav34.so: cannot open shared object file: No such file or directory
libibverbs: Warning: couldn't load driver 'libocrdma-rdmav34.so': libocrdma-rdmav34.so: cannot open shared object file: No such file or directory
libibverbs: Warning: couldn't load driver 'libirdma-rdmav34.so': libirdma-rdmav34.so: cannot open shared object file: No such file or directory
libibverbs: Warning: couldn't load driver 'libmthca-rdmav34.so': libmthca-rdmav34.so: cannot open shared object file: No such file or directory
libibverbs: Warning: couldn't load driver 'liberdma-rdmav34.so': liberdma-rdmav34.so: cannot open shared object file: No such file or directory
libibverbs: Warning: couldn't load driver 'libipathverbs-rdmav34.so': libipathverbs-rdmav34.so: cannot open shared object file: No such file or directory
LAMMPS (29 Aug 2024 - Update 3)
  using 1 OpenMP thread(s) per MPI task
Reading data file ...
  orthogonal box = (0 0 0) to (44.3022 44.3022 44.3022)
  3 by 4 by 4 MPI processor grid
  reading atoms ...
  3700 atoms
  scanning bonds ...
  3 = max bonds/atom
  scanning angles ...
  6 = max angles/atom
  scanning dihedrals ...
  12 = max dihedrals/atom
  orthogonal box = (0 0 0) to (44.3022 44.3022 44.3022)
  3 by 4 by 4 MPI processor grid
  reading bonds ...
  4892 bonds
  reading angles ...
  8968 angles
  reading dihedrals ...
  15912 dihedrals
Finding 1-2 1-3 1-4 neighbors ...
  special bond factors lj:    0        0        0       
  special bond factors coul:  0        0        0       
     4 = max # of 1-2 neighbors
     6 = max # of 1-3 neighbors
    17 = max # of 1-4 neighbors
    14 = max # of special neighbors
  special bonds CPU = 0.006 seconds
  read_data CPU = 0.237 seconds
Finding 1-2 1-3 1-4 neighbors ...
  special bond factors lj:    0        0        1       
  special bond factors coul:  0        0        0       
     4 = max # of 1-2 neighbors
     6 = max # of 1-3 neighbors
    17 = max # of 1-4 neighbors
    14 = max # of special neighbors
  special bonds CPU = 0.003 seconds
Generated 0 of 1 mixed pair_coeff terms from geometric mixing rule
Neighbor list info ...
  update: every = 1 steps, delay = 0 steps, check = yes
  max neighbors/atom: 2000, page size: 100000
  master list distance cutoff = 14
  ghost atom cutoff = 14
  binsize = 7, bins = 7 7 7
  1 neighbor lists, perpetual/occasional/extra = 1 0 0
  (1) pair table, perpetual
      attributes: half, newton on
      pair build: half/bin/newton
      stencil: half/bin/3d
      bin: standard
Setting up cg style minimization ...
  Unit style    : real
  Current step  : 0
WARNING: Inconsistent image flags (src/domain.cpp:1051)
Per MPI rank memory allocation (min/avg/max) = 13.78 | 13.78 | 13.79 Mbytes
   Step         Volume          Temp          Press          PotEng         KinEng         TotEng         E_vdwl         E_coul         E_bond        E_angle        E_dihed        E_impro        Density    
         0   86951.26       0              27589.76       24592.374      0              24592.374      10689.638      0              1448.2876      3656.4676      8797.9811      0              0.95835483   
        46   86951.26       0              11553.422      16939.564      0              16939.564      7570.0461      0              481.56002      2314.5816      6573.3765      0              0.95835483   
Loop time of 0.0730403 on 48 procs for 46 steps with 3700 atoms

92.2% CPU use with 48 MPI tasks x 1 OpenMP threads

Minimization stats:
  Stopping criterion = energy tolerance
  Energy initial, next-to-last, final = 
      24592.3739537081   16940.7390790963   16939.5642483396
  Force two-norm initial, final = 3204.7395 393.36479
  Force max component initial, final = 152.17159 62.912699
  Final line search alpha, max atom move = 0.0011349306 0.071401546
  Iterations, force evaluations = 46 91

MPI task timing breakdown:
Section |  min time  |  avg time  |  max time  |%varavg| %total
---------------------------------------------------------------
Pair    | 0.012995   | 0.035015   | 0.049967   |   4.0 | 47.94
Bond    | 0.0024718  | 0.0053458  | 0.0071724  |   1.2 |  7.32
Neigh   | 0          | 0          | 0          |   0.0 |  0.00
Comm    | 0.011203   | 0.027539   | 0.052275   |   5.0 | 37.70
Output  | 0          | 0          | 0          |   0.0 |  0.00
Modify  | 0          | 0          | 0          |   0.0 |  0.00
Other   |            | 0.005141   |            |       |  7.04

Nlocal:        77.0833 ave          97 max          39 min
Histogram: 1 0 2 2 5 5 13 11 3 6
Nghost:        2682.33 ave        2760 max        2613 min
Histogram: 5 4 5 6 5 7 4 6 4 2
Neighs:        18653.6 ave       26336 max        6841 min
Histogram: 1 0 2 3 8 11 8 8 3 4

Total # of neighbors = 895372
Ave neighs/atom = 241.99243
Ave special neighs/atom = 11.898378
Neighbor list builds = 0
Dangerous builds = 0
Generated 0 of 1 mixed pair_coeff terms from geometric mixing rule
Setting up fire style minimization ...
  Unit style    : real
  Current step  : 46
  Parameters for fire:
    dmax  delaystep dtgrow dtshrink alpha0 alphashrink tmax tmin   integrator   halfstepback   abcfire  
     0.1     20      1.1     0.5     0.25     0.99      10  0.02 eulerimplicit      yes          no     
WARNING: Inconsistent image flags (src/domain.cpp:1051)
Per MPI rank memory allocation (min/avg/max) = 13.92 | 13.92 | 13.93 Mbytes
   Step         Volume          Temp          Press          PotEng         KinEng         TotEng         E_vdwl         E_coul         E_bond        E_angle        E_dihed        E_impro        Density    
        46   86951.26       0              11553.422      16939.564      0              16939.564      7570.0461      0              481.56002      2314.5816      6573.3765      0              0.95835483   
       106   86951.26       0.91564093     11134.444      16798.255      10.095872      16808.351      7480.9829      0              479.57832      2317.0373      6520.6568      0              0.95835483   
Loop time of 0.041514 on 48 procs for 60 steps with 3700 atoms

99.0% CPU use with 48 MPI tasks x 1 OpenMP threads

Minimization stats:
  Stopping criterion = energy tolerance
  Energy initial, next-to-last, final = 
      16939.5642483396   16799.5614015012   16798.2552698977
  Force two-norm initial, final = 393.36479 48.920213
  Force max component initial, final = 62.912699 3.7356247
  Final line search alpha, max atom move = 0 0
  Iterations, force evaluations = 60 63

MPI task timing breakdown:
Section |  min time  |  avg time  |  max time  |%varavg| %total
---------------------------------------------------------------
Pair    | 0.0080967  | 0.022461   | 0.030707   |   3.0 | 54.10
Bond    | 0.0016114  | 0.0034134  | 0.0043027  |   0.9 |  8.22
Neigh   | 0          | 0          | 0          |   0.0 |  0.00
Comm    | 0.0032421  | 0.012354   | 0.028414   |   4.5 | 29.76
Output  | 0          | 0          | 0          |   0.0 |  0.00
Modify  | 0          | 0          | 0          |   0.0 |  0.00
Other   |            | 0.003285   |            |       |  7.91

Nlocal:        77.0833 ave          95 max          40 min
Histogram: 1 0 2 1 4 6 11 9 7 7
Nghost:        2687.48 ave        2775 max        2619 min
Histogram: 5 5 5 6 8 6 7 2 2 2
Neighs:        18649.7 ave       25591 max        6945 min
Histogram: 1 0 1 3 7 10 8 11 2 5

Total # of neighbors = 895187
Ave neighs/atom = 241.94243
Ave special neighs/atom = 11.898378
Neighbor list builds = 0
Dangerous builds = 0
System init for write_data ...
Generated 0 of 1 mixed pair_coeff terms from geometric mixing rule
Generated 0 of 1 mixed pair_coeff terms from geometric mixing rule
Setting up Verlet run ...
  Unit style    : real
  Current step  : 106
  Time step     : 0.05
WARNING: Inconsistent image flags (src/domain.cpp:1051)
Per MPI rank memory allocation (min/avg/max) = 13.92 | 13.92 | 13.93 Mbytes
   Step         Volume          Temp          Press          PotEng         KinEng         TotEng         E_vdwl         E_coul         E_bond        E_angle        E_dihed        E_impro        Density    
       106   86951.26       0.91564093     11134.444      16798.255      10.095872      16808.351      7480.9829      0              479.57832      2317.0373      6520.6568      0              0.95835483   
      1106   86951.26       10.911465      10100.572      16686.812      120.30999      16807.122      7335.5766      0              498.29653      2335.1392      6517.7997      0              0.95835483   
Loop time of 0.454711 on 48 procs for 1000 steps with 3700 atoms

Performance: 9.501 ns/day, 2.526 hours/ns, 2199.199 timesteps/s, 8.137 Matom-step/s
99.7% CPU use with 48 MPI tasks x 1 OpenMP threads

MPI task timing breakdown:
Section |  min time  |  avg time  |  max time  |%varavg| %total
---------------------------------------------------------------
Pair    | 0.087226   | 0.24486    | 0.33759    |  10.1 | 53.85
Bond    | 0.022089   | 0.047218   | 0.059885   |   3.5 | 10.38
Neigh   | 0          | 0          | 0          |   0.0 |  0.00
Comm    | 0.053525   | 0.15545    | 0.33709    |  14.4 | 34.19
Output  | 4.4633e-05 | 4.6542e-05 | 5.2185e-05 |   0.0 |  0.01
Modify  | 0.00055355 | 0.00092789 | 0.0011277  |   0.0 |  0.20
Other   |            | 0.006204   |            |       |  1.36

Nlocal:        77.0833 ave          95 max          40 min
Histogram: 1 0 2 0 6 5 11 9 7 7
Nghost:        2687.92 ave        2772 max        2620 min
Histogram: 5 5 5 6 7 7 7 2 2 2
Neighs:        18647.9 ave       25582 max        6978 min
Histogram: 1 0 1 3 7 9 9 11 2 5

Total # of neighbors = 895099
Ave neighs/atom = 241.91865
Ave special neighs/atom = 11.898378
Neighbor list builds = 0
Dangerous builds = 0
System init for write_data ...
Generated 0 of 1 mixed pair_coeff terms from geometric mixing rule
Generated 0 of 1 mixed pair_coeff terms from geometric mixing rule
Setting up Verlet run ...
  Unit style    : real
  Current step  : 1106
  Time step     : 0.1
WARNING: Inconsistent image flags (src/domain.cpp:1051)
Per MPI rank memory allocation (min/avg/max) = 13.92 | 13.92 | 13.93 Mbytes
   Step         Volume          Temp          Press          PotEng         KinEng         TotEng         E_vdwl         E_coul         E_bond        E_angle        E_dihed        E_impro        Density    
      1106   86951.26       600            13515.3        16686.812      6615.6098      23302.422      7335.5766      0              498.29653      2335.1392      6517.7997      0              0.95835483   
     10000   86951.26       612.24631      7422.6835      23009.589      6750.6378      29760.227      7264.7489      0              2754.6892      4403.2245      8586.9266      0              0.95835483   
     20000   86951.26       597.37276      6228.9537      22633.434      6586.6418      29220.076      7079.1409      0              2704.8797      4376.955       8472.4582      0              0.95835483   
     30000   86951.26       611.50387      6516.6442      22792.818      6742.4517      29535.269      7015.6323      0              2772.0627      4493.4519      8511.6707      0              0.95835483   
     40000   86951.26       585.87724      6822.0074      22858.142      6459.8921      29318.034      7047.4305      0              2815.5704      4388.8374      8606.3037      0              0.95835483   
     50000   86951.26       591.81859      6731.6936      22715.799      6525.4015      29241.2        7009.6619      0              2851.5803      4410.4314      8444.1253      0              0.95835483   
     60000   86951.26       609.98497      5923.4843      22781.96       6725.7043      29507.665      6902.9799      0              2881.8947      4474.7395      8522.3462      0              0.95835483   
     70000   86951.26       603.65376      6703.5913      22699.488      6655.8962      29355.384      6875.1777      0              2822.922       4420.343       8581.0454      0              0.95835483   
     80000   86951.26       599.03112      7241.8296      22923.56       6604.9269      29528.487      6960.0135      0              2863.6998      4467.5981      8632.2488      0              0.95835483   
     90000   86951.26       610.14976      7625.5612      22614.434      6727.5213      29341.955      6928.719       0              2686.2648      4447.8186      8551.6313      0              0.95835483   
    100000   86951.26       591.86399      6988.3812      22669.026      6525.9021      29194.928      6867.7368      0              2644.6285      4513.4179      8643.2427      0              0.95835483   
    110000   86951.26       608.6132       6802.6549      22649.217      6710.5791      29359.796      6898.0809      0              2794.8785      4432.2729      8523.9844      0              0.95835483   
    120000   86951.26       611.85043      6926.6646      22780.874      6746.2729      29527.146      6802.0781      0              2795.0673      4523.794       8659.9342      0              0.95835483   
    130000   86951.26       603.03523      7382.5425      22641.512      6649.0763      29290.588      6923.8397      0              2748.2292      4392.258       8577.1848      0              0.95835483   
    140000   86951.26       593.11091      5688.6086      22563.439      6539.6506      29103.09       6861.3926      0              2689.2712      4472.4695      8540.3058      0              0.95835483   
    150000   86951.26       595.40617      7781.6462      22725.797      6564.9581      29290.755      6874.7585      0              2701.8333      4468.4364      8680.769       0              0.95835483   
    160000   86951.26       600.89233      6538.4338      22691.797      6625.4487      29317.246      6904.6335      0              2806.6976      4424.6683      8555.7977      0              0.95835483   
    170000   86951.26       586.90029      7989.5212      22812.112      6471.1723      29283.284      7010.71        0              2796.9622      4480.0305      8524.4095      0              0.95835483   
    180000   86951.26       598.73671      7210.1753      22679.758      6601.6808      29281.438      6907.1988      0              2762.1984      4549.7408      8460.6196      0              0.95835483   
    190000   86951.26       585.29868      6361.9615      22821.649      6453.5128      29275.162      6868.7822      0              2784.5392      4554.8667      8613.4613      0              0.95835483   
    200000   86951.26       595.32984      5796.5452      22825.685      6564.1166      29389.802      6911.9025      0              2909.0539      4468.8004      8535.9284      0              0.95835483   
    210000   86951.26       594.68172      6729.9544      22907.267      6556.9703      29464.238      6964.046       0              2879.5886      4565.8159      8497.8168      0              0.95835483   
    220000   86951.26       593.03135      7104.954       22860.961      6538.7733      29399.735      6901.0649      0              2846.8538      4508.4967      8604.5458      0              0.95835483   
    230000   86951.26       601.35179      6299.7017      22761.271      6630.5147      29391.786      6958.7374      0              2893.2422      4392.7464      8516.5451      0              0.95835483   
    240000   86951.26       607.23716      6467.9522      22588.466      6695.4069      29283.873      6783.1552      0              2734.1365      4492.605       8578.5694      0              0.95835483   
    250000   86951.26       599.21943      6149.8702      22733.262      6607.0032      29340.265      6868.9446      0              2771.5037      4431.8956      8660.918       0              0.95835483   
    260000   86951.26       605.33018      6488.5903      22775.081      6674.3805      29449.462      6885.6394      0              2822.0462      4571.3543      8496.0413      0              0.95835483   
    270000   86951.26       607.50412      6954.9737      22688.501      6698.3503      29386.851      6923.4928      0              2803.5017      4441.8913      8519.6153      0              0.95835483   
    280000   86951.26       613.77565      6890.9393      22603.916      6767.5003      29371.417      6812.5273      0              2769.4194      4488.8367      8533.1329      0              0.95835483   
    290000   86951.26       599.59935      6703.0683      22780.769      6611.1923      29391.962      6834.87        0              2812.5876      4475.6221      8657.6898      0              0.95835483   
    300000   86951.26       600.84226      6239.5287      22655.794      6624.8967      29280.691      6874.5613      0              2746.2588      4441.1558      8593.8183      0              0.95835483   
    310000   86951.26       598.92133      6014.8973      22632.477      6603.7164      29236.193      6868.3104      0              2728.0988      4475.984       8560.0835      0              0.95835483   
    320000   86951.26       595.33714      7620.0086      22626.754      6564.197       29190.951      6873.2609      0              2773.1487      4531.2054      8449.1388      0              0.95835483   
    330000   86951.26       588.15242      5547.2485      22684.31       6484.9783      29169.288      6838.2265      0              2860.0003      4429.7852      8556.2981      0              0.95835483   
    340000   86951.26       593.97433      6208.856       22698.207      6549.1707      29247.378      6908.1369      0              2777.1621      4479.0968      8533.8111      0              0.95835483   
    350000   86951.26       597.89076      6989.288       22613.12       6592.3533      29205.473      6907.9438      0              2737.1574      4446.0023      8522.0166      0              0.95835483   
    360000   86951.26       596.98089      6372.88        22691.269      6582.321       29273.59       6920.4684      0              2857.1674      4454.5124      8459.1207      0              0.95835483   
    370000   86951.26       602.28693      6334.3471      22810.056      6640.8255      29450.881      6852.5085      0              2895.5634      4409.2389      8652.745       0              0.95835483   
    380000   86951.26       604.63364      7605.1755      22711.076      6666.7004      29377.776      6849.0467      0              2730.0783      4493.1018      8638.8493      0              0.95835483   
    390000   86951.26       587.33228      6040.6011      22651.929      6475.9353      29127.864      6853.1885      0              2801.6794      4345.2249      8651.8357      0              0.95835483   
    400000   86951.26       595.83813      6466.0756      22674.481      6569.721       29244.202      6857.9645      0              2773.7399      4472.148       8570.6286      0              0.95835483   
    410000   86951.26       598.7201       6181.7456      22637.377      6601.4976      29238.875      6797.3985      0              2819.6621      4419.2558      8601.0608      0              0.95835483   
    420000   86951.26       585.20209      6926.8008      22640.415      6452.4479      29092.863      6906.1074      0              2761.3249      4495.2299      8477.753       0              0.95835483   
    430000   86951.26       613.62489      5923.8801      22657.744      6765.838       29423.582      6852.0333      0              2733.1312      4436.896       8635.6837      0              0.95835483   
    440000   86951.26       589.6825       6582.5161      22650.448      6501.8489      29152.297      6862.7287      0              2759.9797      4513.5994      8514.1398      0              0.95835483   
    450000   86951.26       584.74082      6812.2623      22754.316      6447.3619      29201.678      6831.1032      0              2798.894       4436.5244      8687.7945      0              0.95835483   
    460000   86951.26       595.26185      8060.6613      22881.468      6563.3669      29444.835      7000.1938      0              2787.5981      4492.4281      8601.2477      0              0.95835483   
    470000   86951.26       621.18966      6944.7677      22556.659      6849.2474      29405.907      6798.215       0              2759.0098      4483.0199      8516.4145      0              0.95835483   
    480000   86951.26       598.77296      7088.3976      22589.485      6602.0804      29191.565      6779.6279      0              2655.7827      4533.9251      8620.1488      0              0.95835483   
    490000   86951.26       604.19351      5692.5676      22655.599      6661.8475      29317.447      6726.5069      0              2890.629       4504.7704      8533.693       0              0.95835483   
    500000   86951.26       599.55165      5927.7137      22725.939      6610.6663      29336.606      6772.2953      0              2810.9806      4587.0011      8555.6624      0              0.95835483   
    501106   86951.26       597.9436       6300.4499      22733.837      6592.936       29326.773      6848.1484      0              2926.2889      4461.855       8497.5445      0              0.95835483   
Loop time of 254.581 on 48 procs for 500000 steps with 3700 atoms

Performance: 16.969 ns/day, 1.414 hours/ns, 1964.010 timesteps/s, 7.267 Matom-step/s
99.9% CPU use with 48 MPI tasks x 1 OpenMP threads

MPI task timing breakdown:
Section |  min time  |  avg time  |  max time  |%varavg| %total
---------------------------------------------------------------
Pair    | 106.52     | 139.42     | 186.79     | 149.7 | 54.76
Bond    | 20.944     | 25.497     | 31.76      |  49.7 | 10.02
Neigh   | 0.82902    | 0.83344    | 0.83658    |   0.3 |  0.33
Comm    | 30.345     | 83.751     | 120.95     | 215.4 | 32.90
Output  | 0.022932   | 0.043388   | 0.062451   |   5.2 |  0.02
Modify  | 2.1065     | 2.8126     | 3.4176     |  20.0 |  1.10
Other   |            | 2.225      |            |       |  0.87

Nlocal:        77.0833 ave          93 max          63 min
Histogram: 2 2 8 11 6 2 6 5 4 2
Nghost:        2704.62 ave        2738 max        2649 min
Histogram: 1 1 1 5 4 9 8 7 8 4
Neighs:        18546.5 ave       23990 max       14024 min
Histogram: 4 3 5 9 9 5 3 7 1 2

Total # of neighbors = 890234
Ave neighs/atom = 240.60378
Ave special neighs/atom = 11.898378
Neighbor list builds = 917
Dangerous builds = 0
Generated 0 of 1 mixed pair_coeff terms from geometric mixing rule
Setting up Verlet run ...
  Unit style    : real
  Current step  : 501106
  Time step     : 0.1
WARNING: Inconsistent image flags (src/domain.cpp:1051)
Per MPI rank memory allocation (min/avg/max) = 13.92 | 13.93 | 13.93 Mbytes
   Step         Volume          Temp          Press          PotEng         KinEng         TotEng         E_vdwl         E_coul         E_bond        E_angle        E_dihed        E_impro        Density    
    501106   86951.26       308            4619.754       22733.837      3396.013       26129.85       6848.1484      0              2926.2889      4461.855       8497.5445      0              0.95835483   
    510000   86951.26       312.46203      6287.6581      19146.713      3445.2115      22591.925      6398.9685      0              1697.4635      3463.1545      7587.1265      0              0.95835483   
    520000   86951.26       307.85498      5726.1081      19069.536      3394.4141      22463.95       6350.5472      0              1701.6316      3478.9788      7538.3784      0              0.95835483   
    530000   86951.26       305.74444      5635.7923      19058.494      3371.1432      22429.637      6413.1155      0              1692.3173      3424.5493      7528.512       0              0.95835483   
    540000   86951.26       311.35389      6196.8872      19020.285      3432.993       22453.278      6351.3106      0              1672.7019      3464.7233      7531.5495      0              0.95835483   
    550000   86951.26       307.97443      5650.2243      19099.626      3395.7311      22495.357      6441.363       0              1704.338       3436.1041      7517.8206      0              0.95835483   
    560000   86951.26       311.98985      5418.9212      19084.609      3440.0052      22524.614      6397.6271      0              1730.5862      3447.7578      7508.6378      0              0.95835483   
    570000   86951.26       315.53896      5471.3359      19029.778      3479.1377      22508.915      6406.1253      0              1707.88        3413.0268      7502.7455      0              0.95835483   
    580000   86951.26       304.68472      5665.4121      18990.614      3359.4587      22350.073      6436.6603      0              1672.1718      3419.7957      7461.9864      0              0.95835483   
    590000   86951.26       307.91693      5599.2427      19038.104      3395.0971      22433.201      6430.933       0              1662.9276      3407.6587      7536.5849      0              0.95835483   
    600000   86951.26       307.1769       5481.8038      18993.463      3386.9376      22380.401      6403.5525      0              1723.4743      3401.2173      7465.2194      0              0.95835483   
    610000   86951.26       311.19186      5451.9989      19077.888      3431.2066      22509.094      6384.2381      0              1734.6588      3447.622       7511.369       0              0.95835483   
    620000   86951.26       303.92848      5669.3652      19074.224      3351.1204      22425.344      6386.8578      0              1736.6739      3420.5991      7530.0929      0              0.95835483   
    630000   86951.26       307.75944      6390.2208      19021.209      3393.3607      22414.57       6329.9048      0              1683.1624      3479.7666      7528.3753      0              0.95835483   
    640000   86951.26       305.16666      5105.2249      19073.741      3364.7726      22438.514      6407.1021      0              1738.5979      3426.1472      7501.8941      0              0.95835483   
    650000   86951.26       306.4721       5895.5894      19132.121      3379.1664      22511.288      6392.1369      0              1733.7702      3435.9332      7570.2812      0              0.95835483   
    660000   86951.26       301.27074      6122.0198      19096.901      3321.8162      22418.717      6439.6139      0              1679.7294      3437.4241      7540.1332      0              0.95835483   
    670000   86951.26       299.97745      6015.6426      19105.365      3307.5562      22412.922      6421.5722      0              1709.2647      3450.4132      7524.1152      0              0.95835483   
    680000   86951.26       312.44264      6175.8131      19031.013      3444.9977      22476.011      6441.1603      0              1705.07        3411.7195      7473.063       0              0.95835483   
    690000   86951.26       308.23244      5076.4094      18958.237      3398.576       22356.813      6338.0184      0              1742.7258      3420.4285      7457.0644      0              0.95835483   
    700000   86951.26       314.92696      5443.7398      19036.898      3472.3899      22509.288      6414.6655      0              1707.748       3398.2857      7516.1991      0              0.95835483   
    710000   86951.26       313.81247      5989.5476      19014.509      3460.1015      22474.61       6405.8597      0              1701.2623      3440.5839      7466.8032      0              0.95835483   
    720000   86951.26       309.32631      5666.1859      18990.573      3410.637       22401.21       6401.4558      0              1687.5733      3382.8621      7518.6813      0              0.95835483   
    730000   86951.26       304.74465      6241.6916      19086.374      3360.1195      22446.494      6384.5472      0              1727.5845      3450.6805      7523.5619      0              0.95835483   
    740000   86951.26       310.14859      6363.821       19018.594      3419.7035      22438.298      6427.0511      0              1646.1212      3428.4161      7517.0057      0              0.95835483   
    750000   86951.26       298.85158      5162.2626      19165.049      3295.1424      22460.192      6410.6629      0              1752.2041      3425.4973      7576.685       0              0.95835483   
    760000   86951.26       307.0951       5299.0274      18937.604      3386.0357      22323.64       6396.6205      0              1692.334       3412.272       7436.3775      0              0.95835483   
    770000   86951.26       318.92527      5507.5542      18968.059      3516.4753      22484.534      6433.5569      0              1670.8716      3405.734       7457.8964      0              0.95835483   
    780000   86951.26       319.53738      6100.1045      18979.969      3523.2244      22503.193      6389.2758      0              1664.7618      3424.3644      7501.567       0              0.95835483   
    790000   86951.26       305.4042       5876.6691      19054.928      3367.3917      22422.32       6378.1537      0              1684.2964      3472.2968      7520.1815      0              0.95835483   
    800000   86951.26       306.98753      6312.6609      19010.658      3384.8495      22395.508      6391.0955      0              1722.4591      3434.1729      7462.9309      0              0.95835483   
    810000   86951.26       308.4425       7038.9375      19059.459      3400.892       22460.351      6408.0247      0              1692.4159      3464.3108      7494.7073      0              0.95835483   
    820000   86951.26       311.79609      5492.1434      19078.901      3437.8688      22516.769      6304.6823      0              1765.0543      3445.9575      7563.2064      0              0.95835483   
    830000   86951.26       302.6113       5067.7422      19050.08       3336.5972      22386.677      6364.4123      0              1710.5444      3462.3327      7512.7904      0              0.95835483   
    840000   86951.26       306.4001       5548.8158      19096.616      3378.3725      22474.989      6382.5889      0              1790.0667      3456.0347      7467.9262      0              0.95835483   
    850000   86951.26       308.98421      6104.5853      18994.309      3406.865       22401.174      6395.4616      0              1659.3988      3441.5638      7497.8844      0              0.95835483   
    860000   86951.26       304.40877      5212.6381      19021.595      3356.4161      22378.011      6392.8622      0              1743.8945      3370.0339      7514.8045      0              0.95835483   
    870000   86951.26       302.87428      5485.224       19051.255      3339.4968      22390.752      6430.9808      0              1695.2125      3430.2437      7494.8182      0              0.95835483   
    880000   86951.26       313.11817      6085.9972      19060.219      3452.446       22512.665      6372.7045      0              1697.881       3461.3064      7528.3274      0              0.95835483   
    890000   86951.26       306.94153      5498.8331      19077.447      3384.3423      22461.789      6414.0841      0              1722.3654      3469.7436      7471.2535      0              0.95835483   
    900000   86951.26       308.04946      6296.2094      18984.329      3396.5584      22380.888      6391.7629      0              1680.4356      3448.9952      7463.1357      0              0.95835483   
    910000   86951.26       309.43845      5313.9779      19045.158      3411.8734      22457.031      6375.496       0              1719.31        3458.2893      7492.0625      0              0.95835483   
    920000   86951.26       307.23224      6796.9341      19012.569      3387.5478      22400.116      6380.0919      0              1658.6817      3463.3531      7510.4422      0              0.95835483   
    930000   86951.26       306.76729      5541.3137      19084.522      3382.4212      22466.943      6381.2401      0              1709.7656      3438.1083      7555.4081      0              0.95835483   
    940000   86951.26       313.91854      5641.6372      19080.191      3461.2709      22541.462      6343.4004      0              1726.034       3455.7535      7555.0033      0              0.95835483   
    950000   86951.26       307.07877      6270.9257      19057.285      3385.8556      22443.141      6413.5138      0              1673.1459      3443           7527.6252      0              0.95835483   
    960000   86951.26       300.89642      5982.8963      19054.999      3317.6888      22372.688      6420.8855      0              1707.2962      3447.8371      7478.98        0              0.95835483   
    970000   86951.26       311.47284      6351.6598      18978.239      3434.3046      22412.544      6347.6633      0              1663.0558      3451.0459      7516.4742      0              0.95835483   
    980000   86951.26       307.22853      5168.9253      18970.5        3387.5068      22358.007      6374.3296      0              1654.2613      3416.4537      7525.4554      0              0.95835483   
    990000   86951.26       300.29771      5981.1496      19075.087      3311.0875      22386.174      6428.3747      0              1698.1304      3456.7913      7491.7903      0              0.95835483   
   1000000   86951.26       308.4343       6134.5132      19059.649      3400.8016      22460.451      6388.6375      0              1708.5879      3496.4273      7465.9966      0              0.95835483   
   1001106   86951.26       314.10561      6059.3779      19039.81       3463.3336      22503.144      6337.6216      0              1706.1396      3450.35        7545.6991      0              0.95835483   
Loop time of 251.233 on 48 procs for 500000 steps with 3700 atoms

Performance: 17.195 ns/day, 1.396 hours/ns, 1990.186 timesteps/s, 7.364 Matom-step/s
99.9% CPU use with 48 MPI tasks x 1 OpenMP threads

MPI task timing breakdown:
Section |  min time  |  avg time  |  max time  |%varavg| %total
---------------------------------------------------------------
Pair    | 95.66      | 140.8      | 187.16     | 155.1 | 56.04
Bond    | 19.684     | 25.587     | 30.949     |  50.3 | 10.18
Neigh   | 0.46394    | 0.46613    | 0.468      |   0.2 |  0.19
Comm    | 27.876     | 79.35      | 130.06     | 229.4 | 31.58
Output  | 0.022043   | 0.048109   | 0.06971    |   5.3 |  0.02
Modify  | 2.0474     | 2.7591     | 3.3848     |  20.5 |  1.10
Other   |            | 2.222      |            |       |  0.88

Nlocal:        77.0833 ave          93 max          57 min
Histogram: 1 0 5 6 6 11 8 1 8 2
Nghost:        2700.25 ave        2738 max        2659 min
Histogram: 4 5 2 2 7 9 3 8 4 4
Neighs:        18555.5 ave       23427 max       13080 min
Histogram: 1 2 5 6 9 9 7 1 2 6

Total # of neighbors = 890662
Ave neighs/atom = 240.71946
Ave special neighs/atom = 11.898378
Neighbor list builds = 520
Dangerous builds = 0
Generated 0 of 1 mixed pair_coeff terms from geometric mixing rule
Setting up Verlet run ...
  Unit style    : real
  Current step  : 1001106
  Time step     : 0.1
WARNING: Inconsistent image flags (src/domain.cpp:1051)
Per MPI rank memory allocation (min/avg/max) = 13.92 | 13.93 | 13.93 Mbytes
   Step         Volume          Temp          Press          PotEng         KinEng         TotEng         E_vdwl         E_coul         E_bond        E_angle        E_dihed        E_impro        Density    
   1001106   86951.26       308            6023.9859      19039.81       3396.013       22435.823      6337.6216      0              1706.1396      3450.35        7545.6991      0              0.95835483   
   1010000   104403.59      309.37176      1063.1033      18387.436      3411.1381      21798.575      5818.5737      0              1699.6254      3465.5924      7403.645       0              0.79815416   
   1020000   106987         303.31244      372.28998      18258.159      3344.3279      21602.487      5696.5886      0              1755.4361      3458.015       7348.1197      0              0.77888116   
   1030000   107379.4       307.6599       840.25174      18338.399      3392.2631      21730.662      5716.5209      0              1745.722       3512.1208      7364.035       0              0.77603491   
   1040000   107899.43      304.81973      771.29941      18318.415      3360.9473      21679.362      5702.9393      0              1790.7729      3509.1823      7315.5203      0              0.77229469   
   1050000   106757.6       302.93898      936.64025      18285.616      3340.2101      21625.826      5674.531       0              1753.3738      3526.0935      7331.6181      0              0.7805548    
   1060000   107626.86      310.30893      908.45954      18271.898      3421.4713      21693.37       5686.7764      0              1801.0854      3449.0694      7334.9673      0              0.77425057   
   1070000   108491.91      308.57758      928.26583      18216.526      3402.3815      21618.907      5692.2502      0              1731.1586      3456.5765      7336.5402      0              0.76807721   
   1080000   108806.79      312.59821      1562.1155      18214.356      3446.713       21661.069      5708.229       0              1760.0951      3423.5613      7322.4706      0              0.76585444   
   1090000   108878.39      307.86637      877.86958      18253.429      3394.5396      21647.968      5699.1184      0              1731.5467      3496.5944      7326.1689      0              0.76535079   
   1100000   109775.13      306.51892      8.1412169      18133.418      3379.6827      21513.101      5630.132       0              1767.4361      3441.8257      7294.0243      0              0.7590987    
   1110000   109591.94      309.66793      1249.1938      18305.378      3414.4037      21719.781      5750.8418      0              1738.6751      3492.7123      7323.1487      0              0.76036758   
   1120000   109985.07      309.39377      1630.822       18083.16       3411.3808      21494.54       5694.0807      0              1714.1572      3433.4168      7241.5049      0              0.75764978   
   1130000   110786.87      308.48868      814.21617      18147.354      3401.4012      21548.755      5684.6322      0              1763.8047      3437.6082      7261.3092      0              0.7521664    
   1140000   109203.31      311.05057      1142.0367      18170.89       3429.6486      21600.539      5696.3226      0              1779.1174      3456.9564      7238.4936      0              0.76307361   
   1150000   110557.9       303.47351      854.74477      18242.871      3346.1039      21588.975      5687.8055      0              1779.5653      3491.389       7284.1108      0              0.75372417   
   1160000   110536.87      308.49966      628.55188      18243.401      3401.5223      21644.924      5711.237       0              1796.384       3465.1359      7270.6444      0              0.75386758   
   1170000   110475.96      311.53075      1432.7587      18102.236      3434.9432      21537.179      5659.7749      0              1713.3017      3446.5522      7282.6075      0              0.75428321   
   1180000   110329.24      310.86488      580.31908      18157.443      3427.6012      21585.045      5644.4334      0              1804.9949      3445.5182      7262.4969      0              0.75528625   
   1190000   110528.4       309.0406       782.00754      18111.505      3407.4867      21518.992      5704.5679      0              1729.1346      3429.0733      7248.7295      0              0.75392535   
   1200000   109234.46      311.84077      998.44642      18201.432      3438.3615      21639.793      5641.6267      0              1769.064       3491.1812      7299.56        0              0.76285598   
   1210000   109376.88      313.57099      995.93447      18127.135      3457.4389      21584.573      5612.3122      0              1759.7046      3481.2173      7273.9004      0              0.76186267   
   1220000   109257.93      310.84236      1047.343       18142.654      3427.353       21570.007      5661.5039      0              1773.7738      3457.5068      7249.8694      0              0.76269209   
   1230000   108918.12      315.7885       904.72538      18124.088      3481.8892      21605.978      5684.2956      0              1766.6508      3437.5618      7235.5802      0              0.76507163   
   1240000   109745.09      311.19554      719.94828      18116.976      3431.2472      21548.223      5649.2613      0              1754.4062      3484.8821      7228.4265      0              0.75930652   
   1250000   109638.46      307.97775      810.32464      18163.511      3395.7677      21559.279      5648.8652      0              1740.7856      3443.0381      7330.8221      0              0.76004501   
   1260000   109700.45      307.58722      728.04479      18101.585      3391.4618      21493.046      5677.8261      0              1758.1682      3418.2905      7247.2996      0              0.75961549   
   1270000   108241.63      310.09151      1320.4994      18169.517      3419.0741      21588.591      5713.4552      0              1722.6825      3435.325       7298.054       0              0.76985319   
   1280000   109564.54      304.07956      820.76044      18206.86       3352.7862      21559.646      5734.5944      0              1797.3927      3408.2433      7266.6294      0              0.76055779   
   1290000   108239.12      307.03093      54.219094      18170.805      3385.3281      21556.133      5706.6935      0              1757.6254      3452.45        7254.0365      0              0.76987102   
   1300000   110229.52      302.35212      1273.5835      18165.837      3333.7395      21499.576      5707.9291      0              1776.1878      3440.7084      7241.0114      0              0.75596957   
   1310000   109982.7       304.72455      784.34514      18123.723      3359.8978      21483.621      5639.5438      0              1738.3759      3485.2135      7260.5902      0              0.75766607   
   1320000   109804.08      306.14907      1024.4067      18214.461      3375.6046      21590.066      5742.3494      0              1731.8254      3506.4977      7233.7886      0              0.7588986    
   1330000   110406.79      308.88065      941.56618      18125.027      3405.7231      21530.75       5688.9235      0              1741.2865      3432.3908      7262.4259      0              0.75475578   
   1340000   110441.71      313.21517      711.00232      18134.482      3453.5156      21587.997      5693.1794      0              1723.4552      3455.9143      7261.9328      0              0.75451713   
   1350000   110340.95      315.50041      665.76561      18199.523      3478.7127      21678.236      5660.6564      0              1761.5972      3468.8114      7308.4582      0              0.75520612   
   1360000   110074.81      300.36381      628.39332      18245.765      3311.8163      21557.581      5684.5313      0              1782.5854      3487.4287      7291.2196      0              0.75703206   
   1370000   110423.82      305.12859      916.89244      18063.145      3364.3528      21427.498      5659.7612      0              1748.746       3416.0824      7238.5556      0              0.75463933   
   1380000   109562.14      310.79337      1206.6901      18088.665      3426.8128      21515.478      5677.9435      0              1786.8126      3460.7081      7163.2009      0              0.76057441   
   1390000   110403.46      316.68917      862.05474      18109.013      3491.8199      21600.833      5684.2623      0              1738.8612      3431.8542      7254.0356      0              0.75477855   
   1400000   109377.6       312.6472       1741.5552      18161.936      3447.2531      21609.19       5735.6248      0              1722.1063      3460.3208      7243.8846      0              0.76185767   
   1410000   110274.07      308.81307      352.13319      18105.7        3404.9779      21510.678      5622.2831      0              1772.1459      3398.9013      7312.3701      0              0.75566417   
   1420000   109402.45      311.14913      1154.8162      18176.495      3430.7354      21607.23       5665.8178      0              1739.7819      3494.9231      7275.972       0              0.76168457   
   1430000   109349.5       317.98888      1317.209       18125.22       3506.1506      21631.371      5702.1521      0              1718.2078      3446.2104      7258.6498      0              0.7620534    
   1440000   110096.47      312.34265      354.81672      18142.057      3443.8952      21585.952      5655.3333      0              1780.6882      3427.4856      7278.5495      0              0.75688315   
   1450000   108757.84      305.85766      1271.2088      18145.998      3372.3916      21518.389      5663.4073      0              1717.3597      3420.1126      7345.1181      0              0.76619912   
   1460000   109076.83      311.30973      747.57261      18141.99       3432.5061      21574.497      5677.4407      0              1725.3895      3439.8728      7299.2875      0              0.76395838   
   1470000   109970.9       307.32479      1805.2517      18184.806      3388.5682      21573.374      5690.0898      0              1724.7821      3517.3988      7252.5354      0              0.75774734   
   1480000   108905.63      302.83304      689.13338      18159.718      3339.0421      21498.76       5682.5124      0              1780.2819      3445.1681      7251.7553      0              0.76515932   
   1490000   109686.66      306.10398      849.48381      18154.264      3375.1075      21529.371      5649.9698      0              1769.1101      3429.2712      7305.9127      0              0.75971097   
   1500000   110071.73      303.188        1288.3218      18118.742      3342.9559      21461.698      5616.7538      0              1730.8128      3481.3144      7289.8613      0              0.75705326   
   1501106   109757.69      309.62115      1086.7399      18157.826      3413.8879      21571.714      5619.9386      0              1779.7203      3422.0556      7336.1111      0              0.75921937   
Loop time of 232.263 on 48 procs for 500000 steps with 3700 atoms

Performance: 18.600 ns/day, 1.290 hours/ns, 2152.730 timesteps/s, 7.965 Matom-step/s
99.9% CPU use with 48 MPI tasks x 1 OpenMP threads

MPI task timing breakdown:
Section |  min time  |  avg time  |  max time  |%varavg| %total
---------------------------------------------------------------
Pair    | 48.67      | 115.05     | 153.35     | 181.8 | 49.53
Bond    | 11.605     | 30.336     | 37.296     |  78.5 | 13.06
Neigh   | 0.47166    | 0.47413    | 0.47586    |   0.2 |  0.20
Comm    | 30.26      | 75.62      | 160.33     | 268.2 | 32.56
Output  | 0.021572   | 0.047729   | 0.070575   |   6.5 |  0.02
Modify  | 7.8887     | 8.4071     | 9.0173     |   9.4 |  3.62
Other   |            | 2.332      |            |       |  1.00

Nlocal:        77.0833 ave          95 max          32 min
Histogram: 1 0 0 1 2 3 17 10 6 8
Nghost:        2256.65 ave        2335 max        2185 min
Histogram: 4 5 3 7 7 6 3 5 6 2
Neighs:          14642 ave       19847 max        6537 min
Histogram: 1 0 3 4 5 11 8 8 3 5

Total # of neighbors = 702816
Ave neighs/atom = 189.95027
Ave special neighs/atom = 11.898378
Neighbor list builds = 589
Dangerous builds = 0
Generated 0 of 1 mixed pair_coeff terms from geometric mixing rule
Setting up Verlet run ...
  Unit style    : real
  Current step  : 1501106
  Time step     : 0.1
WARNING: Inconsistent image flags (src/domain.cpp:1051)
Per MPI rank memory allocation (min/avg/max) = 13.92 | 13.93 | 13.93 Mbytes
   Step         Volume          Temp          Press          PotEng         KinEng         TotEng         E_vdwl         E_coul         E_bond        E_angle        E_dihed        E_impro        Density    
   1501106   109757.69      600            2420.2046      18157.826      6615.6098      24773.435      5619.9386      0              1779.7203      3422.0556      7336.1111      0              0.75921937   
   1510000   109757.69      594.49287      364.80679      21763.277      6554.8881      28318.165      5974.8079      0              2928.0053      4538.0777      8322.3865      0              0.75921937   
   1520000   109757.69      602.51902      1092.77        21809.202      6643.3845      28452.586      6034.1628      0              2963.7252      4485.0676      8326.246       0              0.75921937   
   1530000   109757.69      605.23718      1506.6286      21777.558      6673.3551      28450.913      6024.5891      0              2908.3373      4483.8225      8360.809       0              0.75921937   
   1540000   109757.69      598.5867       1435.1823      21701.487      6600.0268      28301.514      6028.8216      0              2889.5139      4463.6523      8319.4994      0              0.75921937   
   1550000   109757.69      603.01695      701.81568      21520.21       6648.8748      28169.085      5957.7037      0              2839.3588      4444.1894      8278.9583      0              0.75921937   
   1560000   109757.69      588.06605      275.86709      21797.058      6484.0259      28281.084      5986.7418      0              2946.7429      4569.8253      8293.7484      0              0.75921937   
   1570000   109757.69      596.26277      129.87517      21675.012      6574.4031      28249.415      5913.6247      0              2911.0368      4478.7427      8371.6083      0              0.75921937   
   1580000   109757.69      610.20825      357.3347       21815.959      6728.1661      28544.125      6063.7161      0              2964.0963      4494.6565      8293.4899      0              0.75921937   
   1590000   109757.69      598.18228      867.66499      21589.597      6595.5677      28185.165      5922.9449      0              2860.9108      4527.9695      8277.7722      0              0.75921937   
   1600000   109757.69      588.24128      1628.2801      21739.073      6485.958       28225.031      6032.3762      0              2823.9178      4514.15        8368.6289      0              0.75921937   
   1610000   109757.69      595.11165      1636.8956      21836.607      6561.7108      28398.318      6036.0339      0              2841.4509      4533.1109      8426.0112      0              0.75921937   
   1620000   109757.69      597.35302      1826.2285      21771.378      6586.4241      28357.802      6070.5307      0              2840.7823      4455.2567      8404.8083      0              0.75921937   
   1630000   109757.69      619.06042      2198.6351      21646.268      6825.7703      28472.038      6022.0886      0              2803.4983      4531.0706      8289.6103      0              0.75921937   
   1640000   109757.69      615.75836      285.37885      21615.18       6789.3618      28404.542      5875.4196      0              2894.2235      4468.9168      8376.62        0              0.75921937   
   1650000   109757.69      602.42676      981.0138       21819.373      6642.3674      28461.741      5943.7858      0              2914.3845      4572.4427      8388.7604      0              0.75921937   
   1660000   109757.69      593.30492      1378.3163      21859.884      6541.7897      28401.674      6026.4345      0              2935.4669      4525.1625      8372.8205      0              0.75921937   
   1670000   109757.69      583.17063      665.07767      21804.011      6430.0489      28234.06       6052.1498      0              2877.2963      4518.885       8355.6795      0              0.75921937   
   1680000   109757.69      600.47782      1051.8511      21614.486      6620.8783      28235.364      6023.5452      0              2891.168       4395.8961      8303.8765      0              0.75921937   
   1690000   109757.69      578.253        1283.202       21610.543      6375.827       27986.37       5959.2051      0              2831.6705      4450.0653      8369.6024      0              0.75921937   
   1700000   109757.69      594.82893      1161.9005      21612.312      6558.5936      28170.906      6070.4884      0              2797.953       4430.8819      8312.989       0              0.75921937   
   1710000   109757.69      596.53429      875.37219      21622.306      6577.3968      28199.703      5989.3443      0              2935.2518      4434.4203      8263.2899      0              0.75921937   
   1720000   109757.69      597.94298      1677.605       21788.234      6592.9291      28381.163      6013.7462      0              2875.8223      4595.0815      8303.5839      0              0.75921937   
   1730000   109757.69      598.14027      1487.3023      21662.001      6595.1044      28257.105      6012.51        0              2840.3932      4467.3681      8341.7295      0              0.75921937   
   1740000   109757.69      605.77518      879.78796      21753.543      6679.2871      28432.83       6053.7718      0              2914.0471      4438.2559      8347.4682      0              0.75921937   
   1750000   109757.69      592.20341      644.78211      21947.725      6529.6444      28477.37       6008.9601      0              3007.5785      4562.2315      8368.9552      0              0.75921937   
   1760000   109757.69      620.87966      815.38443      21846.311      6845.8293      28692.14       6087.0472      0              2867.1542      4517.6452      8374.4646      0              0.75921937   
   1770000   109757.69      606.78066      1696.895       21652.866      6690.3734      28343.239      6005.607       0              2916.0182      4434.3695      8296.871       0              0.75921937   
   1780000   109757.69      598.69932      471.8333       21865.576      6601.2685      28466.845      5980.8989      0              2959.2738      4511.2738      8414.1298      0              0.75921937   
   1790000   109757.69      594.24938     -61.283629      21659.77       6552.2034      28211.974      5956.7156      0              2898.8129      4473.1232      8331.1187      0              0.75921937   
   1800000   109757.69      604.12272      2779.4638      21764.603      6661.067       28425.67       6012.1375      0              2859.7514      4565.3276      8327.3865      0              0.75921937   
   1810000   109757.69      600.5491       1098.5442      21701.978      6621.6642      28323.642      5915.2389      0              2902.389       4510.4173      8373.9326      0              0.75921937   
   1820000   109757.69      603.26274      878.97533      21622.192      6651.5848      28273.776      5964.1053      0              2923.0898      4441.091       8293.9056      0              0.75921937   
   1830000   109757.69      606.67547      1502.1446      21632.89       6689.2137      28322.104      5977.4673      0              2834.6453      4407.5338      8413.2441      0              0.75921937   
   1840000   109757.69      601.60002      2222.4202      21729.86       6633.2517      28363.111      5989.749       0              2781.8825      4560.0915      8398.1366      0              0.75921937   
   1850000   109757.69      592.88         1723.9834      21736.004      6537.1046      28273.108      6066.8128      0              2846.411       4445.7377      8377.0422      0              0.75921937   
   1860000   109757.69      594.45026      1642.3174      21765.763      6554.4183      28320.182      6015.6358      0              2929.7663      4517.6701      8302.6913      0              0.75921937   
   1870000   109757.69      589.71822      332.9294       21762.218      6502.2428      28264.461      6031.1494      0              2930.6964      4429.0885      8371.2838      0              0.75921937   
   1880000   109757.69      603.37419      1618.4843      21841.576      6652.8137      28494.39       6056.8529      0              2923.3178      4534.5623      8326.8432      0              0.75921937   
   1890000   109757.69      609.23189      1348.1934      21822.109      6717.4008      28539.51       6014.0437      0              2973.7385      4398.6911      8435.6357      0              0.75921937   
   1900000   109757.69      612.698        585.59631      21720.452      6755.6182      28476.071      5965.9307      0              2916.3279      4500.8052      8337.3886      0              0.75921937   
   1910000   109757.69      601.51676      1528.271       21760.486      6632.3337      28392.819      5877.6227      0              2871.8414      4616.3305      8394.691       0              0.75921937   
   1920000   109757.69      593.38373      1929.7337      21767.006      6542.6587      28309.665      6006.8946      0              2909.4841      4487.7906      8362.8367      0              0.75921937   
   1930000   109757.69      608.38053      476.9719       21623.62       6708.0137      28331.634      5953.0755      0              2891.2819      4477.4566      8301.806       0              0.75921937   
   1940000   109757.69      611.17262      2346.3841      21781.631      6738.7993      28520.431      6052.8848      0              2797.2348      4548.2127      8383.2991      0              0.75921937   
   1950000   109757.69      592.03531      550.8142       21715.762      6527.791       28243.553      6041.214       0              2841.8649      4516.6798      8316.0029      0              0.75921937   
   1960000   109757.69      588.21         1063.9695      21773.247      6485.6131      28258.86       5997.5311      0              2911.9257      4527.5608      8336.2294      0              0.75921937   
   1970000   109757.69      598.45657      1910.9546      21776.585      6598.5919      28375.176      5969.0478      0              2930.5381      4505.2666      8371.7321      0              0.75921937   
   1980000   109757.69      611.48996      1719.8789      21662.854      6742.2983      28405.152      6005.4629      0              2895.7842      4465.614       8295.9924      0              0.75921937   
   1990000   109757.69      593.08679      1797.2109      21524.093      6539.3847      28063.478      6016.2993      0              2876.9658      4375.9066      8254.9215      0              0.75921937   
   2000000   109757.69      604.86135      891.20675      21732.446      6669.2112      28401.657      5982.824       0              2913.6936      4445.2639      8390.6641      0              0.75921937   
   2001106   109757.69      613.79584      134.34415      21780.119      6767.7229      28547.841      5919.1236      0              2977.1653      4591.8083      8292.0213      0              0.75921937   
Loop time of 211.279 on 48 procs for 500000 steps with 3700 atoms

Performance: 20.447 ns/day, 1.174 hours/ns, 2366.537 timesteps/s, 8.756 Matom-step/s
99.9% CPU use with 48 MPI tasks x 1 OpenMP threads

MPI task timing breakdown:
Section |  min time  |  avg time  |  max time  |%varavg| %total
---------------------------------------------------------------
Pair    | 73.405     | 109.7      | 144.43     | 159.9 | 51.92
Bond    | 16.583     | 25.349     | 30.636     |  60.3 | 12.00
Neigh   | 0.71617    | 0.72083    | 0.72407    |   0.3 |  0.34
Comm    | 31.057     | 70.475     | 114.67     | 230.7 | 33.36
Output  | 0.02048    | 0.038052   | 0.054267   |   4.8 |  0.02
Modify  | 2.2347     | 2.8819     | 3.655      |  17.3 |  1.36
Other   |            | 2.111      |            |       |  1.00

Nlocal:        77.0833 ave          93 max          53 min
Histogram: 2 1 2 2 7 6 8 7 9 4
Nghost:        2283.81 ave        2334 max        2204 min
Histogram: 1 1 3 2 6 9 9 6 8 3
Neighs:        14658.6 ave       18192 max        9191 min
Histogram: 1 2 1 3 8 8 10 3 5 7

Total # of neighbors = 703615
Ave neighs/atom = 190.16622
Ave special neighs/atom = 11.898378
Neighbor list builds = 911
Dangerous builds = 0
Generated 0 of 1 mixed pair_coeff terms from geometric mixing rule
Setting up Verlet run ...
  Unit style    : real
  Current step  : 2001106
  Time step     : 0.1
WARNING: Inconsistent image flags (src/domain.cpp:1051)
Per MPI rank memory allocation (min/avg/max) = 13.92 | 13.93 | 13.93 Mbytes
   Step         Volume          Temp          Press          PotEng         KinEng         TotEng         E_vdwl         E_coul         E_bond        E_angle        E_dihed        E_impro        Density    
   2001106   109757.69      308           -1269.9177      21780.119      3396.013       25176.132      5919.1236      0              2977.1653      4591.8083      8292.0213      0              0.75921937   
   2010000   109757.69      306.79886      489.66913      18220.961      3382.7692      21603.73       5596.5276      0              1824.7023      3481.8136      7317.9171      0              0.75921937   
   2020000   109757.69      311.29497      945.67595      18118.075      3432.3434      21550.418      5680.2483      0              1733.9319      3445.6536      7258.241       0              0.75921937   
   2030000   109757.69      304.64488      1171.9038      18159.275      3359.0194      21518.295      5679.2941      0              1734.3428      3407.9813      7337.6571      0              0.75921937   
   2040000   109757.69      311.55736      558.9469       18202.167      3435.2365      21637.403      5588.0683      0              1827.6226      3460.3342      7326.1417      0              0.75921937   
   2050000   109757.69      311.84272      1094.0634      18138.483      3438.3829      21576.866      5654.809       0              1766.2079      3434.7778      7282.6883      0              0.75921937   
   2060000   109757.69      310.11835      1037.6857      18143.881      3419.37        21563.251      5632.1131      0              1789.5758      3449.2098      7272.9823      0              0.75921937   
   2070000   109757.69      311.74815      899.13881      18176.175      3437.3402      21613.516      5697.7136      0              1774.9269      3424.7761      7278.7587      0              0.75921937   
   2080000   109757.69      307.24753      805.60178      18078.506      3387.7163      21466.222      5672.9259      0              1745.2496      3384.6442      7275.6861      0              0.75921937   
   2090000   109757.69      304.32608      651.92943      17981.407      3355.5043      21336.911      5625.6891      0              1702.2574      3409.9785      7243.4819      0              0.75921937   
   2100000   109757.69      310.27306      1296.2895      18136.385      3421.0759      21557.461      5658.4445      0              1741.5263      3447.4098      7289.0047      0              0.75921937   
   2110000   109757.69      302.18636      670.57356      18173.451      3331.9118      21505.363      5620.8972      0              1781.571       3481.0893      7289.8936      0              0.75921937   
   2120000   109757.69      314.15832      1677.9584      18024.276      3463.9148      21488.19       5664.3163      0              1660.4096      3453.0593      7246.4905      0              0.75921937   
   2130000   109757.69      310.23493      977.54938      18119.856      3420.6554      21540.511      5638.6448      0              1756.1315      3431.3808      7293.6987      0              0.75921937   
   2140000   109757.69      308.79432      739.61342      18174.856      3404.7713      21579.627      5610.3821      0              1789.3443      3447.8107      7327.3187      0              0.75921937   
   2150000   109757.69      305.23844      1412.8588      18039.206      3365.5641      21404.77       5662.7823      0              1695.3176      3408.7612      7272.3451      0              0.75921937   
   2160000   109757.69      306.76733      979.78862      18002.74       3382.4216      21385.162      5632.1194      0              1685.6669      3407.5332      7277.4205      0              0.75921937   
   2170000   109757.69      308.76616      669.39444      18130.101      3404.4607      21534.562      5624.9593      0              1802.7998      3420.43        7281.9122      0              0.75921937   
   2180000   109757.69      311.6612       1064.543       18072.746      3436.3815      21509.128      5580.9009      0              1741.12        3464.9343      7285.7912      0              0.75921937   
   2190000   109757.69      310.94221      1561.0804      18119.417      3428.4539      21547.87       5649.5416      0              1722.5528      3462.946       7284.3762      0              0.75921937   
   2200000   109757.69      312.00495      532.03556      18076.688      3440.1717      21516.859      5653.6261      0              1765.2271      3387.5439      7270.2905      0              0.75921937   
   2210000   109757.69      301.90621      729.3191       18189.625      3328.8228      21518.448      5622.098       0              1814.0826      3422.7703      7330.6746      0              0.75921937   
   2220000   109757.69      306.45808      188.23136      18132.816      3379.0118      21511.827      5587.2895      0              1818.5077      3411.7732      7315.2453      0              0.75921937   
   2230000   109757.69      304.66955      1038.8696      18081.471      3359.2915      21440.763      5645.9363      0              1743.1737      3405.7466      7286.6147      0              0.75921937   
   2240000   109757.69      307.80234      1773.395       18117.008      3393.8336      21510.842      5655.8945      0              1691.462       3488.5498      7281.1016      0              0.75921937   
   2250000   109757.69      314.84202      553.68861      18057.926      3471.4533      21529.38       5652.1551      0              1722.5637      3425.3823      7257.8255      0              0.75921937   
   2260000   109757.69      307.71393      981.62233      18172.01       3392.8588      21564.869      5610.2056      0              1788.1265      3502.4637      7271.2145      0              0.75921937   
   2270000   109757.69      310.88902      1098.1923      18054.581      3427.8674      21482.449      5635.5772      0              1702.4599      3414.0734      7302.4707      0              0.75921937   
   2280000   109757.69      307.26076      1088.2591      18133.336      3387.8622      21521.198      5592.7623      0              1688.6894      3539.8608      7312.0236      0              0.75921937   
   2290000   109757.69      312.62616      235.51343      18197.499      3447.0212      21644.521      5531.6803      0              1787.3192      3506.4399      7372.0599      0              0.75921937   
   2300000   109757.69      309.08078      1846.464       18069.145      3407.9297      21477.075      5645.4385      0              1718.3994      3449.2217      7256.0858      0              0.75921937   
   2310000   109757.69      313.71174      1300.6934      18112.17       3458.9908      21571.161      5617.3609      0              1737.0151      3452.2883      7305.5058      0              0.75921937   
   2320000   109757.69      307.75543      1732.2408      18130.898      3393.3165      21524.215      5618.2583      0              1735.9261      3482.9766      7293.7372      0              0.75921937   
   2330000   109757.69      312.48392      932.17368      18099.343      3445.4528      21544.796      5642.2618      0              1746.057       3391.9264      7319.0977      0              0.75921937   
   2340000   109757.69      311.99022      805.10198      18214.101      3440.0093      21654.111      5622.8646      0              1808.2657      3467.0599      7315.9111      0              0.75921937   
   2350000   109757.69      308.01217      569.50451      18134.303      3396.1472      21530.45       5623.0231      0              1773.8712      3440.5259      7296.8826      0              0.75921937   
   2360000   109757.69      311.29474      696.14241      18113.377      3432.3408      21545.718      5558.7725      0              1761.121       3443.4555      7350.0277      0              0.75921937   
   2370000   109757.69      307.7614       753.3037       18127.627      3393.3822      21521.01       5630.0978      0              1741.4947      3442.7922      7313.2426      0              0.75921937   
   2380000   109757.69      309.30464      1036.2389      18153.121      3410.398       21563.519      5622.9992      0              1730.7779      3497.6911      7301.6531      0              0.75921937   
   2390000   109757.69      315.84021      339.36366      18166.701      3482.4594      21649.16       5598.5781      0              1798.7533      3479.5944      7289.7749      0              0.75921937   
   2400000   109757.69      303.32196      974.63573      18091.621      3344.4329      21436.054      5632.3993      0              1769.9334      3406.21        7283.078       0              0.75921937   
   2410000   109757.69      313.42449      1849.2437      18177.245      3455.8236      21633.069      5653.2542      0              1698.986       3483.6799      7341.3251      0              0.75921937   
   2420000   109757.69      304.65901      1163.8675      18060.078      3359.1752      21419.253      5614.5615      0              1765.7334      3378.1935      7301.5898      0              0.75921937   
   2430000   109757.69      312.34027      1724.3886      18133.762      3443.8689      21577.631      5693.74        0              1729.2366      3458.7878      7251.9978      0              0.75921937   
   2440000   109757.69      310.11349      1000.1598      18086.079      3419.3164      21505.396      5621.8968      0              1750.4549      3431.6175      7282.1103      0              0.75921937   
   2450000   109757.69      304.84789      733.57674      18063.227      3361.2578      21424.485      5614.6313      0              1763.1591      3432.9449      7252.492       0              0.75921937   
   2460000   109757.69      315.46035      748.18877      18059.263      3478.271       21537.534      5575.8636      0              1717.5099      3440.0456      7325.8438      0              0.75921937   
   2470000   109757.69      306.84103      1145.981       18155.078      3383.2342      21538.312      5670.1288      0              1747.6799      3476.672       7260.5973      0              0.75921937   
   2480000   109757.69      308.45949      1178.6262      18084.655      3401.0794      21485.734      5674.2348      0              1721.3121      3445.724       7243.3838      0              0.75921937   
   2490000   109757.69      316.00337     -16.696318      18093.905      3484.2584      21578.163      5542.3552      0              1816.4287      3458.5279      7276.5929      0              0.75921937   
   2500000   109757.69      301.63994      818.07259      18051.543      3325.8869      21377.43       5568.2976      0              1763.901       3424.0708      7295.274       0              0.75921937   
   2510000   109757.69      313.1578       653.40839      18075.99       3452.883       21528.873      5646.9843      0              1749.9313      3406.5752      7272.4992      0              0.75921937   
   2520000   109757.69      307.25886      1193.2993      18110.993      3387.8413      21498.835      5578.5428      0              1772.9236      3473.5063      7286.0206      0              0.75921937   
   2530000   109757.69      303.43376      827.69933      18069.658      3345.6656      21415.323      5599.4951      0              1716.7915      3444.5055      7308.8655      0              0.75921937   
   2540000   109757.69      303.93584      1113.8314      18036.845      3351.2015      21388.047      5619.4819      0              1715.7807      3433.9922      7267.5906      0              0.75921937   
   2550000   109757.69      303.94317      965.26809      18185.826      3351.2824      21537.108      5590.4844      0              1787.4628      3481.111       7326.7676      0              0.75921937   
   2560000   109757.69      307.88471      746.81593      18133.316      3394.7419      21528.058      5603.8781      0              1756.7072      3499.1829      7273.5477      0              0.75921937   
   2570000   109757.69      304.66702      1484.0567      18024.333      3359.2635      21383.596      5644.9547      0              1712.9494      3396.8356      7269.5931      0              0.75921937   
   2580000   109757.69      308.66775      1107.7328      18143.799      3403.3756      21547.175      5625.6257      0              1729.2359      3447.7195      7341.2179      0              0.75921937   
   2590000   109757.69      309.37088      1273.7428      18202.372      3411.1284      21613.5        5637.9539      0              1767.5121      3472.2993      7324.6066      0              0.75921937   
   2600000   109757.69      312.61564      1265.2424      18056.525      3446.9052      21503.431      5644.2149      0              1684.5484      3447.7125      7280.0495      0              0.75921937   
   2610000   109757.69      308.4661       732.79337      18114.763      3401.1522      21515.915      5603.6423      0              1763.9224      3437.709       7309.4888      0              0.75921937   
   2620000   109757.69      309.79371      1536.7208      18188.89       3415.7905      21604.681      5662.8415      0              1785.4404      3477.2275      7263.3807      0              0.75921937   
   2630000   109757.69      303.38949      832.58754      18099.523      3345.1775      21444.701      5593.0763      0              1738.3676      3497.1443      7270.935       0              0.75921937   
   2640000   109757.69      309.17303      1060.0352      18151.066      3408.9469      21560.013      5691.7179      0              1743.4664      3425.4548      7290.4268      0              0.75921937   
   2650000   109757.69      305.13021      527.66745      18118.583      3364.3707      21482.954      5591.4711      0              1812.3394      3441.6071      7273.1654      0              0.75921937   
   2660000   109757.69      308.07996      738.48417      18065.762      3396.8946      21462.656      5615.271       0              1737.0128      3440.0466      7273.4314      0              0.75921937   
   2670000   109757.69      317.17321      921.79452      18095.91       3497.157       21593.067      5636.9059      0              1738.9513      3433.8501      7286.2025      0              0.75921937   
   2680000   109757.69      316.93981      1032.0559      18100.123      3494.5836      21594.707      5623.7034      0              1756.2914      3461.6559      7258.4723      0              0.75921937   
   2690000   109757.69      311.31295      918.49578      18100.688      3432.5417      21533.23       5614.1004      0              1747.1558      3437.2055      7302.2269      0              0.75921937   
   2700000   109757.69      303.25527      623.67232      18226.125      3343.6975      21569.823      5581.0226      0              1851.7875      3484.1168      7309.1981      0              0.75921937   
   2710000   109757.69      302.49817      567.22579      18099.54       3335.3498      21434.89       5579.2865      0              1760.9203      3479.2127      7280.1207      0              0.75921937   
   2720000   109757.69      300.95446      704.93304      18144.417      3318.3288      21462.745      5607.8526      0              1759.6598      3475.2988      7301.6053      0              0.75921937   
   2730000   109757.69      311.37899      1082.4359      18177.987      3433.2699      21611.256      5621.7733      0              1762.8377      3496.0983      7297.2772      0              0.75921937   
   2740000   109757.69      317.61898      1448.7023      18103.625      3502.0721      21605.697      5574.8663      0              1755.1483      3443.1634      7330.4468      0              0.75921937   
   2750000   109757.69      311.87834      1398.4346      18113.406      3438.7756      21552.182      5626.2611      0              1757.9378      3458.204       7271.0034      0              0.75921937   
   2760000   109757.69      302.49349      587.2503       18135.32       3335.2982      21470.618      5584.8676      0              1749.2477      3475.5143      7325.6901      0              0.75921937   
   2770000   109757.69      306.28828      311.75076      18184.71       3377.1396      21561.849      5615.9038      0              1821.4087      3486.1764      7261.2206      0              0.75921937   
   2780000   109757.69      301.56355      837.13722      18110.403      3325.0446      21435.448      5654.3555      0              1805.2807      3403.0483      7247.7187      0              0.75921937   
   2790000   109757.69      309.07817      564.63532      18130.626      3407.9009      21538.527      5615.3355      0              1777.4484      3469.7833      7268.0589      0              0.75921937   
   2800000   109757.69      303.24072      903.65839      18140.79       3343.5371      21484.327      5636.5079      0              1755.8743      3451.9108      7296.4975      0              0.75921937   
   2810000   109757.69      305.90326      984.04821      18144.58       3372.8944      21517.475      5578.7636      0              1771.594       3511.9585      7282.264       0              0.75921937   
   2820000   109757.69      311.77377      259.9185       18213.402      3437.6227      21651.025      5635.4006      0              1798.922       3447.4097      7331.6697      0              0.75921937   
   2830000   109757.69      307.14226      1759.4846      18091.087      3386.5556      21477.642      5593.6955      0              1735.2139      3431.7109      7330.4665      0              0.75921937   
   2840000   109757.69      309.25395      1205.032       18115.056      3409.8391      21524.895      5612.192       0              1768.9862      3427.0739      7306.8035      0              0.75921937   
   2850000   109757.69      310.7982       929.37635      18105.704      3426.8661      21532.57       5632.8044      0              1731.3702      3461.0065      7280.5232      0              0.75921937   
   2860000   109757.69      304.84191      847.41116      18200.508      3361.1919      21561.7        5602.7596      0              1818.3824      3445.6079      7333.7582      0              0.75921937   
   2870000   109757.69      311.57824      1063.1729      18123.263      3435.4667      21558.73       5687.2658      0              1729.418       3432.2088      7274.3703      0              0.75921937   
   2880000   109757.69      307.0682       1223.9451      18085.081      3385.7389      21470.82       5657.6305      0              1715.7615      3488.9993      7222.6897      0              0.75921937   
   2890000   109757.69      309.3428       1293.5509      18137.813      3410.8188      21548.632      5676.6024      0              1731.5913      3449.4854      7280.1343      0              0.75921937   
   2900000   109757.69      311.28122      1241.789       18179.026      3432.1919      21611.218      5650.7895      0              1773.8737      3491.2177      7263.145       0              0.75921937   
   2910000   109757.69      302.94252      1806.882       18177.503      3340.2492      21517.752      5658.6636      0              1750.2761      3437.6746      7330.8888      0              0.75921937   
   2920000   109757.69      307.97774      873.77723      18088.078      3395.7676      21483.845      5553.1408      0              1725.2428      3490.8102      7318.8838      0              0.75921937   
   2930000   109757.69      303.39426      1223.8742      18178.792      3345.2301      21524.023      5635.4207      0              1812.4589      3461.1965      7269.7164      0              0.75921937   
   2940000   109757.69      308.11895      455.75953      18139.992      3397.3246      21537.316      5525.3897      0              1750.3006      3520.1808      7344.1207      0              0.75921937   
   2950000   109757.69      308.97179      1102.057       18135.498      3406.728       21542.226      5622.2952      0              1750.474       3468.8711      7293.8574      0              0.75921937   
   2960000   109757.69      310.92143      1066.2951      18097.484      3428.2248      21525.709      5617.0112      0              1750.9281      3445.0645      7284.4806      0              0.75921937   
   2970000   109757.69      306.21604      1737.209       18098.308      3376.343       21474.651      5699.3111      0              1682.8336      3449.8016      7266.3616      0              0.75921937   
   2980000   109757.69      307.80033      903.39312      18128.79       3393.8115      21522.601      5616.7842      0              1761.5341      3490.5645      7259.9068      0              0.75921937   
   2990000   109757.69      305.1162       940.03639      18068.923      3364.2162      21433.139      5617.683       0              1748.7822      3447.6869      7254.7706      0              0.75921937   
   3000000   109757.69      307.54321      442.50839      18045.441      3390.9764      21436.418      5581.3477      0              1780.8804      3419.6858      7263.5276      0              0.75921937   
   3001106   109757.69      308.93295      818.1204       18075.278      3406.2998      21481.578      5636.1497      0              1743.5903      3427.7513      7267.7867      0              0.75921937   
Loop time of 412.568 on 48 procs for 1000000 steps with 3700 atoms

Performance: 20.942 ns/day, 1.146 hours/ns, 2423.842 timesteps/s, 8.968 Matom-step/s
99.9% CPU use with 48 MPI tasks x 1 OpenMP threads

MPI task timing breakdown:
Section |  min time  |  avg time  |  max time  |%varavg| %total
---------------------------------------------------------------
Pair    | 137.41     | 219.47     | 282.44     | 233.1 | 53.20
Bond    | 37.41      | 50.505     | 60.719     |  86.7 | 12.24
Neigh   | 0.84655    | 0.85213    | 0.85605    |   0.3 |  0.21
Comm    | 59.988     | 131.8      | 225.64     | 346.4 | 31.95
Output  | 0.039747   | 0.074047   | 0.10595    |   6.7 |  0.02
Modify  | 4.4506     | 5.6698     | 7.1351     |  23.8 |  1.37
Other   |            | 4.191      |            |       |  1.02

Nlocal:        77.0833 ave          89 max          54 min
Histogram: 1 3 3 2 1 5 8 7 7 11
Nghost:        2285.67 ave        2348 max        2214 min
Histogram: 4 0 3 5 10 7 6 5 6 2
Neighs:        14660.9 ave       18869 max        9025 min
Histogram: 1 2 4 6 5 6 6 8 7 3

Total # of neighbors = 703725
Ave neighs/atom = 190.19595
Ave special neighs/atom = 11.898378
Neighbor list builds = 1095
Dangerous builds = 0
Generated 0 of 1 mixed pair_coeff terms from geometric mixing rule
Setting up Verlet run ...
  Unit style    : real
  Current step  : 3001106
  Time step     : 0.1
WARNING: Inconsistent image flags (src/domain.cpp:1051)
Per MPI rank memory allocation (min/avg/max) = 13.92 | 13.93 | 13.93 Mbytes
   Step         Volume          Temp          Press          PotEng         KinEng         TotEng         E_vdwl         E_coul         E_bond        E_angle        E_dihed        E_impro        Density    
   3001106   109757.69      308            813.83613      18075.278      3396.013       21471.291      5636.1497      0              1743.5903      3427.7513      7267.7867      0              0.75921937   
   3010000   67230.721      306.2991       30143.791      23471.697      3377.2589      26848.956      10805.308      0              1331.8546      3343.6653      7990.8695      0              1.2394655    
   3020000   66251.351      305.88662      29928.961      23653.241      3372.7109      27025.952      10639.833      0              1494.7251      3477.2381      8041.4451      0              1.2577881    
   3030000   66049.445      315.17282      29674.861      23358.984      3475.1007      26834.084      10471.876      0              1511.3142      3388.5139      7987.2791      0              1.261633     
   3040000   66160.693      308.28092      31001.519      23420.928      3399.1105      26820.039      10447.699      0              1544.7023      3449.6587      7978.8679      0              1.2595116    
   3050000   65825.914      311.25239      29661.626      23505.334      3431.8739      26937.208      10460.593      0              1519.0637      3525.1932      8000.4841      0              1.2659173    
   3060000   65723.453      308.1135       30020.588      23513.228      3397.2645      26910.493      10534.772      0              1530.6741      3458.9391      7988.8434      0              1.2678908    
   3070000   65644.512      312.08076      30311.104      23633.917      3441.0076      27074.925      10507.276      0              1538.6258      3509.2039      8078.8118      0              1.2694155    
   3080000   65741.194      303.92085      29149.412      23567.659      3351.0363      26918.695      10376.25       0              1572.7135      3548.8722      8069.8228      0              1.2675486    
   3090000   65703.678      309.59359      29759.503      23397.163      3413.584       26810.747      10437.598      0              1523.2868      3458.6752      7977.6027      0              1.2682724    
   3100000   65617.789      311.0283       30725.254      23548.207      3429.4031      26977.61       10437.784      0              1519.4112      3502.9379      8088.0746      0              1.2699325    
   3110000   65531.719      311.31797      30179.992      23463.289      3432.597       26895.886      10466.057      0              1498.8369      3461.5753      8036.8194      0              1.2716004    
   3120000   65788.299      306.80802      29981.546      23448.087      3382.8702      26830.957      10414.319      0              1492.7186      3525.7002      8015.3494      0              1.266641     
   3130000   65963.188      305.41389      29879.796      23350.317      3367.4985      26717.816      10351.229      0              1523.9732      3475.6832      7999.4313      0              1.2632828    
   3140000   65737.862      307.59174      30617.583      23451.372      3391.5116      26842.884      10403.086      0              1482.5719      3501.3437      8064.3702      0              1.2676129    
   3150000   65727.694      303.98781      30142.208      23386.906      3351.7745      26738.681      10331.689      0              1502.3473      3518.637       8034.2327      0              1.267809     
   3160000   65467.26       311.30516      30593.941      23518.164      3432.4557      26950.62       10477.8        0              1479.5584      3494.5969      8066.2095      0              1.2728524    
   3170000   65890.023      309.2047       28694.003      23291.839      3409.296       26701.135      10321.001      0              1539.4812      3473.5662      7957.7905      0              1.2646856    
   3180000   65768.829      296.87893      30893.504      23371.546      3273.3919      26644.938      10376.659      0              1452.0852      3458.3279      8084.474       0              1.267016     
   3190000   65891.059      308.35384      29186.935      23423.909      3399.9145      26823.823      10358.349      0              1522.6413      3480.7854      8062.1327      0              1.2646657    
   3200000   65494.614      305.21036      30696.986      23534.967      3365.2544      26900.221      10519.341      0              1496.4146      3453.9591      8065.2523      0              1.2723208    
   3210000   65686.23       301.60512      30393.33       23391.399      3325.503       26716.902      10350.259      0              1480.6021      3501.5822      8058.9558      0              1.2686093    
   3220000   65805.475      319.5405       28063.804      23315.196      3523.2588      26838.455      10325.575      0              1543.641       3445.4226      8000.5576      0              1.2663104    
   3230000   65931.366      306.85455      28270.747      23385.236      3383.3833      26768.619      10267.101      0              1530.9672      3534.7291      8052.4383      0              1.2638925    
   3240000   65663.837      308.2677       28840.536      23542.962      3398.9647      26941.927      10457.858      0              1524.462       3452.7817      8107.8603      0              1.2690419    
   3250000   65608.711      304.31958      30257.388      23448.265      3355.4327      26803.698      10402.977      0              1511.6461      3482.7068      8050.9352      0              1.2701082    
   3260000   65634.173      309.17129      28661.218      23457.597      3408.9277      26866.525      10483.035      0              1558.6185      3435.9194      7980.0241      0              1.2696154    
   3270000   65646.572      308.57574      29207.019      23380.939      3402.3611      26783.3        10453.429      0              1537.7427      3413.9528      7975.8149      0              1.2693756    
   3280000   65367.371      304.66809      31267.001      23510.841      3359.2754      26870.116      10550.32       0              1504.6267      3431.7936      8024.1006      0              1.2747975    
   3290000   65879.637      309.21138      30439.022      23350.076      3409.3697      26759.446      10328.04       0              1522.9113      3484.2674      8014.8575      0              1.2648849    
   3300000   65629.712      312.69689      29337.825      23437.165      3447.801       26884.966      10423.187      0              1472.7066      3475.8425      8065.4291      0              1.2697018    
   3310000   65614.67       306.19412      29719.792      23405.133      3376.1014      26781.234      10460.347      0              1553.7096      3397.2515      7993.8243      0              1.2699928    
   3320000   65733.565      308.97342      30268.867      23405.499      3406.7459      26812.245      10337.571      0              1514.2737      3470.9764      8082.6776      0              1.2676957    
   3330000   65764.964      311.61163      29473.57       23399.632      3435.8349      26835.467      10364.315      0              1519.9937      3472.1531      8043.1695      0              1.2670905    
   3340000   65772.184      307.91522      30525.508      23440.743      3395.0783      26835.821      10397.442      0              1527.2706      3484.8604      8031.1697      0              1.2669514    
   3350000   65727.338      313.99647      30301.529      23396.107      3462.1302      26858.238      10400.458      0              1493.1662      3469.591       8032.8923      0              1.2678158    
   3360000   65577.968      309.63717      30483.366      23472.489      3414.0646      26886.554      10405.705      0              1539.0503      3476.6836      8051.0508      0              1.2707036    
   3370000   65756.665      306.64434      28997.041      23248.688      3381.0656      26629.754      10334.943      0              1506.7261      3432.5529      7974.4665      0              1.2672504    
   3380000   65744.654      311.69411      30637.631      23353.734      3436.7443      26790.479      10337.568      0              1474.1476      3501.6195      8040.3987      0              1.2674819    
   3390000   65743.673      305.90691      28892.836      23306.387      3372.9346      26679.322      10382.789      0              1524.6647      3419.7224      7979.211       0              1.2675008    
   3400000   65634.311      303.24046      31280.997      23311.48       3343.5343      26655.014      10420.881      0              1521.9683      3398.6608      7969.9696      0              1.2696128    
   3410000   65737.498      314.57587      30589.245      23403.138      3468.5187      26871.656      10370.774      0              1557.7829      3493.8053      7980.7751      0              1.2676199    
   3420000   65723.218      305.4851       29758.479      23404.253      3368.2837      26772.537      10385.989      0              1548.6366      3491.9553      7977.6721      0              1.2678953    
   3430000   65681.615      304.38491      28563.449      23352.869      3356.153       26709.022      10368.071      0              1565.7163      3480.9468      7938.1351      0              1.2686984    
   3440000   65387.888      309.01575      30582.422      23494.697      3407.2128      26901.909      10527.593      0              1496.2097      3454.8503      8016.0434      0              1.2743975    
   3450000   65635.626      304.74263      29436.293      23372.619      3360.0972      26732.716      10411.151      0              1491.552       3485.0051      7984.9115      0              1.2695874    
   3460000   65483.034      303.66475      29207.217      23529.233      3348.2125      26877.445      10440.764      0              1587.0382      3466.3159      8035.115       0              1.2725458    
   3470000   65319.797      308.53754      30007.98       23500.354      3401.9399      26902.294      10506.297      0              1542.8707      3475.972       7975.2142      0              1.275726     
   3480000   65518.116      317.66709      29757.799      23429.157      3502.6025      26931.759      10395.083      0              1559.4309      3459.3167      8015.3258      0              1.2718644    
   3490000   65312.091      313.65048      30077.955      23609.945      3458.3153      27068.26       10474.518      0              1604.6143      3523.5537      8007.2587      0              1.2758765    
   3500000   65534.454      302.82798      30239.228      23486.599      3338.9863      26825.585      10429.314      0              1569.2071      3499.0884      7988.9899      0              1.2715473    
   3501106   65351.112      313.68155      30947.21       23449.774      3458.6579      26908.432      10500.238      0              1544.0644      3463.9259      7941.5463      0              1.2751146    
Loop time of 318.953 on 48 procs for 500000 steps with 3700 atoms

Performance: 13.544 ns/day, 1.772 hours/ns, 1567.630 timesteps/s, 5.800 Matom-step/s
99.9% CPU use with 48 MPI tasks x 1 OpenMP threads

MPI task timing breakdown:
Section |  min time  |  avg time  |  max time  |%varavg| %total
---------------------------------------------------------------
Pair    | 161.8      | 193.5      | 225.38     | 109.1 | 60.67
Bond    | 26.186     | 30.684     | 35.442     |  45.4 |  9.62
Neigh   | 0.54261    | 0.54462    | 0.54645    |   0.2 |  0.17
Comm    | 47.084     | 82.632     | 118.65     | 187.2 | 25.91
Output  | 0.02063    | 0.039467   | 0.055931   |   4.8 |  0.01
Modify  | 8.297      | 8.9198     | 9.937      |  13.5 |  2.80
Other   |            | 2.637      |            |       |  0.83

Nlocal:        77.0833 ave          92 max          66 min
Histogram: 5 4 6 7 3 11 8 1 2 1
Nghost:        3326.71 ave        3352 max        3293 min
Histogram: 3 1 3 5 5 7 9 7 5 3
Neighs:        24749.9 ave       29610 max       19895 min
Histogram: 1 2 7 8 9 4 5 5 6 1

Total # of neighbors = 1187996
Ave neighs/atom = 321.08
Ave special neighs/atom = 11.898378
Neighbor list builds = 490
Dangerous builds = 0
Generated 0 of 1 mixed pair_coeff terms from geometric mixing rule
Setting up Verlet run ...
  Unit style    : real
  Current step  : 3501106
  Time step     : 0.1
WARNING: Inconsistent image flags (src/domain.cpp:1051)
Per MPI rank memory allocation (min/avg/max) = 13.93 | 13.94 | 13.94 Mbytes
   Step         Volume          Temp          Press          PotEng         KinEng         TotEng         E_vdwl         E_coul         E_bond        E_angle        E_dihed        E_impro        Density    
   3501106   65351.112      600            33155.458      23449.774      6615.6098      30065.384      10500.238      0              1544.0644      3463.9259      7941.5463      0              1.2751146    
   3510000   65351.112      604.1126       32202.07       27267.144      6660.9554      33928.1        11114.649      0              2621.9504      4508.3334      9022.2115      0              1.2751146    
   3520000   65351.112      608.60176      31376.748      27224.097      6710.4529      33934.55       11179.248      0              2575.8943      4441.5662      9027.3887      0              1.2751146    
   3530000   65351.112      601.37509      31671.198      27252.972      6630.7716      33883.743      11146.107      0              2604.86        4456.5931      9045.4118      0              1.2751146    
   3540000   65351.112      600.26229      30614.928      27253.008      6618.5018      33871.51       11046.796      0              2570.3551      4467.3048      9168.5523      0              1.2751146    
   3550000   65351.112      596.17264      30795.881      27143.751      6573.4093      33717.16       11101.495      0              2564.8144      4478.8978      8998.5437      0              1.2751146    
   3560000   65351.112      599.45389      30715.513      27131.937      6609.5884      33741.526      11107.952      0              2635.4616      4421.9986      8966.5249      0              1.2751146    
   3570000   65351.112      595.01021      30735.429      27169.525      6560.5923      33730.117      11083.928      0              2584.0065      4497.8772      9003.7127      0              1.2751146    
   3580000   65351.112      598.77721      31260.748      27298.571      6602.1274      33900.698      11172.683      0              2613.7003      4549.0752      8963.1126      0              1.2751146    
   3590000   65351.112      592.63052      30619.128      27296.42       6534.3538      33830.773      11084.572      0              2692.2416      4545.6131      8973.9924      0              1.2751146    
   3600000   65351.112      587.81473      31128.102      27162.618      6481.2548      33643.873      11167.27       0              2530.6837      4457.345       9007.3199      0              1.2751146    
   3610000   65351.112      606.78326      30025.179      27020.931      6690.4022      33711.333      11051.802      0              2534.2607      4505.3821      8929.4858      0              1.2751146    
   3620000   65351.112      597.62409      31723.735      27218.2        6589.413       33807.613      11050.598      0              2603.4258      4410.6927      9153.4841      0              1.2751146    
   3630000   65351.112      588.56201      30911.103      27211.397      6489.4944      33700.891      11114.031      0              2566.3534      4543.623       8987.3891      0              1.2751146    
   3640000   65351.112      588.05479      30289.224      27229.298      6483.9017      33713.2        11099.015      0              2610.3083      4530.3406      8989.6347      0              1.2751146    
   3650000   65351.112      593.78477      30559.076      27259.261      6547.0806      33806.342      11112.419      0              2628.4609      4540.9622      8977.4195      0              1.2751146    
   3660000   65351.112      613.11443      31411.025      27169.118      6760.2097      33929.328      11140.406      0              2588.0528      4477.7008      8962.9585      0              1.2751146    
   3670000   65351.112      601.38618      33715.74       27260.208      6630.8939      33891.101      11218.723      0              2551.9675      4495.8713      8993.6461      0              1.2751146    
   3680000   65351.112      588.70664      30952.205      27214.162      6491.089       33705.251      11170.575      0              2590.3197      4493.0782      8960.1891      0              1.2751146    
   3690000   65351.112      597.99767      30327.501      26980.22       6593.5321      33573.752      11021.881      0              2552.1691      4449.8055      8956.3644      0              1.2751146    
   3700000   65351.112      601.74343      30748.774      27159.44       6634.8329      33794.273      11111.461      0              2616.5492      4441.6944      8989.7355      0              1.2751146    
   3710000   65351.112      599.70207      30026.75       27118.819      6612.3248      33731.144      11035.249      0              2575.5765      4516.2489      8991.7446      0              1.2751146    
   3720000   65351.112      598.54512      29671.712      27066.508      6599.5683      33666.076      11023.876      0              2617.3332      4428.3987      8996.8997      0              1.2751146    
   3730000   65351.112      594.07125      31016.408      27068.594      6550.2393      33618.833      11046.91       0              2540.1746      4575.1532      8906.3567      0              1.2751146    
   3740000   65351.112      600.96272      32057.662      27126.092      6626.2248      33752.317      11111.412      0              2603.8939      4461.7002      8949.0861      0              1.2751146    
   3750000   65351.112      592.28733      29745.432      27029.922      6530.5698      33560.492      11035.798      0              2611.7368      4467.3789      8915.0085      0              1.2751146    
   3760000   65351.112      615.76793      30430.631      27258.06       6789.4673      34047.528      11096.643      0              2643.1033      4519.7777      8998.5366      0              1.2751146    
   3770000   65351.112      609.19056      31292.651      27200.404      6716.9451      33917.35       11129.191      0              2659.2335      4430.5484      8981.4311      0              1.2751146    
   3780000   65351.112      606.74228      29778.329      27213.235      6689.9503      33903.185      11084.066      0              2608.2207      4584.6561      8936.2915      0              1.2751146    
   3790000   65351.112      590.5709       30340.864      27117.347      6511.6444      33628.991      11023.76       0              2564.1087      4558.8547      8970.6228      0              1.2751146    
   3800000   65351.112      600.16263      32310.956      27159.114      6617.403       33776.517      11090.901      0              2591.9553      4486.2334      8990.0245      0              1.2751146    
   3810000   65351.112      606.21358      30114.223      27134.101      6684.1209      33818.222      11073.752      0              2637.7874      4470.5788      8951.9834      0              1.2751146    
   3820000   65351.112      603.32159      31703.298      27165.939      6652.2337      33818.173      11132.731      0              2600.9135      4503.6969      8928.5981      0              1.2751146    
   3830000   65351.112      607.41871      29039.519      27002.591      6697.4086      33700          10985.765      0              2578.3155      4502.7808      8935.7298      0              1.2751146    
   3840000   65351.112      598.60624      31803.49       27097.045      6600.2422      33697.287      11102.267      0              2574.6393      4433.478       8986.6606      0              1.2751146    
   3850000   65351.112      606.59115      30118.633      27155.192      6688.284       33843.476      11047.688      0              2660.2539      4474.2018      8973.0487      0              1.2751146    
   3860000   65351.112      596.70489      28650.202      27042.005      6579.2779      33621.283      10962.924      0              2665.2348      4453.9099      8959.9362      0              1.2751146    
   3870000   65351.112      596.31781      29507.234      27249.554      6575.0099      33824.564      11053.439      0              2674.5343      4448.4314      9073.1489      0              1.2751146    
   3880000   65351.112      595.07318      29632.601      27160.726      6561.2866      33722.012      11063.885      0              2711.5927      4432.1937      8953.0546      0              1.2751146    
   3890000   65351.112      595.11298      30758.879      27276.549      6561.7255      33838.275      11132.487      0              2635.0398      4575.735       8933.2876      0              1.2751146    
   3900000   65351.112      598.10359      28429.184      27026.122      6594.6999      33620.822      10917.766      0              2684.864       4486.968       8936.524       0              1.2751146    
   3910000   65351.112      606.53568      30730.116      27209.497      6687.6724      33897.169      10996.153      0              2666.3729      4508.8307      9038.1397      0              1.2751146    
   3920000   65351.112      587.12727      31237.701      27176.491      6473.6748      33650.166      10986.279      0              2611.6295      4576.2555      9002.3278      0              1.2751146    
   3930000   65351.112      610.15998      30959.161      27065.905      6727.6339      33793.539      11040.398      0              2621.9056      4461.7893      8941.8121      0              1.2751146    
   3940000   65351.112      598.45743      30637.752      27073.311      6598.6014      33671.912      10994.593      0              2616.2302      4549.5507      8912.9369      0              1.2751146    
   3950000   65351.112      605.31165      29033.206      27166.902      6674.1762      33841.078      11097.289      0              2589.2839      4502.8388      8977.4904      0              1.2751146    
   3960000   65351.112      597.49705      30845.223      27053.252      6588.0122      33641.264      11014.004      0              2593.8223      4529.5167      8915.9092      0              1.2751146    
   3970000   65351.112      588.05207      31837.032      27124.023      6483.8718      33607.895      11088.688      0              2604.6198      4502.6445      8928.0711      0              1.2751146    
   3980000   65351.112      596.80212      29745.477      27140.382      6580.3499      33720.732      11057.044      0              2732.0868      4465.2098      8886.0417      0              1.2751146    
   3990000   65351.112      586.18219      30779.866      27165.518      6463.2544      33628.772      11080.429      0              2605.7505      4540.3679      8938.9708      0              1.2751146    
   4000000   65351.112      594.86638      30019.087      27113.87       6559.0064      33672.876      11027.907      0              2565.5528      4551.2543      8969.1558      0              1.2751146    
   4001106   65351.112      596.57042      29930.122      27069.777      6577.7952      33647.573      10997.97       0              2650.8879      4483.5515      8937.3683      0              1.2751146    
Loop time of 295.477 on 48 procs for 500000 steps with 3700 atoms

Performance: 14.620 ns/day, 1.642 hours/ns, 1692.177 timesteps/s, 6.261 Matom-step/s
99.9% CPU use with 48 MPI tasks x 1 OpenMP threads

MPI task timing breakdown:
Section |  min time  |  avg time  |  max time  |%varavg| %total
---------------------------------------------------------------
Pair    | 156.76     | 189.49     | 218.41     | 102.7 | 64.13
Bond    | 21.575     | 25.65      | 30.433     |  42.4 |  8.68
Neigh   | 0.97385    | 0.97784    | 0.98048    |   0.2 |  0.33
Comm    | 41.794     | 74.023     | 111.05     | 183.0 | 25.05
Output  | 0.021011   | 0.038466   | 0.054427   |   4.7 |  0.01
Modify  | 2.3975     | 2.961      | 3.8996     |  20.3 |  1.00
Other   |            | 2.341      |            |       |  0.79

Nlocal:        77.0833 ave          93 max          64 min
Histogram: 2 7 4 8 4 11 5 5 1 1
Nghost:        3317.48 ave        3361 max        3253 min
Histogram: 1 0 3 5 5 7 11 10 4 2
Neighs:        24776.4 ave       29181 max       20085 min
Histogram: 3 2 5 7 5 5 10 5 5 1

Total # of neighbors = 1189266
Ave neighs/atom = 321.42324
Ave special neighs/atom = 11.898378
Neighbor list builds = 868
Dangerous builds = 0
Generated 0 of 1 mixed pair_coeff terms from geometric mixing rule
Setting up Verlet run ...
  Unit style    : real
  Current step  : 4001106
  Time step     : 0.1
WARNING: Inconsistent image flags (src/domain.cpp:1051)
Per MPI rank memory allocation (min/avg/max) = 13.93 | 13.94 | 13.94 Mbytes
   Step         Volume          Temp          Press          PotEng         KinEng         TotEng         E_vdwl         E_coul         E_bond        E_angle        E_dihed        E_impro        Density    
   4001106   65351.112      308            27704.506      27069.777      3396.013       30465.79       10997.97       0              2650.8879      4483.5515      8937.3683      0              1.2751146    
   4010000   65351.112      304.18228      29481.307      23458.553      3353.9188      26812.472      10427.118      0              1530.494       3530.7976      7970.1431      0              1.2751146    
   4020000   65351.112      304.24974      29476.651      23439.97       3354.6626      26794.632      10418.044      0              1559.0088      3537.7194      7925.1974      0              1.2751146    
   4030000   65351.112      308.03956      30403.447      23323.412      3396.4492      26719.861      10422.513      0              1477.199       3496.042       7927.6574      0              1.2751146    
   4040000   65351.112      308.97933      30294.851      23437.59       3406.8112      26844.401      10392.796      0              1563.9694      3488.2558      7992.5692      0              1.2751146    
   4050000   65351.112      305.66029      30442.099      23451.087      3370.2154      26821.303      10451.963      0              1552.9684      3506.0583      7940.0974      0              1.2751146    
   4060000   65351.112      303.13827      30024.438      23364.099      3342.4075      26706.506      10472.352      0              1524.5176      3442.0656      7925.1634      0              1.2751146    
   4070000   65351.112      311.69877      29821.269      23370.726      3436.7957      26807.522      10403.14       0              1547.1629      3480.4109      7940.0126      0              1.2751146    
   4080000   65351.112      310.97357      28511.056      23375.823      3428.7997      26804.623      10378.3        0              1585.0463      3487.9303      7924.5464      0              1.2751146    
   4090000   65351.112      309.3872       29398.033      23431.027      3411.3084      26842.336      10391.888      0              1583.5407      3524.3012      7931.2977      0              1.2751146    
   4100000   65351.112      303.36023      28279.632      23333.868      3344.8549      26678.723      10371.253      0              1568.7776      3491.818       7902.0188      0              1.2751146    
   4110000   65351.112      308.51104      29514.818      23451.355      3401.6477      26853.003      10374.148      0              1602.1397      3482.3544      7992.7137      0              1.2751146    
   4120000   65351.112      304.15668      29073.112      23383.168      3353.6366      26736.805      10410.413      0              1517.5623      3478.176       7977.0169      0              1.2751146    
   4130000   65351.112      313.84657      29371.692      23358.914      3460.4775      26819.392      10380.4        0              1554.4711      3434.7093      7989.3334      0              1.2751146    
   4140000   65351.112      311.85762      29261.198      23380.205      3438.5472      26818.752      10358.437      0              1557.2015      3532.1141      7932.452       0              1.2751146    
   4150000   65351.112      311.03201      30602.317      23324.171      3429.444       26753.615      10388.758      0              1498.3159      3487.2948      7949.8026      0              1.2751146    
   4160000   65351.112      308.53147      28967.92       23395.814      3401.873       26797.687      10403.966      0              1559.8964      3520.024       7911.9276      0              1.2751146    
   4170000   65351.112      308.07959      28477.749      23414.986      3396.8906      26811.876      10401.332      0              1568.4114      3485.7144      7959.5276      0              1.2751146    
   4180000   65351.112      307.16803      27965.004      23314.913      3386.8398      26701.753      10365.672      0              1509.6641      3474.3368      7965.24        0              1.2751146    
   4190000   65351.112      311.26365      28921.782      23412.13       3431.9981      26844.128      10408.234      0              1575.3204      3510.6412      7917.9345      0              1.2751146    
   4200000   65351.112      307.21226      27641.659      23406.683      3387.3274      26794.01       10352.554      0              1598.2712      3503.2284      7952.629       0              1.2751146    
   4210000   65351.112      309.20026      29038.127      23354.899      3409.2471      26764.146      10361.657      0              1522.8709      3565.1264      7905.2439      0              1.2751146    
   4220000   65351.112      308.91195      29764.473      23382.365      3406.0682      26788.434      10352.13       0              1535.0318      3521.31        7973.8937      0              1.2751146    
   4230000   65351.112      307.09938      28978.613      23428.615      3386.0828      26814.698      10393.816      0              1587.0922      3505.8072      7941.899       0              1.2751146    
   4240000   65351.112      301.6439       29118.291      23324.031      3325.9306      26649.961      10352.747      0              1544.3068      3516.3417      7910.6348      0              1.2751146    
   4250000   65351.112      310.03513      28931.2        23437.193      3418.4524      26855.645      10343.255      0              1532.4629      3526.5808      8034.8938      0              1.2751146    
   4260000   65351.112      309.95132      28586.767      23385.949      3417.5283      26803.478      10353.795      0              1539.4628      3533.0081      7959.6834      0              1.2751146    
   4270000   65351.112      309.9343       28211.082      23397.997      3417.3407      26815.338      10420.194      0              1588.0982      3505.1999      7884.505       0              1.2751146    
   4280000   65351.112      309.53417      28286.403      23474.154      3412.9288      26887.083      10391.719      0              1585.5756      3533.6704      7963.1894      0              1.2751146    
   4290000   65351.112      312.71301      30463.254      23377.331      3447.9787      26825.31       10417.64       0              1519.9697      3521.0685      7918.6527      0              1.2751146    
   4300000   65351.112      311.49271      28433.891      23380.006      3434.5237      26814.53       10308.41       0              1570.8596      3490.3296      8010.4076      0              1.2751146    
   4310000   65351.112      311.36494      28228.306      23424.482      3433.1149      26857.597      10427.163      0              1552.8056      3500.5012      7944.0123      0              1.2751146    
   4320000   65351.112      316.38519      29010.658      23371.303      3488.4683      26859.772      10421.257      0              1551.0058      3509.3293      7889.7116      0              1.2751146    
   4330000   65351.112      304.06257      28166.452      23337.209      3352.5988      26689.808      10382.656      0              1546.8324      3475.5627      7932.1583      0              1.2751146    
   4340000   65351.112      303.90868      29634.107      23337.607      3350.9021      26688.51       10421.974      0              1493.9918      3508.0053      7913.6366      0              1.2751146    
   4350000   65351.112      314.1827       28546.605      23404.918      3464.1836      26869.101      10436.814      0              1543.2668      3490.2892      7934.5475      0              1.2751146    
   4360000   65351.112      309.52695      28681.712      23334.612      3412.8492      26747.462      10356.952      0              1529.3501      3461.8826      7986.4278      0              1.2751146    
   4370000   65351.112      306.95347      29764.15       23345.997      3384.474       26730.471      10330.181      0              1556.6084      3517.191       7942.0166      0              1.2751146    
   4380000   65351.112      307.61246      28874.908      23374.537      3391.74        26766.277      10418.938      0              1531.6945      3496.5138      7927.3903      0              1.2751146    
   4390000   65351.112      302.86721      30043.225      23361.468      3339.4188      26700.886      10472.921      0              1525.0639      3472.519       7890.9641      0              1.2751146    
   4400000   65351.112      309.69608      28691.017      23352.815      3414.7141      26767.529      10333.807      0              1563.6607      3533.6233      7921.7241      0              1.2751146    
   4410000   65351.112      302.65847      28636.974      23413.398      3337.1172      26750.515      10365.28       0              1574.5201      3505.4093      7968.1887      0              1.2751146    
   4420000   65351.112      310.89464      29345.353      23380.177      3427.9293      26808.107      10372.958      0              1574.6322      3506.0496      7926.5377      0              1.2751146    
   4430000   65351.112      306.97824      28720.969      23322.841      3384.7471      26707.588      10354.832      0              1575.3769      3507.3282      7885.3036      0              1.2751146    
   4440000   65351.112      307.00122      30067.237      23343.774      3385.0005      26728.775      10352.216      0              1514.8022      3550.6656      7926.09        0              1.2751146    
   4450000   65351.112      307.82537      29298.326      23286.542      3394.0876      26680.63       10373.479      0              1525.1479      3464.4779      7923.4371      0              1.2751146    
   4460000   65351.112      304.7683       29265.191      23374.435      3360.3803      26734.815      10404.209      0              1548.8015      3502.5156      7918.9088      0              1.2751146    
   4470000   65351.112      302.16884      29650.19       23308.838      3331.7186      26640.557      10382.089      0              1531.7934      3459.2195      7935.7363      0              1.2751146    
   4480000   65351.112      312.30178      30170.006      23304.407      3443.4445      26747.851      10449.8        0              1499.7407      3443.8799      7910.9867      0              1.2751146    
   4490000   65351.112      306.49182      29922.137      23317.433      3379.3838      26696.817      10373.753      0              1583.1006      3453.9579      7906.6215      0              1.2751146    
   4500000   65351.112      310.75553      30162.193      23414.977      3426.3956      26841.372      10445.236      0              1534.4083      3534.4799      7900.8528      0              1.2751146    
   4510000   65351.112      311.21038      28782.126      23399.121      3431.4107      26830.532      10419.913      0              1584.5689      3512.0079      7882.631       0              1.2751146    
   4520000   65351.112      304.05891      29437.656      23356.742      3352.5585      26709.3        10368.41       0              1541.8999      3513.5497      7932.8824      0              1.2751146    
   4530000   65351.112      305.15949      29301.212      23441.739      3364.6936      26806.432      10430.037      0              1580.6159      3463.9155      7967.1699      0              1.2751146    
   4540000   65351.112      308.56572      29374.049      23377.959      3402.2507      26780.21       10438.601      0              1566.81        3474.239       7898.3093      0              1.2751146    
   4550000   65351.112      305.21953      29652.066      23257.47       3365.3556      26622.825      10365.857      0              1537.5377      3496.9416      7857.1335      0              1.2751146    
   4560000   65351.112      306.0729       28412.25       23299.024      3374.7648      26673.788      10343.435      0              1492.8986      3515.0659      7947.6236      0              1.2751146    
   4570000   65351.112      314.83713      29751.729      23408.297      3471.3994      26879.696      10506.677      0              1557.9512      3469.9092      7873.7597      0              1.2751146    
   4580000   65351.112      313.20808      28802.871      23402.374      3453.4374      26855.812      10368.298      0              1571.1011      3525.3366      7937.6389      0              1.2751146    
   4590000   65351.112      309.86368      29297.303      23237.139      3416.562       26653.701      10316.407      0              1543.2981      3477.1679      7900.2657      0              1.2751146    
   4600000   65351.112      306.76946      29835.895      23326.414      3382.4451      26708.859      10358.19       0              1529.7621      3487.3939      7951.0688      0              1.2751146    
   4610000   65351.112      314.91862      29470.345      23346.526      3472.2978      26818.824      10411.447      0              1577.7311      3475.4927      7881.8548      0              1.2751146    
   4620000   65351.112      301.05439      29095.462      23348.671      3319.4307      26668.102      10437.075      0              1569.8802      3479.2977      7862.4181      0              1.2751146    
   4630000   65351.112      304.23711      29669.887      23360.999      3354.5234      26715.523      10403.01       0              1544.5138      3503.9362      7909.5397      0              1.2751146    
   4640000   65351.112      303.93266      29434.54       23410.101      3351.1664      26761.267      10372.354      0              1531.133       3546.8889      7959.7249      0              1.2751146    
   4650000   65351.112      310.79986      29709.277      23405.417      3426.8844      26832.301      10410.325      0              1560.6156      3514.8494      7919.6264      0              1.2751146    
   4660000   65351.112      309.24256      28129.799      23263.842      3409.7135      26673.555      10242.675      0              1574.9745      3529.8594      7916.3334      0              1.2751146    
   4670000   65351.112      309.54892      28510.683      23324.776      3413.0914      26737.867      10309.756      0              1551.2185      3549.3105      7914.4904      0              1.2751146    
   4680000   65351.112      310.75236      30314.443      23446.769      3426.3606      26873.129      10401.659      0              1646.0952      3504.4384      7894.5759      0              1.2751146    
   4690000   65351.112      303.28311      29020.249      23355.087      3344.0045      26699.092      10296.226      0              1582.7518      3566.177       7909.9323      0              1.2751146    
   4700000   65351.112      308.43102      30141.632      23367.949      3400.7655      26768.714      10386.102      0              1556.5333      3528.06        7897.2531      0              1.2751146    
   4710000   65351.112      308.37321      29082.554      23344.613      3400.128       26744.741      10408.79       0              1572.6673      3489.3119      7873.8438      0              1.2751146    
   4720000   65351.112      305.67557      28961.244      23343.078      3370.3839      26713.462      10360.662      0              1545.1289      3502.1671      7935.1197      0              1.2751146    
   4730000   65351.112      306.76644      30460.249      23371.874      3382.4117      26754.286      10423.668      0              1536.1437      3525.2032      7886.8593      0              1.2751146    
   4740000   65351.112      307.9915       30635.337      23311.399      3395.9193      26707.319      10369.541      0              1530.7922      3513.734       7897.3324      0              1.2751146    
   4750000   65351.112      304.86141      30072.928      23387.222      3361.4068      26748.629      10359.17       0              1572.6336      3543.9354      7911.4829      0              1.2751146    
   4760000   65351.112      310.77883      27540.831      23380.545      3426.6525      26807.198      10361.129      0              1566.2854      3513.3691      7939.7615      0              1.2751146    
   4770000   65351.112      305.6772       28343.718      23381.298      3370.4018      26751.7        10393.88       0              1575.8347      3486.2834      7925.2999      0              1.2751146    
   4780000   65351.112      300.05394      28777.776      23428.968      3308.3996      26737.368      10401.661      0              1572.3635      3507.151       7947.7926      0              1.2751146    
   4790000   65351.112      302.8926       28919.752      23390.843      3339.6987      26730.542      10405.398      0              1577.0581      3489.0527      7919.3341      0              1.2751146    
   4800000   65351.112      309.5445       28935.541      23261.325      3413.0427      26674.368      10392.243      0              1524.8278      3455.9746      7888.2804      0              1.2751146    
   4810000   65351.112      306.66272      30079.035      23322.537      3381.2682      26703.805      10337.295      0              1524.0477      3508.8313      7952.3627      0              1.2751146    
   4820000   65351.112      311.54529      29662.089      23285.458      3435.1035      26720.561      10387.445      0              1557.7135      3473.3022      7866.9974      0              1.2751146    
   4830000   65351.112      311.4198       29316.158      23355.55       3433.7198      26789.27       10374.898      0              1540.9898      3505.2141      7934.4489      0              1.2751146    
   4840000   65351.112      304.72742      29575.044      23293.583      3359.9296      26653.512      10410.737      0              1520.2713      3470.8536      7891.7212      0              1.2751146    
   4850000   65351.112      299.74584      30299.762      23363.46       3305.0025      26668.462      10369.603      0              1554.8069      3526.3926      7912.657       0              1.2751146    
   4860000   65351.112      311.30119      29411.802      23315.775      3432.412       26748.187      10336.291      0              1579.3616      3456.0951      7944.0272      0              1.2751146    
   4870000   65351.112      304.62283      29002.575      23343.042      3358.7764      26701.819      10377.984      0              1549.6265      3492.7213      7922.71        0              1.2751146    
   4880000   65351.112      312.11394      29910.441      23320.956      3441.3735      26762.33       10424.158      0              1509.3899      3486.7873      7900.621       0              1.2751146    
   4890000   65351.112      304.8415       29127.578      23348.482      3361.1874      26709.669      10392.931      0              1521.1744      3494.0265      7940.3494      0              1.2751146    
   4900000   65351.112      312.87923      29028.865      23382.252      3449.8115      26832.064      10390.692      0              1561.9972      3500.0116      7929.5519      0              1.2751146    
   4910000   65351.112      305.458        29334.575      23373.728      3367.9849      26741.713      10392.228      0              1580.104       3470.7716      7930.6249      0              1.2751146    
   4920000   65351.112      302.51024      29717.975      23398.775      3335.4829      26734.258      10404.794      0              1535.8592      3561.1772      7896.9443      0              1.2751146    
   4930000   65351.112      300.61594      29792.219      23382.729      3314.5963      26697.325      10395.152      0              1550.5867      3532.942       7904.0477      0              1.2751146    
   4940000   65351.112      304.5716       28946.656      23334.575      3358.2114      26692.787      10377.845      0              1524.8241      3454.7192      7977.1864      0              1.2751146    
   4950000   65351.112      303.04452      29392.455      23355.946      3341.3738      26697.32       10439.949      0              1549.8906      3457.6081      7908.4984      0              1.2751146    
   4960000   65351.112      303.54614      30174.634      23323.468      3346.9047      26670.372      10390.049      0              1561.0304      3451.0965      7921.292       0              1.2751146    
   4970000   65351.112      301.5654       29232.309      23354.002      3325.0651      26679.068      10377.067      0              1538.9369      3483.8929      7954.106       0              1.2751146    
   4980000   65351.112      304.61926      29157.612      23291.031      3358.737       26649.768      10393.875      0              1524.0749      3517.8086      7855.2724      0              1.2751146    
   4990000   65351.112      312.77675      30289.906      23311.346      3448.6816      26760.028      10434.257      0              1519.9328      3462.0248      7895.1316      0              1.2751146    
   5000000   65351.112      306.19714      28582.112      23306.458      3376.1347      26682.593      10374.857      0              1518.3777      3510.5254      7902.6979      0              1.2751146    
   5001106   65351.112      310.20572      28304.608      23344.645      3420.3333      26764.978      10415.649      0              1530.9163      3502.9402      7895.1394      0              1.2751146    
Loop time of 582.728 on 48 procs for 1000000 steps with 3700 atoms

Performance: 14.827 ns/day, 1.619 hours/ns, 1716.067 timesteps/s, 6.349 Matom-step/s
99.9% CPU use with 48 MPI tasks x 1 OpenMP threads

MPI task timing breakdown:
Section |  min time  |  avg time  |  max time  |%varavg| %total
---------------------------------------------------------------
Pair    | 320.43     | 379.64     | 432.87     | 155.6 | 65.15
Bond    | 42.823     | 51.167     | 61.748     |  63.7 |  8.78
Neigh   | 0.96684    | 0.97096    | 0.97345    |   0.2 |  0.17
Comm    | 80.239     | 140.32     | 205.95     | 285.5 | 24.08
Output  | 0.041709   | 0.077335   | 0.10995    |   6.7 |  0.01
Modify  | 4.595      | 5.8875     | 7.8609     |  31.4 |  1.01
Other   |            | 4.667      |            |       |  0.80

Nlocal:        77.0833 ave          91 max          65 min
Histogram: 4 3 5 9 4 6 10 4 2 1
Nghost:        3324.46 ave        3354 max        3284 min
Histogram: 1 0 4 6 7 7 5 10 6 2
Neighs:        24766.7 ave       27821 max       20426 min
Histogram: 3 1 5 4 7 3 6 5 5 9

Total # of neighbors = 1188803
Ave neighs/atom = 321.29811
Ave special neighs/atom = 11.898378
Neighbor list builds = 869
Dangerous builds = 0
Generated 0 of 1 mixed pair_coeff terms from geometric mixing rule
Setting up Verlet run ...
  Unit style    : real
  Current step  : 5001106
  Time step     : 0.1
WARNING: Inconsistent image flags (src/domain.cpp:1051)
Per MPI rank memory allocation (min/avg/max) = 13.93 | 13.94 | 13.94 Mbytes
   Step         Volume          Temp          Press          PotEng         KinEng         TotEng         E_vdwl         E_coul         E_bond        E_angle        E_dihed        E_impro        Density    
   5001106   65351.112      308            28287.597      23344.645      3396.013       26740.658      10415.649      0              1530.9163      3502.9402      7895.1394      0              1.2751146    
   5010000   59078.343      313.62854      49591.995      26799.423      3458.0735      30257.497      13672.052      0              1432.8185      3490.0696      8204.4833      0              1.4105027    
   5020000   58698.632      308.78831      50207.201      27026.933      3404.705       30431.638      13759.582      0              1499.6259      3561.1231      8206.602       0              1.419627     
   5030000   58673.926      317.0814       49698.51       27069.644      3496.1447      30565.788      13798.762      0              1524.2472      3508.8698      8237.7647      0              1.4202247    
   5040000   58653.338      301.18364      49576.176      26972.447      3320.8557      30293.303      13794.056      0              1458.191       3513.5476      8206.6525      0              1.4207232    
   5050000   58574.587      303.72168      50276.509      27177.137      3348.8402      30525.977      13804.236      0              1552.0275      3569.8531      8251.0209      0              1.4226333    
   5060000   58504.623      308.51535      50340.918      27044.48       3401.6953      30446.175      13990.365      0              1447.3016      3460.6395      8146.174       0              1.4243346    
   5070000   58746.968      306.75904      49481.872      26953.787      3382.3302      30336.117      13718.593      0              1494.7493      3569.1966      8171.2482      0              1.4184589    
   5080000   58765.083      307.87345      49175.661      26961.524      3394.6177      30356.141      13706.844      0              1531.7342      3526.3917      8196.5543      0              1.4180217    
   5090000   58465.75       309.77485      50295.634      27135.061      3415.5826      30550.644      13877.137      0              1502.3142      3531.2468      8224.3631      0              1.4252817    
   5100000   58529.178      314.40292      50991.517      27132.635      3466.6117      30599.246      13901.806      0              1535.0551      3478.9467      8216.8271      0              1.4237371    
   5110000   58463.924      311.98384      51636.305      27176.342      3439.939       30616.281      13939.195      0              1482.908       3495.1177      8259.1208      0              1.4253262    
   5120000   58671.127      303.42281      49019.555      26929.118      3345.5449      30274.663      13715.892      0              1558.9724      3499.4682      8154.7853      0              1.4202925    
   5130000   58524.07       312.13463      49385.238      27143.432      3441.6016      30585.033      13817.28       0              1512.458       3555.055       8258.6382      0              1.4238613    
   5140000   58430.654      306.38709      49232.182      27208.526      3378.229       30586.755      13940.866      0              1539.6517      3537.1999      8190.808       0              1.4261377    
   5150000   58587.032      312.42173      50793.944      27005.524      3444.7671      30450.291      13789.09       0              1485.0644      3527.3361      8204.0335      0              1.4223311    
   5160000   58460.099      306.68574      50036.179      27190.815      3381.522       30572.337      13870.918      0              1530.1791      3561.4716      8228.2458      0              1.4254194    
   5170000   58409.333      308.77817      49493.772      27223.286      3404.5932      30627.879      13905.451      0              1490.7888      3620.8149      8206.2316      0              1.4266583    
   5180000   58597.745      303.48777      49373.271      26989.306      3346.2611      30335.567      13741.104      0              1480.2769      3538.9107      8229.0149      0              1.4220711    
   5190000   58557.323      307.18527      50407.551      27030.206      3387.0298      30417.235      13798.687      0              1496.3827      3532.3663      8202.7693      0              1.4230528    
   5200000   58359.567      304.20361      50944.666      27182.127      3354.154       30536.281      13975.418      0              1504.3963      3477.3617      8224.9506      0              1.4278749    
   5210000   58530.646      313.52891      49962.788      27096.399      3456.9749      30553.374      13884.72       0              1518.6024      3473.2799      8219.7967      0              1.4237014    
   5220000   58343.253      309.51643      52121.133      27195.222      3412.7333      30607.956      14008.272      0              1477.1312      3537.6753      8172.144       0              1.4282742    
   5230000   58344.138      305.58137      50029.992      27254.948      3369.3452      30624.294      13949.769      0              1542.4673      3555.1992      8207.5127      0              1.4282525    
   5240000   58556.041      311.80871      48956.128      26971.376      3438.0079      30409.384      13858.607      0              1456.8971      3486.2611      8169.6104      0              1.4230839    
   5250000   58710.275      313.5305       50079.732      26972.825      3456.9925      30429.817      13730.387      0              1520.8554      3512.0268      8209.5556      0              1.4193454    
   5260000   58385.617      305.06436      51239.101      27158.002      3363.6446      30521.647      13962.977      0              1470.2334      3504.0172      8220.7745      0              1.4272378    
   5270000   58529.906      306.94622      50684.118      27140.098      3384.394       30524.492      13900.076      0              1419.2408      3575.054       8245.7276      0              1.4237194    
   5280000   58467.003      314.03732      49746.214      27015.062      3462.5806      30477.642      13814.471      0              1512.7623      3494.4902      8193.3379      0              1.4252511    
   5290000   58438.666      303.69774      52280.769      27089.057      3348.5762      30437.633      13923.232      0              1484.327       3486.9736      8194.5241      0              1.4259422    
   5300000   58552.88       302.00853      49466.356      27038.765      3329.951       30368.716      13780.32       0              1478.11        3533.6074      8246.7279      0              1.4231607    
   5310000   58542.704      308.31247      48526.293      27080.541      3399.4583      30479.999      13801.603      0              1490.0586      3519.4126      8269.4666      0              1.4234081    
   5320000   58474.526      301.2607       49938.111      27020.529      3321.7055      30342.235      13835.83       0              1432.1595      3520.5182      8232.0217      0              1.4250677    
   5330000   58442.268      307.26529      50435.08       27205.481      3387.9121      30593.393      13905.034      0              1503.6104      3535.966       8260.8705      0              1.4258543    
   5340000   58370.256      311.06657      50480.789      27239.575      3429.8251      30669.4        13985.305      0              1540.2294      3529.3762      8184.6642      0              1.4276134    
   5350000   58327.606      304.94097      49401.368      27146.131      3362.2842      30508.415      13873.311      0              1498.7786      3492.0068      8282.034       0              1.4286573    
   5360000   58319.11       310.87739      50000.164      27210.994      3427.7392      30638.733      13917.819      0              1532.3356      3530.5934      8230.2457      0              1.4288654    
   5370000   58583.176      304.56083      50009.881      27013.05       3358.0927      30371.143      13742.07       0              1504.474       3535.1911      8231.315       0              1.4224248    
   5380000   58332.927      317.35766      49882.977      27187.635      3499.1907      30686.826      13912.804      0              1527.2551      3483.4457      8264.1305      0              1.428527     
   5390000   58397.371      304.8327       51247.364      27121.336      3361.0903      30482.427      13930.533      0              1465.5937      3515.1274      8210.0821      0              1.4269506    
   5400000   58312.467      307.74338      50252.453      27148.693      3393.1835      30541.876      13961.222      0              1450.2568      3478.2693      8258.9445      0              1.4290282    
   5410000   58364.219      303.52335      50124.409      27158.598      3346.6534      30505.252      13898.224      0              1468.5308      3583.8772      8207.9668      0              1.4277611    
   5420000   58395.966      301.14524      49339.034      27132.044      3320.4324      30452.476      13852.783      0              1521.1479      3486.484       8271.6295      0              1.4269849    
   5430000   58444.232      311.96764      49849.029      27073.043      3439.7603      30512.803      13853.137      0              1575.7277      3464.6662      8179.5116      0              1.4258064    
   5440000   58433.451      311.46174      50291.075      27133.783      3434.1823      30567.965      13938.652      0              1509.3088      3457.4303      8228.3914      0              1.4260695    
   5450000   58425.598      304.8964       50895.753      27162.795      3361.7927      30524.587      13937.252      0              1512.3876      3531.5414      8181.614       0              1.4262611    
   5460000   58374.167      306.44055      49597.709      27185.968      3378.8185      30564.787      13927.513      0              1498.0484      3511.7858      8248.6205      0              1.4275178    
   5470000   58483.392      309.91163      50290.851      27079.01       3417.0907      30496.101      13890.688      0              1486.7069      3495.3706      8206.2439      0              1.4248517    
   5480000   58335.135      313.01386      50275.022      27217.699      3451.2959      30668.995      13934.119      0              1505.2756      3540.99        8237.3142      0              1.4284729    
   5490000   58351.625      306.46901      50923.651      27162.593      3379.1323      30541.725      13954.56       0              1506.9872      3448.3675      8252.6786      0              1.4280692    
   5500000   58311.551      315.48759      51341.857      27254.354      3478.5713      30732.925      13974.891      0              1499.3466      3496.1639      8283.9522      0              1.4290507    
   5501106   58629.231      312.14738      48203.787      26990.446      3441.7422      30432.188      13792.36       0              1496.5953      3468.406       8233.0851      0              1.4213074    
Loop time of 350.488 on 48 procs for 500000 steps with 3700 atoms

Performance: 12.326 ns/day, 1.947 hours/ns, 1426.584 timesteps/s, 5.278 Matom-step/s
99.9% CPU use with 48 MPI tasks x 1 OpenMP threads

MPI task timing breakdown:
Section |  min time  |  avg time  |  max time  |%varavg| %total
---------------------------------------------------------------
Pair    | 190.38     | 218.13     | 251.56     | 100.8 | 62.24
Bond    | 25.742     | 30.899     | 36.882     |  48.2 |  8.82
Neigh   | 0.47405    | 0.47578    | 0.47708    |   0.1 |  0.14
Comm    | 48.705     | 87.833     | 120.92     | 180.3 | 25.06
Output  | 0.020961   | 0.038681   | 0.055023   |   4.8 |  0.01
Modify  | 9.4193     | 10.083     | 11.1       |  11.8 |  2.88
Other   |            | 3.032      |            |       |  0.87

Nlocal:        77.0833 ave          90 max          66 min
Histogram: 4 4 8 4 5 8 6 6 0 3
Nghost:        3610.31 ave        3646 max        3555 min
Histogram: 1 0 2 6 6 6 9 11 4 3
Neighs:        27723.2 ave       33605 max       23877 min
Histogram: 6 7 6 5 10 5 5 2 0 2

Total # of neighbors = 1330712
Ave neighs/atom = 359.65189
Ave special neighs/atom = 11.898378
Neighbor list builds = 396
Dangerous builds = 0
Generated 0 of 1 mixed pair_coeff terms from geometric mixing rule
Setting up Verlet run ...
  Unit style    : real
  Current step  : 5501106
  Time step     : 0.1
WARNING: Inconsistent image flags (src/domain.cpp:1051)
Per MPI rank memory allocation (min/avg/max) = 13.93 | 13.94 | 13.95 Mbytes
   Step         Volume          Temp          Press          PotEng         KinEng         TotEng         E_vdwl         E_coul         E_bond        E_angle        E_dihed        E_impro        Density    
   5501106   58629.231      600            50678.401      26990.446      6615.6098      33606.056      13792.36       0              1496.5953      3468.406       8233.0851      0              1.4213074    
   5510000   58629.231      612.90329      50869.341      30739.781      6757.8817      37497.663      14490.609      0              2503.1999      4554.5557      9191.4164      0              1.4213074    
   5520000   58629.231      591.64867      49555.916      30846.023      6523.5279      37369.551      14399.778      0              2618.6105      4573.1618      9254.4726      0              1.4213074    
   5530000   58629.231      593.26009      50939.899      30789.65       6541.2955      37330.946      14438.727      0              2528.6334      4517.3112      9304.9789      0              1.4213074    
   5540000   58629.231      596.43774      54473.249      30766.466      6576.3323      37342.798      14500.07       0              2562.203       4530.2805      9173.9127      0              1.4213074    
   5550000   58629.231      602.95875      50114.87       30731.759      6648.2331      37379.992      14358.746      0              2547.0014      4538.3444      9287.6677      0              1.4213074    
   5551106   58629.231      600.32435      51426.046      30707.499      6619.1861      37326.685      14436.716      0              2472.2657      4552.1246      9246.3921      0              1.4213074    
Loop time of 32.1474 on 48 procs for 50000 steps with 3700 atoms

Performance: 13.438 ns/day, 1.786 hours/ns, 1555.337 timesteps/s, 5.755 Matom-step/s
99.9% CPU use with 48 MPI tasks x 1 OpenMP threads

MPI task timing breakdown:
Section |  min time  |  avg time  |  max time  |%varavg| %total
---------------------------------------------------------------
Pair    | 18.568     | 21.166     | 24.575     |  31.4 | 65.84
Bond    | 2.2098     | 2.5766     | 3.0023     |  13.7 |  8.02
Neigh   | 0.098874   | 0.099254   | 0.099594   |   0.1 |  0.31
Comm    | 3.9029     | 7.7634     | 10.689     |  57.7 | 24.15
Output  | 0.0021517  | 0.0039293  | 0.0056507  |   1.5 |  0.01
Modify  | 0.23887    | 0.2963     | 0.3937     |   6.2 |  0.92
Other   |            | 0.2421     |            |       |  0.75

Nlocal:        77.0833 ave          90 max          65 min
Histogram: 1 2 10 5 8 5 8 3 5 1
Nghost:        3597.15 ave        3618 max        3550 min
Histogram: 1 0 1 3 4 3 10 7 13 6
Neighs:        27639.3 ave       31382 max       23817 min
Histogram: 2 8 3 5 5 5 10 3 3 4

Total # of neighbors = 1326686
Ave neighs/atom = 358.56378
Ave special neighs/atom = 11.898378
Neighbor list builds = 83
Dangerous builds = 0
Generated 0 of 1 mixed pair_coeff terms from geometric mixing rule
Setting up Verlet run ...
  Unit style    : real
  Current step  : 5551106
  Time step     : 0.1
WARNING: Inconsistent image flags (src/domain.cpp:1051)
Per MPI rank memory allocation (min/avg/max) = 13.93 | 13.94 | 13.95 Mbytes
   Step         Volume          Temp          Press          PotEng         KinEng         TotEng         E_vdwl         E_coul         E_bond        E_angle        E_dihed        E_impro        Density    
   5551106   58629.231      308            48912.989      30707.499      3396.013       34103.512      14436.716      0              2472.2657      4552.1246      9246.3921      0              1.4213074    
   5560000   58629.231      313.37187      49849.273      27055.596      3455.2434      30510.84       13748.537      0              1495.2008      3524.7556      8287.1025      0              1.4213074    
   5570000   58629.231      308.53979      49957.322      27039.8        3401.9647      30441.765      13736.865      0              1522.9863      3521.4465      8258.5021      0              1.4213074    
   5580000   58629.231      301.9497       48942.061      27004.295      3329.3024      30333.598      13751.805      0              1483.0652      3516.6924      8252.7324      0              1.4213074    
   5590000   58629.231      307.70092      49689.06       26988.214      3392.7154      30380.929      13737.877      0              1484.8865      3516.5055      8248.9443      0              1.4213074    
   5600000   58629.231      313.64036      48515.815      26980.686      3458.2038      30438.89       13675.519      0              1488.3037      3507.509       8309.3547      0              1.4213074    
   5601106   58629.231      300.15723      49225.496      26950.226      3309.5386      30259.765      13646.381      0              1522.3899      3565.2818      8216.174       0              1.4213074    
Loop time of 31.9025 on 48 procs for 50000 steps with 3700 atoms

Performance: 13.541 ns/day, 1.772 hours/ns, 1567.273 timesteps/s, 5.799 Matom-step/s
99.9% CPU use with 48 MPI tasks x 1 OpenMP threads

MPI task timing breakdown:
Section |  min time  |  avg time  |  max time  |%varavg| %total
---------------------------------------------------------------
Pair    | 18.329     | 21.166     | 24.379     |  31.6 | 66.35
Bond    | 2.1662     | 2.5678     | 2.9742     |  14.1 |  8.05
Neigh   | 0.040011   | 0.040168   | 0.040274   |   0.0 |  0.13
Comm    | 3.93       | 7.5871     | 10.819     |  58.9 | 23.78
Output  | 0.0021456  | 0.003908   | 0.0055881  |   1.5 |  0.01
Modify  | 0.23607    | 0.29653    | 0.3906     |   6.4 |  0.93
Other   |            | 0.2409     |            |       |  0.76

Nlocal:        77.0833 ave          85 max          68 min
Histogram: 4 2 4 2 10 9 1 5 7 4
Nghost:         3601.9 ave        3624 max        3567 min
Histogram: 1 0 5 4 6 4 8 7 9 4
Neighs:        27630.9 ave       32602 max       23336 min
Histogram: 1 5 4 4 11 13 8 1 0 1

Total # of neighbors = 1326283
Ave neighs/atom = 358.45486
Ave special neighs/atom = 11.898378
Neighbor list builds = 34
Dangerous builds = 0
Generated 0 of 1 mixed pair_coeff terms from geometric mixing rule
Setting up Verlet run ...
  Unit style    : real
  Current step  : 5601106
  Time step     : 0.1
WARNING: Inconsistent image flags (src/domain.cpp:1051)
Per MPI rank memory allocation (min/avg/max) = 13.93 | 13.94 | 13.95 Mbytes
   Step         Volume          Temp          Press          PotEng         KinEng         TotEng         E_vdwl         E_coul         E_bond        E_angle        E_dihed        E_impro        Density    
   5601106   58629.231      308            49292.919      26950.226      3396.013       30346.239      13646.381      0              1522.3899      3565.2818      8216.174       0              1.4213074    
   5610000   66968.815      308.11962      25976.134      22983.223      3397.332       26380.555      9868.7641      0              1611.1863      3521.3978      7981.8749      0              1.2443129    
   5620000   67207.747      306.20142      25597.193      22766.912      3376.1819      26143.094      9750.5063      0              1532.7593      3506.252       7977.3946      0              1.2398892    
   5630000   66847.79       300.52487      26228.872      22890.661      3313.5921      26204.253      9900.8493      0              1598.7635      3479.5401      7911.5081      0              1.2465657    
   5640000   67026.866      306.7091       25725.686      22767.616      3381.7795      26149.395      9876.0869      0              1565.4872      3457.6608      7868.3808      0              1.2432352    
   5650000   67285.144      311.04424      25175.315      22707.874      3429.5789      26137.453      9665.373       0              1606.6381      3511.2121      7924.651       0              1.238463     
   5660000   67001.341      305.11534      25786.793      22753.436      3364.2067      26117.642      9770.4252      0              1566.2001      3522.2854      7894.5249      0              1.2437089    
   5670000   67071.8        303.95135      24962.427      22841.416      3351.3726      26192.789      9757.6799      0              1624.919       3516.523       7942.2943      0              1.2424023    
   5680000   67120.879      311.43396      25392.563      22718.547      3433.8759      26152.423      9720.4598      0              1510.5533      3537.8652      7949.6682      0              1.2414939    
   5690000   67308.32       315.04642      25915.464      22631.441      3473.707       26105.148      9661.1346      0              1549.9482      3516.1944      7904.1636      0              1.2380365    
   5700000   67389.249      301.12992      24613.64       22536.349      3320.2635      25856.612      9571.6072      0              1562.8684      3523.5879      7878.2853      0              1.2365498    
   5701106   67270.703      302.16851      24923.665      22606.701      3331.7149      25938.416      9661.5594      0              1570.6439      3476.0045      7898.4932      0              1.2387289    
Loop time of 62.9381 on 48 procs for 100000 steps with 3700 atoms

Performance: 13.728 ns/day, 1.748 hours/ns, 1588.862 timesteps/s, 5.879 Matom-step/s
99.9% CPU use with 48 MPI tasks x 1 OpenMP threads

MPI task timing breakdown:
Section |  min time  |  avg time  |  max time  |%varavg| %total
---------------------------------------------------------------
Pair    | 32.407     | 38.144     | 44.618     |  48.1 | 60.61
Bond    | 5.0916     | 6.1341     | 7.3589     |  23.5 |  9.75
Neigh   | 0.11436    | 0.11493    | 0.11531    |   0.1 |  0.18
Comm    | 8.7136     | 16.221     | 22.482     |  84.7 | 25.77
Output  | 0.0041386  | 0.0076099  | 0.010921   |   2.1 |  0.01
Modify  | 1.6216     | 1.781      | 1.9802     |   6.2 |  2.83
Other   |            | 0.5357     |            |       |  0.85

Nlocal:        77.0833 ave          91 max          64 min
Histogram: 1 5 3 7 12 5 3 9 2 1
Nghost:        3248.38 ave        3277 max        3210 min
Histogram: 1 1 3 6 7 9 7 5 6 3
Neighs:        24048.4 ave       28484 max       20346 min
Histogram: 4 3 9 4 7 5 6 6 3 1

Total # of neighbors = 1154323
Ave neighs/atom = 311.97919
Ave special neighs/atom = 11.898378
Neighbor list builds = 105
Dangerous builds = 0
Generated 0 of 1 mixed pair_coeff terms from geometric mixing rule
Setting up Verlet run ...
  Unit style    : real
  Current step  : 5701106
  Time step     : 0.1
WARNING: Inconsistent image flags (src/domain.cpp:1051)
Per MPI rank memory allocation (min/avg/max) = 13.93 | 13.94 | 13.95 Mbytes
   Step         Volume          Temp          Press          PotEng         KinEng         TotEng         E_vdwl         E_coul         E_bond        E_angle        E_dihed        E_impro        Density    
   5701106   67270.703      600            27155.161      22606.701      6615.6098      29222.311      9661.5594      0              1570.6439      3476.0045      7898.4932      0              1.2387289    
   5710000   67270.703      591.70519      24339.868      26533.173      6524.1512      33057.325      10420.113      0              2804.6022      4512.0341      8796.4239      0              1.2387289    
   5720000   67270.703      598.92476      27072.863      26485.136      6603.7542      33088.891      10372.646      0              2658.7356      4532.481       8921.274       0              1.2387289    
   5730000   67270.703      601.01514      25760.141      26529.805      6626.8028      33156.608      10306.046      0              2668.6793      4617.9792      8937.1008      0              1.2387289    
   5740000   67270.703      593.98729      27052.617      26421.743      6549.3136      32971.057      10443.306      0              2593.7601      4434.5086      8950.1686      0              1.2387289    
   5750000   67270.703      586.64244      26304.908      26274.194      6468.3291      32742.523      10316.071      0              2590.943       4458.9852      8908.1949      0              1.2387289    
   5751106   67270.703      603.13637      28547.653      26540.078      6650.1915      33190.27       10418.067      0              2609.9543      4530.4927      8981.5645      0              1.2387289    
Loop time of 28.7099 on 48 procs for 50000 steps with 3700 atoms

Performance: 15.047 ns/day, 1.595 hours/ns, 1741.557 timesteps/s, 6.444 Matom-step/s
99.9% CPU use with 48 MPI tasks x 1 OpenMP threads

MPI task timing breakdown:
Section |  min time  |  avg time  |  max time  |%varavg| %total
---------------------------------------------------------------
Pair    | 15.555     | 18.44      | 21.227     |  32.1 | 64.23
Bond    | 2.163      | 2.5614     | 3.0934     |  14.2 |  8.92
Neigh   | 0.091623   | 0.092039   | 0.092279   |   0.1 |  0.32
Comm    | 3.9468     | 7.0876     | 10.261     |  58.1 | 24.69
Output  | 0.0021053  | 0.0038428  | 0.0054443  |   1.5 |  0.01
Modify  | 0.23415    | 0.29327    | 0.38854    |   6.6 |  1.02
Other   |            | 0.2321     |            |       |  0.81

Nlocal:        77.0833 ave          92 max          64 min
Histogram: 2 2 7 5 9 11 7 4 0 1
Nghost:        3251.94 ave        3284 max        3210 min
Histogram: 1 1 4 3 11 8 4 7 7 2
Neighs:        24051.7 ave       27724 max       20015 min
Histogram: 5 3 1 5 7 5 9 6 6 1

Total # of neighbors = 1154482
Ave neighs/atom = 312.02216
Ave special neighs/atom = 11.898378
Neighbor list builds = 85
Dangerous builds = 0
Generated 0 of 1 mixed pair_coeff terms from geometric mixing rule
Setting up Verlet run ...
  Unit style    : real
  Current step  : 5751106
  Time step     : 0.1
WARNING: Inconsistent image flags (src/domain.cpp:1051)
Per MPI rank memory allocation (min/avg/max) = 13.93 | 13.94 | 13.95 Mbytes
   Step         Volume          Temp          Press          PotEng         KinEng         TotEng         E_vdwl         E_coul         E_bond        E_angle        E_dihed        E_impro        Density    
   5751106   67270.703      308            26336.35       26540.078      3396.013       29936.091      10418.067      0              2609.9543      4530.4927      8981.5645      0              1.2387289    
   5760000   67270.703      304.11865      24917.008      22786.942      3353.2172      26140.16       9743.2208      0              1606.8595      3503.7268      7933.1353      0              1.2387289    
   5770000   67270.703      307.81661      24038.236      22679.707      3393.9909      26073.698      9688.6019      0              1574.3537      3481.144       7935.6069      0              1.2387289    
   5780000   67270.703      311.77343      24729.51       22723.21       3437.6189      26160.829      9700.0311      0              1580.9682      3531.4763      7910.7343      0              1.2387289    
   5790000   67270.703      299.99685      24440.662      22588.089      3307.7702      25895.859      9702.8152      0              1545.7672      3464.8805      7874.6261      0              1.2387289    
   5800000   67270.703      304.82521      25327.073      22626.129      3361.0078      25987.137      9699.0038      0              1558.7089      3475.7189      7892.6975      0              1.2387289    
   5801106   67270.703      307.8636       25295.218      22677.992      3394.5091      26072.501      9756.1083      0              1573.7305      3472.9582      7875.1953      0              1.2387289    
Loop time of 28.2196 on 48 procs for 50000 steps with 3700 atoms

Performance: 15.309 ns/day, 1.568 hours/ns, 1771.817 timesteps/s, 6.556 Matom-step/s
99.9% CPU use with 48 MPI tasks x 1 OpenMP threads

MPI task timing breakdown:
Section |  min time  |  avg time  |  max time  |%varavg| %total
---------------------------------------------------------------
Pair    | 15         | 18.427     | 20.806     |  33.4 | 65.30
Bond    | 2.1779     | 2.5546     | 3.0907     |  14.0 |  9.05
Neigh   | 0.048185   | 0.048437   | 0.048602   |   0.1 |  0.17
Comm    | 3.8237     | 6.6672     | 10.391     |  62.0 | 23.63
Output  | 0.0020739  | 0.0037963  | 0.0053813  |   1.5 |  0.01
Modify  | 0.22778    | 0.28776    | 0.39051    |   7.2 |  1.02
Other   |            | 0.2313     |            |       |  0.82

Nlocal:        77.0833 ave          92 max          64 min
Histogram: 1 3 8 3 12 8 8 3 0 2
Nghost:        3252.44 ave        3278 max        3222 min
Histogram: 2 1 5 5 7 10 4 6 5 3
Neighs:        24045.3 ave       27971 max       19690 min
Histogram: 2 1 2 11 5 11 6 3 5 2

Total # of neighbors = 1154176
Ave neighs/atom = 311.93946
Ave special neighs/atom = 11.898378
Neighbor list builds = 45
Dangerous builds = 0
Generated 0 of 1 mixed pair_coeff terms from geometric mixing rule
Setting up Verlet run ...
  Unit style    : real
  Current step  : 5801106
  Time step     : 0.1
WARNING: Inconsistent image flags (src/domain.cpp:1051)
Per MPI rank memory allocation (min/avg/max) = 13.93 | 13.94 | 13.95 Mbytes
   Step         Volume          Temp          Press          PotEng         KinEng         TotEng         E_vdwl         E_coul         E_bond        E_angle        E_dihed        E_impro        Density    
   5801106   67270.703      308            25296.24       22677.992      3396.013       26074.005      9756.1083      0              1573.7305      3472.9582      7875.1953      0              1.2387289    
   5810000   89457.534      313.57055      4963.2393      19074.511      3457.434       22531.945      6564.798       0              1661.0761      3359.8143      7488.8227      0              0.93150523   
   5820000   89802.219      300.2097       4491.8968      18890.232      3310.117       22200.349      6388.9327      0              1730.5114      3392.7825      7378.0057      0              0.92792986   
   5830000   90050.273      314.7677       4714.9137      18919.695      3470.6338      22390.329      6336.1385      0              1763.0764      3386.2873      7434.1933      0              0.92537377   
   5840000   89740.84       320.58678      4311.1394      18877.394      3534.7951      22412.189      6270.8059      0              1744.9443      3420.4707      7441.1732      0              0.92856452   
   5850000   90486.141      312.94656      4626.5266      18746.551      3450.5539      22197.105      6216.9176      0              1735.0421      3426.5447      7368.0468      0              0.92091628   
   5860000   90191.104      303.94367      5572.1418      18873.165      3351.2879      22224.453      6276.0091      0              1728.2893      3433.0554      7435.8112      0              0.92392882   
   5870000   89659.97       305.27597      5489.326       18844.206      3365.9778      22210.184      6226.5362      0              1717.7783      3455.9071      7443.9842      0              0.92940206   
   5880000   89481.745      306.47544      5068.6934      18834.422      3379.2032      22213.625      6225.144       0              1705.4853      3475.6165      7428.1761      0              0.93125319   
   5890000   90417.458      310.76212      4496.2939      18821.675      3426.4682      22248.143      6145.9809      0              1802.9469      3419.383       7453.3644      0              0.92161583   
   5900000   89781.264      315.02078      4568.39        18781.882      3473.4243      22255.306      6188.3669      0              1715.0359      3495.6282      7382.8511      0              0.92814644   
   5901106   89604.731      308.09324      5210.855       18815.828      3397.0411      22212.87       6221.4867      0              1745.891       3425.0948      7423.356       0              0.929975     
Loop time of 51.5821 on 48 procs for 100000 steps with 3700 atoms

Performance: 16.750 ns/day, 1.433 hours/ns, 1938.656 timesteps/s, 7.173 Matom-step/s
99.9% CPU use with 48 MPI tasks x 1 OpenMP threads

MPI task timing breakdown:
Section |  min time  |  avg time  |  max time  |%varavg| %total
---------------------------------------------------------------
Pair    | 21.179     | 27.864     | 35.812     |  57.7 | 54.02
Bond    | 4.5706     | 6.0488     | 7.2507     |  21.4 | 11.73
Neigh   | 0.10838    | 0.10892    | 0.10931    |   0.1 |  0.21
Comm    | 6.3198     | 15.357     | 23.377     |  88.1 | 29.77
Output  | 0.0040899  | 0.0076269  | 0.010859   |   2.1 |  0.01
Modify  | 1.5722     | 1.7158     | 1.908      |   5.2 |  3.33
Other   |            | 0.4792     |            |       |  0.93

Nlocal:        77.0833 ave          97 max          60 min
Histogram: 1 4 6 7 10 9 6 1 3 1
Nghost:        2638.96 ave        2690 max        2577 min
Histogram: 2 1 4 5 7 7 11 5 5 1
Neighs:          17957 ave       24165 max       14070 min
Histogram: 3 7 7 11 7 8 1 1 2 1

Total # of neighbors = 861936
Ave neighs/atom = 232.95568
Ave special neighs/atom = 11.898378
Neighbor list builds = 124
Dangerous builds = 0
Generated 0 of 1 mixed pair_coeff terms from geometric mixing rule
Setting up Verlet run ...
  Unit style    : real
  Current step  : 5901106
  Time step     : 0.1
WARNING: Inconsistent image flags (src/domain.cpp:1051)
Per MPI rank memory allocation (min/avg/max) = 13.93 | 13.93 | 13.94 Mbytes
   Step         Volume          Temp          Press          PotEng         KinEng         TotEng         E_vdwl         E_coul         E_bond        E_angle        E_dihed        E_impro        Density    
   5901106   89604.731      600            6852.8231      18815.828      6615.6098      25431.438      6221.4867      0              1745.891       3425.0948      7423.356       0              0.929975     
   5910000   89604.731      596.60897      5476.9986      22170.818      6578.2202      28749.038      6645.6705      0              2748.0707      4356.9483      8420.1284      0              0.929975     
   5920000   89604.731      591.71215      5322.1342      22455.021      6524.2279      28979.249      6543.5926      0              2829.4261      4529.1521      8552.8503      0              0.929975     
   5930000   89604.731      588.41043      3891.245       22388.808      6487.8231      28876.631      6572.2165      0              2932.1156      4383.08        8501.3958      0              0.929975     
   5940000   89604.731      602.83838      5747.941       22337.844      6646.9059      28984.75       6643.7056      0              2703.1019      4493.0861      8497.9504      0              0.929975     
   5950000   89604.731      601.77694      5643.662       22405.191      6635.2024      29040.393      6614.3178      0              2788.224       4480.5825      8522.0666      0              0.929975     
   5951106   89604.731      590.82833      5022.8525      22301.354      6514.4828      28815.837      6598.6287      0              2837.2843      4369.1064      8496.3347      0              0.929975     
Loop time of 23.9337 on 48 procs for 50000 steps with 3700 atoms

Performance: 18.050 ns/day, 1.330 hours/ns, 2089.105 timesteps/s, 7.730 Matom-step/s
99.9% CPU use with 48 MPI tasks x 1 OpenMP threads

MPI task timing breakdown:
Section |  min time  |  avg time  |  max time  |%varavg| %total
---------------------------------------------------------------
Pair    | 10.388     | 13.462     | 17.38      |  39.4 | 56.25
Bond    | 1.8992     | 2.5374     | 3.0626     |  14.7 | 10.60
Neigh   | 0.079215   | 0.079591   | 0.079893   |   0.1 |  0.33
Comm    | 2.9595     | 7.3299     | 10.954     |  59.8 | 30.63
Output  | 0.0020983  | 0.0038643  | 0.0054472  |   1.5 |  0.02
Modify  | 0.21806    | 0.30285    | 0.40696    |   7.1 |  1.27
Other   |            | 0.2185     |            |       |  0.91

Nlocal:        77.0833 ave          95 max          54 min
Histogram: 1 0 3 4 8 12 10 5 2 3
Nghost:        2639.46 ave        2680 max        2592 min
Histogram: 2 1 2 7 8 10 6 5 3 4
Neighs:        17977.2 ave       24218 max       12878 min
Histogram: 1 2 7 10 10 9 3 4 1 1

Total # of neighbors = 862905
Ave neighs/atom = 233.21757
Ave special neighs/atom = 11.898378
Neighbor list builds = 91
Dangerous builds = 0
Generated 0 of 1 mixed pair_coeff terms from geometric mixing rule
Setting up Verlet run ...
  Unit style    : real
  Current step  : 5951106
  Time step     : 0.1
WARNING: Inconsistent image flags (src/domain.cpp:1051)
Per MPI rank memory allocation (min/avg/max) = 13.93 | 13.93 | 13.94 Mbytes
   Step         Volume          Temp          Press          PotEng         KinEng         TotEng         E_vdwl         E_coul         E_bond        E_angle        E_dihed        E_impro        Density    
   5951106   89604.731      308            3431.9504      22301.354      3396.013       25697.367      6598.6287      0              2837.2843      4369.1064      8496.3347      0              0.929975     
   5960000   89604.731      311.43401      4680.2698      18743.095      3433.8765      22176.971      6140.035       0              1673.029       3446.7044      7483.3261      0              0.929975     
   5970000   89604.731      312.14813      4305.4251      18759.567      3441.7504      22201.317      6123.2874      0              1789.3399      3468.0069      7378.9326      0              0.929975     
   5980000   89604.731      301.75256      5293.9551      18718.941      3327.1286      22046.07       6080.9952      0              1682.2417      3452.6049      7503.0996      0              0.929975     
   5990000   89604.731      302.5507       4552.7968      18725.392      3335.9289      22061.321      6085.0949      0              1704.7574      3426.7409      7508.7984      0              0.929975     
   6000000   89604.731      312.98545      5280.4549      18761.348      3450.9827      22212.331      6116.9567      0              1675.5015      3404.5407      7564.3495      0              0.929975     
   6001106   89604.731      315.55408      5258.3802      18783.074      3479.3045      22262.379      6179.9435      0              1700.6777      3436.4266      7466.0266      0              0.929975     
Loop time of 24.1014 on 48 procs for 50000 steps with 3700 atoms

Performance: 17.924 ns/day, 1.339 hours/ns, 2074.567 timesteps/s, 7.676 Matom-step/s
99.9% CPU use with 48 MPI tasks x 1 OpenMP threads

MPI task timing breakdown:
Section |  min time  |  avg time  |  max time  |%varavg| %total
---------------------------------------------------------------
Pair    | 10.306     | 13.462     | 17.709     |  44.4 | 55.86
Bond    | 1.8782     | 2.5305     | 3.0896     |  16.4 | 10.50
Neigh   | 0.044609   | 0.044847   | 0.04497    |   0.1 |  0.19
Comm    | 2.8206     | 7.5413     | 11.241     |  66.7 | 31.29
Output  | 0.0020571  | 0.0037964  | 0.0053928  |   1.5 |  0.02
Modify  | 0.22187    | 0.30158    | 0.41584    |   7.6 |  1.25
Other   |            | 0.2174     |            |       |  0.90

Nlocal:        77.0833 ave          92 max          53 min
Histogram: 1 0 2 1 7 9 10 13 3 2
Nghost:        2637.29 ave        2690 max        2591 min
Histogram: 2 3 5 10 7 8 5 6 1 1
Neighs:          17963 ave       23228 max       12908 min
Histogram: 2 1 4 10 7 8 7 8 0 1

Total # of neighbors = 862223
Ave neighs/atom = 233.03324
Ave special neighs/atom = 11.898378
Neighbor list builds = 51
Dangerous builds = 0
Generated 0 of 1 mixed pair_coeff terms from geometric mixing rule
Setting up Verlet run ...
  Unit style    : real
  Current step  : 6001106
  Time step     : 0.1
WARNING: Inconsistent image flags (src/domain.cpp:1051)
Per MPI rank memory allocation (min/avg/max) = 13.93 | 13.93 | 13.94 Mbytes
   Step         Volume          Temp          Press          PotEng         KinEng         TotEng         E_vdwl         E_coul         E_bond        E_angle        E_dihed        E_impro        Density    
   6001106   89604.731      308            5215.8887      18783.074      3396.013       22179.087      6179.9435      0              1700.6777      3436.4266      7466.0266      0              0.929975     
   6010000   109541.79      309.99273      725.97723      18185.539      3417.9849      21603.524      5697.3657      0              1719.8601      3477.5643      7290.749       0              0.76071573   
   6020000   112832.4       312.10749      955.46499      18236.064      3441.3023      21677.366      5705.0903      0              1729.3464      3438.413       7363.2141      0              0.73853039   
   6030000   112315.3       306.72542      895.16944      18161.604      3381.9595      21543.564      5688.3378      0              1740.6206      3407.6338      7325.0118      0              0.74193061   
   6040000   112618.28      308.50504      788.36026      18210.188      3401.5816      21611.769      5666.8612      0              1778.6988      3497.1441      7267.4836      0              0.73993461   
   6050000   113481.51      308.75604      519.32182      18156.14       3404.3491      21560.489      5625.0029      0              1765.9891      3460.7259      7304.422       0              0.73430608   
   6060000   112791.77      299.30263      995.25183      18235.593      3300.1157      21535.709      5661.8185      0              1776.6959      3495.0618      7302.0171      0              0.73879645   
   6070000   111962.34      310.80318      1566.2875      18121.001      3426.921       21547.922      5636.3273      0              1722.6185      3441.8692      7320.1857      0              0.74426953   
   6080000   112171.19      307.10585      119.74913      18185.664      3386.1542      21571.818      5589.0458      0              1779.786       3490.4208      7326.4117      0              0.74288379   
   6090000   112558.58      296.63725      364.9414       18262.196      3270.7272      21532.923      5645.861       0              1790.5081      3501.0551      7324.7714      0              0.74032703   
   6100000   111139.21      304.62488      37.090994      18172.423      3358.7989      21531.222      5575.8537      0              1824.4451      3465.9535      7306.1705      0              0.7497818    
   6101106   111020.81      308.33058      588.54939      18099.994      3399.658       21499.652      5568.7882      0              1786.8336      3465.0004      7279.3721      0              0.75058145   
Loop time of 44.6898 on 48 procs for 100000 steps with 3700 atoms

Performance: 19.333 ns/day, 1.241 hours/ns, 2237.646 timesteps/s, 8.279 Matom-step/s
99.9% CPU use with 48 MPI tasks x 1 OpenMP threads

MPI task timing breakdown:
Section |  min time  |  avg time  |  max time  |%varavg| %total
---------------------------------------------------------------
Pair    | 15.791     | 22.301     | 29.544     |  70.4 | 49.90
Bond    | 4.2879     | 6.0107     | 7.5877     |  30.5 | 13.45
Neigh   | 0.091585   | 0.092017   | 0.09247    |   0.1 |  0.21
Comm    | 5.6451     | 14.128     | 22.239     | 105.4 | 31.61
Output  | 0.004096   | 0.0076226  | 0.010885   |   2.1 |  0.02
Modify  | 1.5724     | 1.6976     | 1.8461     |   4.8 |  3.80
Other   |            | 0.4531     |            |       |  1.01

Nlocal:        77.0833 ave          95 max          53 min
Histogram: 3 2 3 3 3 8 11 7 6 2
Nghost:        2260.88 ave        2311 max        2192 min
Histogram: 3 0 2 6 7 3 9 11 4 3
Neighs:        14497.4 ave       19407 max        9383 min
Histogram: 3 2 5 4 7 8 9 6 3 1

Total # of neighbors = 695874
Ave neighs/atom = 188.07405
Ave special neighs/atom = 11.898378
Neighbor list builds = 118
Dangerous builds = 0
Generated 0 of 1 mixed pair_coeff terms from geometric mixing rule
Setting up Verlet run ...
  Unit style    : real
  Current step  : 6101106
  Time step     : 0.1
WARNING: Inconsistent image flags (src/domain.cpp:1051)
Per MPI rank memory allocation (min/avg/max) = 13.93 | 13.93 | 13.94 Mbytes
   Step         Volume          Temp          Press          PotEng         KinEng         TotEng         E_vdwl         E_coul         E_bond        E_angle        E_dihed        E_impro        Density    
   6101106   111020.81      600            1912.7018      18099.994      6615.6098      24715.604      5568.7882      0              1786.8336      3465.0004      7279.3721      0              0.75058145   
   6110000   111020.81      607.29026      1550.4505      21753.763      6695.9924      28449.755      5957.2173      0              2871.63        4563.3441      8361.5714      0              0.75058145   
   6120000   111020.81      596.43055      1049.8463      21709.971      6576.253       28286.223      5955.6924      0              2862.8109      4483.7825      8407.6847      0              0.75058145   
   6130000   111020.81      600.89329      814.62329      21765.903      6625.4593      28391.362      5938.6117      0              2831.7221      4623.9013      8371.6678      0              0.75058145   
   6140000   111020.81      600.20683      1586.9847      21722.457      6617.8904      28340.347      5953.1882      0              2927.3126      4537.5052      8304.4507      0              0.75058145   
   6150000   111020.81      600.45689      878.72276      21719.812      6620.6475      28340.459      5916.3704      0              2864.7961      4544.5412      8394.104       0              0.75058145   
   6151106   111020.81      601.75628      1045.7714      21614.888      6634.9746      28249.862      5967.3216      0              2836.7735      4521.215       8289.5777      0              0.75058145   
Loop time of 20.494 on 48 procs for 50000 steps with 3700 atoms

Performance: 21.079 ns/day, 1.139 hours/ns, 2439.739 timesteps/s, 9.027 Matom-step/s
99.9% CPU use with 48 MPI tasks x 1 OpenMP threads

MPI task timing breakdown:
Section |  min time  |  avg time  |  max time  |%varavg| %total
---------------------------------------------------------------
Pair    | 7.2393     | 10.819     | 13.927     |  50.3 | 52.79
Bond    | 1.7908     | 2.5272     | 3.1917     |  19.2 | 12.33
Neigh   | 0.070674   | 0.070987   | 0.071189   |   0.1 |  0.35
Comm    | 2.9665     | 6.5905     | 10.899     |  74.6 | 32.16
Output  | 0.0020258  | 0.0037809  | 0.0053396  |   1.5 |  0.02
Modify  | 0.21379    | 0.27336    | 0.32607    |   5.1 |  1.33
Other   |            | 0.2096     |            |       |  1.02

Nlocal:        77.0833 ave          96 max          51 min
Histogram: 1 2 3 4 4 9 8 10 4 3
Nghost:        2262.54 ave        2322 max        2185 min
Histogram: 2 1 6 4 7 6 5 4 8 5
Neighs:        14501.4 ave       19287 max        8678 min
Histogram: 1 2 4 6 6 7 9 7 4 2

Total # of neighbors = 696069
Ave neighs/atom = 188.12676
Ave special neighs/atom = 11.898378
Neighbor list builds = 91
Dangerous builds = 0
Generated 0 of 1 mixed pair_coeff terms from geometric mixing rule
Setting up Verlet run ...
  Unit style    : real
  Current step  : 6151106
  Time step     : 0.1
WARNING: Inconsistent image flags (src/domain.cpp:1051)
Per MPI rank memory allocation (min/avg/max) = 13.93 | 13.93 | 13.94 Mbytes
   Step         Volume          Temp          Press          PotEng         KinEng         TotEng         E_vdwl         E_coul         E_bond        E_angle        E_dihed        E_impro        Density    
   6151106   111020.81      308           -287.85527      21614.888      3396.013       25010.901      5967.3216      0              2836.7735      4521.215       8289.5777      0              0.75058145   
   6160000   111020.81      308.39792      829.27199      18242.435      3400.4006      21642.835      5687.2473      0              1747.8184      3437.3481      7370.021       0              0.75058145   
   6170000   111020.81      306.01381      904.90374      18221.625      3374.1133      21595.738      5694.5975      0              1750.539       3431.4733      7345.0151      0              0.75058145   
   6180000   111020.81      308.27103      990.53315      18185.529      3399.0014      21584.53       5616.0084      0              1777.3694      3459.2132      7332.9377      0              0.75058145   
   6190000   111020.81      315.69409      778.22146      18124.861      3480.8482      21605.709      5590.7816      0              1737.1235      3488.0775      7308.8782      0              0.75058145   
   6200000   111020.81      311.25784      409.61918      18188.25       3431.9341      21620.184      5609.8172      0              1792.0064      3458.825       7327.6015      0              0.75058145   
   6210000   111020.81      308.20634      873.62726      18128.084      3398.2881      21526.372      5605.847       0              1704.8174      3511.359       7306.0602      0              0.75058145   
   6220000   111020.81      311.22618      295.83519      18166.305      3431.585       21597.89       5662.4133      0              1809.2428      3413.0824      7281.566       0              0.75058145   
   6230000   111020.81      311.43919      1143.1255      18119.298      3433.9336      21553.232      5655.6261      0              1730.5597      3482.7849      7250.3276      0              0.75058145   
   6240000   111020.81      313.29684      716.85315      18188.27       3454.4161      21642.686      5642.8934      0              1762.0103      3464.7136      7318.653       0              0.75058145   
   6250000   111020.81      302.73452      863.53249      18090.771      3337.9557      21428.727      5569.1318      0              1757.349       3472.9482      7291.3417      0              0.75058145   
   6251106   111020.81      301.87999      1306.2278      18152.613      3328.5337      21481.147      5657.8261      0              1713.0556      3477.6529      7304.0785      0              0.75058145   
Loop time of 41.0753 on 48 procs for 100000 steps with 3700 atoms

Performance: 21.035 ns/day, 1.141 hours/ns, 2434.555 timesteps/s, 9.008 Matom-step/s
99.9% CPU use with 48 MPI tasks x 1 OpenMP threads

MPI task timing breakdown:
Section |  min time  |  avg time  |  max time  |%varavg| %total
---------------------------------------------------------------
Pair    | 14.21      | 21.622     | 27.986     |  76.2 | 52.64
Bond    | 3.5733     | 5.0417     | 6.1402     |  28.9 | 12.27
Neigh   | 0.086759   | 0.087166   | 0.087525   |   0.1 |  0.21
Comm    | 6.0968     | 13.349     | 22.224     | 112.1 | 32.50
Output  | 0.0040247  | 0.0074763  | 0.010628   |   2.1 |  0.02
Modify  | 0.42617    | 0.54884    | 0.65753    |   7.4 |  1.34
Other   |            | 0.42       |            |       |  1.02

Nlocal:        77.0833 ave         100 max          54 min
Histogram: 5 2 0 6 4 16 7 4 3 1
Nghost:        2255.46 ave        2315 max        2181 min
Histogram: 1 3 6 3 7 4 7 8 6 3
Neighs:        14492.4 ave       19241 max        9165 min
Histogram: 2 5 3 4 6 11 6 3 3 5

Total # of neighbors = 695636
Ave neighs/atom = 188.00973
Ave special neighs/atom = 11.898378
Neighbor list builds = 112
Dangerous builds = 0
Generated 0 of 1 mixed pair_coeff terms from geometric mixing rule
Setting up Verlet run ...
  Unit style    : real
  Current step  : 6251106
  Time step     : 0.1
WARNING: Inconsistent image flags (src/domain.cpp:1051)
Per MPI rank memory allocation (min/avg/max) = 13.93 | 13.93 | 13.94 Mbytes
   Step         Volume          Temp          Press          PotEng         KinEng         TotEng         E_vdwl         E_coul         E_bond        E_angle        E_dihed        E_impro        Density    
   6251106   111020.81      308            1334.0121      18152.613      3396.013       21548.626      5657.8261      0              1713.0556      3477.6529      7304.0785      0              0.75058145   
   6260000   118746.57      311.61136      537.43602      18213.113      3435.8319      21648.945      5628.4543      0              1741.9657      3525.4425      7317.2508      0              0.70174791   
   6270000   118892.25      308.77289      31.497148      18104.397      3404.5349      21508.932      5570.3772      0              1760.1244      3501.6011      7272.2941      0              0.7008881    
   6280000   119244.66      310.67836     -450.66707      18139.684      3425.5447      21565.229      5562.2038      0              1785.241       3482.431       7309.8086      0              0.69881668   
   6290000   121059.99      309.31166      83.055012      18047.149      3410.4755      21457.624      5545.238       0              1787.5         3485.9849      7228.4258      0              0.68833773   
   6300000   121672.25      308.05627     -269.23641      18144.677      3396.6335      21541.31       5582.1612      0              1822.565       3498.6896      7241.2608      0              0.68487399   
   6310000   123480.48      306.55048     -359.17914      18131.656      3380.0306      21511.687      5596.0979      0              1777.7604      3443.4612      7314.3367      0              0.67484483   
   6320000   124289.59      298.49229     -264.52121      18004.297      3291.1809      21295.478      5651.0052      0              1727.1012      3426.6173      7199.5737      0              0.67045164   
   6330000   124218.44      303.53651     -295.56702      18102.011      3346.7986      21448.81       5597.4379      0              1723.3742      3523.9382      7257.2608      0              0.67083565   
   6340000   123073.04      306.97351     -324.03168      18163.437      3384.6949      21548.132      5613.1765      0              1841.6626      3459.2945      7249.3037      0              0.67707889   
   6350000   123249         310.45408      220.46487      18125.1        3423.0718      21548.172      5618.2779      0              1751.981       3474.7953      7280.0462      0              0.67611227   
   6360000   122993.48      306.47544     -385.45945      18134.89       3379.2032      21514.093      5566.9859      0              1781.6464      3505.5979      7280.6599      0              0.67751687   
   6370000   124211.52      308.87751      49.810917      18118.821      3405.6885      21524.51       5668.3377      0              1744.3436      3477.9277      7228.2121      0              0.67087307   
   6380000   123424.17      314.22207     -89.690444      18109.537      3464.6177      21574.155      5695.3774      0              1767.2266      3460.2802      7186.6527      0              0.67515267   
   6390000   123520.24      308.45331      481.29662      18093.596      3401.0113      21494.607      5641.8601      0              1674.7573      3496.3948      7280.5837      0              0.67462757   
   6400000   124763.55      306.6477       195.08044      18065.291      3381.1025      21446.394      5640.903       0              1768.5026      3433.5256      7222.36        0              0.66790472   
   6410000   124223.69      298.89501     -139.02031      18006.524      3295.6213      21302.145      5594.968       0              1728.2754      3434.6312      7248.649       0              0.67080732   
   6420000   122989.34      310.09894     -491.34368      18109.161      3419.1559      21528.317      5583.9069      0              1777.5807      3512.3236      7235.3495      0              0.67753969   
   6430000   124109.8       308.40832     -64.41989       18083.333      3400.5152      21483.848      5624.7664      0              1782.5618      3441.6067      7234.3976      0              0.6714229    
   6440000   123873.69      306.09036      758.42316      18078.15       3374.9573      21453.108      5701.4084      0              1708.177       3419.8072      7248.7579      0              0.67270268   
   6450000   124329.03      305.47766      156.97358      18072.6        3368.2016      21440.801      5648.1791      0              1748.0205      3407.0551      7269.3448      0              0.67023895   
   6460000   123537.79      299.99955     -340.21152      18091.278      3307.7999      21399.078      5590.1843      0              1796.361       3416.1942      7288.5382      0              0.67453176   
   6470000   123683.79      303.0402      -548.34513      18075.217      3341.3262      21416.543      5588.6395      0              1787.3044      3459.319       7239.954       0              0.67373548   
   6480000   123236.35      310.12974      263.98011      18018.539      3419.4956      21438.035      5657.7234      0              1761.208       3407.319       7192.2889      0              0.67618165   
   6490000   123256.49      305.7438      -258.9618       18111.2        3371.1361      21482.336      5594.7052      0              1807.9356      3468.7627      7239.7965      0              0.6760712    
   6500000   123689.07      305.05664     -483.17868      18093.613      3363.5595      21457.173      5525.0523      0              1800.6353      3521.6845      7246.2412      0              0.67370675   
   6510000   125034.2       311.3366      -205.60505      18111.673      3432.8024      21544.475      5603.5457      0              1763.814       3499.0498      7245.2634      0              0.66645896   
   6520000   123291.6       305.32064      189.21951      18105.312      3366.4704      21471.783      5624.3202      0              1779.2186      3452.0768      7249.6967      0              0.67587863   
   6530000   122562.41      304.48181     -136.79691      18124.553      3357.2214      21481.774      5529.7364      0              1763.3918      3562.0364      7269.3884      0              0.67989981   
   6540000   125102.86      309.92259      248.82419      18106.244      3417.2116      21523.455      5589.5662      0              1745.7393      3466.2715      7304.6669      0              0.66609317   
   6550000   125151.21      309.89545      201.01617      18208.984      3416.9123      21625.896      5590.9766      0              1793.9859      3555.7285      7268.2926      0              0.66583585   
   6560000   125046.43      305.7488      -236.55236      18089.424      3371.1913      21460.615      5611.7744      0              1831.1171      3434.7385      7211.7936      0              0.66639374   
   6570000   123813.88      300.71797     -505.03944      18054.288      3315.7213      21370.01       5568.2855      0              1754.8958      3453.4001      7277.7068      0              0.6730276    
   6580000   123654.79      311.30019      441.85672      18137.116      3432.401       21569.517      5582.4521      0              1791.5015      3499.2972      7263.8648      0              0.67389352   
   6590000   123719.02      307.59639     -28.35851       18031.789      3391.5628      21423.352      5591.5396      0              1789.6936      3420.5165      7230.0391      0              0.67354363   
   6600000   124057.88      310.05702      399.13532      18092.644      3418.6938      21511.337      5680.4883      0              1732.6461      3437.2309      7242.2783      0              0.67170387   
   6610000   125047.14      302.56816     -290.94827      18090.383      3336.1215      21426.504      5598.0408      0              1787.3901      3488.3731      7216.5786      0              0.66638995   
   6620000   126298.73      305.65324      61.011793      18076.862      3370.1376      21446.999      5648.4065      0              1718.7148      3485.6839      7224.0566      0              0.65978619   
   6630000   125889.53      307.49161      617.92927      18059.322      3390.4075      21449.73       5627.6892      0              1716.9705      3480.486       7234.1767      0              0.66193082   
   6640000   124783.01      308.83303      706.27164      18138.613      3405.1981      21543.812      5625.1925      0              1743.8628      3496.5226      7273.0357      0              0.66780053   
   6650000   126219.64      309.73165     -4.77446        18174.091      3415.1063      21589.197      5638.7763      0              1738.9139      3497.0385      7299.3618      0              0.66019963   
   6660000   124779.02      305.23644      224.30724      18072.533      3365.542       21438.075      5652.8729      0              1692.8079      3495.6778      7231.1748      0              0.66782187   
   6670000   125386.25      301.04823     -149.45476      18125.197      3319.3628      21444.559      5639.3186      0              1760.9052      3453.7157      7271.257       0              0.66458769   
   6680000   124620.25      305.33658      177.8495       18063.602      3366.6461      21430.248      5621.722       0              1730.7147      3440.9756      7270.1899      0              0.66867272   
   6690000   124812.41      300.41096     -17.218499      18106.942      3312.3362      21419.278      5600.6464      0              1784.8054      3479.2911      7242.1988      0              0.66764321   
   6700000   124350.69      307.94097      277.53453      18051.477      3395.3622      21446.839      5622.9501      0              1765.1834      3454.3256      7209.0181      0              0.67012222   
   6710000   124828.56      311.43831      114.65928      18076.57       3433.924       21510.494      5663.6866      0              1754.2895      3416.281       7242.3128      0              0.66755686   
   6720000   123588.84      306.19295     -32.648711      18088.055      3376.0884      21464.143      5556.5125      0              1762.9524      3523.701       7244.8886      0              0.67425313   
   6730000   125088.01      306.18963      189.63658      18084          3376.0519      21460.052      5576.4998      0              1781.2514      3469.8248      7256.4241      0              0.66617224   
   6740000   124412.96      308.06514      45.768978      18036.089      3396.7313      21432.821      5554.1864      0              1782.5135      3410.9836      7288.4058      0              0.66978684   
   6750000   124395.95      311.43813      33.99909       17995.09       3433.9219      21429.012      5606.0877      0              1735.0063      3450.5137      7203.4823      0              0.66987839   
   6760000   124848.62      310.83515      43.128137      18106.784      3427.2734      21534.057      5626.5903      0              1744.3386      3466.328       7269.527       0              0.66744958   
   6770000   124798.35      300.95485      38.121628      18117.406      3318.3331      21435.739      5626.6789      0              1786.192       3480.5668      7223.9684      0              0.66771844   
   6780000   125287.91      308.46477     -292.67748      18028.126      3401.1376      21429.264      5587.9487      0              1724.5973      3474.1602      7241.42        0              0.66510937   
   6790000   124384.43      304.421       -30.75951       18129.381      3356.551       21485.932      5603.1954      0              1792.1896      3442.6657      7291.33        0              0.66994043   
   6800000   124501.54      306.74351     -307.69823      18070.053      3382.159       21452.212      5640.1996      0              1741.0169      3444.8633      7243.9729      0              0.66931028   
   6810000   124173.58      305.97524     -23.870203      18073.012      3373.688       21446.7        5608.2213      0              1775.7084      3461.3434      7227.7383      0              0.67107801   
   6820000   124216.27      315.06738     -218.4299       18101.284      3473.9381      21575.222      5605.3138      0              1779.8616      3474.623       7241.4856      0              0.67084739   
   6830000   125270.45      306.90199     -157.49153      18035.877      3383.9064      21419.783      5624.9523      0              1743.3177      3464.3013      7203.3054      0              0.66520206   
   6840000   124911.96      310.02565      194.25302      18062.551      3418.3479      21480.899      5593.2028      0              1737.5162      3487.9569      7243.8749      0              0.66711114   
   6850000   123478.04      308.6901       14.800883      18104.755      3403.6221      21508.377      5657.2627      0              1788.8515      3452.3269      7206.3135      0              0.67485813   
   6860000   124397.68      310.05512      57.74862       17999.612      3418.6729      21418.285      5576.8467      0              1756.0785      3436.3668      7230.3198      0              0.66986906   
   6870000   126412.23      310.93105     -108.43009      18101.185      3428.3308      21529.516      5597.0138      0              1764.493       3478.8283      7260.8499      0              0.65919381   
   6880000   125441.75      313.73641      136.2887       18084.662      3459.2627      21543.925      5555.6653      0              1766.9642      3476.8765      7285.1563      0              0.66429368   
   6890000   124393.83      304.1162      -127.15305      18093.038      3353.1903      21446.228      5593.2502      0              1822.4218      3461.8722      7215.4933      0              0.66988983   
   6900000   125292.11      306.24441      341.62266      18190.679      3376.6559      21567.335      5683.0684      0              1770.0348      3468.3008      7269.2747      0              0.66508708   
   6910000   124840.2       315.02509      34.705407      18119.012      3473.4718      21592.484      5591.738       0              1811.0029      3483.1734      7233.0974      0              0.66749461   
   6920000   126310.66      304.73864     -160.8946       18127.658      3360.0532      21487.711      5587.455       0              1778.1607      3498.4414      7263.6006      0              0.65972387   
   6930000   124923.07      310.78383     -34.062994      18033.035      3426.7076      21459.742      5576.7279      0              1783.9196      3454.7665      7217.6208      0              0.66705184   
   6940000   125611.03      312.3076       469.30498      18066.33       3443.5087      21509.839      5607.1306      0              1755.6252      3479.0843      7224.4899      0              0.66339841   
   6950000   125294.88      301.67042      428.16501      18059.543      3326.223       21385.765      5587.9012      0              1715.4428      3527.216       7228.9825      0              0.66507233   
   6960000   125060.79      311.31268      324.84279      18074.22       3432.5387      21506.759      5602.0947      0              1761.9092      3468.6706      7241.5455      0              0.66631724   
   6970000   125072.82      290.99155     -264.31563      18041.619      3208.4776      21250.097      5564.3887      0              1753.1604      3488.1345      7235.9357      0              0.66625314   
   6980000   126665.57      303.45488      41.208322      18103.088      3345.8985      21448.986      5614.839       0              1744.4932      3485.0997      7258.656       0              0.65787539   
   6990000   126048.69      311.41832      430.71129      18126.274      3433.7035      21559.978      5612.6725      0              1780.986       3527.5936      7205.0219      0              0.661095     
   7000000   124856.44      303.6105       645.62869      18051.865      3347.6144      21399.48       5643.691       0              1725.5919      3451.9325      7230.6498      0              0.66740777   
   7010000   125717.73      310.00245     -122.48447      18132.799      3418.0921      21550.892      5641.9884      0              1769.6629      3500.0867      7221.0615      0              0.66283539   
   7020000   124646.38      316.62634     -122.28005      17988.785      3491.1272      21479.913      5574.5358      0              1763.9285      3426.3933      7223.9279      0              0.66853255   
   7030000   126183.41      308.90871     -150.54862      18084.575      3406.0325      21490.607      5616.3276      0              1803.1702      3459.3624      7205.7146      0              0.6603892    
   7040000   125716.11      302.33243      245.52006      18086.36       3333.5223      21419.882      5630.8997      0              1773.0077      3413.5264      7268.9259      0              0.66284391   
   7050000   126774.66      310.80724     -463.68221      18064.458      3426.9658      21491.424      5553.409       0              1876.9362      3445.6007      7188.5124      0              0.65730927   
   7060000   125205.64      307.96624      64.356341      18124.106      3395.6408      21519.746      5611.0612      0              1778.4249      3494.411       7240.2085      0              0.66554637   
   7070000   125225.45      299.14506     -441.23191      18062.64       3298.3783      21361.018      5632.4457      0              1784.1471      3446.8704      7199.1766      0              0.66544107   
   7080000   125558.05      313.06957      184.41578      18044.034      3451.9102      21495.944      5637.6932      0              1697.1713      3473.0861      7236.083       0              0.66367835   
   7090000   124397.3       303.31458      203.29511      18119.699      3344.3515      21464.05       5731.0506      0              1763.0875      3390.7252      7234.8355      0              0.66987115   
   7100000   125591.63      312.68247     -103.82639      18123.441      3447.642       21571.083      5624.5791      0              1746.4387      3471.2997      7281.1234      0              0.6635009    
   7110000   124537.01      302.36426     -710.99028      18072.315      3333.8733      21406.188      5569.0113      0              1823.1926      3416.0246      7264.0859      0              0.66911963   
   7120000   125026.42      314.46643     -250.42759      18078.926      3467.312       21546.238      5577.3312      0              1749.461       3545.945       7206.1886      0              0.6665004    
   7130000   123962.72      303.04346     -195.96199      18067.158      3341.3622      21408.52       5613.3702      0              1792.4207      3454.7382      7206.629       0              0.6722195    
   7140000   124710.25      313.3913      -964.10791      18037.689      3455.4576      21493.147      5538.2099      0              1813.694       3456.8057      7228.9795      0              0.66819016   
   7150000   125769.78      305.84361      210.80214      18061.948      3372.2366      21434.184      5666.5648      0              1727.2301      3412.5876      7255.5651      0              0.66256106   
   7160000   125766.4       313.17913     -12.532873      18157.087      3453.1183      21610.206      5636.4206      0              1769.496       3453.5662      7297.6047      0              0.6625789    
   7170000   125493.27      302.99304      830.10407      17957.273      3340.8063      21298.079      5577.5877      0              1700.4843      3473.053       7206.1479      0              0.66402093   
   7180000   126315.05      304.07656      232.93742      18022.673      3352.7531      21375.426      5584.6189      0              1725.9633      3469.2053      7242.8858      0              0.65970096   
   7190000   126703.44      305.18369     -204.0857       18091.838      3364.9603      21456.798      5630.5641      0              1742.845       3493.1809      7225.248       0              0.65767874   
   7200000   126210.84      305.80127     -253.61865      18068.281      3371.7698      21440.051      5603.066       0              1785.8118      3426.0954      7253.308       0              0.66024569   
   7210000   127446.11      303.15663     -430.25586      18002.748      3342.6099      21345.358      5587.9158      0              1762.7696      3463.3611      7188.7017      0              0.65384623   
   7220000   127073.11      307.88449     -81.286112      18060.091      3394.7394      21454.831      5583.2948      0              1739.9521      3462.9466      7273.8977      0              0.65576551   
   7230000   126615.69      315.233       -532.63077      18126.967      3475.7642      21602.732      5571.4127      0              1786.7327      3504.8096      7264.0123      0              0.65813453   
   7240000   126972.64      309.55193     -390.81376      17981.761      3413.1246      21394.885      5583.534       0              1754.4996      3399.7191      7244.008       0              0.6562844    
   7250000   124955.63      304.30324     -282.47686      18009.04       3355.2525      21364.292      5587.4994      0              1745.7579      3474.9013      7200.881       0              0.66687799   
   7260000   125451.59      305.69913     -54.893525      18069.415      3370.6437      21440.059      5621.8254      0              1746.101       3461.591       7239.8975      0              0.66424158   
   7270000   126215.52      307.57107      93.809749      18060.631      3391.2836      21451.915      5625.5058      0              1758.9611      3466.6151      7209.5496      0              0.66022121   
   7280000   125049.63      305.39764     -81.891257      18087.674      3367.3194      21454.994      5633.9711      0              1768.4714      3483.8866      7201.3453      0              0.66637672   
   7290000   124902.46      308.85282      138.40295      18008.215      3405.4162      21413.631      5624.7522      0              1716.0079      3426.7552      7240.6995      0              0.66716186   
   7300000   124975.82      304.3532       324.3783       18059.236      3355.8034      21415.039      5617.7714      0              1744.7523      3452.1071      7244.6048      0              0.66677028   
   7310000   125592.72      309.54923      518.37163      17916.108      3413.0948      21329.202      5649.716       0              1701.2975      3426.9374      7138.1568      0              0.66349516   
   7320000   126343.41      309.72733      81.764089      18033.552      3415.0586      21448.61       5600.3873      0              1715.1134      3511.6506      7206.4005      0              0.6595529    
   7330000   125541.39      306.97075     -653.85955      18121.049      3384.6645      21505.713      5555.4516      0              1789.9388      3500.6677      7274.991       0              0.66376644   
   7340000   124814.69      311.29464      436.98523      18039.3        3432.3398      21471.64       5606.3775      0              1701.8754      3515.6197      7215.4275      0              0.66763102   
   7350000   124906.2       307.95129     -399.62337      17978.399      3395.476       21373.875      5570.312       0              1765.2904      3459.9188      7182.8775      0              0.66714189   
   7360000   124802.82      309.36604      545.767        17973.7        3411.075       21384.775      5613.4091      0              1702.4758      3452.3062      7205.5084      0              0.66769451   
   7370000   125440.81      306.55576     -149.73213      18077.129      3380.0888      21457.217      5613.7194      0              1762.8799      3458.331       7242.1983      0              0.66429865   
   7380000   125666.03      311.30907      31.950803      18061.959      3432.4989      21494.458      5691.2577      0              1744.6179      3450.0169      7176.0662      0              0.66310809   
   7390000   126742.45      302.73514     -101.07718      18044.467      3337.9627      21382.43       5604.7779      0              1747.942       3422.5369      7269.2102      0              0.65747631   
   7400000   125644.5       306.96218      579.7441       18072.727      3384.57        21457.297      5615.9675      0              1743.3332      3476.8636      7236.5622      0              0.66322171   
   7410000   125135.21      301.90312     -334.73363      18118.997      3328.7888      21447.786      5589.6243      0              1755.5335      3486.525       7287.3139      0              0.66592098   
   7420000   124771.52      312.78316      136.07895      18067.471      3448.7523      21516.223      5597.8258      0              1776.0167      3478.9944      7214.6338      0              0.66786203   
   7430000   125643.71      306.52458     -536.32977      18037.512      3379.745       21417.257      5575.2692      0              1760.6483      3482.842       7218.7525      0              0.66322587   
   7440000   125171.03      305.68479     -427.62578      18101.9        3370.4855      21472.386      5564.6847      0              1785.27        3483.3617      7268.5837      0              0.6657304    
   7450000   125833.13      309.28364     -42.927243      18021.116      3410.1664      21431.282      5557.5237      0              1744.7068      3550.5073      7168.3779      0              0.66222753   
   7460000   124883.75      304.16396     -47.079601      17985.872      3353.7168      21339.589      5600.2769      0              1739.5299      3446.6755      7199.39        0              0.66726182   
   7470000   125175.24      306.33466      575.22706      18015.837      3377.651       21393.488      5635.3348      0              1745.5906      3426.0093      7208.9021      0              0.66570802   
   7480000   126015.92      308.96658     -12.695969      18044.408      3406.6706      21451.079      5568.945       0              1739.4069      3506.463       7229.5936      0              0.66126691   
   7490000   125845.04      308.49323      143.77151      18095.645      3401.4514      21497.096      5627.9122      0              1729.5001      3493.1077      7245.1247      0              0.66216483   
   7500000   127002.12      310.07462     -691.70278      18067.566      3418.8878      21486.454      5529.0316      0              1827.7105      3447.7362      7263.0876      0              0.65613204   
   7510000   125962.57      306.11004      492.50332      18072.862      3375.1743      21448.037      5628.871       0              1749.9897      3438.3669      7255.6348      0              0.66154701   
   7520000   125629.72      306.85838      315.01945      18067.731      3383.4255      21451.156      5645.3561      0              1761.801       3471.5641      7189.0096      0              0.66329974   
   7530000   127753.11      308.88027     -69.539657      18054.175      3405.7189      21459.894      5591.4278      0              1759.0267      3497.2114      7206.5093      0              0.65227499   
   7540000   127991.14      311.67107     -100.40004      18132.143      3436.4903      21568.633      5628.296       0              1813.1876      3459.894       7230.765       0              0.65106194   
   7550000   126645.86      303.9416       205.03598      17996.064      3351.265       21347.329      5603.2534      0              1718.6439      3474.452       7199.7149      0              0.65797777   
   7560000   124483.31      298.76265     -561.10378      18055.047      3294.1619      21349.209      5565.7898      0              1788.5018      3495.3631      7205.3923      0              0.6694083    
   7570000   125969.85      305.97826     -85.329737      18045.631      3373.7213      21419.353      5600.4759      0              1756.8403      3475.7734      7212.5416      0              0.66150876   
   7580000   126858.31      310.3709      -336.47192      18039.825      3422.1546      21461.98       5581.0739      0              1770.8851      3497.4828      7190.3836      0              0.65687588   
   7590000   126472.41      308.43262     -26.013454      17993.427      3400.7831      21394.21       5577.5979      0              1729.8631      3473.4765      7212.4891      0              0.65888015   
   7600000   126540.88      299.04037      0.1816277      18071.486      3297.224       21368.71       5657.0805      0              1754.9103      3446.9896      7212.5053      0              0.65852362   
   7610000   125374.86      308.28907      87.046734      18053.759      3399.2003      21452.959      5609.5037      0              1766.2599      3478.861       7199.1344      0              0.66464807   
   7620000   126274.32      312.95994      39.87963       18035.989      3450.7015      21486.691      5597.6123      0              1786.0161      3446.0523      7206.3087      0              0.65991374   
   7630000   127044.89      314.67713      392.72751      18052.815      3469.6352      21522.451      5598.2889      0              1736.7995      3523.5653      7194.1617      0              0.65591117   
   7640000   126846.59      300.63648      257.66314      17978.42       3314.8228      21293.243      5580.7636      0              1704.5166      3481.1341      7212.0057      0              0.65693653   
   7650000   126248.58      300.99618      107.16608      18046.987      3318.7888      21365.776      5618.7134      0              1749.6915      3474.7174      7203.8649      0              0.66004829   
   7660000   126496.49      299.46213      277.52065      17978.067      3301.8743      21279.941      5589.7207      0              1722.8984      3484.3807      7181.0669      0              0.65875473   
   7670000   125437.36      308.69047      189.7203       18107.46       3403.6262      21511.086      5596.6865      0              1791.3898      3482.904       7236.4798      0              0.66431694   
   7680000   125142.29      316.12565      586.42924      18034.941      3485.6066      21520.548      5653.3774      0              1676.7061      3498.1149      7206.743       0              0.66588331   
   7690000   127748.96      313.64598     -368.98083      18092.541      3458.2657      21550.807      5622.1775      0              1775.0379      3491.9375      7203.388       0              0.65229619   
   7700000   127575.16      304.80668     -240.97055      18040.342      3360.8034      21401.145      5632.6536      0              1758.1171      3440.9969      7208.5742      0              0.65318483   
   7710000   126006.83      314.58697     -182.84196      17996.419      3468.6411      21465.061      5622.8752      0              1765.5728      3418.8724      7189.099       0              0.66131462   
   7720000   127862.86      314.37142      166.18096      18010.103      3466.2644      21476.367      5668.9422      0              1782.1429      3404.6592      7154.3584      0              0.65171513   
   7730000   128627.16      306.78521      235.74535      18043.688      3382.6188      21426.306      5618.9508      0              1750.7049      3471.8722      7202.1598      0              0.64784265   
   7740000   127105.9       302.05259      431.09082      18027.814      3330.4368      21358.251      5559.792       0              1764.4737      3529.1794      7174.3691      0              0.65559631   
   7750000   126668.72      305.62913     -213.04139      18006.172      3369.8717      21376.043      5599.8702      0              1750.4536      3434.541       7221.3068      0              0.65785904   
   7760000   126151.8       310.99641      69.874358      17998.508      3429.0515      21427.559      5589.415       0              1745.8618      3437.422       7225.809       0              0.66055466   
   7770000   126946.25      313.44534      483.9579       18030.463      3456.0535      21486.517      5643.306       0              1699.8223      3497.2723      7190.0628      0              0.65642081   
   7780000   125382.25      304.38249     -30.178257      18030.302      3356.1263      21386.428      5610.4045      0              1733.6033      3409.7581      7276.5358      0              0.6646089    
   7790000   125884.45      310.08868      77.637969      18076.033      3419.0428      21495.075      5575.9696      0              1770.789       3479.907       7249.367       0              0.66195756   
   7800000   126587.13      308.25173     -148.40467      18180.499      3398.7886      21579.288      5621.6711      0              1829.8901      3490.6283      7238.3096      0              0.65828303   
   7810000   126202.79      308.87128     -55.682008      17994.05       3405.6198      21399.67       5595.5458      0              1743.8635      3450.7225      7203.9181      0              0.6602878    
   7820000   126550.85      309.96571      128.65363      18087.773      3417.687       21505.46       5579.7662      0              1786.7469      3528.5876      7192.6724      0              0.65847174   
   7830000   125723.14      312.44257      326.65053      18075.61       3444.9969      21520.607      5651.836       0              1749.7194      3458.556       7215.4985      0              0.66280689   
   7840000   126367.78      316.34614      396.53491      18028.581      3488.0377      21516.618      5573.5811      0              1707.4054      3531.4595      7216.1345      0              0.65942568   
   7850000   127027.19      312.93855      785.13434      18077.275      3450.4655      21527.74       5614.0275      0              1722.324       3487.4682      7253.4548      0              0.65600255   
   7860000   126607.27      302.61133     -2.5487528      18049.802      3336.5975      21386.4        5616.213       0              1718.7991      3510.7874      7204.0027      0              0.6581783    
   7870000   127031.23      305.17707      228.31989      18109.429      3364.8873      21474.317      5597.54        0              1775.9994      3500.535       7235.3551      0              0.65598169   
   7880000   126268.86      306.48278     -274.85491      18037.833      3379.2842      21417.117      5558.4943      0              1763.2819      3446.5527      7269.5042      0              0.65994231   
   7890000   126124.57      300.50518     -484.59385      18066.262      3313.3751      21379.637      5566.4404      0              1746.8227      3471.3957      7281.6031      0              0.6606973    
   7900000   127276.47      308.91612      196.05423      17968.523      3406.1142      21374.637      5681.0529      0              1713.2883      3428.6796      7145.5021      0              0.65471772   
   7910000   128039.02      308.37451      563.67519      18005.852      3400.1424      21405.994      5661.5458      0              1700.7251      3417.9447      7225.6362      0              0.65081849   
   7920000   127506.4       315.41277      66.838711      18069.541      3477.7464      21547.287      5630.3261      0              1772.7086      3462.7474      7203.7588      0              0.65353709   
   7930000   126790.72      308.7123       252.92299      18048.763      3403.8668      21452.629      5574.4856      0              1752.64        3475.5283      7246.1087      0              0.657226     
   7940000   125797.57      310.88039     -225.04656      18027.125      3427.7723      21454.897      5602.8221      0              1816.1749      3384.5349      7223.5933      0              0.66241473   
   7950000   125698.4       305.67843     -468.50416      18077.112      3370.4154      21447.528      5582.8958      0              1805.5697      3474.9041      7213.7429      0              0.66293731   
   7960000   126427.14      307.46987      604.66342      18144.423      3390.1678      21534.591      5639.1988      0              1761.975       3514.7741      7228.4749      0              0.65911605   
   7970000   126090.77      303.10629     -313.36219      18024.85       3342.0549      21366.905      5600.1946      0              1752.223       3466.5914      7205.8407      0              0.66087437   
   7980000   125209.56      302.96648      210.39348      18079.731      3340.5133      21420.244      5586.2802      0              1772.9895      3472.1779      7248.2834      0              0.66552552   
   7990000   126035.31      311.33032     -152.60126      18043.686      3432.7332      21476.419      5610.6751      0              1738.6226      3498.8857      7195.5023      0              0.66116521   
   8000000   127755.29      303.92585      124.48744      18150.135      3351.0914      21501.226      5573.7676      0              1762.134       3533.5601      7280.6732      0              0.65226386   
   8010000   128215.33      310.17979     -321.67583      18037.737      3420.0474      21457.784      5562.9124      0              1793.0674      3464.2108      7217.5463      0              0.64992354   
   8020000   125772.4       306.92019      292.35982      18029.716      3384.1071      21413.823      5565.3577      0              1728.445       3490.5397      7245.3734      0              0.66254729   
   8030000   127432.19      307.85136     -29.025802      17962.514      3394.3741      21356.888      5630.1144      0              1723.6409      3413.377       7195.3815      0              0.65391768   
   8040000   126661.67      304.30882     -91.710173      17990.304      3355.3141      21345.618      5554.9385      0              1743.378       3476.4223      7215.5651      0              0.65789564   
   8050000   125735.13      303.5393       220.95037      18083.807      3346.8293      21430.636      5554.4091      0              1743.3133      3538.5857      7247.4984      0              0.66274368   
   8060000   126640.07      305.12549     -165.2808       17966.697      3364.3186      21331.016      5570.6163      0              1735.1631      3462.4348      7198.4834      0              0.65800787   
   8070000   126608.5       309.83736     -117.61827      18047.71       3416.2718      21463.982      5590.6409      0              1744.9985      3469.1905      7242.8804      0              0.65817192   
   8080000   126380.16      304.22756     -1.0001819      18110.295      3354.418       21464.713      5578.5251      0              1777.0574      3499.7118      7255.001       0              0.6593611    
   8090000   126640.03      306.56652      276.87139      18032.274      3380.2075      21412.482      5603.7272      0              1708.8184      3474.2844      7245.4441      0              0.65800807   
   8100000   125249.65      307.59376      650.12585      18083.633      3391.5338      21475.167      5608.9331      0              1730.0453      3470.3996      7274.2553      0              0.66531253   
   8110000   126431.17      309.48351      203.60369      17944.468      3412.3702      21356.838      5621.2305      0              1714.6042      3450.303       7158.3302      0              0.65909507   
   8120000   125334.2       313.59472      184.73979      17975.612      3457.7005      21433.312      5583.1496      0              1730.4219      3459.4428      7202.5975      0              0.66486372   
   8130000   125086.22      311.13297      318.19461      18069.472      3430.5572      21500.03       5654.2078      0              1774.1069      3418.7164      7222.4414      0              0.66618179   
   8140000   126121.62      307.14062      403.49478      18070.097      3386.5375      21456.634      5664.0357      0              1777.2694      3433.5342      7195.2575      0              0.66071271   
   8150000   125793.08      300.96202      77.267488      17971.789      3318.4122      21290.201      5608.2708      0              1712.655       3481.9451      7168.9182      0              0.66243836   
   8160000   127413.94      317.23529     -419.46014      18047.14       3497.8415      21544.981      5515.282       0              1789.6623      3500.0289      7242.1666      0              0.65401134   
   8170000   124815.49      305.23713     -140.35032      18055.382      3365.5496      21420.932      5632.3178      0              1776.6044      3422.5352      7223.9247      0              0.66762674   
   8180000   125552.3       312.10655      170.57404      18014.505      3441.292       21455.797      5595.8388      0              1767.0989      3449.6294      7201.9378      0              0.66370873   
   8190000   127502.67      308.55013     -566.72126      18029.069      3402.0788      21431.148      5523.2277      0              1795.1612      3503.8766      7206.8033      0              0.6535562    
   8200000   127291.15      310.46577     -385.57139      18021.703      3423.2006      21444.904      5542.2565      0              1788.1497      3498.4331      7192.8641      0              0.65464224   
   8210000   125280.87      312.5446       7.5926057      18091.914      3446.1219      21538.036      5596.727       0              1796.686       3451.1747      7247.3263      0              0.66514675   
   8220000   125596.75      305.36386     -124.51443      18147.753      3366.9469      21514.7        5601.8762      0              1783.8969      3513.0067      7248.9735      0              0.66347385   
   8230000   126532.03      310.94753      280.83616      18034.225      3428.5125      21462.737      5580.3483      0              1767.5403      3481.4849      7204.8513      0              0.65856967   
   8240000   126570.5       309.59672     -21.416251      17984.696      3413.6185      21398.315      5594.3529      0              1759.9023      3441.8703      7188.5707      0              0.65836955   
   8250000   126576.07      307.92776      246.54222      18048.175      3395.2165      21443.392      5609.4139      0              1730.0677      3501.4454      7207.2481      0              0.65834057   
   8260000   125596.38      304.05748      368.35195      17997.529      3352.5428      21350.072      5616.8461      0              1753.898       3406.0937      7220.6914      0              0.66347582   
   8270000   124437.07      292.53077      62.768101      18018.131      3225.4491      21243.58       5619.3315      0              1746.7366      3490.0142      7162.049       0              0.66965707   
   8280000   125957.05      305.9362      -257.51647      18011.457      3373.2576      21384.714      5553.3649      0              1782.8461      3504.7472      7170.4983      0              0.66157598   
   8290000   126601.52      308.81816      243.64385      18100.813      3405.0341      21505.847      5650.1989      0              1712.6981      3534.7404      7203.1751      0              0.65820824   
   8300000   126545.79      305.09497     -499.33275      18010.178      3363.9822      21374.16       5541.3905      0              1814.4306      3472.25        7182.1069      0              0.65849806   
   8310000   126014.68      308.32647     -82.631456      17982.526      3399.6127      21382.139      5624.6035      0              1774.04        3418.8902      7164.9926      0              0.66127345   
   8320000   125162         300.2186       351.45864      18144.113      3310.2152      21454.328      5657.3228      0              1785.8303      3469.6371      7231.3225      0              0.66577842   
   8330000   126348.37      311.89283      169.1433       18044.002      3438.9355      21482.938      5586.7877      0              1759.0265      3461.2095      7236.9788      0              0.65952699   
   8340000   126557.28      308.68604     -487.21371      18016.517      3403.5773      21420.094      5597.4329      0              1768.454       3471.2395      7179.3905      0              0.65843829   
   8350000   127615.63      311.03666      516.49663      18067.489      3429.4953      21496.985      5623.5737      0              1783.5969      3462.6769      7197.6418      0              0.65297769   
   8360000   126372.79      308.25925      241.66904      18048.264      3398.8715      21447.135      5643.9539      0              1733.7705      3483           7187.5393      0              0.65939954   
   8370000   125779.35      307.9604      -68.113352      18153.671      3395.5764      21549.248      5636.0634      0              1806.3119      3473.7142      7237.5819      0              0.66251068   
   8380000   127196.41      306.58874     -121.6771       18050.743      3380.4525      21431.195      5633.3777      0              1758.4919      3494.4307      7164.4424      0              0.65512981   
   8390000   126838.24      303.63613      352.88024      17953.804      3347.8969      21301.701      5591.5171      0              1703.6605      3438.7738      7219.8525      0              0.65697978   
   8400000   125521.4       310.49467      1026.7008      18075.615      3423.5193      21499.134      5702.8345      0              1694.2658      3496.9181      7181.5967      0              0.66387215   
   8410000   127441         306.92417     -65.51775       18077.725      3384.1509      21461.876      5651.3977      0              1726.2574      3450.4702      7249.5994      0              0.65387246   
   8420000   126077.67      305.4531       90.711166      18068.95       3367.9308      21436.881      5659.2314      0              1758.9886      3461.7761      7188.9538      0              0.66094305   
   8430000   126579.94      309.00438      155.81574      18080.417      3407.0874      21487.505      5629.8897      0              1736.9798      3519.3963      7194.1515      0              0.65832042   
   8440000   127138.23      307.30394     -166.75446      17999.608      3388.3382      21387.946      5628.7011      0              1728.3784      3477.6869      7164.8414      0              0.65542962   
   8450000   126719.2       304.33993     -100.29752      18019.117      3355.657       21374.774      5626.637       0              1727.9771      3483.7282      7180.7746      0              0.65759696   
   8460000   126822.25      309.60981     -388.73409      18107.623      3413.7628      21521.386      5640.7516      0              1759.4914      3478.9305      7228.4499      0              0.65706261   
   8470000   127505.26      303.21727     -112.38912      18055.48       3343.2786      21398.759      5633.8195      0              1787.5143      3454.1398      7180.0065      0              0.65354294   
   8480000   125439.64      307.83524      334.44552      18063.791      3394.1964      21457.987      5592.5196      0              1781.6538      3494.3273      7195.2901      0              0.66430482   
   8490000   126698.33      305.26482     -406.64966      18046.25       3365.8549      21412.105      5598.0755      0              1792.0781      3454.5469      7201.5499      0              0.65770525   
   8500000   126651.24      310.56301     -163.05476      18141.816      3424.2728      21566.089      5637.3716      0              1822.782       3463.2252      7218.4377      0              0.65794981   
   8510000   126616.74      316.2355       343.38431      18098.41       3486.8178      21585.228      5643.999       0              1752.8194      3510.9144      7190.6777      0              0.65812908   
   8520000   126604.89      310.19915      69.646948      17999.063      3420.2609      21419.324      5582.1152      0              1734.8001      3456.2134      7225.9345      0              0.65819067   
   8530000   125808.49      308.33522      189.91065      18096.573      3399.7091      21496.282      5657.9001      0              1755.3738      3490.0948      7193.2042      0              0.66235719   
   8540000   126881.17      309.86515     -818.42835      18135.396      3416.5782      21551.974      5600.6255      0              1835.8855      3483.7477      7215.1373      0              0.6567575    
   8550000   126475.43      312.50031     -157.65822      17999.023      3445.6335      21444.657      5653.6174      0              1739.5509      3423.8176      7182.0376      0              0.65886444   
   8560000   126499.73      303.29047     -508.63608      18045.291      3344.0857      21389.377      5563.5708      0              1807.1468      3512.6902      7161.8831      0              0.65873786   
   8570000   126215.4       303.80371     -481.04263      18050.313      3349.7447      21400.058      5586.6202      0              1749.8281      3443.4525      7270.4122      0              0.6602218    
   8580000   125207.47      317.50585     -30.513979      17954.753      3500.8247      21455.578      5561.7292      0              1735.2845      3474.109       7183.6305      0              0.66553663   
   8590000   125143.53      308.4856       215.73932      18098.816      3401.3672      21500.184      5610.4776      0              1796.2957      3486.477       7205.5661      0              0.66587668   
   8600000   124297.34      309.73481     -11.182866      18014.266      3415.1411      21429.407      5585.6875      0              1740.8386      3487.4451      7200.2948      0              0.67040985   
   8610000   125120.98      301.23648     -42.158261      17962.82       3321.4384      21284.258      5572.0202      0              1802.5634      3420.3905      7167.8456      0              0.66599669   
   8620000   126094.41      308.92367     -733.87956      18074.995      3406.1974      21481.192      5540.995       0              1846.1821      3461.3774      7226.4404      0              0.66085533   
   8630000   125485.48      303.81354     -269.85166      18013.334      3349.8531      21363.187      5574.3263      0              1773.9679      3429.7511      7235.2885      0              0.66406217   
   8640000   126075.48      302.38714      459.17779      18017.41       3334.1255      21351.535      5624.1642      0              1743.8538      3486.0995      7163.2922      0              0.66095452   
   8650000   127204.17      314.70144     -389.13794      18003.605      3469.9032      21473.508      5537.2552      0              1796.0623      3457.0169      7213.2706      0              0.65508982   
   8660000   126353.03      302.03554      997.97073      18059.823      3330.2488      21390.072      5703.135       0              1705.8299      3438.6962      7212.1616      0              0.65950265   
   8670000   125313.83      315.10711     -116.53697      18033.954      3474.3762      21508.331      5577.6799      0              1798.7127      3470.8073      7186.7547      0              0.66497176   
   8680000   126657.29      317.21026     -434.26695      18044.485      3497.5655      21542.05       5562.1524      0              1788.62        3510.2098      7183.5027      0              0.65791841   
   8690000   127716.08      315.30578     -131.23165      18118.321      3476.5667      21594.888      5614.522       0              1771.644       3478.9807      7253.1744      0              0.65246411   
   8700000   125780.88      305.10184     -56.116591      18114.408      3364.0579      21478.466      5622.146       0              1779.5361      3498.271       7214.455       0              0.6625026    
   8710000   125050.19      304.82144      428.77212      18066.995      3360.9662      21427.961      5650.3878      0              1755.9564      3446.6251      7214.0257      0              0.6663737    
   8720000   126698.22      312.61424     -81.017006      17975.394      3446.8898      21422.284      5584.8771      0              1758.9195      3419.4381      7212.1596      0              0.65770585   
   8730000   126916.96      306.07302     -366.65218      18127.381      3374.7662      21502.147      5555.6908      0              1799.0752      3496.8069      7275.8081      0              0.6565723    
   8740000   126228.55      311.78965      121.93122      18080.2        3437.7978      21517.998      5637.8327      0              1766.6269      3482.4424      7193.2983      0              0.66015301   
   8750000   126070.55      314.55128     -809.61987      18076.351      3468.2475      21544.598      5553.1842      0              1819.9194      3478.5792      7224.6678      0              0.6609804    
   8760000   126782.73      308.3856       2.471635       18051.176      3400.2647      21451.44       5635.7757      0              1761.9839      3465.7913      7187.6248      0              0.65726742   
   8770000   125652.99      301.52579     -203.32596      17981.431      3324.6283      21306.059      5606.3255      0              1754.2373      3459.6755      7161.1927      0              0.66317691   
   8780000   125178.99      307.70076      198.80814      18029.025      3392.7137      21421.738      5598.1636      0              1765.6284      3463.7778      7201.4549      0              0.66568806   
   8790000   124592.72      303.72873     -56.920399      18081.156      3348.918       21430.074      5591.557       0              1777.1922      3488.0655      7224.3413      0              0.66882046   
   8800000   125514.83      310.26174     -68.592425      18055.671      3420.9511      21476.622      5588.0964      0              1727.8557      3492.071       7247.6482      0              0.66390688   
   8810000   125686.33      311.3332      -4.9100536      18033.77       3432.7649      21466.535      5596.7471      0              1779.0788      3465.0665      7192.8779      0              0.663001     
   8820000   125689.88      308.089       -70.888235      18014.478      3396.9944      21411.472      5573.0042      0              1741.6516      3448.0374      7251.7847      0              0.66298228   
   8830000   126171         304.69432     -197.74794      18042.91       3359.5646      21402.475      5574.111       0              1804.9634      3449.7386      7214.0974      0              0.66045417   
   8840000   127132.02      303.95551     -17.026474      18111.54       3351.4185      21462.959      5571.5054      0              1793.78        3535.5577      7210.6971      0              0.65546162   
   8850000   126356.96      310.60584     -82.10422       18012.578      3424.7451      21437.323      5579.7575      0              1744.0375      3458.8448      7229.9384      0              0.65948216   
   8860000   125334.12      300.58698      610.81449      17972.929      3314.277       21287.206      5610.7227      0              1722.5457      3454.672       7184.9886      0              0.66486414   
   8870000   126488.6       305.1678       20.52508       18025.754      3364.7852      21390.54       5622.4157      0              1769.0122      3475.1576      7159.169       0              0.65879584   
   8880000   125382.55      311.12321     -474.68102      17985.201      3430.4497      21415.651      5586.3878      0              1722.0347      3451.8951      7224.8835      0              0.66460731   
   8890000   127023.32      306.79212      307.32218      18040.46       3382.695       21423.155      5595.5485      0              1756.5697      3462.5284      7225.8139      0              0.65602251   
   8900000   125919.7       309.08128      457.76893      18016.387      3407.9352      21424.323      5566.3227      0              1749.7432      3478.3278      7221.9936      0              0.66177221   
   8910000   124734.36      309.8361      -1043.1905      18056.306      3416.2579      21472.564      5517.4706      0              1864.9007      3442.4095      7231.5254      0              0.66806102   
   8920000   125838.21      305.72384      105.04283      17985.122      3370.916       21356.038      5556.4952      0              1738.6865      3488.223       7201.7172      0              0.66220077   
   8930000   126970.76      314.39966     -508.88021      18094.789      3466.5758      21561.365      5525.9298      0              1795.1472      3527.7368      7245.9753      0              0.65629409   
   8940000   125846.9       311.25918     -376.89359      18064.386      3431.9489      21496.335      5546.0464      0              1776.5863      3499.2029      7242.5504      0              0.66215505   
   8950000   126929.42      311.69889     -598.82096      18029.351      3436.797       21466.148      5584.6954      0              1785.1272      3468.4681      7191.0603      0              0.65650783   
   8960000   126585.15      308.85028      161.90688      18109.6        3405.3883      21514.988      5608.1275      0              1765.5772      3490.7018      7245.1937      0              0.65829333   
   8970000   128069.74      305.69792     -591.6065       18004.406      3370.6303      21375.036      5586.009       0              1756.0839      3456.1751      7206.138       0              0.65066236   
   8980000   125614.93      310.34406      60.155594      18042.789      3421.8586      21464.648      5608.1607      0              1807.6577      3452.728       7174.2425      0              0.66337784   
   8990000   126240.53      305.18921     -494.85835      18091.683      3365.0212      21456.704      5597.2419      0              1780.6812      3485.5354      7228.2244      0              0.66009039   
   9000000   125747.38      300.46106      30.580608      17891.973      3312.8885      21204.862      5582.7199      0              1722.0809      3452.722       7134.4504      0              0.66267909   
   9010000   124858.89      307.32124      809.62338      18030.504      3388.5291      21419.033      5707.3931      0              1693.6423      3473.953       7155.5155      0              0.66739469   
   9020000   125492.15      311.61726     -270.887        18005.482      3435.897       21441.379      5567.9335      0              1749.4037      3488.7107      7199.4338      0              0.66402687   
   9030000   125041.61      313.04226     -51.291483      18083.771      3451.6091      21535.38       5615.7548      0              1789.8194      3488.7127      7189.4844      0              0.66641943   
   9040000   125464.03      302.73989      63.096494      18000.545      3338.015       21338.56       5628.2075      0              1767.096       3462.8986      7142.3433      0              0.66417571   
   9050000   126219.32      309.73205     -210.87821      17982.167      3415.1107      21397.278      5575.7879      0              1785.2905      3468.0336      7153.0552      0              0.66020133   
   9060000   125733.12      303.70258      212.77089      17990.939      3348.6296      21339.569      5652.7435      0              1732.0591      3439.2411      7166.8958      0              0.66275424   
   9070000   126410.64      308.48679      201.90012      18075.217      3401.3804      21476.597      5605.6365      0              1761.0308      3490.2658      7218.2837      0              0.6592021    
   9080000   126427.03      312.35337     -760.84388      18094.203      3444.0134      21538.217      5582.7322      0              1778.8513      3514.4136      7218.2063      0              0.65911663   
   9090000   125823.11      311.13707     -533.42285      18067.405      3430.6024      21498.007      5593.4282      0              1786.0252      3482.2069      7205.7447      0              0.66228024   
   9100000   125525.95      305.77246     -78.869265      18057.203      3371.4521      21428.655      5600.1976      0              1809.4777      3450.1098      7197.4183      0              0.6638481    
   9110000   126155.96      311.88954     -324.68809      18002.53       3438.8992      21441.429      5605.9666      0              1745.4647      3504.3282      7146.7707      0              0.66053286   
   9120000   127227.59      309.83989     -393.36787      18052.826      3416.2998      21469.126      5622.0206      0              1794.8815      3472.4758      7163.4483      0              0.65496926   
   9130000   126589.93      304.97851      618.86006      18115.253      3362.6981      21477.951      5668.543       0              1749.1282      3460.5095      7237.0725      0              0.6582685    
   9140000   127932.72      308.21096     -60.718207      18082.545      3398.3391      21480.884      5592.516       0              1790.0615      3476.657       7223.3101      0              0.65135924   
   9150000   126274.91      310.66741      226.35396      17934.522      3425.4239      21359.946      5641.0885      0              1696.4968      3418.5506      7178.3858      0              0.65991066   
   9160000   128023.96      307.56224      70.12384       18083.611      3391.1863      21474.798      5638.5411      0              1752.3075      3496.7401      7196.0225      0              0.65089504   
   9170000   127283.97      313.21989     -571.6447       18150.746      3453.5677      21604.314      5578.2702      0              1819.6396      3471.0348      7281.8013      0              0.65467913   
   9180000   126326.21      303.1291      -353.18045      18034.495      3342.3064      21376.801      5556.8977      0              1788.5686      3463.0943      7225.9343      0              0.65964266   
   9190000   127778.87      305.02833     -311.2379       18089.782      3363.2473      21453.03       5540.3371      0              1793.0057      3491.1481      7265.2912      0              0.65214349   
   9200000   127906.59      309.47803      234.2659       18051.645      3412.3099      21463.955      5663.1483      0              1746.8027      3469.6954      7171.9989      0              0.65149229   
   9210000   126714.75      306.83298      163.134        18035.777      3383.1454      21418.922      5653.1508      0              1756.2821      3437.4755      7188.8681      0              0.65762006   
   9220000   127273.77      308.72112     -309.57101      18094.147      3403.9641      21498.111      5605.1414      0              1794.4612      3442.7235      7251.821       0              0.65473159   
   9230000   125950.93      305.00414     -221.93782      18101.57       3362.9807      21464.551      5622.278       0              1790.1968      3455.0569      7234.0387      0              0.66160813   
   9240000   125709.28      311.66985      296.62561      18049.138      3436.4768      21485.615      5623.0398      0              1751.8143      3459.2223      7215.0621      0              0.66287993   
   9250000   126555.8       307.78528     -705.20338      18112.136      3393.6455      21505.781      5561.4081      0              1827.5032      3500.473       7222.7516      0              0.65844601   
   9260000   126386.14      308.30722      135.35286      17964.931      3399.4005      21364.331      5593.1148      0              1767.6917      3404.0106      7200.1135      0              0.65932989   
   9270000   126255.03      309.93613     -33.40345       18034.325      3417.3608      21451.686      5635.5598      0              1773.5007      3441.9112      7183.3535      0              0.66001459   
   9280000   124397.65      312.5255       1172.1101      17987.272      3445.9113      21433.183      5637.2438      0              1672.1949      3500.3578      7177.4753      0              0.66986923   
   9290000   125877.95      298.74503      586.34451      18049.837      3293.9676      21343.805      5626.4428      0              1764.025       3459.9341      7199.4355      0              0.66199173   
   9300000   124470.39      305.49857      13.620703      18044.869      3368.4322      21413.301      5607.5503      0              1754.0682      3475.2859      7207.9648      0              0.66947778   
   9310000   126605.14      309.5696      -237.9278       18002.393      3413.3195      21415.712      5579.1203      0              1759.5733      3455.5429      7208.1562      0              0.65818938   
   9320000   126605.76      309.24985      524.93392      18052.581      3409.7939      21462.375      5617.7488      0              1722.8578      3481.0906      7230.8835      0              0.65818616   
   9330000   125728.94      308.23693      137.7983       18080.787      3398.6254      21479.412      5615.7308      0              1767.8525      3486.6013      7210.6023      0              0.6627763    
   9340000   124686.76      304.10452     -430.60365      17964.847      3353.0614      21317.909      5540.9043      0              1744.1128      3476.9658      7202.8645      0              0.66831605   
   9350000   125520.55      301.21861     -338.07123      18039.627      3321.2413      21360.868      5532.3658      0              1822.2159      3442.8271      7242.2177      0              0.66387663   
   9360000   123903.82      314.33817     -533.74654      18006.196      3465.8978      21472.094      5548.7199      0              1777.7623      3464.8338      7214.8799      0              0.67253907   
   9370000   126000.42      306.2951       45.273429      17988.507      3377.2148      21365.722      5561.4638      0              1742.6065      3467.2829      7217.1542      0              0.66134826   
   9380000   126230.74      306.72491      79.226874      18052.986      3381.9539      21434.94       5584.1271      0              1760.9318      3490.3533      7217.5736      0              0.66014161   
   9390000   125489.11      308.509        136.39576      18055.328      3401.6253      21456.953      5612.6006      0              1753.8294      3515.8415      7173.0562      0              0.66404296   
   9400000   126556.89      308.64857      56.127832      18015.722      3403.1642      21418.886      5580.396       0              1795.1963      3482.7262      7157.4033      0              0.65844036   
   9410000   126172.75      307.0961       57.754644      18041.838      3386.0467      21427.885      5606.4003      0              1767.688       3452.135       7215.6151      0              0.66044497   
   9420000   127152.2       305.37992      170.39155      18070.014      3367.124       21437.138      5637.6283      0              1729.8404      3485.611       7216.9346      0              0.65535762   
   9430000   126512.47      310.28239     -23.258463      17955.349      3421.1787      21376.527      5602.8282      0              1756.033       3442.6892      7153.7981      0              0.65867151   
   9440000   127436.43      308.78063     -144.85474      18008.98       3404.6202      21413.601      5571.4734      0              1753.7159      3457.1729      7226.6183      0              0.65389593   
   9450000   126801.83      309.86639      194.96405      17926.312      3416.5919      21342.904      5598.1371      0              1708.1744      3428.7138      7191.2871      0              0.65716845   
   9460000   127140.23      314.32913      73.927314      18043.918      3465.7982      21509.716      5581.1499      0              1760.5789      3482.9996      7219.1899      0              0.65541931   
   9470000   127381.54      306.90808     -350.47893      18054.751      3383.9735      21438.725      5567.5319      0              1790.7408      3442.3967      7254.0819      0              0.65417769   
   9480000   127109.62      314.62229      141.25429      18051.751      3469.0305      21520.782      5617.1366      0              1735.0681      3458.2839      7241.2628      0              0.65557715   
   9490000   126729.5       306.8612       292.87361      18046.527      3383.4566      21429.984      5616.0923      0              1732.2188      3512.361       7185.855       0              0.65754354   
   9500000   126875.9       309.90215     -124.96059      18068.77       3416.9862      21485.756      5612.1103      0              1804.1355      3451.1006      7201.4232      0              0.65678479   
   9510000   125575.82      312.38413      204.66142      18025.13       3444.3525      21469.483      5600.486       0              1778.2045      3473.3277      7173.1122      0              0.66358447   
   9520000   127027.7       302.09668      49.778167      18088.345      3330.923       21419.268      5605.7542      0              1756.0171      3508.189       7218.3843      0              0.6559999    
   9530000   125887.86      308.09271      167.67717      18043.603      3397.0352      21440.638      5596.9377      0              1780.5881      3433.1134      7232.9636      0              0.66193961   
   9540000   125216.96      306.51882      82.186918      18001.317      3379.6816      21380.999      5549.9636      0              1777.9727      3464.8507      7208.5302      0              0.66548621   
   9550000   126029.46      314.21089     -749.72334      18000.885      3464.4944      21465.38       5592.9567      0              1758.3692      3423.4876      7226.0718      0              0.66119591   
   9560000   126117.36      314.5508       100.52808      18030.149      3468.2422      21498.392      5624.8724      0              1748.4165      3451.5547      7205.3059      0              0.66073508   
   9570000   125348.36      308.63019     -703.64463      17998.039      3402.9615      21401          5606.8753      0              1737.8642      3459.0391      7194.2602      0              0.66478862   
   9580000   125862.48      305.18958      173.75872      18051.248      3365.0253      21416.273      5654.7961      0              1681.504       3519.5972      7195.3503      0              0.66207306   
   9590000   124963.94      307.80189     -112.45417      17979.511      3393.8287      21373.339      5569.4998      0              1744.0478      3465.0224      7200.9408      0              0.66683368   
   9600000   126900.75      315.80315     -338.68265      18089.354      3482.0507      21571.405      5594.6982      0              1782.3849      3476.4238      7235.8473      0              0.65665618   
   9610000   128202.23      310.03245     -750.3338       18099.2        3418.4228      21517.623      5575.9869      0              1821.5306      3478.9994      7222.683       0              0.64998996   
   9620000   127131.4       313.5487      -120.87519      18006.195      3457.1931      21463.388      5584.8384      0              1749.3732      3457.1834      7214.8003      0              0.6554648    
   9630000   127414.46      310.21031      351.81386      18049.693      3420.3839      21470.077      5609.2254      0              1722.0355      3479.134       7239.2977      0              0.65400866   
   9640000   125167.56      314.56715     -227.27508      18001.469      3468.4225      21469.891      5571.9304      0              1763.3155      3448.1339      7218.0888      0              0.66574888   
   9650000   125266.82      310.51687      302.83755      18140.403      3423.7641      21564.167      5592.371       0              1753.9657      3533.6509      7260.4153      0              0.66522132   
   9660000   126014.04      304.40185     -171.37064      17970.649      3356.3398      21326.989      5580.1766      0              1745.7618      3486.6836      7158.0273      0              0.66127678   
   9670000   125016.14      312.0482       323.99039      18071.576      3440.6486      21512.225      5649.5869      0              1713.317       3511.8315      7196.8411      0              0.66655523   
   9680000   125235.98      308.64595      500.55862      18054.45       3403.1353      21457.585      5653.4855      0              1764.7697      3463.3794      7172.815       0              0.66538516   
   9690000   126822.84      318.30731      108.62648      18056.708      3509.6616      21566.37       5612.3331      0              1795.9346      3433.1439      7215.2967      0              0.65705959   
   9700000   127410.99      307.15986     -371.76408      17983.877      3386.7496      21370.626      5558.9692      0              1798.8345      3439.4444      7186.6285      0              0.65402647   
   9710000   126516         306.78964      242.59527      17987.43       3382.6676      21370.098      5568.0606      0              1728.9673      3459.839       7230.5635      0              0.65865315   
   9720000   127121.05      308.9225       302.92524      18026.339      3406.1845      21432.523      5564.2225      0              1738.2362      3503.6765      7220.2035      0              0.65551819   
   9730000   128089.38      308.67331      209.27127      18009.406      3403.4369      21412.843      5616.8949      0              1735.7325      3481.6247      7175.1541      0              0.65056261   
   9740000   127829.62      304.47516     -163.57897      18064.594      3357.1482      21421.742      5579.2344      0              1772.1305      3490.6904      7222.5384      0              0.65188459   
   9750000   126398.38      300.51102      602.13521      18022.586      3313.4394      21336.025      5615.3592      0              1716.2509      3487.7574      7203.2182      0              0.65926607   
   9760000   126858.03      308.23309     -360.06791      18100.288      3398.5831      21498.871      5585.1745      0              1833.6728      3488.8743      7192.5668      0              0.65687729   
   9770000   127338.66      309.57375      79.337225      18072.58       3413.3652      21485.945      5685.3337      0              1745.8866      3469.7823      7171.5773      0              0.65439795   
   9780000   127371.04      302.53797      56.100175      17979.358      3335.7886      21315.146      5634.8374      0              1690.8354      3457.2432      7196.4415      0              0.65423163   
   9790000   126084.3       300.75484     -487.32326      18077.79       3316.1278      21393.918      5620.657       0              1832.2356      3450.6942      7174.2031      0              0.66090832   
   9800000   127071.45      304.35764     -626.15432      17951.711      3355.8523      21307.563      5581.7285      0              1761.3827      3441.8795      7166.7203      0              0.65577408   
   9810000   124950.29      300.0567       269.97419      17982.684      3308.4301      21291.114      5643.9248      0              1690.0024      3431.5832      7217.1734      0              0.6669065    
   9820000   125737.26      305.60094     -362.20412      17979.459      3369.561       21349.02       5577.8642      0              1746.9996      3421.7758      7232.82        0              0.66273246   
   9830000   124893.23      307.06704     -320.5847       17934.772      3385.7262      21320.498      5591.3501      0              1761.2882      3410.091       7172.0429      0              0.66721121   
   9840000   125711.12      304.06369     -394.81132      18072.811      3352.6112      21425.422      5650.8469      0              1794.6231      3431.6144      7195.7264      0              0.66287026   
   9850000   125542.01      307.38012     -84.422593      18059.055      3389.1783      21448.233      5559.0616      0              1799.1274      3478.5205      7222.3453      0              0.66376315   
   9860000   125460.03      308.65782      469.70308      18039.473      3403.2662      21442.739      5633.1095      0              1703.1381      3503.3402      7199.8854      0              0.6641969    
   9870000   128168.06      299.26315      86.908087      18011.304      3299.6804      21310.985      5598.2502      0              1759.7728      3445.9383      7207.3429      0              0.65016323   
   9880000   127076.21      306.64885     -224.9878       17996.291      3381.1152      21377.407      5540.4364      0              1782.4233      3443.5097      7229.922       0              0.65574949   
   9890000   126373.57      307.30218      201.42241      18044.033      3388.3189      21432.352      5641.009       0              1742.1034      3435.5156      7225.4047      0              0.65939547   
   9900000   127269.22      301.97315      38.252084      17991.394      3329.5609      21320.955      5573.8622      0              1735.1292      3463.4605      7218.9424      0              0.654755     
   9910000   126346.88      305.44578     -129.68774      18034.428      3367.8502      21402.278      5623.4026      0              1795.3688      3442.7556      7172.9013      0              0.65953475   
   9920000   126147.07      301.48587     -570.05471      18132.612      3324.1882      21456.8        5546.5344      0              1814.8398      3527.9659      7243.2722      0              0.66057941   
   9930000   125067.87      303.30991      60.281587      18091.032      3344.3         21435.332      5631.8772      0              1738.0103      3461.2721      7259.8721      0              0.6662795    
   9940000   124817.92      308.33291      291.19342      18051.573      3399.6837      21451.257      5578.6211      0              1704.7644      3505.1818      7263.0061      0              0.66761376   
   9950000   125923.15      307.06023      89.816487      18017.505      3385.6511      21403.156      5584.965       0              1802.8203      3444.4036      7185.3158      0              0.66175409   
   9960000   127146.59      309.09157      265.58667      17985.972      3408.0487      21394.021      5591.0927      0              1751.3293      3438.1026      7205.4474      0              0.65538652   
   9970000   127135.14      314.44352      43.69913       18031.162      3467.0594      21498.222      5594.3513      0              1759.4723      3482.9859      7194.3527      0              0.65544555   
   9980000   125261.27      315.25427     -236.76132      18137.662      3475.9987      21613.661      5581.3824      0              1815.8974      3529.8438      7210.5385      0              0.66525079   
   9990000   124667.9       309.27174     -21.848894      17993.45       3410.0352      21403.485      5582.3238      0              1760.432       3490.7044      7159.99        0              0.66841712   
  10000000   125093.14      299.79609     -950.11096      18075.468      3305.5566      21381.025      5572.5589      0              1844.5838      3467.9912      7190.334       0              0.66614495   
  10010000   126164.47      299.80718     -37.10236       18079.088      3305.6789      21384.767      5598.8161      0              1756.6704      3466.0976      7257.5043      0              0.66048833   
  10020000   126710.96      316.54831      178.33722      17977.95       3490.2669      21468.217      5613.1053      0              1694.8073      3477.842       7192.1953      0              0.65763973   
  10030000   126197.37      311.966        105.12145      18029.48       3439.7422      21469.223      5605.6555      0              1782.7878      3456.2907      7184.7464      0              0.66031613   
  10040000   126452.56      304.99588      105.72212      18066.577      3362.8896      21429.467      5620.3512      0              1718.6152      3460.4818      7267.1291      0              0.6589836    
  10050000   126583.1       311.83357     -45.379145      18102.187      3438.282       21540.469      5554.3539      0              1743.916       3544.6978      7259.2192      0              0.65830401   
  10060000   126788.6       308.02489     -209.08375      18068.054      3396.2874      21464.342      5601.4157      0              1760.6297      3451.6768      7254.3318      0              0.65723703   
  10070000   125417.16      304.71136     -35.987164      18016.147      3359.7524      21375.9        5561.3198      0              1803.2345      3478.892       7172.701       0              0.66442391   
  10080000   126923.44      305.18875     -1017.1477      18125.208      3365.0161      21490.224      5554.027       0              1857.8494      3511.1879      7202.1438      0              0.6565388    
  10090000   127437.47      304.57613     -411.61955      17977.305      3358.2614      21335.567      5619.8493      0              1754.2126      3392.9539      7210.2895      0              0.65389059   
  10100000   126618.96      312.49777      218.09849      18074.7        3445.6056      21520.305      5591.6562      0              1766.3397      3472.839       7243.8649      0              0.65811754   
  10110000   124638.19      306.39576      314.58315      18136.092      3378.3247      21514.417      5598.7895      0              1797.5054      3488.5625      7251.2344      0              0.66857648   
  10120000   125545.6       309.72871      58.623659      18068.274      3415.0738      21483.348      5616.0919      0              1785.5631      3448.8858      7217.733       0              0.66374416   
  10130000   126083.34      310.3369      -349.25654      18020.639      3421.7798      21442.419      5570.8029      0              1765.356       3469.6105      7214.8695      0              0.66091332   
  10140000   126348.55      314.65187      342.08472      18028.756      3469.3567      21498.113      5608.4696      0              1712.7809      3500.237       7207.2684      0              0.65952606   
  10150000   126698.9       304.53707     -113.84033      18039.471      3357.8307      21397.302      5601.4859      0              1790.998       3459.844       7187.1436      0              0.65770231   
  10160000   124716.07      305.31614     -263.07379      18103.71       3366.4208      21470.131      5601.3819      0              1801.0192      3483.353       7217.9562      0              0.66815897   
  10170000   126211.98      313.93088      473.90777      17959.53       3461.407       21420.937      5571.9409      0              1707.8481      3494.9778      7184.7631      0              0.66023969   
  10180000   126846.74      312.90306      705.18421      18017.056      3450.0743      21467.13       5663.332       0              1690.2458      3486.9681      7176.5102      0              0.65693576   
  10190000   127725.95      310.18443     -201.47563      17983.251      3420.0987      21403.349      5578.6145      0              1779.9588      3443.2983      7181.3791      0              0.65241368   
  10200000   126213.01      314.14542      73.297268      18021.984      3463.7726      21485.756      5572.0714      0              1785.9042      3477.3231      7186.6849      0              0.66023434   
  10210000   125546.7       314.78026     -171.30597      18036.68       3470.7723      21507.452      5627.9576      0              1774.9109      3422.3622      7211.4489      0              0.66373837   
  10220000   124918.65      307.32398      496.93751      18112.69       3388.5592      21501.249      5621.8348      0              1754.6134      3491.0583      7245.1832      0              0.66707539   
  10230000   125036.1       305.43646     -318.01292      18006.203      3367.7474      21373.951      5591.804       0              1787.0877      3466.9666      7160.3451      0              0.66644879   
  10240000   126882.21      303.58754      24.778876      17990.251      3347.3611      21337.612      5618.203       0              1714.1144      3451.4245      7206.5086      0              0.65675212   
  10250000   124508.71      309.35439      463.34519      18031.46       3410.9466      21442.406      5638.0004      0              1723.9911      3434.4178      7235.0502      0              0.66927174   
  10260000   124550.07      307.96118     -91.822061      17978.306      3395.585       21373.891      5550.58        0              1742.5412      3462.6844      7222.5001      0              0.66904948   
  10270000   126535.33      304.94184     -345.56723      18170.871      3362.2937      21533.165      5556.0022      0              1849.7355      3509.047       7256.0862      0              0.65855253   
  10280000   126630.05      311.00613     -62.1915        18109.032      3429.1587      21538.19       5636.9449      0              1788.6112      3434.7223      7248.7533      0              0.6580599    
  10290000   125866.2       304.20185      229.63746      18082.444      3354.1346      21436.579      5599.1792      0              1746.7574      3494.4416      7242.0663      0              0.66205352   
  10300000   124806.83      310.82469      327.10765      18094.268      3427.1582      21521.426      5621.0421      0              1750.4023      3462.8189      7260.0046      0              0.66767308   
  10310000   127483.96      302.34337      621.05064      18073.777      3333.6429      21407.42       5644.6512      0              1730.729       3458.6887      7239.7081      0              0.65365214   
  10320000   127559.94      303.93614      244.92021      18005.999      3351.2049      21357.204      5587.1852      0              1745.5224      3434.4589      7238.8326      0              0.65326276   
  10330000   126302.36      306.66615     -111.86774      18044.238      3381.3059      21425.544      5574.5916      0              1790.6156      3431.9297      7247.1008      0              0.65976724   
  10340000   127460.99      303.08383      160.94395      18141.871      3341.8073      21483.678      5640.707       0              1755.7712      3506.9309      7238.4615      0              0.6537699    
  10350000   126093.26      313.15731      90.400091      17990.988      3452.8777      21443.866      5584.3979      0              1758.8745      3473.489       7174.2267      0              0.66086131   
  10360000   126402.91      308.53284     -131.95468      17986.322      3401.8882      21388.21       5576.253       0              1713.8611      3434.0578      7262.15        0              0.65924241   
  10370000   126423.22      309.60727      125.83287      18072.165      3413.7348      21485.9        5595.8318      0              1747.5948      3478.2991      7250.4393      0              0.65913649   
  10380000   127788.37      308.80235      52.469941      18052.589      3404.8598      21457.449      5606.512       0              1760.3918      3477.794       7207.8915      0              0.652095     
  10390000   126261.63      305.85398      742.30353      18172.758      3372.351       21545.109      5657.5655      0              1783.0989      3458.4479      7273.6456      0              0.65998008   
  10400000   124770.13      304.13182      684.87028      18014.602      3353.3625      21367.964      5576.1404      0              1729.2862      3482.1483      7227.0268      0              0.66786948   
  10410000   127125.33      304.27923     -723.02089      17950.89       3354.9878      21305.877      5584.8432      0              1736.7824      3424.4273      7204.8367      0              0.65549611   
  10420000   126535.48      307.10584      81.176052      18020.837      3386.1541      21406.991      5619.4983      0              1770.409       3458.8779      7172.0522      0              0.65855175   
  10430000   127003.04      310.75741     -126.01284      18027.431      3426.4163      21453.847      5614.1655      0              1719.1762      3456.3206      7237.7689      0              0.65612731   
  10440000   126604.61      301.43396      75.609419      18061.82       3323.6158      21385.436      5622.8633      0              1755.7138      3434.5653      7248.6779      0              0.65819213   
  10450000   127097         309.07709     -668.30001      18090.843      3407.8891      21498.732      5602.0931      0              1823.8932      3466.3096      7198.5471      0              0.65564222   
  10460000   125447.86      302.95107      888.7538       18055.313      3340.3434      21395.657      5613.2025      0              1727.3922      3489.5581      7225.1604      0              0.66426131   
  10470000   126106.62      306.65714     -89.484838      17953.265      3381.2067      21334.471      5570.0978      0              1741.9246      3428.3103      7212.9319      0              0.66079133   
  10480000   127145.79      306.53021      67.624519      18022.95       3379.8071      21402.757      5643.0592      0              1739.1171      3434.5123      7206.2611      0              0.65539065   
  10490000   125486.44      304.73027      388.20611      18103.296      3359.961       21463.257      5601.7506      0              1745.1421      3513.4216      7242.9822      0              0.66405708   
  10500000   125601.05      300.16862      666.7283       18052.261      3309.6641      21361.925      5633.1817      0              1740.8127      3489.2622      7189.0045      0              0.66345116   
  10510000   127412.53      298.8911       66.232744      18037.666      3295.5781      21333.244      5627.7745      0              1760.9853      3446.4627      7202.4437      0              0.65401856   
  10520000   126461.54      304.71443     -439.9314       18063.758      3359.7863      21423.544      5576.9747      0              1760.2149      3486.0764      7240.4917      0              0.65893678   
  10530000   125626.66      310.75262      1074.6116      18099.781      3426.3635      21526.144      5695.4164      0              1691.1059      3472.3644      7240.8944      0              0.66331587   
  10540000   126501.68      307.6529       211.0589       17985.456      3392.186       21377.642      5639.2767      0              1718.131       3392.2691      7235.7786      0              0.6587277    
  10550000   127716.54      300.10632      164.84152      17988.232      3308.9772      21297.209      5638.1026      0              1734.7903      3397.1966      7218.1423      0              0.65246176   
  10560000   126594.78      307.0601       548.33113      18031.089      3385.6497      21416.739      5691.3955      0              1717.8279      3482.4372      7139.4287      0              0.65824324   
  10570000   125993.55      312.65078      311.94999      17997.706      3447.2926      21444.998      5577.6715      0              1734.2203      3488.0967      7197.7173      0              0.66138434   
  10580000   127267.11      317.29276      310.97432      17976.838      3498.4751      21475.313      5636.9098      0              1729.4577      3449.1625      7161.3082      0              0.65476586   
  10590000   127165.5       308.0603       201.69696      17988.689      3396.678       21385.367      5559.0872      0              1740.9772      3472.7149      7215.9094      0              0.65528905   
  10600000   125574.22      309.1117      -468.6367       18100.391      3408.2707      21508.661      5642.237       0              1807.1273      3424.1313      7226.895       0              0.6635929    
  10610000   125066.33      305.40938      860.93487      18037.498      3367.4489      21404.947      5633.4962      0              1691.1325      3449.8223      7263.047       0              0.66628773   
  10620000   126328.68      306.75983     -207.62327      18016.923      3382.3389      21399.262      5603.809       0              1765.5721      3467.5749      7179.9671      0              0.65962978   
  10630000   125240.39      305.028        131.80053      18020.862      3363.2437      21384.105      5604.4083      0              1735.5615      3465.2775      7215.6145      0              0.66536169   
  10640000   125158.56      300.15982     -789.59914      18041.578      3309.5671      21351.145      5522.2823      0              1827.764       3496.1896      7195.3418      0              0.66579675   
  10650000   126264.95      311.71794      1.8401841      18035.135      3437.0071      21472.142      5546.0952      0              1753.5402      3500.9414      7234.5582      0              0.65996273   
  10660000   125862.64      305.65254     -475.20033      18058.358      3370.1299      21428.488      5561.4712      0              1815.3254      3443.1449      7238.4165      0              0.66207224   
  10670000   125750.31      309.00118     -70.901108      18048.265      3407.0521      21455.317      5577.4035      0              1789.232       3471.7089      7209.9208      0              0.66266364   
  10680000   126304.18      308.95423     -537.71862      18113.978      3406.5344      21520.512      5556.0747      0              1836.2814      3507.0416      7214.5801      0              0.65975774   
  10690000   125307.38      311.17365     -71.383907      18100.353      3431.0057      21531.359      5592.9195      0              1764.7051      3476.4903      7266.2382      0              0.66500598   
  10700000   124645.58      305.69157      183.30241      17992.71       3370.5603      21363.27       5599.1874      0              1725.9737      3447.8535      7219.6952      0              0.6685368    
  10710000   125593.68      304.47715     -84.0602        18049.196      3357.17        21406.366      5589.8999      0              1742.8069      3492.6114      7223.8774      0              0.66349006   
  10720000   126430.38      312.01625      201.43389      18125.441      3440.2963      21565.737      5671.365       0              1767.4809      3423.7617      7262.8336      0              0.65909921   
  10730000   126255.44      306.48481      169.14894      18015.369      3379.3065      21394.676      5634.5855      0              1742.1632      3423.9768      7214.6439      0              0.66001241   
  10740000   126068.23      305.24833     -135.94509      18039.919      3365.673       21405.592      5552.8343      0              1803.0442      3470.2903      7213.7499      0              0.66099252   
  10750000   126205.67      306.1556      -149.49549      18022.597      3375.6766      21398.274      5613.6298      0              1718.7659      3482.3701      7207.8314      0              0.66027271   
  10760000   127511.74      309.88224     -208.05169      18134.687      3416.7667      21551.454      5581.8096      0              1837.3738      3492.1999      7223.3038      0              0.65350973   
  10770000   126483.49      309.54054     -635.51782      17984.609      3412.9991      21397.608      5524.4458      0              1803.7356      3446.75        7209.6772      0              0.65882245   
  10780000   128560.08      300.99562     -584.11934      18037.893      3318.7826      21356.676      5581.5132      0              1770.7863      3479.4058      7206.1882      0              0.64818068   
  10790000   125276.44      308.44773     -440.9234       18086.396      3400.9498      21487.345      5589.6482      0              1810.9558      3530.0429      7155.7488      0              0.66517024   
  10800000   126688.33      303.18652     -59.144609      18027.357      3342.9395      21370.296      5625.686       0              1781.4016      3427.221       7193.0481      0              0.65775721   
  10810000   125551.14      313.92546      732.00512      17973.308      3461.3473      21434.656      5628.3847      0              1684.8608      3446.027       7214.0357      0              0.66371489   
  10820000   125835.94      301.91737     -68.377493      18032.331      3328.9459      21361.277      5615.9748      0              1766.9692      3480.3591      7169.0281      0              0.66221271   
  10830000   126037.66      307.55083     -209.77621      18108.765      3391.0604      21499.825      5621.8684      0              1740.6686      3499.517       7246.7111      0              0.66115286   
  10840000   124494.63      309.33534     -149.85107      17991.978      3410.7366      21402.715      5553.2526      0              1730.7871      3467.707       7240.2317      0              0.66934745   
  10850000   124854.32      301.05272      458.39251      17968.754      3319.4122      21288.167      5591.0299      0              1735.5174      3440.6379      7201.5691      0              0.6674191    
  10860000   126746.92      314.75861     -378.31504      17942.565      3470.5336      21413.099      5554.8249      0              1743.5545      3457.6998      7186.486       0              0.65745314   
  10870000   125149         309.35371      1103.5329      17960.329      3410.9391      21371.268      5651.7136      0              1661.0372      3434.7097      7212.8685      0              0.66584759   
  10880000   126446.62      306.43782     -392.40162      17966.787      3378.7884      21345.575      5533.5151      0              1790.3775      3460.5023      7182.3918      0              0.65901453   
  10890000   125444.14      308.90319      699.40081      18038.699      3405.9717      21444.671      5641.6685      0              1693.0575      3450.2434      7253.73        0              0.66428103   
  10900000   126182.67      297.00847     -178.84635      18050.211      3274.8203      21325.031      5580.4162      0              1763.8078      3475.1222      7230.8646      0              0.66039306   
  10910000   125386.47      310.51105     -67.629829      18023.208      3423.6999      21446.908      5596.2485      0              1796.1163      3461.9411      7168.902       0              0.66458653   
  10920000   124568.83      311.68963     -57.066656      17956.31       3436.695       21393.005      5559.0198      0              1727.1805      3491.3426      7178.7676      0              0.66894874   
  10930000   125782.94      303.22745      97.212303      17987.917      3343.3908      21331.308      5568.4011      0              1722.5348      3477.7661      7219.2153      0              0.66249174   
  10940000   126217.13      312.60038      61.007328      18108.592      3446.7369      21555.328      5649.1308      0              1790.6832      3489.0239      7179.7537      0              0.66021279   
  10950000   127584.52      308.38238      49.627369      18122.61       3400.2292      21522.839      5643.5498      0              1786.0099      3480.3667      7212.6832      0              0.6531369    
  10960000   127478.22      304.65767     -283.06426      18081.428      3359.1604      21440.588      5601.7827      0              1792.0128      3463.2767      7224.3557      0              0.65368157   
  10970000   126198.04      313.19678     -157.39459      18001.248      3453.3129      21454.56       5574.1314      0              1743.6071      3457.2821      7226.2269      0              0.66031264   
  10980000   126342.58      312.93266      416.30835      18143.278      3450.4006      21593.679      5656.1381      0              1765.6046      3464.0027      7257.5331      0              0.6595572    
  10990000   126943.89      307.70514     -515.95941      18045.58       3392.7619      21438.342      5583.7952      0              1777.0143      3477.498       7207.2729      0              0.65643301   
  11000000   127169.36      306.94939     -363.55002      17979.896      3384.429       21364.325      5549.0533      0              1790.1075      3447.1457      7193.5895      0              0.65526915   
  11010000   127305.02      304.33805      23.686798      18005.711      3355.6363      21361.347      5604.0948      0              1727.8355      3417.4219      7256.3586      0              0.6545709    
  11020000   127373.03      307.51739     -211.87716      18041.18       3390.6917      21431.872      5568.5522      0              1776.3819      3481.9719      7214.2745      0              0.65422136   
  11030000   127497         306.5176      -493.24543      17926.261      3379.668       21305.929      5607.5423      0              1763.4408      3394.776       7160.5014      0              0.65358529   
  11040000   126648.23      308.09859     -169.90039      18111.042      3397.1001      21508.142      5618.9519      0              1793.2429      3463.4124      7235.435       0              0.65796543   
  11050000   124702.76      308.64811      408.11503      18022.651      3403.1591      21425.81       5670.2874      0              1717.7353      3392.4766      7242.1516      0              0.6682303    
  11060000   126885.48      308.92121     -77.533101      17962.527      3406.1704      21368.698      5590.0778      0              1747.9269      3462.8666      7161.6559      0              0.65673517   
  11070000   128174.4       309.83198     -245.59657      18134.056      3416.2124      21550.269      5605.0525      0              1760.0616      3502.7453      7266.197       0              0.65013108   
  11080000   127388.14      309.28011     -512.49939      17955.756      3410.1276      21365.883      5564.043       0              1779.3257      3455.5432      7156.8438      0              0.65414376   
  11090000   126887.33      310.28331      72.667219      17982.812      3421.1889      21404          5603.9636      0              1750.9916      3446.0027      7181.8536      0              0.65672563   
  11100000   125201.96      305.56331      138.93849      18043.432      3369.146       21412.578      5589.6251      0              1760.3299      3434.3934      7259.0839      0              0.66556595   
  11110000   125595.48      303.86472     -317.99163      18038.982      3350.4174      21389.4        5618.1532      0              1766.7936      3441.7436      7212.2918      0              0.66348056   
  11120000   126206.04      317.95439      788.83705      18116.642      3505.7703      21622.413      5618.0071      0              1749.7145      3479.5708      7269.3499      0              0.66027076   
  11130000   128158.42      309.93959     -893.05294      18071.153      3417.399       21488.552      5561.1063      0              1845.4259      3460.0043      7204.617       0              0.65021214   
  11140000   128087.38      313.1112      -169.08529      18087.297      3452.3692      21539.666      5598.3611      0              1759.6922      3500.0436      7229.2004      0              0.65057275   
  11150000   128149.1       305.69471     -467.88138      18041.092      3370.5949      21411.686      5536.2363      0              1828.9218      3472.8848      7203.0486      0              0.65025944   
  11160000   126657.15      302.29663      191.45162      18088.184      3333.1275      21421.311      5634.8766      0              1753.8549      3463.3335      7236.1189      0              0.65791911   
  11170000   127928.06      314.78583      217.49189      18049.583      3470.8337      21520.417      5656.5605      0              1728.2317      3441.1132      7223.678       0              0.65138299   
  11180000   126556.49      311.03402     -84.374686      18002.894      3429.4662      21432.36       5595.3802      0              1737.4506      3465.7062      7204.3567      0              0.65844241   
  11190000   126669.69      308.11393      11.932716      18021.932      3397.2693      21419.202      5609.8967      0              1722.995       3451.9842      7237.0564      0              0.65785401   
  11200000   126675.68      303.54809     -115.58168      18008.152      3346.9262      21355.079      5585.8188      0              1749.0497      3451.3283      7221.9556      0              0.65782287   
  11210000   126941.76      309.28783      448.38036      18063.198      3410.2127      21473.41       5639.3387      0              1779.4591      3465.5863      7178.8134      0              0.65644401   
  11220000   127807.91      301.40243     -154.37899      18075.628      3323.2682      21398.896      5608.7327      0              1796.6584      3493.6327      7176.604       0              0.65199535   
  11230000   129260.83      310.50228     -21.023665      17980.26       3423.6033      21403.863      5565.6732      0              1712.8201      3479.7579      7222.0085      0              0.64466676   
  11240000   126797.61      304.49978     -642.51101      18039.757      3357.4196      21397.177      5598.9325      0              1771.816       3498.3284      7170.6804      0              0.65719031   
  11250000   127413.11      307.45234      99.110046      17987.427      3389.9745      21377.401      5576.9408      0              1734.6774      3484.3343      7191.4746      0              0.65401558   
  11260000   125234.52      301.73107     -87.865452      18049.387      3326.8917      21376.278      5623.2104      0              1762.8454      3423.0133      7240.3175      0              0.66539289   
  11270000   125481.33      309.85895      253.48964      17987.851      3416.5098      21404.36       5609.5607      0              1733.9897      3447.695       7196.6051      0              0.66408411   
  11280000   126102.9       305.63883     -331.45926      18018.733      3369.9788      21388.712      5568.8854      0              1760.6442      3469.255       7219.9482      0              0.66081082   
  11290000   126098.8       303.23777     -50.669517      17990.21       3343.5047      21333.715      5617.6144      0              1744.6065      3420.4137      7207.5757      0              0.66083232   
  11300000   125278.74      308.52842      446.1195       18042.521      3401.8394      21444.36       5647.8384      0              1732.5303      3467.2204      7194.9319      0              0.66515804   
  11310000   125751.27      303.78089      33.182637      18097.485      3349.4931      21446.978      5607.9976      0              1803.344       3498.8309      7187.3122      0              0.66265862   
  11320000   125740.16      308.58157     -42.558692      18018.981      3402.4255      21421.407      5607.6101      0              1747.6407      3473.2372      7190.4935      0              0.66271712   
  11330000   126674.53      305.35389     -158.77731      18015.497      3366.8369      21382.334      5557.8662      0              1774.1354      3487.7371      7195.7581      0              0.65782886   
  11340000   127525.92      310.56275     -143.4021       18045.536      3424.27        21469.806      5614.6932      0              1754.0692      3460.9456      7215.8282      0              0.65343706   
  11350000   126440.03      306.43008      109.32871      18086.427      3378.7031      21465.131      5649.5715      0              1780.9591      3415.7833      7240.1136      0              0.65904886   
  11360000   126876.14      316.72403     -155.76752      18053.874      3492.2043      21546.078      5581.1785      0              1762.3647      3455.3214      7255.0095      0              0.65678355   
  11370000   127124.4       317.2417       165.01474      18017.981      3497.9122      21515.893      5664.284       0              1718.0293      3431.4984      7204.1689      0              0.6555009    
  11380000   126780.41      307.42268      240.69282      18116.031      3389.6475      21505.679      5620.1667      0              1808.8244      3495.7073      7191.3329      0              0.65727946   
  11390000   127073.03      307.69202      13.715758      18075.278      3392.6172      21467.895      5623.305       0              1775.805       3446.8342      7229.3339      0              0.65576591   
  11400000   128058.19      307.48941     -756.92856      18028.726      3390.3833      21419.109      5563.1555      0              1795.0596      3458.599       7211.9118      0              0.65072106   
  11410000   128132.19      310.3577      -21.13072       18006.273      3422.009       21428.282      5572.6574      0              1729.7935      3489.3266      7214.4953      0              0.65034526   
  11420000   125411.42      310.89262     -183.74712      17978.889      3427.9071      21406.796      5576.623       0              1775.6704      3463.1688      7163.4268      0              0.66445432   
  11430000   125375.64      304.10777      194.41681      18051.6        3353.0972      21404.697      5573.073       0              1788.6149      3482.0778      7207.8343      0              0.66464396   
  11440000   125871.72      315.08748      56.205874      17987.748      3474.1597      21461.908      5572.0503      0              1724.2164      3451.5491      7239.9321      0              0.66202449   
  11450000   128739.07      308.96959      298.81752      18112.574      3406.7037      21519.277      5587.3514      0              1764.0688      3496.9454      7264.208       0              0.64727951   
  11460000   127082.76      313.08831      66.554543      17997.607      3452.1169      21449.724      5586.6691      0              1754.4755      3451.6259      7204.8366      0              0.65571569   
  11470000   127372.93      301.09258     -676.13546      18039.214      3319.8517      21359.065      5519.5337      0              1782.0953      3535.0247      7202.5599      0              0.6542219    
  11480000   126233.63      312.57713      415.69217      18028.273      3446.4805      21474.754      5565.2806      0              1772.144       3512.8696      7177.9791      0              0.66012648   
  11490000   126735.31      307.17315     -174.34923      18045.955      3386.8962      21432.852      5591.0786      0              1770.8146      3480.4767      7203.5856      0              0.65751335   
  11500000   126082.38      307.56812      616.92744      18001.634      3391.2511      21392.885      5590.505       0              1720.0351      3493.6112      7197.4822      0              0.66091838   
  11510000   126769.43      308.68665     -113.29233      17959.279      3403.584       21362.863      5547.9764      0              1767.5231      3462.1325      7181.6465      0              0.65733638   
  11520000   126550.69      300.0691      -47.460754      17930.422      3308.5669      21238.989      5564.1024      0              1745.3628      3430.5371      7190.4198      0              0.65847258   
  11530000   126323.44      303.31531      332.96071      17927.295      3344.3596      21271.654      5617.0062      0              1706.6652      3395.0197      7208.6035      0              0.65965714   
  11540000   127880.72      308.73614     -734.51491      17977.291      3404.1297      21381.421      5530.0219      0              1782.1002      3466.5708      7198.598       0              0.65162412   
  11550000   127026.39      311.10998      569.39527      18025.837      3430.3037      21456.141      5599.1631      0              1698.1686      3495.6935      7232.8119      0              0.65600667   
  11560000   127267.43      313.43051     -220.80027      17971.473      3455.8899      21427.363      5625.734       0              1778.0414      3428.3023      7139.3952      0              0.65476424   
  11570000   126309.59      305.73435      82.452715      17929.363      3371.032       21300.395      5530.9251      0              1725.1273      3461.9656      7211.3453      0              0.65972948   
  11580000   126155.18      311.39724      272.72677      17977.153      3433.4711      21410.624      5651.4816      0              1721.645       3433.4571      7170.5689      0              0.66053695   
  11590000   126224.84      316.93169      540.37222      18004.217      3494.494       21498.711      5656.906       0              1711.155       3440.551       7195.6052      0              0.66017241   
  11600000   127308.85      311.14053      431.57653      18085.329      3430.6406      21515.97       5625.3657      0              1778.4365      3503.001       7178.526       0              0.65455122   
  11610000   125790.14      312.39126     -266.83783      18043.052      3444.4311      21487.484      5580.8059      0              1735.0751      3483.3395      7243.8319      0              0.66245381   
  11620000   124967.63      303.0695       470.10865      17970.484      3341.6493      21312.133      5638.3862      0              1695.1839      3476.4687      7160.4452      0              0.66681398   
  11630000   125939.68      307.41808      382.05373      18061.558      3389.5967      21451.155      5596.5831      0              1721.8025      3509.8267      7233.3457      0              0.66166721   
  11640000   126095.28      300.80709      179.98167      18047.446      3316.7039      21364.15       5636.8713      0              1750.5937      3428.6869      7231.2945      0              0.66085073   
  11650000   124966.33      309.03405     -325.4568       18015.877      3407.4145      21423.292      5563.8005      0              1782.6073      3474.7371      7194.7323      0              0.66682089   
  11660000   126756.92      308.08732      194.35507      18003.785      3396.9758      21400.76       5595.5692      0              1715.1664      3471.7292      7221.3199      0              0.65740127   
  11670000   127099.59      310.22402      252.32218      18017.65       3420.5351      21438.185      5592.333       0              1760.4882      3473.2064      7191.622       0              0.65562884   
  11680000   127232.98      317.24062     -183.48229      18030.764      3497.9003      21528.665      5551.1613      0              1771.3208      3496.8888      7211.3934      0              0.6549415    
  11690000   126890.87      305.157       -127.41404      17993.721      3364.6661      21358.388      5559.7217      0              1733.3796      3469.7234      7230.8967      0              0.65670731   
  11700000   127854.9       306.77266      514.26698      18004.922      3382.4803      21387.402      5568.1834      0              1722.3322      3477.9175      7236.4887      0              0.65175573   
  11710000   127522.28      309.03397      185.82741      18013.96       3407.4137      21421.374      5582.0204      0              1776.7508      3447.5798      7207.6093      0              0.6534557    
  11720000   128301.94      310.92656      102.22714      18092.131      3428.2814      21520.413      5636.0531      0              1778.1811      3446.6146      7231.2824      0              0.64948482   
  11730000   128219.79      313.05189      398.71488      18055.614      3451.7153      21507.329      5612.7825      0              1757.8367      3487.8595      7197.1353      0              0.64990091   
  11740000   126659.22      308.78892      109.75204      18041.606      3404.7117      21446.317      5582.3536      0              1742.8512      3458.6111      7257.7898      0              0.65790836   
  11750000   126514.65      312.14673      87.227623      18110.014      3441.735       21551.749      5551.6963      0              1830.0981      3510.477       7217.7431      0              0.65866016   
  11760000   126221.79      304.04404     -93.620469      17981.463      3352.3946      21333.857      5603.0712      0              1765.1743      3454.4223      7158.7948      0              0.66018841   
  11770000   125958.1       305.51126     -209.20175      18042.57       3368.5722      21411.143      5673.9159      0              1741.2366      3418.4207      7208.9973      0              0.66157048   
  11780000   126143.14      301.3814      -60.305111      18101.926      3323.0362      21424.962      5617.2613      0              1781.0517      3504.7402      7198.8729      0              0.66060002   
  11790000   126576.59      312.20803     -393.96023      18031.783      3442.4108      21474.194      5585.8518      0              1763.1281      3479.7694      7203.0335      0              0.65833787   
  11800000   125049.43      303.99661      325.83309      18009.753      3351.8716      21361.625      5550.8822      0              1780.0166      3474.3154      7204.5391      0              0.66637776   
  11810000   125940.72      306.63337      546.16415      18040.592      3380.9445      21421.537      5600.104       0              1719.6551      3480.0843      7240.7489      0              0.66166177   
  11820000   126726.04      312.6243       162.65939      18084.225      3447.0006      21531.225      5630.137       0              1761.5962      3479.5883      7212.9034      0              0.65756146   
  11830000   126837.92      303.58402      68.293753      18051.756      3347.3224      21399.078      5638.9336      0              1748.2185      3463.0327      7201.571       0              0.65698146   
  11840000   127110.9       309.65899     -415.35327      17988.317      3414.3051      21402.623      5559.2351      0              1793.8204      3430.6438      7204.6181      0              0.65557054   
  11850000   125840.15      306.7877      -176.4946       17962.59       3382.6462      21345.236      5575.0061      0              1769.1646      3453.3153      7165.1035      0              0.66219058   
  11860000   125905.42      309.62907     -200.86013      18101.454      3413.9752      21515.429      5546.3752      0              1799.7309      3510.7471      7244.6008      0              0.6618473    
  11870000   126912.74      308.36265     -414.74886      18094.954      3400.0116      21494.966      5580.3289      0              1792.6186      3459.4741      7262.5327      0              0.65659412   
  11880000   127598.61      307.1884      -89.618659      17918.404      3387.0643      21305.468      5612.4001      0              1742.2726      3408.1534      7155.5781      0              0.65306482   
  11890000   128226.81      312.96348     -469.7259       18043.118      3450.7405      21493.859      5556.6092      0              1822.1478      3462.6052      7201.7558      0              0.64986533   
  11900000   125249.78      311.56139      9.1772779      18043.351      3435.281       21478.632      5624.4965      0              1775.8229      3481.4701      7161.5615      0              0.66531185   
  11910000   125125.29      309.24568     -274.41562      18062.567      3409.748       21472.315      5610.2419      0              1793.7353      3485.6651      7172.9251      0              0.66597374   
  11920000   125215.84      307.01387      598.10483      17948.217      3385.1399      21333.357      5629.24        0              1736.0485      3417.9939      7164.9345      0              0.66549218   
  11930000   126593.39      313.24239      816.72333      18052.799      3453.8158      21506.614      5659.4035      0              1707.5531      3463.4423      7222.3996      0              0.65825047   
  11940000   126523.38      312.06323     -129.40224      18037.189      3440.8143      21478.004      5601.8827      0              1752.0896      3464.441       7218.7761      0              0.65861474   
  11950000   127084.02      304.01769      368.93863      18055.862      3352.104       21407.966      5620.8089      0              1789.6718      3456.6939      7188.6871      0              0.65570919   
  11960000   125599.88      306.19702      288.54018      18064.043      3376.1333      21440.176      5586.209       0              1732.7719      3500.1691      7244.8928      0              0.66345732   
  11970000   125697.37      305.74499     -242.02406      17981.433      3371.1493      21352.583      5536.8282      0              1790.2485      3452.8781      7201.4786      0              0.66294277   
  11980000   127631.09      312.12047      185.85158      17990.717      3441.4454      21432.162      5600.4958      0              1764.466       3441.2621      7184.4931      0              0.65289859   
  11990000   127534.87      309.72589     -318.66423      18061.566      3415.0427      21476.608      5574.784       0              1808.2742      3445.4378      7233.0695      0              0.65339118   
  12000000   129037.4       317.0604      -178.48107      17940.809      3495.9132      21436.722      5639.8693      0              1754.4262      3358.0598      7188.4538      0              0.64578302   
  12010000   126792.58      306.98286     -623.01784      18095.176      3384.798       21479.974      5571.8374      0              1860.3872      3471.7845      7191.1672      0              0.6572164    
  12020000   127107.93      307.15511     -61.124393      18078.764      3386.6973      21465.461      5616.9561      0              1749.0071      3490.2007      7222.6003      0              0.65558584   
  12030000   126399.61      311.27275      426.7308       18098.981      3432.0984      21531.079      5604.5122      0              1704.1423      3549.3792      7240.9469      0              0.65925965   
  12040000   127572.51      309.61525      95.922223      18082.391      3413.8228      21496.213      5617.856       0              1776.1601      3437.8057      7250.5689      0              0.65319842   
  12050000   124895.4       308.17611      225.46097      18015.416      3397.9549      21413.371      5635.667       0              1766.461       3393.1996      7220.0885      0              0.66719959   
  12060000   125119.06      302.36807     -173.07175      18016.001      3333.9153      21349.916      5592.2656      0              1764.1761      3458.8356      7200.7231      0              0.66600692   
  12070000   125716.28      301.75422     -71.094644      18019.317      3327.147       21346.464      5607.6841      0              1770.6247      3461.7596      7179.2483      0              0.66284305   
  12080000   125664.59      304.74079     -52.266524      18005.592      3360.0769      21365.669      5587.55        0              1755.4937      3506.8394      7155.7091      0              0.66311567   
  12090000   127230.36      308.76177      64.614209      17996.319      3404.4124      21400.731      5587.2612      0              1744.4931      3456.3653      7208.1994      0              0.65495502   
  12100000   128624.17      307.26916     -290.52333      18029.985      3387.9548      21417.94       5581.3804      0              1771.3317      3445.2108      7232.0618      0              0.64785773   
  12110000   125450.33      312.07168      391.47456      18045.654      3440.9075      21486.561      5615.7532      0              1754.5677      3486.5769      7188.7559      0              0.66424823   
  12120000   128357.1       303.58589     -254.6557       18035.224      3347.343       21382.567      5570.557       0              1824.7285      3461.0139      7178.9242      0              0.64920572   
  12130000   126178.43      312.77067      258.1954       18046.353      3448.6145      21494.968      5625.4168      0              1721.3345      3484.8806      7214.7215      0              0.66041527   
  12140000   127142.16      314.79434      2.6483146      18058.696      3470.9275      21529.623      5602.6185      0              1766.5228      3476.9729      7212.5817      0              0.65540935   
  12150000   127065.44      307.56378     -1.6743432      18073.369      3391.2032      21464.572      5641.7136      0              1730.663       3459.7674      7241.2245      0              0.65580507   
  12160000   126684.32      313.18983     -352.14355      18024.197      3453.2362      21477.433      5583.026       0              1786.716       3429.5546      7224.9005      0              0.65777801   
  12170000   126298.46      303.25229     -560.97919      17978.546      3343.6647      21322.21       5539.614       0              1732.2613      3463.049       7243.6215      0              0.65978763   
  12180000   126790.52      301.32045     -73.589653      18051.191      3322.3642      21373.555      5639.5597      0              1751.9925      3455.6095      7204.029       0              0.65722707   
  12190000   128325         309.39133     -320.3788       17983.461      3411.3539      21394.815      5595.3658      0              1742.2807      3398.8929      7246.9216      0              0.64936808   
  12200000   125113.86      303.63966     -517.34491      17978.28       3347.9358      21326.216      5578.1161      0              1776.3315      3427.1589      7196.6738      0              0.66603461   
  12210000   125791.09      307.20211     -181.53777      18030.022      3387.2155      21417.237      5590.2394      0              1767.5958      3500.4138      7171.7726      0              0.66244883   
  12220000   124843.87      303.8372      -7.152561       17999.161      3350.114       21349.275      5601.3556      0              1787.9751      3405.4375      7204.3928      0              0.66747497   
  12230000   126031.99      309.63338      228.81765      17980.161      3414.0227      21394.184      5632.8274      0              1728.7637      3402.2234      7216.3468      0              0.6611826    
  12240000   127781.95      312.29017      20.774369      18018.22       3443.3165      21461.537      5604.7261      0              1744.2715      3479.7526      7189.47        0              0.6521278    
  12250000   128016.47      308.72043      170.03445      18014.852      3403.9565      21418.808      5652.8275      0              1714.3561      3429.0503      7218.618       0              0.65093311   
  12260000   126043.42      304.02078      48.065545      18013.233      3352.138       21365.371      5567.5168      0              1709.2273      3432.8061      7303.6824      0              0.66112266   
  12270000   125431.23      302.62748      511.00015      17955.116      3336.7756      21291.892      5595.0961      0              1699.8555      3455.1029      7205.0616      0              0.66434937   
  12280000   126414.35      310.21982      421.33483      18060.593      3420.4888      21481.082      5667.3971      0              1733.5518      3478.2483      7181.396       0              0.65918274   
  12290000   126467.95      300.79735      113.13695      18015.391      3316.5966      21331.988      5588.5239      0              1752.0133      3461.8221      7213.0318      0              0.65890337   
  12300000   126010.82      305.11171      109.90547      18056.863      3364.1667      21421.03       5607.7393      0              1788.7769      3471.9591      7188.3881      0              0.66129368   
  12310000   127293.07      307.00393     -374.95803      18035.999      3385.0304      21421.03       5596.5892      0              1791.7691      3458.2464      7189.3946      0              0.65463235   
  12320000   126661.01      317.31815     -296.23237      17990.322      3498.7551      21489.077      5562.1626      0              1790.1822      3481.0835      7156.8937      0              0.65789906   
  12330000   126668.16      307.84379     -216.49648      18091.633      3394.2907      21485.924      5645.8762      0              1780.3278      3471.7111      7193.7182      0              0.65786192   
  12340000   125209.35      303.09124      360.88311      18025.907      3341.8889      21367.795      5580.9719      0              1744.4577      3488.642       7211.835       0              0.66552666   
  12350000   126350.84      306.47697      152.90022      18020.891      3379.2201      21400.111      5573.9588      0              1783.7893      3496.9305      7166.2122      0              0.65951412   
  12360000   125927.53      312.4919       438.90752      18039.506      3445.5408      21485.047      5609.1026      0              1724.7843      3480.6083      7225.0111      0              0.66173108   
  12370000   125792         308.81536     -493.40705      17966.208      3405.0032      21371.211      5554.4589      0              1744.3942      3471.091       7196.2639      0              0.66244404   
  12380000   125182.18      307.69622      161.78177      18019.748      3392.6636      21412.411      5656.6013      0              1730.485       3465.5381      7167.1231      0              0.6656711    
  12390000   126819.7       307.39295     -218.04755      17982.242      3389.3197      21371.562      5600.6115      0              1805.6637      3378.5784      7197.3883      0              0.65707585   
  12400000   126819.96      305.68522      182.25739      18020.464      3370.4902      21390.954      5654.6794      0              1729.6579      3460.3537      7175.7731      0              0.65707446   
  12410000   125681.71      308.42599      593.23436      18042.75       3400.71        21443.46       5646.7353      0              1719.9979      3497.6024      7178.4148      0              0.66302537   
  12420000   126583.72      308.4134       215.06413      18067.534      3400.5712      21468.105      5614.189       0              1738.981       3492.8395      7221.5242      0              0.65830079   
  12430000   127185.63      301.05939     -339.24449      18061.209      3319.4858      21380.695      5540.1413      0              1807.1589      3474.8282      7239.0803      0              0.65518534   
  12440000   128656.83      307.54398      87.192508      18012.457      3390.985       21403.442      5654.639       0              1778.4315      3416.3943      7162.9917      0              0.64769324   
  12450000   126080.19      308.32977      120.12509      18019.529      3399.6491      21419.178      5588.8494      0              1713.3374      3439.5132      7277.8293      0              0.66092984   
  12460000   126721.4       304.55699      351.51842      17989.018      3358.0503      21347.069      5599.5927      0              1754.3738      3445.3441      7189.7079      0              0.65758555   
  12470000   126283.28      311.61008      193.8402       17999.121      3435.8178      21434.939      5593.1481      0              1709.0953      3487.3108      7209.5667      0              0.65986691   
  12480000   126961.28      304.69818      312.86839      17991.66       3359.6071      21351.267      5614.1575      0              1702.3376      3477.4056      7197.7588      0              0.65634313   
  12490000   126735.82      300.57003     -160.03494      17969.718      3314.0901      21283.808      5620.5422      0              1737.3436      3415.519       7196.3133      0              0.65751075   
  12500000   126611.36      305.87949      291.66766      18021.031      3372.6323      21393.663      5631.5564      0              1736.5307      3437.627       7215.3168      0              0.65815704   
  12510000   127000.49      305.77919     -11.801505      18003.849      3371.5264      21375.375      5591.9754      0              1733.9845      3468.3249      7209.564       0              0.65614048   
  12520000   126827.27      311.46129     -26.359101      18063.433      3434.1773      21497.61       5631.9848      0              1755.939       3462.4162      7213.0931      0              0.6570366    
  12530000   125870.21      305.96944      391.2294       18058.975      3373.6241      21432.599      5640.9937      0              1774.8985      3436.7556      7206.3272      0              0.66203244   
  12540000   125554.81      311.01712      72.382738      18053.432      3429.2799      21482.712      5627.9276      0              1745.8689      3494.971       7184.6644      0              0.6636955    
  12550000   126533.28      314.86847     -126.62881      18048.154      3471.7449      21519.899      5596.6863      0              1811.4334      3462.1431      7177.891       0              0.65856318   
  12560000   125975.7       307.92668     -56.495815      18071.97       3395.2046      21467.175      5591.0847      0              1798.3245      3454.638       7227.9231      0              0.66147803   
  12570000   127871.21      309.95381      56.277751      18091.581      3417.5558      21509.137      5646.3219      0              1799.6635      3411.1833      7234.4125      0              0.65167256   
  12580000   124983.78      307.63809     -213.21769      18056.359      3392.0226      21448.381      5591.0644      0              1820.553       3434.2047      7210.5367      0              0.6667278    
  12590000   126377.4       302.48358     -10.743778      18083.21       3335.1889      21418.399      5578.1084      0              1764.2544      3526.7971      7214.0506      0              0.65937551   
  12600000   125190.42      304.40143      290.98593      18018.014      3356.3351      21374.349      5665.4863      0              1720.7854      3430.7326      7201.0098      0              0.66562727   
  12610000   125954.79      313.68418     -696.40998      18035.717      3458.687       21494.404      5538.6231      0              1805.4189      3535.9525      7155.7222      0              0.66158788   
  12620000   126366.98      308.01692     -772.60756      18010.825      3396.1996      21407.025      5544.8463      0              1814.8784      3481.6928      7169.4077      0              0.65942984   
  12630000   125983.11      306.04404     -49.607452      18004.447      3374.4466      21378.893      5552.4749      0              1728.9103      3525.417       7197.6445      0              0.66143916   
  12640000   125955.98      310.85796      206.91321      18027.649      3427.525       21455.174      5634.2935      0              1734.5788      3459.8894      7198.8871      0              0.66158159   
  12650000   125249.67      308.02097     -255.57246      18070.096      3396.2442      21466.341      5565.2691      0              1746.8545      3481.9802      7275.9926      0              0.6653124    
  12660000   127592.86      311.33161     -2.9235304      17974.157      3432.7474      21406.904      5580.4504      0              1759.7464      3442.6407      7191.3195      0              0.65309423   
  12670000   125984.93      303.87285     -430.18908      18030.26       3350.5071      21380.767      5556.8406      0              1815.5226      3467.4825      7190.414       0              0.66142959   
  12680000   125386.77      310.33584     -45.529905      18042.859      3421.768       21464.627      5593.3282      0              1761.5245      3493.9227      7194.0837      0              0.66458493   
  12690000   125819.27      307.1073       347.54445      18053.724      3386.1701      21439.895      5620.524       0              1738.8241      3499.0256      7195.3506      0              0.66230048   
  12700000   126121.37      310.4641      -238.96233      18046.56       3423.1822      21469.742      5652.5515      0              1755.5803      3442.5681      7195.8603      0              0.66071405   
  12710000   125442         303.49682      61.169251      18119.514      3346.3609      21465.875      5648.4675      0              1764.2737      3480.7319      7226.0411      0              0.66429237   
  12720000   125398.2       306.16198     -622.57243      18017.24       3375.747       21392.987      5528.0327      0              1796.3115      3463.9338      7228.9622      0              0.66452439   
  12730000   127018.72      312.93876      243.1659       18015.878      3450.4679      21466.346      5573.3239      0              1709.4568      3473.9548      7259.1423      0              0.65604629   
  12740000   127395.79      309.15296     -114.80344      18036.809      3408.7257      21445.535      5617.5256      0              1765.4329      3415.5979      7238.253       0              0.65410449   
  12750000   126443.48      305.3199      -225.90124      18105.098      3366.4622      21471.56       5675.9023      0              1767.086       3457.2448      7204.8646      0              0.65903088   
  12760000   127098.95      312.95945      180.08131      18005.683      3450.696       21456.379      5625.9434      0              1695.4182      3443.2389      7241.0821      0              0.65563219   
  12770000   128009.89      309.63205      389.67235      17954.825      3414.0081      21368.833      5582.3617      0              1731.5239      3476.586       7164.3536      0              0.65096659   
  12780000   125796.4       303.54396      525.38764      18054.649      3346.8807      21401.53       5660.8308      0              1720.2062      3438.0685      7235.5437      0              0.66242088   
  12790000   126788.76      305.74855     -628.34135      18053.279      3371.1885      21424.467      5583.3052      0              1806.8646      3461.6969      7201.4117      0              0.65723617   
  12800000   126142.53      306.85189      110.18583      17966.583      3383.354       21349.937      5588.2446      0              1735.8753      3460.887       7181.5758      0              0.6606032    
  12810000   126932.96      305.08208     -500.54343      18116.879      3363.84        21480.719      5575.7489      0              1806.2036      3462.0612      7272.8652      0              0.65648953   
  12820000   125595.27      307.45221     -1.1802959      17948.693      3389.9732      21338.666      5586.983       0              1734.5883      3460.9456      7166.176       0              0.66348166   
  12830000   126602.21      312.20834      394.78523      18070.935      3442.4143      21513.349      5618.6176      0              1694.3449      3505.2822      7252.6899      0              0.65820462   
  12840000   126366.94      307.32519     -724.93783      18076.12       3388.5725      21464.693      5561.9517      0              1807.0629      3505.4383      7201.6676      0              0.65943007   
  12850000   126809.27      305.61307     -468.89616      18059.663      3369.6947      21429.358      5606.3363      0              1792.8428      3488.1593      7172.3245      0              0.65712986   
  12860000   126581.6       310.21352     -95.799372      18036.774      3420.4194      21457.194      5604.5725      0              1797.4585      3460.3177      7174.4255      0              0.65831179   
  12870000   125760.79      306.90073      295.22651      18076.563      3383.8925      21460.455      5589.2107      0              1737.373       3471.805       7278.1741      0              0.66260844   
  12880000   126494.04      310.47744     -97.79427       18102.829      3423.3293      21526.158      5598.0001      0              1775.9045      3509.2897      7219.6345      0              0.65876747   
  12890000   127337.52      308.908        344.07651      17946.763      3406.0247      21352.788      5615.3169      0              1725.1071      3412.0091      7194.33        0              0.65440381   
  12900000   125757.66      310.38555      404.45316      18021.124      3422.3161      21443.44       5578.3447      0              1750.907       3454.9801      7236.8918      0              0.66262493   
  12910000   126952.01      304.21701      245.43752      17989.055      3354.3017      21343.357      5560.3238      0              1701.937       3482.8227      7243.9717      0              0.65639105   
  12920000   126579.36      310.83363     -668.43672      18060.012      3427.2567      21487.269      5585.7917      0              1802.9552      3452.0957      7219.1696      0              0.65832344   
  12930000   127224.49      314.27084      407.61384      18024.923      3465.1554      21490.078      5627.3413      0              1779.9054      3433.9913      7183.6848      0              0.65498522   
  12940000   127604.98      300.33085     -36.26224       18027.51       3311.4528      21338.963      5604.5371      0              1733.487       3454.3199      7235.1662      0              0.65303218   
  12950000   126218.33      305.54928      308.7195       17995.716      3368.9914      21364.707      5605.9085      0              1746.2182      3467.4188      7176.1703      0              0.66020649   
  12960000   126792.62      311.10397     -470.46749      18103.639      3430.2375      21533.876      5582.1607      0              1835.7977      3462.3421      7223.3386      0              0.65721619   
  12970000   127193.14      313.41156     -420.31277      17956.036      3455.681       21411.717      5613.2652      0              1772.4489      3410.1689      7160.1531      0              0.65514667   
  12980000   126988.77      295.53484     -829.90094      17888.118      3258.572       21146.69       5509.2227      0              1788.1262      3383.8638      7206.9049      0              0.65620104   
  12990000   124786.69      307.99441      442.53589      18093.847      3395.9514      21489.798      5613.3565      0              1745.6442      3463.3678      7271.4783      0              0.66778084   
  13000000   125364.87      309.16628     -109.4883       18024.019      3408.8725      21432.891      5577.0394      0              1762.8071      3472.0774      7212.0947      0              0.66470105   
  13010000   126812.78      306.56431     -154.0484       18051.379      3380.1831      21431.562      5540.4337      0              1825.7849      3431.9492      7253.2109      0              0.65711169   
  13020000   126750.92      315.60424     -522.86828      17952.642      3479.8576      21432.5        5561.7169      0              1771.8042      3438.0774      7181.0439      0              0.65743237   
  13030000   126750.78      316.69945     -100.30932      18074.437      3491.9333      21566.37       5594.3667      0              1768.4229      3456.2507      7255.3964      0              0.65743314   
  13040000   127027.78      310.66314     -187.13831      18046.534      3425.3768      21471.911      5576.983       0              1782.9293      3478.726       7207.8956      0              0.65599951   
  13050000   126897.12      311.43506      290.91382      18186.719      3433.888       21620.607      5617.5775      0              1752.1464      3573.1958      7243.7995      0              0.65667495   
  13060000   125686.44      310.69507     -213.77633      18072.222      3425.729       21497.951      5533.3368      0              1803.7579      3538.3502      7196.7774      0              0.66300038   
  13070000   125434.91      302.97565     -5.2555599      18151.184      3340.6145      21491.799      5586.5101      0              1793.8834      3513.2768      7257.5141      0              0.66432989   
  13080000   125700.25      309.02781      415.13895      18089.432      3407.3457      21496.778      5643.1239      0              1734.8482      3483.983       7227.4771      0              0.66292757   
  13090000   126033.46      309.93594     -247.04742      18046.082      3417.3587      21463.441      5543.9875      0              1815.212       3474.9008      7211.9816      0              0.66117493   
  13100000   126859.1       314.40878      566.15271      18041.095      3466.6764      21507.771      5617.3585      0              1727.8708      3489.0843      7206.7812      0              0.65687174   
  13110000   126686.44      313.46589      150.64637      18012.43       3456.2801      21468.71       5589.8933      0              1724.6875      3514.4711      7183.3778      0              0.65776701   
  13120000   125736.19      311.19048      810.95246      18077.727      3431.1913      21508.919      5643.0188      0              1718.0053      3479.6256      7237.0778      0              0.66273806   
  13130000   126473.53      306.16184     -311.59643      18158.128      3375.7455      21533.874      5606.1998      0              1851.4687      3506.868       7193.5916      0              0.65887434   
  13140000   126011.16      307.43833     -52.040705      18018.328      3389.8201      21408.148      5591.0447      0              1802.6051      3443.7035      7180.975       0              0.66129193   
  13150000   124448.2       303.25649      148.2787       18035.54       3343.711       21379.251      5618.3842      0              1765.5845      3432.73        7218.8416      0              0.66959714   
  13160000   126374.38      305.09538     -430.48773      18019.37       3363.9867      21383.357      5631.7326      0              1744.4888      3441.3948      7201.7541      0              0.65939123   
  13170000   125910.42      307.38772      95.037246      18006.957      3389.262       21396.219      5593.4772      0              1759.9779      3419.9306      7233.5711      0              0.661821     
  13180000   126261.8       300.54653      116.00265      18082.195      3313.831       21396.026      5608.8276      0              1739.9642      3442.7992      7290.6038      0              0.65997921   
  13190000   127379.32      296.28283     -444.27641      18003.561      3266.8193      21270.38       5562.3783      0              1815.9143      3467.5083      7157.7601      0              0.65418906   
  13200000   125968.55      317.71416     -211.03649      18053.649      3503.1216      21556.771      5607.3236      0              1779.8153      3467.5999      7198.9106      0              0.66151559   
  13210000   126019.95      302.97302     -173.36873      18018.484      3340.5855      21359.069      5604.1815      0              1763.9022      3486.2188      7164.1815      0              0.66124577   
  13220000   125653.94      310.38767      248.42956      18038.325      3422.3396      21460.664      5635.4916      0              1745.2098      3437.2875      7220.3356      0              0.66317187   
  13230000   126166.03      307.82851     -322.78563      18067.937      3394.1222      21462.059      5568.9463      0              1781.1603      3496.7307      7221.0998      0              0.66048016   
  13240000   126365.66      316.22779     -84.654989      18009.659      3486.7328      21496.392      5547.8827      0              1765.6534      3482.4969      7213.6258      0              0.65943675   
  13250000   126442.35      309.87971      274.4932       18058.758      3416.7387      21475.496      5670.6278      0              1741.2378      3458.4675      7188.4247      0              0.65903677   
  13260000   125332.11      306.76099      2.3102454      17964.625      3382.3517      21346.976      5509.3577      0              1728.8045      3456.6509      7269.8117      0              0.66487479   
  13270000   126638.89      303.72973      583.32878      18048.128      3348.9289      21397.057      5600.8361      0              1804.924       3477.3001      7165.0683      0              0.658014     
  13280000   125898.98      309.01691     -26.432432      17944.315      3407.2255      21351.541      5563.8108      0              1753.1623      3455.4877      7171.8546      0              0.66188114   
  13290000   125865.21      306.05999     -270.48664      18084.199      3374.6225      21458.821      5607.4573      0              1785.1231      3477.3932      7214.225       0              0.66205871   
  13300000   126682.8       309.4266      -441.79728      18001.467      3411.7428      21413.209      5561.4708      0              1800.0892      3454.4754      7185.4311      0              0.65778592   
  13310000   127282.75      308.1553       512.8445       18063.69       3397.7254      21461.416      5605.2026      0              1751.9072      3494.0443      7212.536       0              0.65468542   
  13320000   127138.55      304.97877      151.03228      18011.179      3362.7009      21373.879      5612.774       0              1747.1666      3478.0505      7173.1874      0              0.65542798   
  13330000   126043.07      314.78089     -829.5485       18061.724      3470.7793      21532.504      5573.1495      0              1800.2819      3452.6169      7235.6762      0              0.66112448   
  13340000   125716.36      315.68572      208.59061      18003.099      3480.7559      21483.855      5536.6008      0              1737.7511      3495.3998      7233.3477      0              0.66284261   
  13350000   126424.56      313.61728      292.35935      17952.629      3457.9493      21410.578      5636.1182      0              1737.239       3410.5714      7168.6999      0              0.65912951   
  13360000   126276.6       304.08912      85.325144      18074.138      3352.8916      21427.03       5611.2949      0              1726.3987      3468.2509      7268.1935      0              0.65990185   
  13370000   125977.71      321.71139      206.37058      18128.014      3547.195       21675.209      5594.7051      0              1787.8136      3544.4819      7201.0136      0              0.66146748   
  13380000   125578.4       300.70004      66.215783      17995.905      3315.5235      21311.429      5602.7952      0              1724.6236      3447.1666      7221.32        0              0.6635708    
  13390000   127171.08      313.87404      438.22598      18031.125      3460.7803      21491.905      5656.3396      0              1741.7051      3445.4423      7187.6378      0              0.65526029   
  13400000   126181.23      307.98479     -191.20092      18105.044      3395.8453      21500.89       5593.6727      0              1814.233       3486.5309      7210.6078      0              0.66040059   
  13410000   126581.06      302.92466     -356.39396      18006.228      3340.0522      21346.281      5581.6807      0              1769.6901      3474.0029      7180.8547      0              0.6583146    
  13420000   125950.67      310.2216      -267.84397      18158.323      3420.5084      21578.831      5599.1105      0              1791.173       3496.8342      7271.205       0              0.66160948   
  13430000   125151.1       309.27926      299.71856      17994.231      3410.1182      21404.349      5622.2488      0              1745.9614      3422.4423      7203.5782      0              0.66583642   
  13440000   126339.44      307.32754     -410.56023      18088.371      3388.5985      21476.97       5573.2404      0              1810.4618      3482.1022      7222.5668      0              0.65957359   
  13450000   124596.48      304.79532      685.16839      18022.949      3360.6782      21383.628      5659.7927      0              1709.2951      3428.6628      7225.1989      0              0.66880027   
  13460000   126618.13      312.43928     -295.72856      18035.899      3444.9606      21480.86       5590.736       0              1761.5748      3472.4463      7211.1422      0              0.65812188   
  13470000   126565.52      307.3658       670.51023      17930.1        3389.0204      21319.121      5608.2404      0              1688.542       3436.4514      7196.8665      0              0.65839543   
  13480000   125271.06      307.71422     -176.94308      18205.602      3392.862       21598.464      5603.8721      0              1845.3569      3472.9982      7283.3742      0              0.66519879   
  13490000   127154         301.78298      1031.1849      18011.252      3327.4641      21338.716      5689.4108      0              1696.0794      3458.5285      7167.2335      0              0.65534831   
  13500000   125868.38      312.90716     -332.53477      18097.877      3450.1195      21547.996      5609.7839      0              1818.4134      3426.6521      7243.0273      0              0.66204205   
  13510000   125052.78      311.41706     -413.0334       18013.694      3433.6896      21447.383      5542.8316      0              1800.1497      3449.8347      7220.8778      0              0.66635992   
  13520000   126675.29      297.77361     -226.88771      17993.333      3283.2567      21276.59       5583.6584      0              1794.8345      3433.4615      7181.3787      0              0.65782491   
  13530000   126677.49      305.3045      -538.12509      17999.102      3366.2924      21365.394      5519.5628      0              1740.1472      3514.5525      7224.8394      0              0.6578135    
  13540000   127046.9       307.18273     -39.516785      18026.465      3387.0018      21413.467      5604.9385      0              1760.6967      3465.9679      7194.8623      0              0.65590077   
  13550000   125874.65      309.33468     -46.762137      18038.366      3410.7293      21449.095      5666.1095      0              1749.2686      3448.9758      7174.0116      0              0.66200906   
  13560000   127179.24      308.98239      943.3298       18038.134      3406.8449      21444.979      5626.5338      0              1708.3524      3463.4937      7239.7545      0              0.65521828   
  13570000   126442.18      305.05636     -449.75332      18020.313      3363.5564      21383.87       5578.8079      0              1790.8051      3434.9475      7215.7529      0              0.65903768   
  13580000   126976.68      309.42156      79.883436      17940.335      3411.6872      21352.022      5630.2615      0              1704.636       3417.378       7188.0598      0              0.65626348   
  13590000   126053.86      306.93827      99.749518      17961.695      3384.3064      21346.001      5647.0109      0              1684.5872      3424.1026      7205.9941      0              0.66106791   
  13600000   126076.71      296.89031     -397.9532       18000.302      3273.5174      21273.82       5663.8005      0              1794.3382      3381.8791      7160.2847      0              0.66094811   
  13610000   124995.59      311.43876     -542.09087      18024.573      3433.9289      21458.502      5584.9693      0              1823.7958      3400.0966      7215.7116      0              0.66666483   
  13620000   125245.81      306.07994     -163.44721      18035.286      3374.8424      21410.129      5560.4039      0              1836.5014      3467.8084      7170.5726      0              0.66533291   
  13630000   124255.84      313.86691     -258.06963      18037.583      3460.7017      21498.284      5563.4539      0              1810.2395      3480.759       7183.1301      0              0.67063375   
  13640000   126969.3       307.12143     -282.27677      18110.061      3386.3259      21496.387      5575.9815      0              1843.7386      3479.5282      7210.8126      0              0.65630164   
  13650000   126398.55      314.62505     -304.06404      18013.295      3469.061       21482.356      5551.2993      0              1803.4646      3452.8894      7205.6418      0              0.65926515   
  13660000   125628.78      299.41919      495.41321      18079.221      3301.4009      21380.622      5657.6622      0              1744.7325      3462.0752      7214.7514      0              0.66330468   
  13670000   125294.93      306.19265     -224.67572      17945.146      3376.0851      21321.232      5598.8522      0              1741.9361      3395.0737      7209.2843      0              0.66507208   
  13680000   124770.22      310.66458     -56.06929       18028.701      3425.3927      21454.093      5607.8761      0              1761.1215      3448.943       7210.76        0              0.66786899   
  13690000   126243.06      313.27121     -366.24779      17995.976      3454.1334      21450.11       5578.0336      0              1795.6152      3447.5906      7174.7371      0              0.66007716   
  13700000   127399.07      308.43689      331.27323      18138.556      3400.8302      21539.387      5662.6912      0              1789.3875      3455.9606      7230.5172      0              0.65408765   
  13710000   126145.11      307.67499      41.29486       18055.494      3392.4294      21447.923      5553.0609      0              1771.3713      3515.4103      7215.6515      0              0.66058972   
  13720000   126271.64      313.57059      68.315001      17996.713      3457.4345      21454.147      5602.9707      0              1782.1348      3464.0173      7147.59        0              0.65992776   
  13730000   127374.06      311.05929      6.4535095      17997.347      3429.7448      21427.091      5593.8064      0              1762.5467      3463.3418      7177.6517      0              0.65421612   
  13740000   127357.85      307.46446     -86.024926      18077.217      3390.1081      21467.325      5613.4637      0              1807.2938      3474.0342      7182.4256      0              0.65429935   
  13750000   126833.78      307.65828     -335.12248      17975.574      3392.2452      21367.819      5625.5073      0              1747.3799      3396.0439      7206.6431      0              0.65700287   
  13760000   126237.85      315.60608      16.519831      17986.055      3479.8778      21465.933      5600.3161      0              1771.4019      3448.564       7165.7733      0              0.66010441   
  13770000   126674.05      305.38404      637.48051      18006.129      3367.1694      21373.299      5625.3974      0              1692.0886      3477.0913      7211.5521      0              0.65783135   
  13780000   126589.21      303.6169       170.02597      18003.128      3347.6849      21350.813      5617.916       0              1761.1138      3471.9519      7152.1468      0              0.65827222   
  13790000   127167.06      307.551        613.55942      18003.74       3391.0624      21394.802      5678.7833      0              1711.683       3418.7853      7194.4882      0              0.65528101   
  13800000   126036.1       310.04347      128.19415      17987.935      3418.5444      21406.48       5618.746       0              1739.9984      3428.4865      7200.7045      0              0.66116108   
  13810000   126672.79      306.21017     -227.88558      18040.245      3376.2783      21416.523      5555.0875      0              1780.5502      3514.4002      7190.2067      0              0.65783787   
  13820000   126517.04      308.57479      340.45405      18059.424      3402.3507      21461.775      5671.0114      0              1725.561       3448.99        7213.8619      0              0.65864773   
  13830000   126167.66      308.10276     -434.06231      18061.943      3397.1461      21459.089      5552.6852      0              1807.3941      3512.924       7188.9395      0              0.66047165   
  13840000   125557.77      312.26628     -107.06379      18010.57       3443.0532      21453.623      5619.6752      0              1753.9593      3416.8138      7220.1216      0              0.66367984   
  13850000   125160.08      299.60594     -51.763031      17998.857      3303.46        21302.317      5603.3061      0              1723.6984      3445.1078      7226.7445      0              0.66578867   
  13860000   126220.85      309.42997     -409.22763      18102.607      3411.7799      21514.386      5579.8043      0              1820.8852      3494.6181      7207.299       0              0.66019332   
  13870000   125805.87      304.7888      -308.71463      18011.154      3360.6063      21371.761      5602.6478      0              1769.4554      3465.2269      7173.8244      0              0.66237099   
  13880000   124660.05      307.83764     -363.83129      18039.525      3394.2229      21433.748      5609.2696      0              1777.1847      3486.2889      7166.7821      0              0.66845921   
  13890000   125811.96      307.80596     -19.838382      17990.733      3393.8735      21384.607      5573.7107      0              1801.836       3456.5478      7158.6385      0              0.66233895   
  13900000   126525.93      314.65852     -320.31979      18017.639      3469.43        21487.069      5551.1638      0              1795.1947      3488.5731      7182.707       0              0.65860144   
  13910000   126226.35      314.07005      157.95644      17969.37       3462.9415      21432.312      5634.1224      0              1744.3674      3411.676       7179.2042      0              0.66016455   
  13920000   127767.47      312.98223      154.86316      18037.403      3450.9472      21488.35       5594.428       0              1784.7311      3480.5846      7177.6594      0              0.6522017    
  13930000   127086.21      307.09226     -474.21643      18035.894      3386.0043      21421.898      5613.628       0              1783.078       3440.2709      7198.9166      0              0.65569792   
  13940000   126982.25      305.5607      -147.44426      18143.916      3369.1172      21513.033      5571.9506      0              1794.2199      3526.9729      7250.7725      0              0.65623469   
  13950000   126670.17      305.0739       131.43081      18095.061      3363.7498      21458.811      5583.7079      0              1798.4227      3468.0014      7244.9294      0              0.65785151   
  13960000   126606.38      313.21559      269.84062      18011.408      3453.5203      21464.928      5584.3256      0              1754.7855      3461.7947      7210.5018      0              0.65818295   
  13970000   126351.2       305.75385     -2.9316688      18009.41       3371.2469      21380.657      5614.8478      0              1732.5935      3456.1401      7205.8283      0              0.65951223   
  13980000   125636.67      312.09004      152.05782      18048.065      3441.1099      21489.175      5669.3082      0              1773.4861      3414.0861      7191.1847      0              0.66326305   
  13990000   126334.68      303.60153      206.94098      17959          3347.5154      21306.515      5595.5594      0              1730.9255      3441.0663      7191.4487      0              0.65959844   
  14000000   125282.92      310.166        239.12003      18038.254      3419.8954      21458.149      5646.7569      0              1751.6182      3466.0059      7173.8728      0              0.66513587   
  14010000   126615.39      307.72137     -12.811094      18035.582      3392.9409      21428.523      5637.9886      0              1754.9843      3463.8702      7178.7393      0              0.65813611   
  14020000   125514.74      311.01166     -372.71277      18108.318      3429.2197      21537.538      5568.3778      0              1782.3931      3469.922       7287.6254      0              0.66390738   
  14030000   125316.2       311.67429     -58.093823      18117.947      3436.5258      21554.473      5603.1238      0              1797.6001      3520.0259      7197.1975      0              0.66495918   
  14040000   127223.73      304.17539      254.21464      18063.898      3353.8428      21417.741      5599.5869      0              1768.7994      3491.245       7204.2666      0              0.65498914   
  14050000   125988.65      312.9611       25.321728      18096.288      3450.7142      21547.002      5604.2325      0              1808.4373      3454.9839      7228.6347      0              0.66141008   
  14060000   126697.04      305.96449     -25.494986      18037.789      3373.5695      21411.359      5619.0616      0              1728.1344      3470.276       7220.3175      0              0.65771199   
  14070000   125724.51      311.68914      491.38417      18041.035      3436.6895      21477.724      5595.8223      0              1803.2721      3411.2753      7230.6651      0              0.66279965   
  14080000   126927.39      303.90627     -434.56826      18071.879      3350.8755      21422.755      5566.5197      0              1813.9765      3526.3118      7165.0714      0              0.65651836   
  14090000   126087.73      307.01878      384.31999      18008.663      3385.1941      21393.857      5599.777       0              1748.7929      3457.7192      7202.3738      0              0.66089033   
  14100000   126761.87      296.39402      57.118357      18074.06       3268.0453      21342.106      5595.6864      0              1756.7076      3450.8315      7270.835       0              0.65737558   
  14110000   127126.4       311.40816     -296.44032      18054.852      3433.5915      21488.443      5609.9902      0              1828.4528      3416.6698      7199.7387      0              0.65549059   
  14120000   126758.98      303.27759     -54.679902      18048.653      3343.9436      21392.597      5633.0046      0              1746.6237      3465.5275      7203.4971      0              0.65739059   
  14130000   126431.89      313.59362      551.63555      18119.594      3457.6884      21577.282      5617.2933      0              1770.782       3504.3583      7227.1599      0              0.65909132   
  14140000   125427.07      307.94446     -60.301253      18100.628      3395.4007      21496.028      5580.5922      0              1826.9731      3490.7444      7202.3179      0              0.66437143   
  14150000   125802.91      309.72122     -64.250056      18009.052      3414.9912      21424.043      5598.2656      0              1758.8307      3490.4847      7161.4706      0              0.66238658   
  14160000   127221.85      307.99979      29.120127      18019.117      3396.0107      21415.127      5631.9195      0              1736.7965      3455.5269      7194.8739      0              0.6549988    
  14170000   125968.62      313.24246      111.31272      17969.883      3453.8165      21423.699      5588.3207      0              1735.2861      3456.8538      7189.4223      0              0.66151522   
  14180000   126108.36      317.12272      381.78155      18114.876      3496.6003      21611.476      5654.971       0              1801.7909      3489.0968      7169.0172      0              0.66078222   
  14190000   127255.87      304.73906     -644.66755      18019.509      3360.0578      21379.566      5572.5507      0              1817.7181      3476.7656      7152.4741      0              0.65482372   
  14200000   125717.44      308.51398      414.0055       18036.144      3401.6802      21437.824      5612.3198      0              1757.8209      3479.8275      7186.1757      0              0.66283693   
  14210000   126992.81      306.45774     -262.80039      18090.669      3379.0081      21469.677      5556.7513      0              1809.5659      3532.8931      7191.459       0              0.65618014   
  14220000   126216.87      308.44201      348.86076      18028.57       3400.8867      21429.456      5605.2341      0              1740.9174      3504.8826      7177.5357      0              0.66021415   
  14230000   126361.88      312.45827     -35.823481      18060.849      3445.17        21506.018      5594.3364      0              1737.5167      3481.6869      7247.3084      0              0.65945649   
  14240000   125296.07      310.34723      163.94492      18032.844      3421.8936      21454.737      5590.226       0              1741.037       3500.4886      7201.0921      0              0.66506603   
  14250000   124914.1       309.24067      397.67734      18027.345      3409.6927      21437.038      5589.2463      0              1712.774       3497.3655      7227.9595      0              0.6670997    
  14251106   125231.92      311.10392     -450.91418      17975.768      3430.2369      21406.005      5576.9032      0              1814.7492      3405.047       7179.069       0              0.66540674   
Loop time of 3507.54 on 48 procs for 8000000 steps with 3700 atoms

Performance: 19.706 ns/day, 1.218 hours/ns, 2280.802 timesteps/s, 8.439 Matom-step/s
99.9% CPU use with 48 MPI tasks x 1 OpenMP threads

MPI task timing breakdown:
Section |  min time  |  avg time  |  max time  |%varavg| %total
---------------------------------------------------------------
Pair    | 735.07     | 1561.9     | 2240.3     | 848.7 | 44.53
Bond    | 315.02     | 480.86     | 627.55     | 358.0 | 13.71
Neigh   | 6.5175     | 6.5534     | 6.588      |   0.8 |  0.19
Comm    | 486.62     | 1285.6     | 2275.6     |1136.5 | 36.65
Output  | 0.3722     | 0.65795    | 0.91647    |  18.2 |  0.02
Modify  | 125.68     | 136.4      | 151.04     |  45.1 |  3.89
Other   |            | 35.61      |            |       |  1.02

Nlocal:        77.0833 ave         100 max          50 min
Histogram: 3 3 1 6 9 4 7 8 3 4
Nghost:        2067.52 ave        2151 max        1979 min
Histogram: 1 3 4 8 6 11 5 4 4 2
Neighs:        12952.2 ave       18850 max        6454 min
Histogram: 1 1 7 7 6 8 7 7 0 4

Total # of neighbors = 621704
Ave neighs/atom = 168.02811
Ave special neighs/atom = 11.898378
Neighbor list builds = 9566
Dangerous builds = 0
System init for write_data ...
Generated 0 of 1 mixed pair_coeff terms from geometric mixing rule
Total wall time: 1:53:28
