Loading intel/oneapi/compiler/latest
  Loading requirement: intel/oneapi/tbb/latest intel/oneapi/compiler-rt/latest
    intel/oneapi/umf/latest
libibverbs: Warning: couldn't load driver 'libocrdma-rdmav34.so': libocrdma-rdmav34.so: cannot open shared object file: No such file or directory
libibverbs: Warning: couldn't load driver 'libipathverbs-rdmav34.so': libipathverbs-rdmav34.so: cannot open shared object file: No such file or directory
libibverbs: Warning: couldn't load driver 'libirdma-rdmav34.so': libirdma-rdmav34.so: cannot open shared object file: No such file or directory
libibverbs: Warning: couldn't load driver 'libmana-rdmav34.so': libmana-rdmav34.so: cannot open shared object file: No such file or directory
libibverbs: Warning: couldn't load driver 'librxe-rdmav34.so': librxe-rdmav34.so: cannot open shared object file: No such file or directory
libibverbs: Warning: couldn't load driver 'libsiw-rdmav34.so': libsiw-rdmav34.so: cannot open shared object file: No such file or directory
libibverbs: Warning: couldn't load driver 'libbnxt_re-rdmav34.so': libbnxt_re-rdmav34.so: cannot open shared object file: No such file or directory
libibverbs: Warning: couldn't load driver 'libefa-rdmav34.so': libefa-rdmav34.so: cannot open shared object file: No such file or directory
libibverbs: Warning: couldn't load driver 'liberdma-rdmav34.so': liberdma-rdmav34.so: cannot open shared object file: No such file or directory
libibverbs: Warning: couldn't load driver 'libqedr-rdmav34.so': libqedr-rdmav34.so: cannot open shared object file: No such file or directory
libibverbs: Warning: couldn't load driver 'libhns-rdmav34.so': libhns-rdmav34.so: cannot open shared object file: No such file or directory
libibverbs: Warning: couldn't load driver 'libcxgb4-rdmav34.so': libcxgb4-rdmav34.so: cannot open shared object file: No such file or directory
libibverbs: Warning: couldn't load driver 'libhfi1verbs-rdmav34.so': libhfi1verbs-rdmav34.so: cannot open shared object file: No such file or directory
libibverbs: Warning: couldn't load driver 'libmthca-rdmav34.so': libmthca-rdmav34.so: cannot open shared object file: No such file or directory
libibverbs: Warning: couldn't load driver 'libmlx4-rdmav34.so': libmlx4-rdmav34.so: cannot open shared object file: No such file or directory
libibverbs: Warning: couldn't load driver 'libvmw_pvrdma-rdmav34.so': libvmw_pvrdma-rdmav34.so: cannot open shared object file: No such file or directory
libibverbs: Warning: couldn't load driver 'libocrdma-rdmav34.so': libocrdma-rdmav34.so: cannot open shared object file: No such file or directory
libibverbs: Warning: couldn't load driver 'libipathverbs-rdmav34.so': libipathverbs-rdmav34.so: cannot open shared object file: No such file or directory
libibverbs: Warning: couldn't load driver 'libirdma-rdmav34.so': libirdma-rdmav34.so: cannot open shared object file: No such file or directory
libibverbs: Warning: couldn't load driver 'libmana-rdmav34.so': libmana-rdmav34.so: cannot open shared object file: No such file or directory
libibverbs: Warning: couldn't load driver 'librxe-rdmav34.so': librxe-rdmav34.so: cannot open shared object file: No such file or directory
libibverbs: Warning: couldn't load driver 'libsiw-rdmav34.so': libsiw-rdmav34.so: cannot open shared object file: No such file or directory
libibverbs: Warning: couldn't load driver 'libbnxt_re-rdmav34.so': libbnxt_re-rdmav34.so: cannot open shared object file: No such file or directory
libibverbs: Warning: couldn't load driver 'libefa-rdmav34.so': libefa-rdmav34.so: cannot open shared object file: No such file or directory
libibverbs: Warning: couldn't load driver 'liberdma-rdmav34.so': liberdma-rdmav34.so: cannot open shared object file: No such file or directory
libibverbs: Warning: couldn't load driver 'libqedr-rdmav34.so': libqedr-rdmav34.so: cannot open shared object file: No such file or directory
libibverbs: Warning: couldn't load driver 'libhns-rdmav34.so': libhns-rdmav34.so: cannot open shared object file: No such file or directory
libibverbs: Warning: couldn't load driver 'libcxgb4-rdmav34.so': libcxgb4-rdmav34.so: cannot open shared object file: No such file or directory
libibverbs: Warning: couldn't load driver 'libhfi1verbs-rdmav34.so': libhfi1verbs-rdmav34.so: cannot open shared object file: No such file or directory
libibverbs: Warning: couldn't load driver 'libmthca-rdmav34.so': libmthca-rdmav34.so: cannot open shared object file: No such file or directory
libibverbs: Warning: couldn't load driver 'libmlx4-rdmav34.so': libmlx4-rdmav34.so: cannot open shared object file: No such file or directory
libibverbs: Warning: couldn't load driver 'libvmw_pvrdma-rdmav34.so': libvmw_pvrdma-rdmav34.so: cannot open shared object file: No such file or directory
libibverbs: Warning: couldn't load driver 'libocrdma-rdmav34.so': libocrdma-rdmav34.so: cannot open shared object file: No such file or directory
libibverbs: Warning: couldn't load driver 'libipathverbs-rdmav34.so': libipathverbs-rdmav34.so: cannot open shared object file: No such file or directory
libibverbs: Warning: couldn't load driver 'libirdma-rdmav34.so': libirdma-rdmav34.so: cannot open shared object file: No such file or directory
libibverbs: Warning: couldn't load driver 'libmana-rdmav34.so': libmana-rdmav34.so: cannot open shared object file: No such file or directory
libibverbs: Warning: couldn't load driver 'librxe-rdmav34.so': librxe-rdmav34.so: cannot open shared object file: No such file or directory
libibverbs: Warning: couldn't load driver 'libsiw-rdmav34.so': libsiw-rdmav34.so: cannot open shared object file: No such file or directory
libibverbs: Warning: couldn't load driver 'libbnxt_re-rdmav34.so': libbnxt_re-rdmav34.so: cannot open shared object file: No such file or directory
libibverbs: Warning: couldn't load driver 'libefa-rdmav34.so': libefa-rdmav34.so: cannot open shared object file: No such file or directory
libibverbs: Warning: couldn't load driver 'liberdma-rdmav34.so': liberdma-rdmav34.so: cannot open shared object file: No such file or directory
libibverbs: Warning: couldn't load driver 'libqedr-rdmav34.so': libqedr-rdmav34.so: cannot open shared object file: No such file or directory
libibverbs: Warning: couldn't load driver 'libhns-rdmav34.so': libhns-rdmav34.so: cannot open shared object file: No such file or directory
libibverbs: Warning: couldn't load driver 'libcxgb4-rdmav34.so': libcxgb4-rdmav34.so: cannot open shared object file: No such file or directory
libibverbs: Warning: couldn't load driver 'libhfi1verbs-rdmav34.so': libhfi1verbs-rdmav34.so: cannot open shared object file: No such file or directory
libibverbs: Warning: couldn't load driver 'libmthca-rdmav34.so': libmthca-rdmav34.so: cannot open shared object file: No such file or directory
libibverbs: Warning: couldn't load driver 'libmlx4-rdmav34.so': libmlx4-rdmav34.so: cannot open shared object file: No such file or directory
libibverbs: Warning: couldn't load driver 'libvmw_pvrdma-rdmav34.so': libvmw_pvrdma-rdmav34.so: cannot open shared object file: No such file or directory
libibverbs: Warning: couldn't load driver 'libocrdma-rdmav34.so': libocrdma-rdmav34.so: cannot open shared object file: No such file or directory
libibverbs: Warning: couldn't load driver 'libocrdma-rdmav34.so': libocrdma-rdmav34.so: cannot open shared object file: No such file or directory
libibverbs: Warning: couldn't load driver 'libipathverbs-rdmav34.so': libipathverbs-rdmav34.so: cannot open shared object file: No such file or directory
libibverbs: Warning: couldn't load driver 'libipathverbs-rdmav34.so': libipathverbs-rdmav34.so: cannot open shared object file: No such file or directory
libibverbs: Warning: couldn't load driver 'libirdma-rdmav34.so': libirdma-rdmav34.so: cannot open shared object file: No such file or directory
libibverbs: Warning: couldn't load driver 'libirdma-rdmav34.so': libirdma-rdmav34.so: cannot open shared object file: No such file or directory
libibverbs: Warning: couldn't load driver 'libmana-rdmav34.so': libmana-rdmav34.so: cannot open shared object file: No such file or directory
libibverbs: Warning: couldn't load driver 'libmana-rdmav34.so': libmana-rdmav34.so: cannot open shared object file: No such file or directory
libibverbs: Warning: couldn't load driver 'librxe-rdmav34.so': librxe-rdmav34.so: cannot open shared object file: No such file olibibverbs: Warning: couldn't load driver 'libocrdma-rdmav34.so': libocrdma-rdmav34.so: cannot open shared object file: No such file or directory
libibverbs: Warning: couldn't load driver 'librxe-rdmav34.so': librxe-rdmav34.so: cannot open shared object file: No such file or directory
libibverbs: Warning: couldn't load driver 'libsiw-rdmav34.so': libsiw-rdmav34.so: cannot open shared object file: No such file or directory
r directory
libibverbs: Warning: couldn't load driver 'libsiw-rdmav34.so': libsiw-rdmav34.so: cannot open shared object file: No such file or directory
libibverbs: Warning: couldn't load driver 'libbnxt_re-rdmav34.so': libbnxt_re-rdmav34.so: cannot open shared object file: No such file or directory
libibverbs: Warning: couldn't load driver 'libbnxt_re-rdmav34.so': libbnxt_re-rdmav34.so: cannot open shared object file: No such file or directory
libibverbs: Warning: couldn't load driver 'libefa-rdmav34.so': libefa-rdmav34.so: cannot open shared object file: No such file or directory
libibverbs: Warning: couldn't load driver 'libefa-rdmav34.so': libefa-rdmav34.so: cannot open shared object file: No such file or directory
libibverbs: Warning: couldn't load driver 'liberdma-rdmav34.so': liberdma-rdmav34.so: cannot open shared object file: No such file or directory
libibverbs: Warning: couldn't load driver 'liberdma-rdmav34.so': liberdma-rdmav34.so: cannot open shared object file: No such file or directory
libibverbs: Warning: couldn't load driver 'libqedr-rdmav34.so': libqedr-rdmav34.so: cannot open shared object file: No such file or directory
libibverbs: Warning: couldn't load driver 'libqedr-rdmav34.so': libqedr-rdmav34.so: cannot open shared object file: No such file or directory
libibverbs: Warning: couldn't load driver 'libipathverbs-rdmav34.so': libipathverbs-rdmav34.so: cannot open shared object file: No such file or directory
libibverbs: Warning: couldn't load driver 'libirdma-rdmav34.so': libirdma-rdmav34.so: cannot open shared object file: No such file or directory
libibverbs: Warning: couldn't load driver 'libhns-rdmav34.so': libhns-rdmav34.so: cannot open shared object file: No such file or directory
libibverbs: Warning: couldn't load driver 'libcxgb4-rdmav34.so': libcxgb4-rdmav34.so: cannot open shared object file: No such file or directory
libibverbs: Warning: couldn't load driver 'libhns-rdmav34.so': libhns-rdmav34.so: cannot open shared object file: No such file or directory
libibverbs: Warning: couldn't load driver 'libcxgb4-rdmav34.so': libcxgb4-rdmav34.so: cannot open shared object file: No such file or directory
libibverbs: Warning: couldn't load driver 'libhfi1verbs-rdmav34.so': libhfi1verbs-rdmav34.so: cannot open shared object file: No such file or directory
libibverbs: Warning: couldn't load driver 'libmana-rdmav34.so': libmana-rdmav34.so: cannot open shared object file: No such file or directory
libibverbs: Warning: couldn't load driver 'librxe-rdmav34.so': librxe-rdmav34.so: cannot open shared object file: No such file or directory
libibverbs: Warning: couldn't load driver 'libhfi1verbs-rdmav34.so': libhfi1verbs-rdmav34.so: cannot open shared object file: No such file or directory
libibverbs: Warning: couldn't load driver 'libmthca-rdmav34.so': libmthca-rdmav34.so: cannot open shared object file: No such file or directory
libibverbs: Warning: couldn't load driver 'libsiw-rdmav34.so': libsiw-rdmav34.so: cannot open shared object file: No such file or directory
libibverbs: Warning: couldn't load driver 'libbnxt_re-rdmav34.so': libbnxt_re-rdmav34.so: cannot open shared object file: No such file or directory
libibverbs: Warning: couldn't load driver 'libmlx4-rdmav34.so': libmlx4-rdmav34.so: cannot open shared object file: No such file or directory
libibverbs: Warning: couldn't load driver 'libvmw_pvrdma-rdmav34.so': libvmw_pvrdma-rdmav34.so: cannot open shared object file: No such file or directory
libibverbs: Warning: couldn't load driver 'libmthca-rdmav34.so': libmthca-rdmav34.so: cannot open shared object file: No such file or directory
libibverbs: Warning: couldn't load driver 'libmlx4-rdmav34.so': libmlx4-rdmav34.so: cannot open shared object file: No such file or directory
libibverbs: Warning: couldn't load driver 'libvmw_pvrdma-rdmav34.so': libvmw_pvrdma-rdmav34.so: cannot open shared object file: No such file or directory
libibverbs: Warning: couldn't load driver 'libefa-rdmav34.so': libefa-rdmav34.so: cannot open shared object file: No such file or directory
libibverbs: Warning: couldn't load driver 'liberdma-rdmav34.so': liberdma-rdmav34.so: cannot open shared object file: No such file or directory
libibverbs: Warning: couldn't load driver 'libqedr-rdmav34.so': libqedr-rdmav34.so: cannot open shared object file: No such file or directory
libibverbs: Warning: couldn't load driver 'libhns-rdmav34.so': libhns-rdmav34.so: cannot open shared object file: No such file or directory
libibverbs: Warning: couldn't load driver 'libcxgb4-rdmav34.so': libcxgb4-rdmav34.so: cannot open shared object file: No such file or directory
libibverbs: Warning: couldn't load driver 'libhfi1verbs-rdmav34.so': libhfi1verbs-rdmav34.so: cannot open shared object file: No such file or directory
libibverbs: Warning: couldn't load driver 'libmthca-rdmav34.so': libmthca-rdmav34.so: cannot open shared object file: No such file or directory
libibverbs: Warning: couldn't load driver 'libmlx4-rdmav34.so': libmlx4-rdmav34.so: cannot open shared object file: No such file or directory
libibverbs: Warning: couldn't load driver 'libvmw_pvrdma-rdmav34.so': libvmw_pvrdma-rdmav34.so: cannot open shared object file: No such file or directory
libibverbs: Warning: couldn't load driver 'libocrdma-rdmav34.so': libocrdma-rdmav34.so: cannot open shared object file: No such file or directory
libibverbs: Warning: couldn't load driver 'libocrdma-rdmav34.so': libocrdma-rdmav34.so: cannot open shared object file: No such file or directory
libibverbs: Warning: couldn't load driver 'libipathverbs-rdmav34.so': libipathverbs-rdmav34.so: cannot open shared object file: No such file or directory
libibverbs: Warning: couldn't load driver 'libirdma-rdmav34.so': libirdma-rdmav34.so: cannot open shared object file: No such file or directory
libibverbs: Warning: couldn't load driver 'libmana-rdmav34.so': libmana-rdmav34.so: cannot open shared object file: No such file or directory
libibverbs: Warning: couldn't load driver 'librxe-rdmav34.so': librxe-rdmav34.so: cannot open shared object file: No such file or directory
libibverbs: Warning: couldn't load driver 'libocrdma-rdmav34.so': libocrdma-rdmav34.so: cannot open shared object file: No such file or directory
libibverbs: Warning: couldn't load driver 'libipathverbs-rdmav34.so': libipathverbs-rdmav34.so: cannot open shared object file: No such file or directory
libibverbs: Warning: couldn't load driver 'libirdma-rdmav34.so': libirdma-rdmav34.so: cannot open shared object file: No such file or directory
libibverbs: Warning: couldn't load driver 'libsiw-rdmav34.so': libsiw-rdmav34.so: cannot open shared object file: No such file or directory
libibverbs: Warning: couldn't load driver 'libbnxt_re-rdmav34.so': libbnxt_re-rdmav34.so: cannot open shared object file: No such file or directory
libibverbs: Warning: couldn't load driver 'libmana-rdmav34.so': libmana-rdmav34.so: cannot open shared object file: No such file or directory
libibverbs: Warning: couldn't load driver 'librxe-rdmav34.so': librxe-rdmav34.so: cannot open shared object file: No such file or directory
libibverbs: Warning: couldn't load driver 'libefa-rdmav34.so': libefa-rdmav34.so: cannot open shared object file: No such file or directory
libibverbs: Warning: couldn't load driver 'liberdma-rdmav34.so': liberdma-rdmav34.so: cannot open shared object file: No such file or directory
libibverbs: Warning: couldn't load driver 'libocrdma-rdmav34.so': libocrdma-rdmav34.so: cannot open shared object file: No such file or directory
libibverbs: Warning: couldn't load driver 'libsiw-rdmav34.so': libsiw-rdmav34.so: cannot open shared object file: No such file or directory
libibverbs: Warning: couldn't load driver 'libocrdma-rdmav34.so': libocrdma-rdmav34.so: cannot open shared object file: No such file or directory
libibverbs: Warning: couldn't load driver 'libqedr-rdmav34.so': libqedr-rdmav34.so: cannot open shared object file: No such file or directory
libibverbs: Warning: couldn't load driver 'libhns-rdmav34.so': libhns-rdmav34.so: cannot open shared object file: No such file or directory
libibverbs: Warning: couldn't load driver 'libcxgb4-rdmav34.so': libcxgb4-rdmav34.so: cannot open shared object file: No such file or directory
libibverbs: Warning: couldn't load driver 'libipathverbs-rdmav34.so': libipathverbs-rdmav34.so: cannot open shared object file: No such file or directory
libibverbs: Warning: couldn't load driver 'libirdma-rdmav34.so': libirdma-rdmav34.so: cannot open shared object file: No such file or directory
libibverbs: Warning: couldn't load driver 'libbnxt_re-rdmav34.so': libbnxt_re-rdmav34.so: cannot open shared object file: No such file or directory
libibverbs: Warning: couldn't load driver 'libefa-rdmav34.so': libefa-rdmav34.so: cannot open shared object file: No such file or directory
libibverbs: Warning: couldn't load driver 'liberdma-rdmav34.so': liberdma-rdmav34.so: cannot open shared object file: No such filibibverbs: Warning: couldn't load driver 'libocrdma-rdmav34.so': libocrdma-rdmav34.so: cannot open shared object file: No such file or directory
libibverbs: Warning: couldn't load driver 'libipathverbs-rdmav34.so': libipathverbs-rdmav34.so: cannot open shared object file: No such file or directory
libibverbs: Warning: couldn't load driver 'libirdma-rdmav34.so': libirdma-rdmav34.so: cannot open shared object file: No such file or directory
libibverbs: Warning: couldn't load driver 'libmana-rdmav34.so': libmana-rdmav34.so: cannot open shared object file: No such file or directory
libibverbs: Warning: couldn't load driver 'librxe-rdmav34.so': librxe-rdmav34.so: cannot open shared object file: No such file or directory
le or directory
libibverbs: Warning: couldn't load driver 'libqedr-rdmav34.so': libqedr-rdmav34.so: cannot open shared object file: No such file or directory
libibverbs: Warning: couldn't load driver 'libhns-rdmav34.so': libhns-rdmav34.so: cannot open shared object file: No such file or directory
libibverbs: Warning: couldn't load driver 'libhfi1verbs-rdmav34.so': libhfi1verbs-rdmav34.so: cannot open shared object file: No such file or directory
libibverbs: Warning: couldn't load driver 'libmthca-rdmav34.so': libmthca-rdmav34.so: cannot open shared object file: No such file or directory
libibverbs: Warning: couldn't load driver 'libmlx4-rdmav34.so': libmlx4-rdmav34.so: cannot open shared object file: No such file or directory
libibverbs: Warning: couldn't load driver 'libvmw_pvrdma-rdmav34.so': libvmw_pvrdma-rdmav34.so: cannot open shared object file: No such file or directory
libibverbs: Warning: couldn't load driver 'libmana-rdmav34.so': libmana-rdmav34.so: cannot open shared object file: No such file or directory
libibverbs: Warning: couldn't load driver 'librxe-rdmav34.so': librxe-rdmav34.so: cannot open shared object file: No such file or directory
libibverbs: Warning: couldn't load driver 'libsiw-rdmav34.so': libsiw-rdmav34.so: cannot open shared object file: No such file or directory
libibverbs: Warning: couldn't load driver 'libsiw-rdmav34.so': libsiw-rdmav34.so: cannot open shared object file: No such file or directory
libibverbs: Warning: couldn't load driver 'libbnxt_re-rdmav34.so': libbnxt_re-rdmav34.so: cannot open shared object file: No such file or directory
libibverbs: Warning: couldn't load driver 'libefa-rdmav34.so': libefa-rdmav34.so: cannot open shared object file: No such file or directory
libibverbs: Warning: couldn't load driver 'libcxgb4-rdmav34.so': libcxgb4-rdmav34.so: cannot open shared object file: No such file or directory
libibverbs: Warning: couldn't load driver 'libhfi1verbs-rdmav34.so': libhfi1verbs-rdmav34.so: cannot open shared object file: No such file or directory
libibverbs: Warning: couldn't load driver 'libmthca-rdmav34.so': libmthca-rdmav34.so: cannot open shared object file: No such file or directory
libibverbs: Warning: couldn't load driver 'libipathverbs-rdmav34.so': libipathverbs-rdmav34.so: cannot open shared object file: No such file or directory
libibverbs: Warning: couldn't load driver 'libirdma-rdmav34.so': libirdma-rdmav34.so: cannot open shared object file: No such file or directory
libibverbs: Warning: couldn't load driver 'libmana-rdmav34.so': libmana-rdmav34.so: cannot open shared object file: No such file or directory
libibverbs: Warning: couldn't load driver 'libipathverbs-rdmav34.so': libipathverbs-rdmav34.so: cannot open shared object file: No such file or directory
libibverbs: Warning: couldn't load driver 'libirdma-rdmav34.so': libirdma-rdmav34.so: cannot open shared object file: No such file or directory
libibverbs: Warning: couldn't load driver 'libmana-rdmav34.so': libmana-rdmav34.so: cannot open shared object file: No such file or directory
libibverbs: Warning: couldn't load driver 'librxe-rdmav34.so': librxe-rdmav34.so: cannot open shared object file: No such file or directory
libibverbs: Warning: couldn't load driver 'libsiw-rdmav34.so': libsiw-rdmav34.so: cannot open shared object file: No such file or directory
libibverbs: Warning: couldn't load driver 'libocrdma-rdmav34.so': libocrdma-rdmav34.so: cannot open shared object file: No such file or directory
libibverbs: Warning: couldn't load driver 'libbnxt_re-rdmav34.so': libbnxt_re-rdmav34.so: cannot open shared object file: No such file or directory
libibverbs: Warning: couldn't load driver 'libefa-rdmav34.so': libefa-rdmav34.so: cannot open shared object file: No such file or directory
libibverbs: Warning: couldn't load driver 'liberdma-rdmav34.so': liberdma-rdmav34.so: cannot open shared object file: No such file or directory
libibverbs: Warning: couldn't load driver 'liberdma-rdmav34.so': liberdma-rdmav34.so: cannot open shared object file: No such file or directory
libibverbs: Warning: couldn't load driver 'libqedr-rdmav34.so': libqedr-rdmav34.so: cannot open shared object file: No such file or directory
libibverbs: Warning: couldn't load driver 'libhns-rdmav34.so': libhns-rdmav34.so: cannot open shared object file: No such file or directory
libibverbs: Warning: couldn't load driver 'libmlx4-rdmav34.so': libmlx4-rdmav34.so: cannot open shared object file: No such file or directory
libibverbs: Warning: couldn't load driver 'libvmw_pvrdma-rdmav34.so': libvmw_pvrdma-rdmav34.so: cannot open shared object file: No such file or directory
libibverbs: Warning: couldn't load driver 'librxe-rdmav34.so': librxe-rdmav34.so: cannot open shared object file: No such file or directory
libibverbs: Warning: couldn't load driver 'libsiw-rdmav34.so': libsiw-rdmav34.so: cannot open shared object file: No such file or directory
libibverbs: Warning: couldn't load driver 'libbnxt_re-rdmav34.so': libbnxt_re-rdmav34.so: cannot open shared object file: No such file or directory
libibverbs: Warning: couldn't load driver 'libbnxt_re-rdmav34.so': libbnxt_re-rdmav34.so: cannot open shared object file: No such file or directory
libibverbs: Warning: couldn't load driver 'libefa-rdmav34.so': libefa-rdmav34.so: cannot open shared object file: No such file or directory
libibverbs: Warning: couldn't load driver 'liberdma-rdmav34.so': liberdma-rdmav34.so: cannot open shared object file: No such file or directory
libibverbs: Warning: couldn't load driver 'libipathverbs-rdmav34.so': libipathverbs-rdmav34.so: cannot open shared object file: No such file or directory
libibverbs: Warning: couldn't load driver 'libirdma-rdmav34.so': libirdma-rdmav34.so: cannot open shared object file: No such file or directory
libibverbs: Warning: couldn't load driver 'libmana-rdmav34.so': libmana-rdmav34.so: cannot open shared object file: No such file or directory
libibverbs: Warning: couldn't load driver 'libqedr-rdmav34.so': libqedr-rdmav34.so: cannot open shared object file: No such file or directory
libibverbs: Warning: couldn't load driver 'libhns-rdmav34.so': libhns-rdmav34.so: cannot open shared object file: No such file or directory
libibverbs: Warning: couldn't load driver 'libcxgb4-rdmav34.so': libcxgb4-rdmav34.so: cannot open shared object file: No such file or directory
libibverbs: Warning: couldn't load driver 'libcxgb4-rdmav34.so': libcxgb4-rdmav34.so: cannot open shared object file: No such file or directory
libibverbs: Warning: couldn't load driver 'libhfi1verbs-rdmav34.so': libhfi1verbs-rdmav34.so: cannot open shared object file: No such file or directory
libibverbs: Warning: couldn't load driver 'libefa-rdmav34.so': libefa-rdmav34.so: cannot open shared object file: No such file or directory
libibverbs: Warning: couldn't load driver 'liberdma-rdmav34.so': liberdma-rdmav34.so: cannot open shared object file: No such file or directory
libibverbs: Warning: couldn't load driver 'libqedr-rdmav34.so': libqedr-rdmav34.so: cannot open shared object file: No such file or directory
libibverbs: Warning: couldn't load driver 'libhns-rdmav34.so': libhns-rdmav34.so: cannot open shared object file: No such file or directory
libibverbs: Warning: couldn't load driver 'librxe-rdmav34.so': librxe-rdmav34.so: cannot open shared object file: No such file or directory
libibverbs: Warning: couldn't load driver 'libsiw-rdmav34.so': libsiw-rdmav34.so: cannot open shared object file: No such file or directory
libibverbs: Warning: couldn't load driver 'libhfi1verbs-rdmav34.so': libhfi1verbs-rdmav34.so: cannot open shared object file: No such file or directory
libibverbs: Warning: couldn't load driver 'libmthca-rdmav34.so': libmthca-rdmav34.so: cannot open shared object file: No such file or directory
libibverbs: Warning: couldn't load driver 'libmlx4-rdmav34.so': libmlx4-rdmav34.so: cannot open shared object file: No such file or directory
libibverbs: Warning: couldn't load driver 'libmthca-rdmav34.so': libmthca-rdmav34.so: cannot open shared object file: No such file or directory
libibverbs: Warning: couldn't load driver 'libmlx4-rdmav34.so': libmlx4-rdmav34.so: cannot open shared object file: No such file or directory
libibverbs: Warning: couldn't load driver 'libqedr-rdmav34.so': libqedr-rdmav34.so: cannot open shared object file: No such file or directory
libibverbs: Warning: couldn't load driver 'libhns-rdmav34.so': libhns-rdmav34.so: cannot open shared object file: No such file or directory
libibverbs: Warning: couldn't load driver 'libcxgb4-rdmav34.so': libcxgb4-rdmav34.so: cannot open shared object file: No such file or directory
libibverbs: Warning: couldn't load driver 'libcxgb4-rdmav34.so': libcxgb4-rdmav34.so: cannot open shared object file: No such file or directory
libibverbs: Warning: couldn't load driver 'libhfi1verbs-rdmav34.so': libhfi1verbs-rdmav34.so: cannot open shared object file: No such file or directory
libibverbs: Warning: couldn't load driver 'libmthca-rdmav34.so': libmthca-rdmav34.so: cannot open shared object file: No such file or directory
libibverbs: Warning: couldn't load driver 'libbnxt_re-rdmav34.so': libbnxt_re-rdmav34.so: cannot open shared object file: No such file or directory
libibverbs: Warning: couldn't load driver 'libefa-rdmav34.so': libefa-rdmav34.so: cannot open shared object file: No such file or directory
libibverbs: Warning: couldn't load driver 'liberdma-rdmav34.so': liberdma-rdmav34.so: cannot open shared object file: No such file or directory
libibverbs: Warning: couldn't load driver 'libvmw_pvrdma-rdmav34.so': libvmw_pvrdma-rdmav34.so: cannot open shared object file: No such file or directory
libibverbs: Warning: couldn't load driver 'libvmw_pvrdma-rdmav34.so': libvmw_pvrdma-rdmav34.so: cannot open shared object file: No such file or directory
libibverbs: Warning: couldn't load driver 'libhfi1verbs-rdmav34.so': libhfi1verbs-rdmav34.so: cannot open shared object file: No such file or directory
libibverbs: Warning: couldn't load driver 'libmthca-rdmav34.so': libmthca-rdmav34.so: cannot open shared object file: No such file or directory
libibverbs: Warning: couldn't load driver 'libmlx4-rdmav34.so': libmlx4-rdmav34.so: cannot open shared object file: No such file or directory
libibverbs: Warning: couldn't load driver 'libvmw_pvrdma-rdmav34.so': libvmw_pvrdma-rdmav34.so: cannot open shared object file: No such file or directory
libibverbs: Warning: couldn't load driver 'libqedr-rdmav34.so': libqedr-rdmav34.so: cannot open shared object file: No such file or directory
libibverbs: Warning: couldn't load driver 'libhns-rdmav34.so': libhns-rdmav34.so: cannot open shared object file: No such file or directory
libibverbs: Warning: couldn't load driver 'libcxgb4-rdmav34.so': libcxgb4-rdmav34.so: cannot open shared object file: No such file or directory
libibverbs: Warning: couldn't load driver 'libmlx4-rdmav34.so': libmlx4-rdmav34.so: cannot open shared object file: No such file or directory
libibverbs: Warning: couldn't load driver 'libvmw_pvrdma-rdmav34.so': libvmw_pvrdma-rdmav34.so: cannot open shared object file: No such file or directory
libibverbs: Warning: couldn't load driver 'libhfi1verbs-rdmav34.so': libhfi1verbs-rdmav34.so: cannot open shared object file: No such file or directory
libibverbs: Warning: couldn't load driver 'libmthca-rdmav34.so': libmthca-rdmav34.so: cannot open shared object file: No such file or directory
libibverbs: Warning: couldn't load driver 'libmlx4-rdmav34.so': libmlx4-rdmav34.so: cannot open shared object file: No such file or directory
libibverbs: Warning: couldn't load driver 'libvmw_pvrdma-rdmav34.so': libvmw_pvrdma-rdmav34.so: cannot open shared object file: No such file or directory
libibverbs: Warning: couldn't load driver 'libocrdma-rdmav34.so': libocrdma-rdmav34.so: cannot open shared object file: No such file or directory
libibverbs: Warning: couldn't load driver 'libocrdma-rdmav34.so': libocrdma-rdmav34.so: cannot open shared object file: No such file or directory
libibverbs: Warning: couldn't load driver 'libipathverbs-rdmav34.so': libipathverbs-rdmav34.so: cannot open shared object file: No such file or directory
libibverbs: Warning: couldn't load driver 'libirdma-rdmav34.so': libirdma-rdmav34.so: cannot open shared object file: No such file or directory
libibverbs: Warning: couldn't load driver 'libmana-rdmav34.so': libmana-rdmav34.so: cannot open shared object file: No such file or directory
libibverbs: Warning: couldn't load driver 'librxe-rdmav34.so': librxe-rdmav34.so: cannot open shared object file: No such file or directory
libibverbs: Warning: couldn't load driver 'libsiw-rdmav34.so': libsiw-rdmav34.so: cannot open shared object file: No such file or directory
libibverbs: Warning: couldn't load driver 'libipathverbs-rdmav34.so': libipathverbs-rdmav34.so: cannot open shared object file: No such file or directory
libibverbs: Warning: couldn't load driver 'libirdma-rdmav34.so': libirdma-rdmav34.so: cannot open shared object file: No such file or directory
libibverbs: Warning: couldn't load driver 'libmana-rdmav34.so': libmana-rdmav34.so: cannot open shared object file: No such file or directory
libibverbs: Warning: couldn't load driver 'libbnxt_re-rdmav34.so': libbnxt_re-rdmav34.so: cannot open shared object file: No such file or directory
libibverbs: Warning: couldn't load driver 'libefa-rdmav34.so': libefa-rdmav34.so: cannot open shared object file: No such file or directory
libibverbs: Warning: couldn't load driver 'librxe-rdmav34.so': librxe-rdmav34.so: cannot open shared object file: No such file or directory
libibverbs: Warning: couldn't load driver 'libocrdma-rdmav34.so': libocrdma-rdmav34.so: cannot open shared object file: No such file or directory
libibverbs: Warning: couldn't load driver 'liberdma-rdmav34.so': liberdma-rdmav34.so: cannot open shared object file: No such file or directory
libibverbs: Warning: couldn't load driver 'libqedr-rdmav34.so': libqedr-rdmav34.so: cannot open shared object file: No such file or directory
libibverbs: Warning: couldn't load driver 'libhns-rdmav34.so': libhns-rdmav34.so: cannot open shared object file: No such file or directory
libibverbs: Warning: couldn't load driver 'libsiw-rdmav34.so': libsiw-rdmav34.so: cannot open shared object file: No such file or directory
libibverbs: Warning: couldn't load driver 'libbnxt_re-rdmav34.so': libbnxt_re-rdmav34.so: cannot open shared object file: No such file or directory
libibverbs: Warning: couldn't load driver 'libcxgb4-rdmav34.so': libcxgb4-rdmav34.so: cannot open shared object file: No such file or directory
libibverbs: Warning: couldn't load driver 'libefa-rdmav34.so': libefa-rdmav34.so: cannot open shared object file: No such file or directory
libibverbs: Warning: couldn't load driver 'liberdma-rdmav34.so': liberdma-rdmav34.so: cannot open shared object file: No such file or directory
libibverbs: Warning: couldn't load driver 'libocrdma-rdmav34.so': libocrdma-rdmav34.so: cannot open shared object file: No such file or directory
libibverbs: Warning: couldn't load driver 'libhfi1verbs-rdmav34.so': libhfi1verbs-rdmav34.so: cannot open shared object file: No such file or directory
libibverbs: Warning: couldn't load driver 'libmthca-rdmav34.so': libmthca-rdmav34.so: cannot open shared object file: No such file or directory
libibverbs: Warning: couldn't load driver 'libqedr-rdmav34.so': libqedr-rdmav34.so: cannot open shared object file: No such file or directory
libibverbs: Warning: couldn't load driver 'libhns-rdmav34.so': libhns-rdmav34.so: cannot open shared object file: No such file or directory
libibverbs: Warning: couldn't load driver 'libipathverbs-rdmav34.so': libipathverbs-rdmav34.so: cannot open shared object file: No such file or directory
libibverbs: Warning: couldn't load driver 'libmlx4-rdmav34.so': libmlx4-rdmav34.so: cannot open shared object file: No such file or directory
libibverbs: Warning: couldn't load driver 'libvmw_pvrdma-rdmav34.so': libvmw_pvrdma-rdmav34.so: cannot open shared object file: No such file or directory
libibverbs: Warning: couldn't load driver 'libcxgb4-rdmav34.so': libcxgb4-rdmav34.so: cannot open shared object file: No such file or directory
libibverbs: Warning: couldn't load driver 'libhfi1verbs-rdmav34.so': libhfi1verbs-rdmav34.so: cannot open shared object file: No such file or directory
libibverbs: Warning: couldn't load driver 'libirdma-rdmav34.so': libirdma-rdmav34.so: cannot open shared object file: No such file or directory
libibverbs: Warning: couldn't load driver 'libmana-rdmav34.so': libmana-rdmav34.so: cannot open shared object file: No such file or directory
libibverbs: Warning: couldn't load driver 'libmthca-rdmav34.so': libmthca-rdmav34.so: cannot open shared object file: No such file or directory
libibverbs: Warning: couldn't load driver 'libmlx4-rdmav34.so': libmlx4-rdmav34.so: cannot open shared object file: No such filelibibverbs: Warning: couldn't load driver 'librxe-rdmav34.so': librxe-rdmav34.so: cannot open shared object file: No such file or directory
libibverbs: Warning: couldn't load driver 'libipathverbs-rdmav34.so': libipathverbs-rdmav34.so: cannot open shared object file: No such file or directory
libibverbs: Warning: couldn't load driver 'libirdma-rdmav34.so': libirdma-rdmav34.so: cannot open shared object file: No such file or directory
 or directory
libibverbs: Warning: couldn't load driver 'libvmw_pvrdma-rdmav34.so': libvmw_pvrdma-rdmav34.so: cannot open shared object file: No such file or directory
libibverbs: Warning: couldn't load driver 'libsiw-rdmav34.so': libsiw-rdmav34.so: cannot open shared object file: No such file or directory
libibverbs: Warning: couldn't load driver 'libbnxt_re-rdmav34.so': libbnxt_re-rdmav34.so: cannot open shared object file: No such file or directory
libibverbs: Warning: couldn't load driver 'libmana-rdmav34.so': libmana-rdmav34.so: cannot open shared object file: No such file or directory
libibverbs: Warning: couldn't load driver 'librxe-rdmav34.so': librxe-rdmav34.so: cannot open shared object file: No such file or directory
libibverbs: Warning: couldn't load driver 'libefa-rdmav34.so': libefa-rdmav34.so: cannot open shared object file: No such file or directory
libibverbs: Warning: couldn't load driver 'liberdma-rdmav34.so': liberdma-rdmav34.so: cannot open shared object file: No such file or directory
libibverbs: Warning: couldn't load driver 'libsiw-rdmav34.so': libsiw-rdmav34.so: cannot open shared object file: No such file or directory
libibverbs: Warning: couldn't load driver 'libqedr-rdmav34.so': libqedr-rdmav34.so: cannot open shared object file: No such file or directory
libibverbs: Warning: couldn't load driver 'libhns-rdmav34.so': libhns-rdmav34.so: cannot open shared object file: No such file or directory
libibverbs: Warning: couldn't load driver 'libbnxt_re-rdmav34.so': libbnxt_re-rdmav34.so: cannot open shared object file: No such file or directory
libibverbs: Warning: couldn't load driver 'libefa-rdmav34.so': libefa-rdmav34.so: cannot open shared object file: No such file or directory
libibverbs: Warning: couldn't load driver 'libcxgb4-rdmav34.so': libcxgb4-rdmav34.so: cannot open shared object file: No such file or directory
libibverbs: Warning: couldn't load driver 'liberdma-rdmav34.so': liberdma-rdmav34.so: cannot open shared object file: No such file or directory
libibverbs: Warning: couldn't load driver 'libhfi1verbs-rdmav34.so': libhfi1verbs-rdmav34.so: cannot open shared object file: No such file or directory
libibverbs: Warning: couldn't load driver 'libmthca-rdmav34.so': libmthca-rdmav34.so: cannot open shared object file: No such file or directory
libibverbs: Warning: couldn't load driver 'libqedr-rdmav34.so': libqedr-rdmav34.so: cannot open shared object file: No such file or directory
libibverbs: Warning: couldn't load driver 'libhns-rdmav34.so': libhns-rdmav34.so: cannot open shared object file: No such file or directory
libibverbs: Warning: couldn't load driver 'libmlx4-rdmav34.so': libmlx4-rdmav34.so: cannot open shared object file: No such file or directory
libibverbs: Warning: couldn't load driver 'libocrdma-rdmav34.so': libocrdma-rdmav34.so: cannot open shared object file: No such file or directory
libibverbs: Warning: couldn't load driver 'libvmw_pvrdma-rdmav34.so': libvmw_pvrdma-rdmav34.so: cannot open shared object file: No such file or directory
libibverbs: Warning: couldn't load driver 'libcxgb4-rdmav34.so': libcxgb4-rdmav34.so: cannot open shared object file: No such file or directory
libibverbs: Warning: couldn't load driver 'libhfi1verbs-rdmav34.so': libhfi1verbs-rdmav34.so: cannot open shared object file: No such file or directory
libibverbs: Warning: couldn't load driver 'libmthca-rdmav34.so': libmthca-rdmav34.so: cannot open shared object file: No such file or directory
libibverbs: Warning: couldn't load driver 'libocrdma-rdmav34.so': libocrdma-rdmav34.so: cannot open shared object file: No such file or directory
libibverbs: Warning: couldn't load driver 'libmlx4-rdmav34.so': libmlx4-rdmav34.so: cannot open shared object file: No such file or directory
libibverbs: Warning: couldn't load driver 'libvmw_pvrdma-rdmav34.so': libvmw_pvrdma-rdmav34.so: cannot open shared object file: No such file or directory
libibverbs: Warning: couldn't load driver 'libipathverbs-rdmav34.so': libipathverbs-rdmav34.so: cannot open shared object file: No such file or directory
libibverbs: Warning: couldn't load driver 'libirdma-rdmav34.so': libirdma-rdmav34.so: cannot open shared object file: No such file or directory
libibverbs: Warning: couldn't load driver 'libmana-rdmav34.so': libmana-rdmav34.so: cannot open shared object file: No such file or directory
libibverbs: Warning: couldn't load driver 'libipathverbs-rdmav34.so': libipathverbs-rdmav34.so: cannot open shared object file: No such file or directory
libibverbs: Warning: couldn't load driver 'libocrdma-rdmav34.so': libocrdma-rdmav34.so: cannot open shared object file: No such file or directory
libibverbs: Warning: couldn't load driver 'libirdma-rdmav34.so': libirdma-rdmav34.so: cannot open shared object file: No such file or directory
libibverbs: Warning: couldn't load driver 'libmana-rdmav34.so': libmana-rdmav34.so: cannot open shared object file: No such file or directory
libibverbs: Warning: couldn't load driver 'librxe-rdmav34.so': librxe-rdmav34.so: cannot open shared object file: No such file or directory
libibverbs: Warning: couldn't load driver 'libsiw-rdmav34.so': libsiw-rdmav34.so: cannot open shared object file: No such file or directory
libibverbs: Warning: couldn't load driver 'librxe-rdmav34.so': librxe-rdmav34.so: cannot open shared object file: No such file or directory
libibverbs: Warning: couldn't load driver 'libbnxt_re-rdmav34.so': libbnxt_re-rdmav34.so: cannot open shared object file: No such file or directory
libibverbs: Warning: couldn't load driver 'libsiw-rdmav34.so': libsiw-rdmav34.so: cannot open shared object file: No such file or directory
libibverbs: Warning: couldn't load driver 'libbnxt_re-rdmav34.so': libbnxt_re-rdmav34.so: cannot open shared object file: No such file or directory
libibverbs: Warning: couldn't load driver 'libipathverbs-rdmav34.so': libipathverbs-rdmav34.so: cannot open shared object file: No such file or directory
libibverbs: Warning: couldn't load driver 'libirdma-rdmav34.so': libirdma-rdmav34.so: cannot open shared object file: No such file or directory
libibverbs: Warning: couldn't load driver 'libefa-rdmav34.so': libefa-rdmav34.so: cannot open shared object file: No such file or directory
libibverbs: Warning: couldn't load driver 'liberdma-rdmav34.so': liberdma-rdmav34.so: cannot open shared object file: No such file or directory
libibverbs: Warning: couldn't load driver 'libefa-rdmav34.so': libefa-rdmav34.so: cannot open shared object file: No such file or directory
libibverbs: Warning: couldn't load driver 'liberdma-rdmav34.so': liberdma-rdmav34.so: cannot open shared object file: No such file or directory
libibverbs: Warning: couldn't load driver 'libmana-rdmav34.so': libmana-rdmav34.so: cannot open shared object file: No such file or directory
libibverbs: Warning: couldn't load driver 'librxe-rdmav34.so': librxe-rdmav34.so: cannot open shared object file: No such file or directory
libibverbs: Warning: couldn't load driver 'libqedr-rdmav34.so': libqedr-rdmav34.so: cannot open shared object file: No such file or directory
libibverbs: Warning: couldn't load driver 'libqedr-rdmav34.so': libqedr-rdmav34.so: cannot open shared object file: No such file or directory
libibverbs: Warning: couldn't load driver 'libhns-rdmav34.so': libhns-rdmav34.so: cannot open shared object file: No such file or directory
libibverbs: Warning: couldn't load driver 'libsiw-rdmav34.so': libsiw-rdmav34.so: cannot open shared object file: No such file or directory
libibverbs: Warning: couldn't load driver 'libbnxt_re-rdmav34.so': libbnxt_re-rdmav34.so: cannot open shared object file: No such file or directory
libibverbs: Warning: couldn't load driver 'libhns-rdmav34.so': libhns-rdmav34.so: cannot open shared object file: No such file or directory
libibverbs: Warning: couldn't load driver 'libcxgb4-rdmav34.so': libcxgb4-rdmav34.so: cannot open shared object file: No such file or directory
libibverbs: Warning: couldn't load driver 'libcxgb4-rdmav34.so': libcxgb4-rdmav34.so: cannot open shared object file: No such file or directory
libibverbs: Warning: couldn't load driver 'libhfi1verbs-rdmav34.so': libhfi1verbs-rdmav34.so: cannot open shared object file: No such file or directory
libibverbs: Warning: couldn't load driver 'libefa-rdmav34.so': libefa-rdmav34.so: cannot open shared object file: No such file or directory
libibverbs: Warning: couldn't load driver 'liberdma-rdmav34.so': liberdma-rdmav34.so: cannot open shared object file: No such file or directory
libibverbs: Warning: couldn't load driver 'libhfi1verbs-rdmav34.so': libhfi1verbs-rdmav34.so: cannot open shared object file: No such file or directory
libibverbs: Warning: couldn't load driver 'libmthca-rdmav34.so': libmthca-rdmav34.so: cannot open shared object file: No such file or directory
libibverbs: Warning: couldn't load driver 'libmthca-rdmav34.so': libmthca-rdmav34.so: cannot open shared object file: No such file or directory
libibverbs: Warning: couldn't load driver 'libmlx4-rdmav34.so': libmlx4-rdmav34.so: cannot open shared object file: No such file or directory
libibverbs: Warning: couldn't load driver 'libqedr-rdmav34.so': libqedr-rdmav34.so: cannot open shared object file: No such file or directory
libibverbs: Warning: couldn't load driver 'libhns-rdmav34.so': libhns-rdmav34.so: cannot open shared object file: No such file or directory
libibverbs: Warning: couldn't load driver 'libmlx4-rdmav34.so': libmlx4-rdmav34.so: cannot open shared object file: No such file or directory
libibverbs: Warning: couldn't load driver 'libvmw_pvrdma-rdmav34.so': libvmw_pvrdma-rdmav34.so: cannot open shared object file: No such file or directory
libibverbs: Warning: couldn't load driver 'libvmw_pvrdma-rdmav34.so': libvmw_pvrdma-rdmav34.so: cannot open shared object file: No such file or directory
libibverbs: Warning: couldn't load driver 'libcxgb4-rdmav34.so': libcxgb4-rdmav34.so: cannot open shared object file: No such file or directory
libibverbs: Warning: couldn't load driver 'libhfi1verbs-rdmav34.so': libhfi1verbs-rdmav34.so: cannot open shared object file: No such file or directory
libibverbs: Warning: couldn't load driver 'libmthca-rdmav34.so': libmthca-rdmav34.so: cannot open shared object file: No such file or directory
libibverbs: Warning: couldn't load driver 'libmlx4-rdmav34.so': libmlx4-rdmav34.so: cannot open shared object file: No such file or directory
libibverbs: Warning: couldn't load driver 'libvmw_pvrdma-rdmav34.so': libvmw_pvrdma-rdmav34.so: cannot open shared object file: No such file or directory
libibverbs: Warning: couldn't load driver 'libocrdma-rdmav34.so': libocrdma-rdmav34.so: cannot open shared object file: No such file or directory
libibverbs: Warning: couldn't load driver 'libipathverbs-rdmav34.so': libipathverbs-rdmav34.so: cannot open shared object file: No such file or directory
libibverbs: Warning: couldn't load driver 'libirdma-rdmav34.so': libirdma-rdmav34.so: cannot open shared object file: No such file or directory
libibverbs: Warning: couldn't load driver 'libmana-rdmav34.so': libmana-rdmav34.so: cannot open shared object file: No such file or directory
libibverbs: Warning: couldn't load driver 'librxe-rdmav34.so': librxe-rdmav34.so: cannot open shared object file: No such file or directory
libibverbs: Warning: couldn't load driver 'libsiw-rdmav34.so': libsiw-rdmav34.so: cannot open shared object file: No such file or directory
libibverbs: Warning: couldn't load driver 'libbnxt_re-rdmav34.so': libbnxt_re-rdmav34.so: cannot open shared object file: No such file or directory
libibverbs: Warning: couldn't load driver 'libefa-rdmav34.so': libefa-rdmav34.so: cannot open shared object file: No such file or directory
libibverbs: Warning: couldn't load driver 'liberdma-rdmav34.so': liberdma-rdmav34.so: cannot open shared object file: No such file or directory
libibverbs: Warning: couldn't load driver 'libqedr-rdmav34.so': libqedr-rdmav34.so: cannot open shared object file: No such file or directory
libibverbs: Warning: couldn't load driver 'libhns-rdmav34.so': libhns-rdmav34.so: cannot open shared object file: No such file or directory
libibverbs: Warning: couldn't load driver 'libcxgb4-rdmav34.so': libcxgb4-rdmav34.so: cannot open shared object file: No such file or directory
libibverbs: Warning: couldn't load driver 'libhfi1verbs-rdmav34.so': libhfi1verbs-rdmav34.so: cannot open shared object file: No such file or directory
libibverbs: Warning: couldn't load driver 'libmthca-rdmav34.so': libmthca-rdmav34.so: cannot open shared object file: No such file or directory
libibverbs: Warning: couldn't load driver 'libmlx4-rdmav34.so': libmlx4-rdmav34.so: cannot open shared object file: No such file or directory
libibverbs: Warning: couldn't load driver 'libvmw_pvrdma-rdmav34.so': libvmw_pvrdma-rdmav34.so: cannot open shared object file: No such file or directory
libibverbs: Warning: couldn't load driver 'libocrdma-rdmav34.so': libocrdma-rdmav34.so: cannot open shared object file: No such file or directory
libibverbs: Warning: couldn't load driver 'libipathverbs-rdmav34.so': libipathverbs-rdmav34.so: cannot open shared object file: No such file or directory
libibverbs: Warning: couldn't load driver 'libirdma-rdmav34.so': libirdma-rdmav34.so: cannot open shared object file: No such file or directory
libibverbs: Warning: couldn't load driver 'libmana-rdmav34.so': libmana-rdmav34.so: cannot open shared object file: No such file or directory
libibverbs: Warning: couldn't load driver 'librxe-rdmav34.so': librxe-rdmav34.so: cannot open shared object file: No such file or directory
libibverbs: Warning: couldn't load driver 'libsiw-rdmav34.so': libsiw-rdmav34.so: cannot open shared object file: No such file or directory
libibverbs: Warning: couldn't load driver 'libbnxt_re-rdmav34.so': libbnxt_re-rdmav34.so: cannot open shared object file: No such file or directory
libibverbs: Warning: couldn't load driver 'libefa-rdmav34.so': libefa-rdmav34.so: cannot open shared object file: No such file or directory
libibverbs: Warning: couldn't load driver 'liberdma-rdmav34.so': liberdma-rdmav34.so: cannot open shared object file: No such file or directory
libibverbs: Warning: couldn't load driver 'libqedr-rdmav34.so': libqedr-rdmav34.so: cannot open shared object file: No such file or directory
libibverbs: Warning: couldn't load driver 'libhns-rdmav34.so': libhns-rdmav34.so: cannot open shared object file: No such file or directory
libibverbs: Warning: couldn't load driver 'libcxgb4-rdmav34.so': libcxgb4-rdmav34.so: cannot open shared object file: No such file or directory
libibverbs: Warning: couldn't load driver 'libhfi1verbs-rdmav34.so': libhfi1verbs-rdmav34.so: cannot open shared object file: No such file or directory
libibverbs: Warning: couldn't load driver 'libmthca-rdmav34.so': libmthca-rdmav34.so: cannot open shared object file: No such file or directory
libibverbs: Warning: couldn't load driver 'libmlx4-rdmav34.so': libmlx4-rdmav34.so: cannot open shared object file: No such file or directory
libibverbs: Warning: couldn't load driver 'libvmw_pvrdma-rdmav34.so': libvmw_pvrdma-rdmav34.so: cannot open shared object file: No such file or directory
libibverbs: Warning: couldn't load driver 'libocrdma-rdmav34.so': libocrdma-rdmav34.so: cannot open shared object file: No such file or directory
libibverbs: Warning: couldn't load driver 'libipathverbs-rdmav34.so': libipathverbs-rdmav34.so: cannot open shared object file: No such file or directory
libibverbs: Warning: couldn't load driver 'libocrdma-rdmav34.so': libocrdma-rdmav34.so: cannot open shared object file: No such file or directory
libibverbs: Warning: couldn't load driver 'libirdma-rdmav34.so': libirdma-rdmav34.so: cannot open shared object file: No such file or directory
libibverbs: Warning: couldn't load driver 'libmana-rdmav34.so': libmana-rdmav34.so: cannot open shared object file: No such file or directory
libibverbs: Warning: couldn't load driver 'librxe-rdmav34.so': librxe-rdmav34.so: cannot open shared object file: No such file or directory
libibverbs: Warning: couldn't load driver 'libsiw-rdmav34.so': libsiw-rdmav34.so: cannot open shared object file: No such file or directory
libibverbs: Warning: couldn't load driver 'libipathverbs-rdmav34.so': libipathverbs-rdmav34.so: cannot open shared object file: No such file or directory
libibverbs: Warning: couldn't load driver 'libbnxt_re-rdmav34.so': libbnxt_re-rdmav34.so: cannot open shared object file: No such file or directory
libibverbs: Warning: couldn't load driver 'libirdma-rdmav34.so': libirdma-rdmav34.so: cannot open shared object file: No such file or directory
libibverbs: Warning: couldn't load driver 'libefa-rdmav34.so': libefa-rdmav34.so: cannot open shared object file: No such file or directory
libibverbs: Warning: couldn't load driver 'libmana-rdmav34.so': libmana-rdmav34.so: cannot open shared object file: No such file or directory
libibverbs: Warning: couldn't load driver 'liberdma-rdmav34.so': liberdma-rdmav34.so: cannot open shared object file: No such file or directory
libibverbs: Warning: couldn't load driver 'librxe-rdmav34.so': librxe-rdmav34.so: cannot open shared object file: No such file or directory
libibverbs: Warning: couldn't load driver 'libqedr-rdmav34.so': libqedr-rdmav34.so: cannot open shared object file: No such file or directory
libibverbs: Warning: couldn't load driver 'libsiw-rdmav34.so': libsiw-rdmav34.so: cannot open shared object file: No such file or directory
libibverbs: Warning: couldn't load driver 'libhns-rdmav34.so': libhns-rdmav34.so: cannot open shared object file: No such file or directory
libibverbs: Warning: couldn't load driver 'libbnxt_re-rdmav34.so': libbnxt_re-rdmav34.so: cannot open shared object file: No such file or directory
libibverbs: Warning: couldn't load driver 'libcxgb4-rdmav34.so': libcxgb4-rdmav34.so: cannot open shared object file: No such file or directory
libibverbs: Warning: couldn't load driver 'libefa-rdmav34.so': libefa-rdmav34.so: cannot open shared object file: No such file or directory
libibverbs: Warning: couldn't load driver 'libhfi1verbs-rdmav34.so': libhfi1verbs-rdmav34.so: cannot open shared object file: No such file or directory
libibverbs: Warning: couldn't load driver 'liberdma-rdmav34.so': liberdma-rdmav34.so: cannot open shared object file: No such file or directory
libibverbs: Warning: couldn't load driver 'libmthca-rdmav34.so': libmthca-rdmav34.so: cannot open shared object file: No such file or directory
libibverbs: Warning: couldn't load driver 'libqedr-rdmav34.so': libqedr-rdmav34.so: cannot open shared object file: No such file or directory
libibverbs: Warning: couldn't load driver 'libmlx4-rdmav34.so': libmlx4-rdmav34.so: cannot open shared object file: No such file or directory
libibverbs: Warning: couldn't load driver 'libhns-rdmav34.so': libhns-rdmav34.so: cannot open shared object file: No such file or directory
libibverbs: Warning: couldn't load driver 'libvmw_pvrdma-rdmav34.so': libvmw_pvrdma-rdmav34.so: cannot open shared object file: No such file or directory
libibverbs: Warning: couldn't load driver 'libcxgb4-rdmav34.so': libcxgb4-rdmav34.so: cannot open shared object file: No such file or directory
libibverbs: Warning: couldn't load driver 'libhfi1verbs-rdmav34.so': libhfi1verbs-rdmav34.so: cannot open shared object file: No such file or directory
libibverbs: Warning: couldn't load driver 'libmthca-rdmav34.so': libmthca-rdmav34.so: cannot open shared object file: No such file or directory
libibverbs: Warning: couldn't load driver 'libmlx4-rdmav34.so': libmlx4-rdmav34.so: cannot open shared object file: No such file or directory
libibverbs: Warning: couldn't load driver 'libvmw_pvrdma-rdmav34.so': libvmw_pvrdma-rdmav34.so: cannot open shared object file: No such file or directory
libibverbs: Warning: couldn't load driver 'libocrdma-rdmav34.so': libocrdma-rdmav34.so: cannot open shared object file: No such file or directory
libibverbs: Warning: couldn't load driver 'libipathverbs-rdmav34.so': libipathverbs-rdmav34.so: cannot open shared object file: No such file or directory
libibverbs: Warning: couldn't load driver 'libirdma-rdmav34.so': libirdma-rdmav34.so: cannot open shared object file: No such file or directory
libibverbs: Warning: couldn't load driver 'libmana-rdmav34.so': libmana-rdmav34.so: cannot open shared object file: No such file or directory
libibverbs: Warning: couldn't load driver 'librxe-rdmav34.so': librxe-rdmav34.so: cannot open shared object file: No such file or directory
libibverbs: Warning: couldn't load driver 'libsiw-rdmav34.so': libsiw-rdmav34.so: cannot open shared object file: No such file or directory
libibverbs: Warning: couldn't load driver 'libbnxt_re-rdmav34.so': libbnxt_re-rdmav34.so: cannot open shared object file: No such file or directory
libibverbs: Warning: couldn't load driver 'libefa-rdmav34.so': libefa-rdmav34.so: cannot open shared object file: No such file or directory
libibverbs: Warning: couldn't load driver 'liberdma-rdmav34.so': liberdma-rdmav34.so: cannot open shared object file: No such file or directory
libibverbs: Warning: couldn't load driver 'libqedr-rdmav34.so': libqedr-rdmav34.so: cannot open shared object file: No such file or directory
libibverbs: Warning: couldn't load driver 'libhns-rdmav34.so': libhns-rdmav34.so: cannot open shared object file: No such file or directory
libibverbs: Warning: couldn't load driver 'libcxgb4-rdmav34.so': libcxgb4-rdmav34.so: cannot open shared object file: No such file or directory
libibverbs: Warning: couldn't load driver 'libhfi1verbs-rdmav34.so': libhfi1verbs-rdmav34.so: cannot open shared object file: No such file or directory
libibverbs: Warning: couldn't load driver 'libmthca-rdmav34.so': libmthca-rdmav34.so: cannot open shared object file: No such file or directory
libibverbs: Warning: couldn't load driver 'libmlx4-rdmav34.so': libmlx4-rdmav34.so: cannot open shared object file: No such file or directory
libibverbs: Warning: couldn't load driver 'libvmw_pvrdma-rdmav34.so': libvmw_pvrdma-rdmav34.so: cannot open shared object file: No such file or directory
libibverbs: Warning: couldn't load driver 'libocrdma-rdmav34.so': libocrdma-rdmav34.so: cannot open shared object file: No such file or directory
libibverbs: Warning: couldn't load driver 'libocrdma-rdmav34.so': libocrdma-rdmav34.so: cannot open shared object file: No such file or directory
libibverbs: Warning: couldn't load driver 'libipathverbs-rdmav34.so': libipathverbs-rdmav34.so: cannot open shared object file: No such file or directory
libibverbs: Warning: couldn't load driver 'libirdma-rdmav34.so': libirdma-rdmav34.so: cannot open shared object file: No such file or directory
libibverbs: Warning: couldn't load driver 'libipathverbs-rdmav34.so': libipathverbs-rdmav34.so: cannot open shared object file: No such file or directory
libibverbs: Warning: couldn't load driver 'libmana-rdmav34.so': libmana-rdmav34.so: cannot open shared object file: No such file or directory
libibverbs: Warning: couldn't load driver 'librxe-rdmav34.so': librxe-rdmav34.so: cannot open shared object file: No such file or directory
libibverbs: Warning: couldn't load driver 'libirdma-rdmav34.so': libirdma-rdmav34.so: cannot open shared object file: No such file or directory
libibverbs: Warning: couldn't load driver 'libmana-rdmav34.so': libmana-rdmav34.so: cannot open shared object file: No such file or directory
libibverbs: Warning: couldn't load driver 'libsiw-rdmav34.so': libsiw-rdmav34.so: cannot open shared object file: No such file or directory
libibverbs: Warning: couldn't load driver 'libbnxt_re-rdmav34.so': libbnxt_re-rdmav34.so: cannot open shared object file: No suclibibverbs: Warning: couldn't load driver 'librxe-rdmav34.so': librxe-rdmav34.so: cannot open shared object file: No such file or directory
h file or directory
libibverbs: Warning: couldn't load driver 'libefa-rdmav34.so': libefa-rdmav34.so: cannot open shared object file: No such file or directory
libibverbs: Warning: couldn't load driver 'libsiw-rdmav34.so': libsiw-rdmav34.so: cannot open shared object file: No such file or directory
libibverbs: Warning: couldn't load driver 'liberdma-rdmav34.so': liberdma-rdmav34.so: cannot open shared object file: No such file or directory
libibverbs: Warning: couldn't load driver 'libbnxt_re-rdmav34.so': libbnxt_re-rdmav34.so: cannot open shared object file: No such file or directory
libibverbs: Warning: couldn't load driver 'libqedr-rdmav34.so': libqedr-rdmav34.so: cannot open shared object file: No such file or directory
libibverbs: Warning: couldn't load driver 'libefa-rdmav34.so': libefa-rdmav34.so: cannot open shared object file: No such file or directory
libibverbs: Warning: couldn't load driver 'liberdma-rdmav34.so': liberdma-rdmav34.so: cannot open shared object file: No such file or directory
libibverbs: Warning: couldn't load driver 'libhns-rdmav34.so': libhns-rdmav34.so: cannot open shared object file: No such file or directory
libibverbs: Warning: couldn't load driver 'libcxgb4-rdmav34.so': libcxgb4-rdmav34.so: cannot open shared object file: No such file or directory
libibverbs: Warning: couldn't load driver 'libhfi1verbs-rdmav34.so': libhfi1verbs-rdmav34.so: cannot open shared object file: No such file or directory
libibverbs: Warning: couldn't load driver 'libocrdma-rdmav34.so': libocrdma-rdmav34.so: cannot open shared object file: No such file or directory
libibverbs: Warning: couldn't load driver 'libqedr-rdmav34.so': libqedr-rdmav34.so: cannot open shared object file: No such file or directory
libibverbs: Warning: couldn't load driver 'libhns-rdmav34.so': libhns-rdmav34.so: cannot open shared object file: No such file or directory
libibverbs: Warning: couldn't load driver 'libmthca-rdmav34.so': libmthca-rdmav34.so: cannot open shared object file: No such file or directory
libibverbs: Warning: couldn't load driver 'libmlx4-rdmav34.so': libmlx4-rdmav34.so: cannot open shared object file: No such file or directory
libibverbs: Warning: couldn't load driver 'libcxgb4-rdmav34.so': libcxgb4-rdmav34.so: cannot open shared object file: No such file or directory
libibverbs: Warning: couldn't load driver 'libhfi1verbs-rdmav34.so': libhfi1verbs-rdmav34.so: cannot open shared object file: No such file or directory
libibverbs: Warning: couldn't load driver 'libvmw_pvrdma-rdmav34.so': libvmw_pvrdma-rdmav34.so: cannot open shared object file: No such file or directory
libibverbs: Warning: couldn't load driver 'libmthca-rdmav34.so': libmthca-rdmav34.so: cannot open shared object file: No such file or directory
libibverbs: Warning: couldn't load driver 'libipathverbs-rdmav34.so': libipathverbs-rdmav34.so: cannot open shared object file: No such file or directory
libibverbs: Warning: couldn't load driver 'libirdma-rdmav34.so': libirdma-rdmav34.so: cannot open shared object file: No such file or directory
libibverbs: Warning: couldn't load driver 'libmlx4-rdmav34.so': libmlx4-rdmav34.so: cannot open shared object file: No such file or directory
libibverbs: Warning: couldn't load driver 'libvmw_pvrdma-rdmav34.so': libvmw_pvrdma-rdmav34.so: cannot open shared object file: No such file or directory
libibverbs: Warning: couldn't load driver 'libmana-rdmav34.so': libmana-rdmav34.so: cannot open shared object file: No such file or directory
libibverbs: Warning: couldn't load driver 'librxe-rdmav34.so': librxe-rdmav34.so: cannot open shared object file: No such file or directory
libibverbs: Warning: couldn't load driver 'libsiw-rdmav34.so': libsiw-rdmav34.so: cannot open shared object file: No such file or directory
libibverbs: Warning: couldn't load driver 'libbnxt_re-rdmav34.so': libbnxt_re-rdmav34.so: cannot open shared object file: No such file or directory
libibverbs: Warning: couldn't load driver 'libefa-rdmav34.so': libefa-rdmav34.so: cannot open shared object file: No such file or directory
libibverbs: Warning: couldn't load driver 'liberdma-rdmav34.so': liberdma-rdmav34.so: cannot open shared object file: No such file or directory
libibverbs: Warning: couldn't load driver 'libqedr-rdmav34.so': libqedr-rdmav34.so: cannot open shared object file: No such file or directory
libibverbs: Warning: couldn't load driver 'libhns-rdmav34.so': libhns-rdmav34.so: cannot open shared object file: No such file or directory
libibverbs: Warning: couldn't load driver 'libcxgb4-rdmav34.so': libcxgb4-rdmav34.so: cannot open shared object file: No such file or directory
libibverbs: Warning: couldn't load driver 'libhfi1verbs-rdmav34.so': libhfi1verbs-rdmav34.so: cannot open shared object file: No such file or directory
libibverbs: Warning: couldn't load driver 'libmthca-rdmav34.so': libmthca-rdmav34.so: cannot open shared object file: No such file or directory
libibverbs: Warning: couldn't load driver 'libmlx4-rdmav34.so': libmlx4-rdmav34.so: cannot open shared object file: No such file or directory
libibverbs: Warning: couldn't load driver 'libvmw_pvrdma-rdmav34.so': libvmw_pvrdma-rdmav34.so: cannot open shared object file: No such file or directory
libibverbs: Warning: couldn't load driver 'libocrdma-rdmav34.so': libocrdma-rdmav34.so: cannot open shared object file: No such file or directory
libibverbs: Warning: couldn't load driver 'libipathverbs-rdmav34.so': libipathverbs-rdmav34.so: cannot open shared object file: No such file or directory
libibverbs: Warning: couldn't load driver 'libirdma-rdmav34.so': libirdma-rdmav34.so: cannot open shared object file: No such file or directory
libibverbs: Warning: couldn't load driver 'libmana-rdmav34.so': libmana-rdmav34.so: cannot open shared object file: No such file or directory
libibverbs: Warning: couldn't load driver 'librxe-rdmav34.so': librxe-rdmav34.so: cannot open shared object file: No such file or directory
libibverbs: Warning: couldn't load driver 'libsiw-rdmav34.so': libsiw-rdmav34.so: cannot open shared object file: No such file or directory
libibverbs: Warning: couldn't load driver 'libbnxt_re-rdmav34.so': libbnxt_re-rdmav34.so: cannot open shared object file: No such file or directory
libibverbs: Warning: couldn't load driver 'libefa-rdmav34.so': libefa-rdmav34.so: cannot open shared object file: No such file or directory
libibverbs: Warning: couldn't load driver 'liberdma-rdmav34.so': liberdma-rdmav34.so: cannot open shared object file: No such file or directory
libibverbs: Warning: couldn't load driver 'libqedr-rdmav34.so': libqedr-rdmav34.so: cannot open shared object file: No such file or directory
libibverbs: Warning: couldn't load driver 'libhns-rdmav34.so': libhns-rdmav34.so: cannot open shared object file: No such file or directory
libibverbs: Warning: couldn't load driver 'libcxgb4-rdmav34.so': libcxgb4-rdmav34.so: cannot open shared object file: No such file or directory
libibverbs: Warning: couldn't load driver 'libhfi1verbs-rdmav34.so': libhfi1verbs-rdmav34.so: cannot open shared object file: No such file or directory
libibverbs: Warning: couldn't load driver 'libmthca-rdmav34.so': libmthca-rdmav34.so: cannot open shared object file: No such file or directory
libibverbs: Warning: couldn't load driver 'libmlx4-rdmav34.so': libmlx4-rdmav34.so: cannot open shared object file: No such file or directory
libibverbs: Warning: couldn't load driver 'libvmw_pvrdma-rdmav34.so': libvmw_pvrdma-rdmav34.so: cannot open shared object file: No such file or directory
libibverbs: Warning: couldn't load driver 'libocrdma-rdmav34.so': libocrdma-rdmav34.so: cannot open shared object file: No such file or directory
libibverbs: Warning: couldn't load driver 'libipathverbs-rdmav34.so': libipathverbs-rdmav34.so: cannot open shared object file: No such file or directory
libibverbs: Warning: couldn't load driver 'libirdma-rdmav34.so': libirdma-rdmav34.so: cannot open shared object file: No such file or directory
libibverbs: Warning: couldn't load driver 'libmana-rdmav34.so': libmana-rdmav34.so: cannot open shared object file: No such file or directory
libibverbs: Warning: couldn't load driver 'librxe-rdmav34.so': librxe-rdmav34.so: cannot open shared object file: No such file or directory
libibverbs: Warning: couldn't load driver 'libsiw-rdmav34.so': libsiw-rdmav34.so: cannot open shared object file: No such file or directory
libibverbs: Warning: couldn't load driver 'libbnxt_re-rdmav34.so': libbnxt_re-rdmav34.so: cannot open shared object file: No such file or directory
libibverbs: Warning: couldn't load driver 'libefa-rdmav34.so': libefa-rdmav34.so: cannot open shared object file: No such file or directory
libibverbs: Warning: couldn't load driver 'liberdma-rdmav34.so': liberdma-rdmav34.so: cannot open shared object file: No such file or directory
libibverbs: Warning: couldn't load driver 'libqedr-rdmav34.so': libqedr-rdmav34.so: cannot open shared object file: No such file or directory
libibverbs: Warning: couldn't load driver 'libhns-rdmav34.so': libhns-rdmav34.so: cannot open shared object file: No such file or directory
libibverbs: Warning: couldn't load driver 'libcxgb4-rdmav34.so': libcxgb4-rdmav34.so: cannot open shared object file: No such file or directory
libibverbs: Warning: couldn't load driver 'libhfi1verbs-rdmav34.so': libhfi1verbs-rdmav34.so: cannot open shared object file: No such file or directory
libibverbs: Warning: couldn't load driver 'libmthca-rdmav34.so': libmthca-rdmav34.so: cannot open shared object file: No such file or directory
libibverbs: Warning: couldn't load driver 'libmlx4-rdmav34.so': libmlx4-rdmav34.so: cannot open shared object file: No such file or directory
libibverbs: Warning: couldn't load driver 'libvmw_pvrdma-rdmav34.so': libvmw_pvrdma-rdmav34.so: cannot open shared object file: No such file or directory
libibverbs: Warning: couldn't load driver 'libocrdma-rdmav34.so': libocrdma-rdmav34.so: cannot open shared object file: No such file or directory
libibverbs: Warning: couldn't load driver 'libipathverbs-rdmav34.so': libipathverbs-rdmav34.so: cannot open shared object file: No such file or directory
libibverbs: Warning: couldn't load driver 'libirdma-rdmav34.so': libirdma-rdmav34.so: cannot open shared object file: No such file or directory
libibverbs: Warning: couldn't load driver 'libmana-rdmav34.so': libmana-rdmav34.so: cannot open shared object file: No such file or directory
libibverbs: Warning: couldn't load driver 'librxe-rdmav34.so': librxe-rdmav34.so: cannot open shared object file: No such file or directory
libibverbs: Warning: couldn't load driver 'libsiw-rdmav34.so': libsiw-rdmav34.so: cannot open shared object file: No such file or directory
libibverbs: Warning: couldn't load driver 'libbnxt_re-rdmav34.so': libbnxt_re-rdmav34.so: cannot open shared object file: No such file or directory
libibverbs: Warning: couldn't load driver 'libefa-rdmav34.so': libefa-rdmav34.so: cannot open shared object file: No such file or directory
libibverbs: Warning: couldn't load driver 'liberdma-rdmav34.so': liberdma-rdmav34.so: cannot open shared object file: No such file or directory
libibverbs: Warning: couldn't load driver 'libqedr-rdmav34.so': libqedr-rdmav34.so: cannot open shared object file: No such file or directory
libibverbs: Warning: couldn't load driver 'libhns-rdmav34.so': libhns-rdmav34.so: cannot open shared object file: No such file or directory
libibverbs: Warning: couldn't load driver 'libcxgb4-rdmav34.so': libcxgb4-rdmav34.so: cannot open shared object file: No such file or directory
libibverbs: Warning: couldn't load driver 'libhfi1verbs-rdmav34.so': libhfi1verbs-rdmav34.so: cannot open shared object file: No such file or directory
libibverbs: Warning: couldn't load driver 'libmthca-rdmav34.so': libmthca-rdmav34.so: cannot open shared object file: No such file or directory
libibverbs: Warning: couldn't load driver 'libmlx4-rdmav34.so': libmlx4-rdmav34.so: cannot open shared object file: No such file or directory
libibverbs: Warning: couldn't load driver 'libvmw_pvrdma-rdmav34.so': libvmw_pvrdma-rdmav34.so: cannot open shared object file: No such file or directory
libibverbs: Warning: couldn't load driver 'libocrdma-rdmav34.so': libocrdma-rdmav34.so: cannot open shared object file: No such file or directory
libibverbs: Warning: couldn't load driver 'libipathverbs-rdmav34.so': libipathverbs-rdmav34.so: cannot open shared object file: No such file or directory
libibverbs: Warning: couldn't load driver 'libirdma-rdmav34.so': libirdma-rdmav34.so: cannot open shared object file: No such file or directory
libibverbs: Warning: couldn't load driver 'libmana-rdmav34.so': libmana-rdmav34.so: cannot open shared object file: No such file or directory
libibverbs: Warning: couldn't load driver 'librxe-rdmav34.so': librxe-rdmav34.so: cannot open shared object file: No such file or directory
libibverbs: Warning: couldn't load driver 'libsiw-rdmav34.so': libsiw-rdmav34.so: cannot open shared object file: No such file or directory
libibverbs: Warning: couldn't load driver 'libbnxt_re-rdmav34.so': libbnxt_re-rdmav34.so: cannot open shared object file: No such file or directory
libibverbs: Warning: couldn't load driver 'libefa-rdmav34.so': libefa-rdmav34.so: cannot open shared object file: No such file or directory
libibverbs: Warning: couldn't load driver 'liberdma-rdmav34.so': liberdma-rdmav34.so: cannot open shared object file: No such file or directory
libibverbs: Warning: couldn't load driver 'libqedr-rdmav34.so': libqedr-rdmav34.so: cannot open shared object file: No such file or directory
libibverbs: Warning: couldn't load driver 'libhns-rdmav34.so': libhns-rdmav34.so: cannot open shared object file: No such file or directory
libibverbs: Warning: couldn't load driver 'libcxgb4-rdmav34.so': libcxgb4-rdmav34.so: cannot open shared object file: No such file or directory
libibverbs: Warning: couldn't load driver 'libhfi1verbs-rdmav34.so': libhfi1verbs-rdmav34.so: cannot open shared object file: No such file or directory
libibverbs: Warning: couldn't load driver 'libmthca-rdmav34.so': libmthca-rdmav34.so: cannot open shared object file: No such file or directory
libibverbs: Warning: couldn't load driver 'libocrdma-rdmav34.so': libocrdma-rdmav34.so: cannot open shared object file: No such file or directory
libibverbs: Warning: couldn't load driver 'libmlx4-rdmav34.so': libmlx4-rdmav34.so: cannot open shared object file: No such file or directory
libibverbs: Warning: couldn't load driver 'libvmw_pvrdma-rdmav34.so': libvmw_pvrdma-rdmav34.so: cannot open shared object file: No such file or directory
libibverbs: Warning: couldn't load driver 'libipathverbs-rdmav34.so': libipathverbs-rdmav34.so: cannot open shared object file: No such file or directory
libibverbs: Warning: couldn't load driver 'libirdma-rdmav34.so': libirdma-rdmav34.so: cannot open shared object file: No such file or directory
libibverbs: Warning: couldn't load driver 'libmana-rdmav34.so': libmana-rdmav34.so: cannot open shared object file: No such file or directory
libibverbs: Warning: couldn't load driver 'librxe-rdmav34.so': librxe-rdmav34.so: cannot open shared object file: No such file or directory
libibverbs: Warning: couldn't load driver 'libsiw-rdmav34.so': libsiw-rdmav34.so: cannot open shared object file: No such file or directory
libibverbs: Warning: couldn't load driver 'libbnxt_re-rdmav34.so': libbnxt_re-rdmav34.so: cannot open shared object file: No such file or directory
libibverbs: Warning: couldn't load driver 'libefa-rdmav34.so': libefa-rdmav34.so: cannot open shared object file: No such file or directory
libibverbs: Warning: couldn't load driver 'liberdma-rdmav34.so': liberdma-rdmav34.so: cannot open shared object file: No such file or directory
libibverbs: Warning: couldn't load driver 'libqedr-rdmav34.so': libqedr-rdmav34.so: cannot open shared object file: No such file or directory
libibverbs: Warning: couldn't load driver 'libhns-rdmav34.so': libhns-rdmav34.so: cannot open shared object file: No such file or directory
libibverbs: Warning: couldn't load driver 'libcxgb4-rdmav34.so': libcxgb4-rdmav34.so: cannot open shared object file: No such file or directory
libibverbs: Warning: couldn't load driver 'libhfi1verbs-rdmav34.so': libhfi1verbs-rdmav34.so: cannot open shared object file: No such file or directory
libibverbs: Warning: couldn't load driver 'libmthca-rdmav34.so': libmthca-rdmav34.so: cannot open shared object file: No such file or directory
libibverbs: Warning: couldn't load driver 'libmlx4-rdmav34.so': libmlx4-rdmav34.so: cannot open shared object file: No such file or directory
libibverbs: Warning: couldn't load driver 'libvmw_pvrdma-rdmav34.so': libvmw_pvrdma-rdmav34.so: cannot open shared object file: libibverbs: Warning: couldn't load driver 'libocrdma-rdmav34.so': libocrdma-rdmav34.so: cannot open shared object file: No such file or directory
No such file or directory
libibverbs: Warning: couldn't load driver 'libipathverbs-rdmav34.so': libipathverbs-rdmav34.so: cannot open shared object file: No such file or directory
libibverbs: Warning: couldn't load driver 'libirdma-rdmav34.so': libirdma-rdmav34.so: cannot open shared object file: No such file or directory
libibverbs: Warning: couldn't load driver 'libmana-rdmav34.so': libmana-rdmav34.so: cannot open shared object file: No such file or directory
libibverbs: Warning: couldn't load driver 'librxe-rdmav34.so': librxe-rdmav34.so: cannot open shared object file: No such file or directory
libibverbs: Warning: couldn't load driver 'libsiw-rdmav34.so': libsiw-rdmav34.so: cannot open shared object file: No such file or directory
libibverbs: Warning: couldn't load driver 'libbnxt_re-rdmav34.so': libbnxt_re-rdmav34.so: cannot open shared object file: No such file or directory
libibverbs: Warning: couldn't load driver 'libefa-rdmav34.so': libefa-rdmav34.so: cannot open shared object file: No such file or directory
libibverbs: Warning: couldn't load driver 'liberdma-rdmav34.so': liberdma-rdmav34.so: cannot open shared object file: No such file or directory
libibverbs: Warning: couldn't load driver 'libqedr-rdmav34.so': libqedr-rdmav34.so: cannot open shared object file: No such file or directory
libibverbs: Warning: couldn't load driver 'libhns-rdmav34.so': libhns-rdmav34.so: cannot open shared object file: No such file or directory
libibverbs: Warning: couldn't load driver 'libocrdma-rdmav34.so': libocrdma-rdmav34.so: cannot open shared object file: No such file or directory
libibverbs: Warning: couldn't load driver 'libcxgb4-rdmav34.so': libcxgb4-rdmav34.so: cannot open shared object file: No such file or directory
libibverbs: Warning: couldn't load driver 'libhfi1verbs-rdmav34.so': libhfi1verbs-rdmav34.so: cannot open shared object file: No such file or directory
libibverbs: Warning: couldn't load driver 'libmthca-rdmav34.so': libmthca-rdmav34.so: cannot open shared object file: No such file or directory
libibverbs: Warning: couldn't load driver 'libmlx4-rdmav34.so': libmlx4-rdmav34.so: cannot open shared object file: No such file or directory
libibverbs: Warning: couldn't load driver 'libvmw_pvrdma-rdmav34.so': libvmw_pvrdma-rdmav34.so: cannot open shared object file: No such file or directory
libibverbs: Warning: couldn't load driver 'libipathverbs-rdmav34.so': libipathverbs-rdmav34.so: cannot open shared object file: No such file or directory
libibverbs: Warning: couldn't load driver 'libirdma-rdmav34.so': libirdma-rdmav34.so: cannot open shared object file: No such file or directory
libibverbs: Warning: couldn't load driver 'libmana-rdmav34.so': libmana-rdmav34.so: cannot open shared object file: No such file or directory
libibverbs: Warning: couldn't load driver 'librxe-rdmav34.so': librxe-rdmav34.so: cannot open shared object file: No such file or directory
libibverbs: Warning: couldn't load driver 'libsiw-rdmav34.so': libsiw-rdmav34.so: cannot open shared object file: No such file or directory
libibverbs: Warning: couldn't load driver 'libbnxt_re-rdmav34.so': libbnxt_re-rdmav34.so: cannot open shared object file: No such file or directory
libibverbs: Warning: couldn't load driver 'libefa-rdmav34.so': libefa-rdmav34.so: cannot open shared object file: No such file or directory
libibverbs: Warning: couldn't load driver 'liberdma-rdmav34.so': liberdma-rdmav34.so: cannot open shared object file: No such file or directory
libibverbs: Warning: couldn't load driver 'libqedr-rdmav34.so': libqedr-rdmav34.so: cannot open shared object file: No such file or directory
libibverbs: Warning: couldn't load driver 'libhns-rdmav34.so': libhns-rdmav34.so: cannot open shared object file: No such file or directory
libibverbs: Warning: couldn't load driver 'libcxgb4-rdmav34.so': libcxgb4-rdmav34.so: cannot open shared object file: No such file or directory
libibverbs: Warning: couldn't load driver 'libhfi1verbs-rdmav34.so': libhfi1verbs-rdmav34.so: cannot open shared object file: No such file or directory
libibverbs: Warning: couldn't load driver 'libmthca-rdmav34.so': libmthca-rdmav34.so: cannot open shared object file: No such file or directory
libibverbs: Warning: couldn't load driver 'libmlx4-rdmav34.so': libmlx4-rdmav34.so: cannot open shared object file: No such file or directory
libibverbs: Warning: couldn't load driver 'libvmw_pvrdma-rdmav34.so': libvmw_pvrdma-rdmav34.so: cannot open shared object file: No such file or directory
libibverbs: Warning: couldn't load driver 'libocrdma-rdmav34.so': libocrdma-rdmav34.so: cannot open shared object file: No such file or directory
libibverbs: Warning: couldn't load driver 'libipathverbs-rdmav34.so': libipathverbs-rdmav34.so: cannot open shared object file: No such file or directory
libibverbs: Warning: couldn't load driver 'libocrdma-rdmav34.so': libocrdma-rdmav34.so: cannot open shared object file: No such file or directory
libibverbs: Warning: couldn't load driver 'libirdma-rdmav34.so': libirdma-rdmav34.so: cannot open shared object file: No such file or directory
libibverbs: Warning: couldn't load driver 'libmana-rdmav34.so': libmana-rdmav34.so: cannot open shared object file: No such file or directory
libibverbs: Warning: couldn't load driver 'librxe-rdmav34.so': librxe-rdmav34.so: cannot open shared object file: No such file or directory
libibverbs: Warning: couldn't load driver 'libsiw-rdmav34.so': libsiw-rdmav34.so: cannot open shared object file: No such file or directory
libibverbs: Warning: couldn't load driver 'libbnxt_re-rdmav34.so': libbnxt_re-rdmav34.so: cannot open shared object file: No such file or directory
libibverbs: Warning: couldn't load driver 'libefa-rdmav34.so': libefa-rdmav34.so: cannot open shared object file: No such file or directory
libibverbs: Warning: couldn't load driver 'libipathverbs-rdmav34.so': libipathverbs-rdmav34.so: cannot open shared object file: No such file or directory
libibverbs: Warning: couldn't load driver 'libirdma-rdmav34.so': libirdma-rdmav34.so: cannot open shared object file: No such file or directory
libibverbs: Warning: couldn't load driver 'liberdma-rdmav34.so': liberdma-rdmav34.so: cannot open shared object file: No such file or directory
libibverbs: Warning: couldn't load driver 'libqedr-rdmav34.so': libqedr-rdmav34.so: cannot open shared object file: No such file or directory
libibverbs: Warning: couldn't load driver 'libmana-rdmav34.so': libmana-rdmav34.so: cannot open shared object file: No such file or directory
libibverbs: Warning: couldn't load driver 'libhns-rdmav34.so': libhns-rdmav34.so: cannot open shared object file: No such file or directory
libibverbs: Warning: couldn't load driver 'librxe-rdmav34.so': librxe-rdmav34.so: cannot open shared object file: No such file or directory
libibverbs: Warning: couldn't load driver 'libsiw-rdmav34.so': libsiw-rdmav34.so: cannot open shared object file: No such file or directory
libibverbs: Warning: couldn't load driver 'libcxgb4-rdmav34.so': libcxgb4-rdmav34.so: cannot open shared object file: No such file or directory
libibverbs: Warning: couldn't load driver 'libbnxt_re-rdmav34.so': libbnxt_re-rdmav34.so: cannot open shared object file: No such file or directory
libibverbs: Warning: couldn't load driver 'libhfi1verbs-rdmav34.so': libhfi1verbs-rdmav34.so: cannot open shared object file: No such file or directory
libibverbs: Warning: couldn't load driver 'libmthca-rdmav34.so': libmthca-rdmav34.so: cannot open shared object file: No such file or directory
libibverbs: Warning: couldn't load driver 'libefa-rdmav34.so': libefa-rdmav34.so: cannot open shared object file: No such file or directory
libibverbs: Warning: couldn't load driver 'liberdma-rdmav34.so': liberdma-rdmav34.so: cannot open shared object file: No such file or directory
libibverbs: Warning: couldn't load driver 'libmlx4-rdmav34.so': libmlx4-rdmav34.so: cannot open shared object file: No such file or directory
libibverbs: Warning: couldn't load driver 'libqedr-rdmav34.so': libqedr-rdmav34.so: cannot open shared object file: No such file or directory
libibverbs: Warning: couldn't load driver 'libvmw_pvrdma-rdmav34.so': libvmw_pvrdma-rdmav34.so: cannot open shared object file: No such file or directory
libibverbs: Warning: couldn't load driver 'libhns-rdmav34.so': libhns-rdmav34.so: cannot open shared object file: No such file or directory
libibverbs: Warning: couldn't load driver 'libcxgb4-rdmav34.so': libcxgb4-rdmav34.so: cannot open shared object file: No such file or directory
libibverbs: Warning: couldn't load driver 'libhfi1verbs-rdmav34.so': libhfi1verbs-rdmav34.so: cannot open shared object file: No such file or directory
libibverbs: Warning: couldn't load driver 'libmthca-rdmav34.so': libmthca-rdmav34.so: cannot open shared object file: No such file or directory
libibverbs: Warning: couldn't load driver 'libmlx4-rdmav34.so': libmlx4-rdmav34.so: cannot open shared object file: No such file or directory
libibverbs: Warning: couldn't load driver 'libvmw_pvrdma-rdmav34.so': libvmw_pvrdma-rdmav34.so: cannot open shared object file: No such file or directory
libibverbs: Warning: couldn't load driver 'libocrdma-rdmav34.so': libocrdma-rdmav34.so: cannot open shared object file: No such file or directory
libibverbs: Warning: couldn't load driver 'libipathverbs-rdmav34.so': libipathverbs-rdmav34.so: cannot open shared object file: No such file or directory
libibverbs: Warning: couldn't load driver 'libirdma-rdmav34.so': libirdma-rdmav34.so: cannot open shared object file: No such file or directory
libibverbs: Warning: couldn't load driver 'libmana-rdmav34.so': libmana-rdmav34.so: cannot open shared object file: No such file or directory
libibverbs: Warning: couldn't load driver 'libocrdma-rdmav34.so': libocrdma-rdmav34.so: cannot open shared object file: No such file or directory
libibverbs: Warning: couldn't load driver 'librxe-rdmav34.so': librxe-rdmav34.so: cannot open shared object file: No such file or directory
libibverbs: Warning: couldn't load driver 'libsiw-rdmav34.so': libsiw-rdmav34.so: cannot open shared object file: No such file or directory
libibverbs: Warning: couldn't load driver 'libbnxt_re-rdmav34.so': libbnxt_re-rdmav34.so: cannot open shared object file: No such file or directory
libibverbs: Warning: couldn't load driver 'libefa-rdmav34.so': libefa-rdmav34.so: cannot open shared object file: No such file or directory
libibverbs: Warning: couldn't load driver 'liberdma-rdmav34.so': liberdma-rdmav34.so: cannot open shared object file: No such file or directory
libibverbs: Warning: couldn't load driver 'libqedr-rdmav34.so': libqedr-rdmav34.so: cannot open shared object file: No such file or directory
libibverbs: Warning: couldn't load driver 'libipathverbs-rdmav34.so': libipathverbs-rdmav34.so: cannot open shared object file: No such file or directory
libibverbs: Warning: couldn't load driver 'libhns-rdmav34.so': libhns-rdmav34.so: cannot open shared object file: No such file or directory
libibverbs: Warning: couldn't load driver 'libirdma-rdmav34.so': libirdma-rdmav34.so: cannot open shared object file: No such file or directory
libibverbs: Warning: couldn't load driver 'libcxgb4-rdmav34.so': libcxgb4-rdmav34.so: cannot open shared object file: No such file or directory
libibverbs: Warning: couldn't load driver 'libhfi1verbs-rdmav34.so': libhfi1verbs-rdmav34.so: cannot open shared object file: No such file or directory
libibverbs: Warning: couldn't load driver 'libmana-rdmav34.so': libmana-rdmav34.so: cannot open shared object file: No such file or directory
libibverbs: Warning: couldn't load driver 'libmthca-rdmav34.so': libmthca-rdmav34.so: cannot open shared object file: No such file or directory
libibverbs: Warning: couldn't load driver 'librxe-rdmav34.so': librxe-rdmav34.so: cannot open shared object file: No such file or directory
libibverbs: Warning: couldn't load driver 'libmlx4-rdmav34.so': libmlx4-rdmav34.so: cannot open shared object file: No such file or directory
libibverbs: Warning: couldn't load driver 'libsiw-rdmav34.so': libsiw-rdmav34.so: cannot open shared object file: No such file or directory
libibverbs: Warning: couldn't load driver 'libvmw_pvrdma-rdmav34.so': libvmw_pvrdma-rdmav34.so: cannot open shared object file: No such file or directory
libibverbs: Warning: couldn't load driver 'libbnxt_re-rdmav34.so': libbnxt_re-rdmav34.so: cannot open shared object file: No such file or directory
libibverbs: Warning: couldn't load driver 'libefa-rdmav34.so': libefa-rdmav34.so: cannot open shared object file: No such file or directory
libibverbs: Warning: couldn't load driver 'liberdma-rdmav34.so': liberdma-rdmav34.so: cannot open shared object file: No such file or directory
libibverbs: Warning: couldn't load driver 'libqedr-rdmav34.so': libqedr-rdmav34.so: cannot open shared object file: No such file or directory
libibverbs: Warning: couldn't load driver 'libhns-rdmav34.so': libhns-rdmav34.so: cannot open shared object file: No such file or directory
libibverbs: Warning: couldn't load driver 'libcxgb4-rdmav34.so': libcxgb4-rdmav34.so: cannot open shared object file: No such file or directory
libibverbs: Warning: couldn't load driver 'libhfi1verbs-rdmav34.so': libhfi1verbs-rdmav34.so: cannot open shared object file: No such file or directory
libibverbs: Warning: couldn't load driver 'libmthca-rdmav34.so': libmthca-rdmav34.so: cannot open shared object file: No such file or directory
libibverbs: Warning: couldn't load driver 'libmlx4-rdmav34.so': libmlx4-rdmav34.so: cannot open shared object file: No such file or directory
libibverbs: Warning: couldn't load driver 'libvmw_pvrdma-rdmav34.so': libvmw_pvrdma-rdmav34.so: cannot open shared object file: No such file or directory
libibverbs: Warning: couldn't load driver 'libocrdma-rdmav34.so': libocrdma-rdmav34.so: cannot open shared object file: No such file or directory
libibverbs: Warning: couldn't load driver 'libipathverbs-rdmav34.so': libipathverbs-rdmav34.so: cannot open shared object file: No such file or directory
libibverbs: Warning: couldn't load driver 'libirdma-rdmav34.so': libirdma-rdmav34.so: cannot open shared object file: No such file or directory
libibverbs: Warning: couldn't load driver 'libocrdma-rdmav34.so': libocrdma-rdmav34.so: cannot open shared object file: No such file or directory
libibverbs: Warning: couldn't load driver 'libmana-rdmav34.so': libmana-rdmav34.so: cannot open shared object file: No such file or directory
libibverbs: Warning: couldn't load driver 'librxe-rdmav34.so': librxe-rdmav34.so: cannot open shared object file: No such file or directory
libibverbs: Warning: couldn't load driver 'libsiw-rdmav34.so': libsiw-rdmav34.so: cannot open shared object file: No such file or directory
libibverbs: Warning: couldn't load driver 'libbnxt_re-rdmav34.so': libbnxt_re-rdmav34.so: cannot open shared object file: No such file or directory
libibverbs: Warning: couldn't load driver 'libefa-rdmav34.so': libefa-rdmav34.so: cannot open shared object file: No such file or directory
libibverbs: Warning: couldn't load driver 'libipathverbs-rdmav34.so': libipathverbs-rdmav34.so: cannot open shared object file: No such file or directory
libibverbs: Warning: couldn't load driver 'liberdma-rdmav34.so': liberdma-rdmav34.so: cannot open shared object file: No such file or directory
libibverbs: Warning: couldn't load driver 'libirdma-rdmav34.so': libirdma-rdmav34.so: cannot open shared object file: No such file or directory
libibverbs: Warning: couldn't load driver 'libqedr-rdmav34.so': libqedr-rdmav34.so: cannot open shared object file: No such file or directory
libibverbs: Warning: couldn't load driver 'libmana-rdmav34.so': libmana-rdmav34.so: cannot open shared object file: No such file or directory
libibverbs: Warning: couldn't load driver 'libhns-rdmav34.so': libhns-rdmav34.so: cannot open shared object file: No such file or directory
libibverbs: Warning: couldn't load driver 'librxe-rdmav34.so': librxe-rdmav34.so: cannot open shared object file: No such file or directory
libibverbs: Warning: couldn't load driver 'libocrdma-rdmav34.so': libocrdma-rdmav34.so: cannot open shared object file: No such file or directory
libibverbs: Warning: couldn't load driver 'libcxgb4-rdmav34.so': libcxgb4-rdmav34.so: cannot open shared object file: No such file or directory
libibverbs: Warning: couldn't load driver 'libhfi1verbs-rdmav34.so': libhfi1verbs-rdmav34.so: cannot open shared object file: No such file or directory
libibverbs: Warning: couldn't load driver 'libocrdma-rdmav34.so': libocrdma-rdmav34.so: cannot open shared object file: No such file or directory
libibverbs: Warning: couldn't load driver 'libsiw-rdmav34.so': libsiw-rdmav34.so: cannot open shared object file: No such file or directory
libibverbs: Warning: couldn't load driver 'libbnxt_re-rdmav34.so': libbnxt_re-rdmav34.so: cannot open shared object file: No such file or directory
libibverbs: Warning: couldn't load driver 'libmthca-rdmav34.so': libmthca-rdmav34.so: cannot open shared object file: No such file or directory
libibverbs: Warning: couldn't load driver 'libocrdma-rdmav34.so': libocrdma-rdmav34.so: cannot open shared object file: No such file or directory
libibverbs: Warning: couldn't load driver 'libefa-rdmav34.so': libefa-rdmav34.so: cannot open shared object file: No such file or directory
libibverbs: Warning: couldn't load driver 'libmlx4-rdmav34.so': libmlx4-rdmav34.so: cannot open shared object file: No such file or directory
libibverbs: Warning: couldn't load driver 'libvmw_pvrdma-rdmav34.so': libvmw_pvrdma-rdmav34.so: cannot open shared object file: No such file or directory
libibverbs: Warning: couldn't load driver 'liberdma-rdmav34.so': liberdma-rdmav34.so: cannot open shared object file: No such file or directory
libibverbs: Warning: couldn't load driver 'libipathverbs-rdmav34.so': libipathverbs-rdmav34.so: cannot open shared object file: No such file or directory
libibverbs: Warning: couldn't load driver 'libqedr-rdmav34.so': libqedr-rdmav34.so: cannot open shared object file: No such file or directory
libibverbs: Warning: couldn't load driver 'libirdma-rdmav34.so': libirdma-rdmav34.so: cannot open shared object file: No such file or directory
libibverbs: Warning: couldn't load driver 'libipathverbs-rdmav34.so': libipathverbs-rdmav34.so: cannot open shared object file: No such file or directory
libibverbs: Warning: couldn't load driver 'libhns-rdmav34.so': libhns-rdmav34.so: cannot open shared object file: No such file or directory
libibverbs: Warning: couldn't load driver 'libcxgb4-rdmav34.so': libcxgb4-rdmav34.so: cannot open shared object file: No such file or directory
libibverbs: Warning: couldn't load driver 'libmana-rdmav34.so': libmana-rdmav34.so: cannot open shared object file: No such file or directory
libibverbs: Warning: couldn't load driver 'libirdma-rdmav34.so': libirdma-rdmav34.so: cannot open shared object file: No such file or directory
libibverbs: Warning: couldn't load driver 'librxe-rdmav34.so': librxe-rdmav34.so: cannot open shared object file: No such file or directory
libibverbs: Warning: couldn't load driver 'libipathverbs-rdmav34.so': libipathverbs-rdmav34.so: cannot open shared object file: No such file or directory
libibverbs: Warning: couldn't load driver 'libirdma-rdmav34.so': libirdma-rdmav34.so: cannot open shared object file: No such file or directory
libibverbs: Warning: couldn't load driver 'libmana-rdmav34.so': libmana-rdmav34.so: cannot open shared object file: No such file or directory
libibverbs: Warning: couldn't load driver 'libhfi1verbs-rdmav34.so': libhfi1verbs-rdmav34.so: cannot open shared object file: No such file or directory
libibverbs: Warning: couldn't load driver 'libmthca-rdmav34.so': libmthca-rdmav34.so: cannot open shared object file: No such file or directory
libibverbs: Warning: couldn't load driver 'libsiw-rdmav34.so': libsiw-rdmav34.so: cannot open shared object file: No such file or directory
libibverbs: Warning: couldn't load driver 'libbnxt_re-rdmav34.so': libbnxt_re-rdmav34.so: cannot open shared object file: No such file or directory
libibverbs: Warning: couldn't load driver 'libmana-rdmav34.so': libmana-rdmav34.so: cannot open shared object file: No such file or directory
libibverbs: Warning: couldn't load driver 'librxe-rdmav34.so': librxe-rdmav34.so: cannot open shared object file: No such file or directory
libibverbs: Warning: couldn't load driver 'libsiw-rdmav34.so': libsiw-rdmav34.so: cannot open shared object file: No such file or directory
libibverbs: Warning: couldn't load driver 'libefa-rdmav34.so': libefa-rdmav34.so: cannot open shared object file: No such file or directory
libibverbs: Warning: couldn't load driver 'librxe-rdmav34.so': librxe-rdmav34.so: cannot open shared object file: No such file or directory
libibverbs: Warning: couldn't load driver 'libmlx4-rdmav34.so': libmlx4-rdmav34.so: cannot open shared object file: No such file or directory
libibverbs: Warning: couldn't load driver 'libvmw_pvrdma-rdmav34.so': libvmw_pvrdma-rdmav34.so: cannot open shared object file: No such file or directory
libibverbs: Warning: couldn't load driver 'liberdma-rdmav34.so': liberdma-rdmav34.so: cannot open shared object file: No such file or directory
libibverbs: Warning: couldn't load driver 'libsiw-rdmav34.so': libsiw-rdmav34.so: cannot open shared object file: No such file or directory
libibverbs: Warning: couldn't load driver 'libbnxt_re-rdmav34.so': libbnxt_re-rdmav34.so: cannot open shared object file: No such file or directory
libibverbs: Warning: couldn't load driver 'libbnxt_re-rdmav34.so': libbnxt_re-rdmav34.so: cannot open shared object file: No such file or directory
libibverbs: Warning: couldn't load driver 'libefa-rdmav34.so': libefa-rdmav34.so: cannot open shared object file: No such file or directory
libibverbs: Warning: couldn't load driver 'libqedr-rdmav34.so': libqedr-rdmav34.so: cannot open shared object file: No such file or directory
libibverbs: Warning: couldn't load driver 'liberdma-rdmav34.so': liberdma-rdmav34.so: cannot open shared object file: No such file or directory
libibverbs: Warning: couldn't load driver 'libhns-rdmav34.so': libhns-rdmav34.so: cannot open shared object file: No such file or directory
libibverbs: Warning: couldn't load driver 'libefa-rdmav34.so': libefa-rdmav34.so: cannot open shared object file: No such file or directory
libibverbs: Warning: couldn't load driver 'liberdma-rdmav34.so': liberdma-rdmav34.so: cannot open shared object file: No such file or directory
libibverbs: Warning: couldn't load driver 'libqedr-rdmav34.so': libqedr-rdmav34.so: cannot open shared object file: No such file or directory
libibverbs: Warning: couldn't load driver 'libcxgb4-rdmav34.so': libcxgb4-rdmav34.so: cannot open shared object file: No such file or directory
libibverbs: Warning: couldn't load driver 'libhfi1verbs-rdmav34.so': libhfi1verbs-rdmav34.so: cannot open shared object file: No such file or directory
libibverbs: Warning: couldn't load driver 'libqedr-rdmav34.so': libqedr-rdmav34.so: cannot open shared object file: No such file or directory
libibverbs: Warning: couldn't load driver 'libhns-rdmav34.so': libhns-rdmav34.so: cannot open shared object file: No such file or directory
libibverbs: Warning: couldn't load driver 'libcxgb4-rdmav34.so': libcxgb4-rdmav34.so: cannot open shared object file: No such file or directory
libibverbs: Warning: couldn't load driver 'libmthca-rdmav34.so': libmthca-rdmav34.so: cannot open shared object file: No such file or directory
libibverbs: Warning: couldn't load driver 'libhns-rdmav34.so': libhns-rdmav34.so: cannot open shared object file: No such file or directory
libibverbs: Warning: couldn't load driver 'libmlx4-rdmav34.so': libmlx4-rdmav34.so: cannot open shared object file: No such file or directory
libibverbs: Warning: couldn't load driver 'libcxgb4-rdmav34.so': libcxgb4-rdmav34.so: cannot open shared object file: No such file or directory
libibverbs: Warning: couldn't load driver 'libhfi1verbs-rdmav34.so': libhfi1verbs-rdmav34.so: cannot open shared object file: No such file or directory
libibverbs: Warning: couldn't load driver 'libmthca-rdmav34.so': libmthca-rdmav34.so: cannot open shared object file: No such file or directory
libibverbs: Warning: couldn't load driver 'libvmw_pvrdma-rdmav34.so': libvmw_pvrdma-rdmav34.so: cannot open shared object file: No such file or directory
libibverbs: Warning: couldn't load driver 'libhfi1verbs-rdmav34.so': libhfi1verbs-rdmav34.so: cannot open shared object file: No such file or directory
libibverbs: Warning: couldn't load driver 'libmthca-rdmav34.so': libmthca-rdmav34.so: cannot open shared object file: No such file or directory
libibverbs: Warning: couldn't load driver 'libmlx4-rdmav34.so': libmlx4-rdmav34.so: cannot open shared object file: No such file or directory
libibverbs: Warning: couldn't load driver 'libvmw_pvrdma-rdmav34.so': libvmw_pvrdma-rdmav34.so: cannot open shared object file: No such file or directory
libibverbs: Warning: couldn't load driver 'libmlx4-rdmav34.so': libmlx4-rdmav34.so: cannot open shared object file: No such file or directory
libibverbs: Warning: couldn't load driver 'libvmw_pvrdma-rdmav34.so': libvmw_pvrdma-rdmav34.so: cannot open shared object file: No such file or directory
libibverbs: Warning: couldn't load driver 'libocrdma-rdmav34.so': libocrdma-rdmav34.so: cannot open shared object file: No such file or directory
libibverbs: Warning: couldn't load driver 'libipathverbs-rdmav34.so': libipathverbs-rdmav34.so: cannot open shared object file: No such file or directory
libibverbs: Warning: couldn't load driver 'libirdma-rdmav34.so': libirdma-rdmav34.so: cannot open shared object file: No such file or directory
libibverbs: Warning: couldn't load driver 'libmana-rdmav34.so': libmana-rdmav34.so: cannot open shared object file: No such file or directory
libibverbs: Warning: couldn't load driver 'librxe-rdmav34.so': librxe-rdmav34.so: cannot open shared object file: No such file or directory
libibverbs: Warning: couldn't load driver 'libsiw-rdmav34.so': libsiw-rdmav34.so: cannot open shared object file: No such file or directory
libibverbs: Warning: couldn't load driver 'libbnxt_re-rdmav34.so': libbnxt_re-rdmav34.so: cannot open shared object file: No such file or directory
libibverbs: Warning: couldn't load driver 'libocrdma-rdmav34.so': libocrdma-rdmav34.so: cannot open shared object file: No such file or directory
libibverbs: Warning: couldn't load driver 'libefa-rdmav34.so': libefa-rdmav34.so: cannot open shared object file: No such file or directory
libibverbs: Warning: couldn't load driver 'liberdma-rdmav34.so': liberdma-rdmav34.so: cannot open shared object file: No such file or directory
libibverbs: Warning: couldn't load driver 'libqedr-rdmav34.so': libqedr-rdmav34.so: cannot open shared object file: No such file or directory
libibverbs: Warning: couldn't load driver 'libhns-rdmav34.so': libhns-rdmav34.so: cannot open shared object file: No such file or directory
libibverbs: Warning: couldn't load driver 'libocrdma-rdmav34.so': libocrdma-rdmav34.so: cannot open shared object file: No such file or directory
libibverbs: Warning: couldn't load driver 'libcxgb4-rdmav34.so': libcxgb4-rdmav34.so: cannot open shared object file: No such file or directory
libibverbs: Warning: couldn't load driver 'libipathverbs-rdmav34.so': libipathverbs-rdmav34.so: cannot open shared object file: No such file or directory
libibverbs: Warning: couldn't load driver 'libhfi1verbs-rdmav34.so': libhfi1verbs-rdmav34.so: cannot open shared object file: No such file or directory
libibverbs: Warning: couldn't load driver 'libirdma-rdmav34.so': libirdma-rdmav34.so: cannot open shared object file: No such file or directory
libibverbs: Warning: couldn't load driver 'libmthca-rdmav34.so': libmthca-rdmav34.so: cannot open shared object file: No such file or directory
libibverbs: Warning: couldn't load driver 'libmana-rdmav34.so': libmana-rdmav34.so: cannot open shared object file: No such file or directory
libibverbs: Warning: couldn't load driver 'libmlx4-rdmav34.so': libmlx4-rdmav34.so: cannot open shared object file: No such file or directory
libibverbs: Warning: couldn't load driver 'libvmw_pvrdma-rdmav34.so': libvmw_pvrdma-rdmav34.so: cannot open shared object file: No such file or directory
libibverbs: Warning: couldn't load driver 'libipathverbs-rdmav34.so': libipathverbs-rdmav34.so: cannot open shared object file: No such file or directory
libibverbs: Warning: couldn't load driver 'librxe-rdmav34.so': librxe-rdmav34.so: cannot open shared object file: No such file or directory
libibverbs: Warning: couldn't load driver 'libsiw-rdmav34.so': libsiw-rdmav34.so: cannot open shared object file: No such file or directory
libibverbs: Warning: couldn't load driver 'libirdma-rdmav34.so': libirdma-rdmav34.so: cannot open shared object file: No such file or directory
libibverbs: Warning: couldn't load driver 'libbnxt_re-rdmav34.so': libbnxt_re-rdmav34.so: cannot open shared object file: No such file or directory
libibverbs: Warning: couldn't load driver 'libmana-rdmav34.so': libmana-rdmav34.so: cannot open shared object file: No such file or directory
libibverbs: Warning: couldn't load driver 'libefa-rdmav34.so': libefa-rdmav34.so: cannot open shared object file: No such file or directory
libibverbs: Warning: couldn't load driver 'librxe-rdmav34.so': librxe-rdmav34.so: cannot open shared object file: No such file or directory
libibverbs: Warning: couldn't load driver 'liberdma-rdmav34.so': liberdma-rdmav34.so: cannot open shared object file: No such file or directory
libibverbs: Warning: couldn't load driver 'libsiw-rdmav34.so': libsiw-rdmav34.so: cannot open shared object file: No such file or directory
libibverbs: Warning: couldn't load driver 'libqedr-rdmav34.so': libqedr-rdmav34.so: cannot open shared object file: No such file or directory
libibverbs: Warning: couldn't load driver 'libbnxt_re-rdmav34.so': libbnxt_re-rdmav34.so: cannot open shared object file: No such file or directory
libibverbs: Warning: couldn't load driver 'libhns-rdmav34.so': libhns-rdmav34.so: cannot open shared object file: No such file or directory
libibverbs: Warning: couldn't load driver 'libefa-rdmav34.so': libefa-rdmav34.so: cannot open shared object file: No such file or directory
libibverbs: Warning: couldn't load driver 'libcxgb4-rdmav34.so': libcxgb4-rdmav34.so: cannot open shared object file: No such file or directory
libibverbs: Warning: couldn't load driver 'liberdma-rdmav34.so': liberdma-rdmav34.so: cannot open shared object file: No such file or directory
libibverbs: Warning: couldn't load driver 'libhfi1verbs-rdmav34.so': libhfi1verbs-rdmav34.so: cannot open shared object file: No such file or directory
libibverbs: Warning: couldn't load driver 'libqedr-rdmav34.so': libqedr-rdmav34.so: cannot open shared object file: No such file or directory
libibverbs: Warning: couldn't load driver 'libhns-rdmav34.so': libhns-rdmav34.so: cannot open shared object file: No such file or directory
libibverbs: Warning: couldn't load driver 'libmthca-rdmav34.so': libmthca-rdmav34.so: cannot open shared object file: No such file or directory
libibverbs: Warning: couldn't load driver 'libmlx4-rdmav34.so': libmlx4-rdmav34.so: cannot open shared object file: No such file or directory
libibverbs: Warning: couldn't load driver 'libcxgb4-rdmav34.so': libcxgb4-rdmav34.so: cannot open shared object file: No such file or directory
libibverbs: Warning: couldn't load driver 'libvmw_pvrdma-rdmav34.so': libvmw_pvrdma-rdmav34.so: cannot open shared object file: No such file or directory
libibverbs: Warning: couldn't load driver 'libhfi1verbs-rdmav34.so': libhfi1verbs-rdmav34.so: cannot open shared object file: No such file or directory
libibverbs: Warning: couldn't load driver 'libmthca-rdmav34.so': libmthca-rdmav34.so: cannot open shared object file: No such file or directory
libibverbs: Warning: couldn't load driver 'libmlx4-rdmav34.so': libmlx4-rdmav34.so: cannot open shared object file: No such file or directory
libibverbs: Warning: couldn't load driver 'libvmw_pvrdma-rdmav34.so': libvmw_pvrdma-rdmav34.so: cannot open shared object file: No such file or directory
libibverbs: Warning: couldn't load driver 'libocrdma-rdmav34.so': libocrdma-rdmav34.so: cannot open shared object file: No such file or directory
libibverbs: Warning: couldn't load driver 'libipathverbs-rdmav34.so': libipathverbs-rdmav34.so: cannot open shared object file: No such file or directory
libibverbs: Warning: couldn't load driver 'libirdma-rdmav34.so': libirdma-rdmav34.so: cannot open shared object file: No such file or directory
libibverbs: Warning: couldn't load driver 'libmana-rdmav34.so': libmana-rdmav34.so: cannot open shared object file: No such file or directory
libibverbs: Warning: couldn't load driver 'librxe-rdmav34.so': librxe-rdmav34.so: cannot open shared object file: No such file or directory
libibverbs: Warning: couldn't load driver 'libsiw-rdmav34.so': libsiw-rdmav34.so: cannot open shared object file: No such file or directory
libibverbs: Warning: couldn't load driver 'libbnxt_re-rdmav34.so': libbnxt_re-rdmav34.so: cannot open shared object file: No such file or directory
libibverbs: Warning: couldn't load driver 'libefa-rdmav34.so': libefa-rdmav34.so: cannot open shared object file: No such file or directory
libibverbs: Warning: couldn't load driver 'liberdma-rdmav34.so': liberdma-rdmav34.so: cannot open shared object file: No such file or directory
libibverbs: Warning: couldn't load driver 'libqedr-rdmav34.so': libqedr-rdmav34.so: cannot open shared object file: No such file or directory
libibverbs: Warning: couldn't load driver 'libhns-rdmav34.so': libhns-rdmav34.so: cannot open shared object file: No such file or directory
libibverbs: Warning: couldn't load driver 'libcxgb4-rdmav34.so': libcxgb4-rdmav34.so: cannot open shared object file: No such file or directory
libibverbs: Warning: couldn't load driver 'libhfi1verbs-rdmav34.so': libhfi1verbs-rdmav34.so: cannot open shared object file: No such file or directory
libibverbs: Warning: couldn't load driver 'libmthca-rdmav34.so': libmthca-rdmav34.so: cannot open shared object file: No such file or directory
libibverbs: Warning: couldn't load driver 'libmlx4-rdmav34.so': libmlx4-rdmav34.so: cannot open shared object file: No such file or directory
libibverbs: Warning: couldn't load driver 'libvmw_pvrdma-rdmav34.so': libvmw_pvrdma-rdmav34.so: cannot open shared object file: No such file or directory
LAMMPS (29 Aug 2024 - Update 3)
  using 1 OpenMP thread(s) per MPI task
Reading data file ...
  orthogonal box = (0 0 0) to (44.3022 44.3022 44.3022)
  3 by 4 by 4 MPI processor grid
  reading atoms ...
  3700 atoms
  scanning bonds ...
  3 = max bonds/atom
  scanning angles ...
  6 = max angles/atom
  scanning dihedrals ...
  12 = max dihedrals/atom
  orthogonal box = (0 0 0) to (44.3022 44.3022 44.3022)
  3 by 4 by 4 MPI processor grid
  reading bonds ...
  4892 bonds
  reading angles ...
  8968 angles
  reading dihedrals ...
  15912 dihedrals
Finding 1-2 1-3 1-4 neighbors ...
  special bond factors lj:    0        0        0       
  special bond factors coul:  0        0        0       
     4 = max # of 1-2 neighbors
     6 = max # of 1-3 neighbors
    17 = max # of 1-4 neighbors
    14 = max # of special neighbors
  special bonds CPU = 0.006 seconds
  read_data CPU = 0.212 seconds
Finding 1-2 1-3 1-4 neighbors ...
  special bond factors lj:    0        0        1       
  special bond factors coul:  0        0        0       
     4 = max # of 1-2 neighbors
     6 = max # of 1-3 neighbors
    17 = max # of 1-4 neighbors
    14 = max # of special neighbors
  special bonds CPU = 0.004 seconds
Generated 0 of 3 mixed pair_coeff terms from geometric mixing rule
Neighbor list info ...
  update: every = 1 steps, delay = 0 steps, check = yes
  max neighbors/atom: 2000, page size: 100000
  master list distance cutoff = 14
  ghost atom cutoff = 14
  binsize = 7, bins = 7 7 7
  1 neighbor lists, perpetual/occasional/extra = 1 0 0
  (1) pair table, perpetual
      attributes: half, newton on
      pair build: half/bin/newton
      stencil: half/bin/3d
      bin: standard
Setting up cg style minimization ...
  Unit style    : real
  Current step  : 0
WARNING: Inconsistent image flags (src/domain.cpp:1051)
Per MPI rank memory allocation (min/avg/max) = 13.78 | 13.78 | 13.79 Mbytes
   Step         Volume          Temp          Press          PotEng         KinEng         TotEng         E_vdwl         E_coul         E_bond        E_angle        E_dihed        E_impro        Density    
         0   86951.26       0              40730.292      23641.492      0              23641.492      10668.35       0              1445.6121      3487.3842      8040.1455      0              0.87172924   
        92   86951.26       0              9817.6501      14760.031      0              14760.031      6702.606       0              406.49966      1915.3757      5735.5496      0              0.87172924   
Loop time of 0.142514 on 48 procs for 92 steps with 3700 atoms

99.7% CPU use with 48 MPI tasks x 1 OpenMP threads

Minimization stats:
  Stopping criterion = energy tolerance
  Energy initial, next-to-last, final = 
      23641.4922561741   14761.0014064173   14760.0309637687
  Force two-norm initial, final = 7660.0489 229.45781
  Force max component initial, final = 1708.7838 37.082882
  Final line search alpha, max atom move = 0.0012958589 0.048054182
  Iterations, force evaluations = 92 186

MPI task timing breakdown:
Section |  min time  |  avg time  |  max time  |%varavg| %total
---------------------------------------------------------------
Pair    | 0.026793   | 0.071857   | 0.10144    |   5.7 | 50.42
Bond    | 0.0050184  | 0.010968   | 0.014896   |   1.8 |  7.70
Neigh   | 0          | 0          | 0          |   0.0 |  0.00
Comm    | 0.020953   | 0.054102   | 0.10485    |   7.4 | 37.96
Output  | 0          | 0          | 0          |   0.0 |  0.00
Modify  | 0          | 0          | 0          |   0.0 |  0.00
Other   |            | 0.005587   |            |       |  3.92

Nlocal:        77.0833 ave          97 max          39 min
Histogram: 1 0 2 2 5 5 13 11 3 6
Nghost:        2682.33 ave        2760 max        2613 min
Histogram: 5 4 5 6 5 7 4 6 4 2
Neighs:        18653.6 ave       26336 max        6841 min
Histogram: 1 0 2 3 8 11 8 8 3 4

Total # of neighbors = 895372
Ave neighs/atom = 241.99243
Ave special neighs/atom = 11.898378
Neighbor list builds = 0
Dangerous builds = 0
Generated 0 of 3 mixed pair_coeff terms from geometric mixing rule
Setting up fire style minimization ...
  Unit style    : real
  Current step  : 92
  Parameters for fire:
    dmax  delaystep dtgrow dtshrink alpha0 alphashrink tmax tmin   integrator   halfstepback   abcfire  
     0.1     20      1.1     0.5     0.25     0.99      10  0.02 eulerimplicit      yes          no     
WARNING: Inconsistent image flags (src/domain.cpp:1051)
Per MPI rank memory allocation (min/avg/max) = 13.92 | 13.92 | 13.93 Mbytes
   Step         Volume          Temp          Press          PotEng         KinEng         TotEng         E_vdwl         E_coul         E_bond        E_angle        E_dihed        E_impro        Density    
        92   86951.26       0              9817.6501      14760.031      0              14760.031      6702.606       0              406.49966      1915.3757      5735.5496      0              0.87172924   
       114   86951.26       0.51811053     9826.5913      14734.367      5.7126952      14740.08       6693.4388      0              404.69433      1912.6554      5723.5788      0              0.87172924   
Loop time of 0.0169706 on 48 procs for 22 steps with 3700 atoms

99.8% CPU use with 48 MPI tasks x 1 OpenMP threads

Minimization stats:
  Stopping criterion = energy tolerance
  Energy initial, next-to-last, final = 
      14760.0309637687   14735.0566577821   14734.3673452249
  Force two-norm initial, final = 229.45781 34.567575
  Force max component initial, final = 37.082882 3.1587206
  Final line search alpha, max atom move = 0 0
  Iterations, force evaluations = 22 23

MPI task timing breakdown:
Section |  min time  |  avg time  |  max time  |%varavg| %total
---------------------------------------------------------------
Pair    | 0.0031454  | 0.0084541  | 0.011619   |   1.8 | 49.82
Bond    | 0.00060226 | 0.0012878  | 0.0016462  |   0.6 |  7.59
Neigh   | 0          | 0          | 0          |   0.0 |  0.00
Comm    | 0.0013891  | 0.004815   | 0.010776   |   2.7 | 28.37
Output  | 0          | 0          | 0          |   0.0 |  0.00
Modify  | 0          | 0          | 0          |   0.0 |  0.00
Other   |            | 0.002414   |            |       | 14.22

Nlocal:        77.0833 ave          96 max          40 min
Histogram: 1 0 2 0 7 6 10 11 4 7
Nghost:        2689.46 ave        2772 max        2623 min
Histogram: 5 5 4 8 6 7 5 4 2 2
Neighs:          18633 ave       25768 max        7104 min
Histogram: 1 0 1 3 6 12 7 10 3 5

Total # of neighbors = 894384
Ave neighs/atom = 241.72541
Ave special neighs/atom = 11.898378
Neighbor list builds = 0
Dangerous builds = 0
System init for write_data ...
Generated 0 of 3 mixed pair_coeff terms from geometric mixing rule
Generated 0 of 3 mixed pair_coeff terms from geometric mixing rule
Setting up Verlet run ...
  Unit style    : real
  Current step  : 114
  Time step     : 0.05
WARNING: Inconsistent image flags (src/domain.cpp:1051)
Per MPI rank memory allocation (min/avg/max) = 13.92 | 13.92 | 13.93 Mbytes
   Step         Volume          Temp          Press          PotEng         KinEng         TotEng         E_vdwl         E_coul         E_bond        E_angle        E_dihed        E_impro        Density    
       114   86951.26       0.51811053     9826.5913      14734.367      5.7126952      14740.08       6693.4388      0              404.69433      1912.6554      5723.5788      0              0.87172924   
      1114   86951.26       5.3469531      9583.4571      14680.279      58.955593      14739.234      6632.7462      0              408.49855      1915.613       5723.4208      0              0.87172924   
Loop time of 0.45752 on 48 procs for 1000 steps with 3700 atoms

Performance: 9.442 ns/day, 2.542 hours/ns, 2185.695 timesteps/s, 8.087 Matom-step/s
99.8% CPU use with 48 MPI tasks x 1 OpenMP threads

MPI task timing breakdown:
Section |  min time  |  avg time  |  max time  |%varavg| %total
---------------------------------------------------------------
Pair    | 0.08865    | 0.24474    | 0.3389     |   9.9 | 53.49
Bond    | 0.022371   | 0.047333   | 0.0596     |   3.4 | 10.35
Neigh   | 0          | 0          | 0          |   0.0 |  0.00
Comm    | 0.054855   | 0.15878    | 0.3387     |  13.9 | 34.71
Output  | 5.5129e-05 | 5.7141e-05 | 6.2224e-05 |   0.0 |  0.01
Modify  | 0.00057625 | 0.0009307  | 0.0011225  |   0.0 |  0.20
Other   |            | 0.005675   |            |       |  1.24

Nlocal:        77.0833 ave          96 max          40 min
Histogram: 1 0 2 0 7 6 10 11 4 7
Nghost:        2689.33 ave        2771 max        2623 min
Histogram: 5 5 4 8 5 8 4 5 1 3
Neighs:        18632.5 ave       25774 max        7104 min
Histogram: 1 0 1 3 6 12 7 10 3 5

Total # of neighbors = 894358
Ave neighs/atom = 241.71838
Ave special neighs/atom = 11.898378
Neighbor list builds = 0
Dangerous builds = 0
System init for write_data ...
Generated 0 of 3 mixed pair_coeff terms from geometric mixing rule
Generated 0 of 3 mixed pair_coeff terms from geometric mixing rule
Setting up Verlet run ...
  Unit style    : real
  Current step  : 1114
  Time step     : 0.1
WARNING: Inconsistent image flags (src/domain.cpp:1051)
Per MPI rank memory allocation (min/avg/max) = 13.92 | 13.92 | 13.93 Mbytes
   Step         Volume          Temp          Press          PotEng         KinEng         TotEng         E_vdwl         E_coul         E_bond        E_angle        E_dihed        E_impro        Density    
      1114   86951.26       600            13030.441      14680.279      6615.6098      21295.888      6632.7462      0              408.49855      1915.613       5723.4208      0              0.87172924   
     10000   86951.26       599.40584      8301.9709      20861.09       6609.0586      27470.149      6761.0348      0              2575.0767      3965.7441      7559.2345      0              0.87172924   
     20000   86951.26       590.49828      7278.0537      20545.273      6510.8437      27056.116      6482.7714      0              2578.7487      3912.0394      7571.7132      0              0.87172924   
     30000   86951.26       594.83285      7806.6278      20558.516      6558.6367      27117.153      6352.8687      0              2575.0191      4027.3049      7603.323       0              0.87172924   
     40000   86951.26       595.85797      8554.5857      20583.018      6569.9397      27152.958      6390.6178      0              2613.6176      4019.396       7559.3865      0              0.87172924   
     50000   86951.26       590.81406      7346.1179      20476.076      6514.3255      26990.401      6309.9185      0              2637.0972      3981.0684      7547.9919      0              0.87172924   
     60000   86951.26       595.98065      6787.3191      20546.299      6571.2924      27117.592      6354.8953      0              2646.8581      4022.0969      7522.4491      0              0.87172924   
     70000   86951.26       606.43823      6678.1563      20419.816      6686.5978      27106.414      6249.6393      0              2660.9994      4015.7346      7493.4431      0              0.87172924   
     80000   86951.26       603.18261      7002.8562      20487.657      6650.7013      27138.358      6270.6145      0              2564.5226      4164.4803      7488.0397      0              0.87172924   
     90000   86951.26       587.82927      7717.9878      20574.365      6481.4151      27055.78       6339.8816      0              2656.0417      4034.056       7544.3855      0              0.87172924   
    100000   86951.26       594.50671      7884.83        20564.656      6555.0407      27119.697      6407.0627      0              2554.9544      4047.4217      7555.2173      0              0.87172924   
    110000   86951.26       600.33835      6670.3718      20463.723      6619.3405      27083.063      6240.4555      0              2622.2591      3988.7079      7612.3         0              0.87172924   
    120000   86951.26       607.6311       8351.706       20468.75       6699.7505      27168.5        6310.0472      0              2533.5304      4052.2685      7572.9036      0              0.87172924   
    130000   86951.26       589.41891      7154.7813      20683.725      6498.9426      27182.668      6285.5671      0              2660.2236      4119.5761      7618.3587      0              0.87172924   
    140000   86951.26       600.75992      7326.8288      20624.368      6623.9888      27248.357      6278.715       0              2640.3043      4086.7922      7618.5565      0              0.87172924   
    150000   86951.26       596.21735      7555.1786      20452.999      6573.9023      27026.902      6280.5298      0              2678.5855      3953.0488      7540.8354      0              0.87172924   
    160000   86951.26       588.72193      7854.6908      20599.1        6491.2576      27090.358      6281.9252      0              2669.5145      4092.5691      7555.091       0              0.87172924   
    170000   86951.26       600.33347      7267.8977      20673.921      6619.2866      27293.207      6249.6126      0              2654.6039      4107.8865      7661.8178      0              0.87172924   
    180000   86951.26       592.85516      8273.5331      20441.258      6536.8307      26978.089      6302.1654      0              2497.1122      4071.545       7570.4354      0              0.87172924   
    190000   86951.26       598.8503       7487.9073      20526.142      6602.9332      27129.076      6221.6959      0              2669.1101      4049.2515      7586.0848      0              0.87172924   
    200000   86951.26       607.12442      7745.8272      20605.26       6694.1637      27299.424      6188.8788      0              2664.942       4075.6052      7675.8341      0              0.87172924   
    210000   86951.26       590.7515       7670.7175      20520.738      6513.6358      27034.374      6233.0176      0              2649.8942      4041.7351      7596.091       0              0.87172924   
    220000   86951.26       602.60729      6434.5407      20381.386      6644.3579      27025.744      6232.5488      0              2636.5069      3929.0378      7583.2928      0              0.87172924   
    230000   86951.26       594.69449      9243.0362      20544.076      6557.1112      27101.187      6286.1662      0              2585.8722      4040.163       7631.8743      0              0.87172924   
    240000   86951.26       613.57807      7306.6953      20447.966      6765.3218      27213.288      6201.9041      0              2615.7011      4036.1081      7594.2525      0              0.87172924   
    250000   86951.26       586.70836      7190.4994      20540.757      6469.056       27009.813      6280.1494      0              2601.4618      4086.8407      7572.3048      0              0.87172924   
    260000   86951.26       592.7213       6376.4993      20595.279      6535.3548      27130.633      6223.5052      0              2632.915       4083.9         7654.9585      0              0.87172924   
    270000   86951.26       602.43933      7523.2369      20436.804      6642.5059      27079.31       6218.475       0              2645.8662      3974.2877      7598.1756      0              0.87172924   
    280000   86951.26       602.24417      8391.3477      20379.913      6640.354       27020.267      6182.5955      0              2549.4115      4053.958       7593.948       0              0.87172924   
    290000   86951.26       608.34609      7051.7465      20436.446      6707.634       27144.08       6204.2628      0              2692.236       4019.2493      7520.6979      0              0.87172924   
    300000   86951.26       595.35265      6943.2024      20390.572      6564.3681      26954.94       6213.1408      0              2576.988       3936.7244      7663.7187      0              0.87172924   
    310000   86951.26       598.92312      7309.6701      20565.298      6603.7362      27169.034      6092.3258      0              2705.8198      4125.5476      7641.605       0              0.87172924   
    320000   86951.26       593.95149      7043.6303      20563.07       6548.9189      27111.989      6200.3588      0              2581.2948      4086.031       7695.3858      0              0.87172924   
    330000   86951.26       604.10318      7088.0749      20581.858      6660.8516      27242.709      6149.9615      0              2654.9543      4072.1485      7704.7935      0              0.87172924   
    340000   86951.26       600.08828      7594.476       20305.534      6616.5832      26922.117      6166.3845      0              2546.0378      3969.7639      7623.3473      0              0.87172924   
    350000   86951.26       608.17023      7403.7884      20409.591      6705.6949      27115.286      6188.5918      0              2648.9625      3979.4444      7592.5927      0              0.87172924   
    360000   86951.26       596.50007      7884.438       20482.232      6577.0195      27059.252      6265.781       0              2583.4973      4008.0787      7624.875       0              0.87172924   
    370000   86951.26       604.45042      7185.3381      20530.227      6664.6802      27194.908      6152.0379      0              2620.9857      4031.0565      7726.1472      0              0.87172924   
    380000   86951.26       600.13293      6553.1442      20547.307      6617.0755      27164.382      6202.4997      0              2603.4148      4103.809       7637.5835      0              0.87172924   
    390000   86951.26       599.59658      8076.7472      20607.011      6611.1617      27218.173      6202.8277      0              2676.9852      4101.2179      7625.9806      0              0.87172924   
    400000   86951.26       590.70173      7158.4558      20585.913      6513.0869      27099          6112.0032      0              2706.3633      4056.1844      7711.3618      0              0.87172924   
    410000   86951.26       609.4716       8216.8526      20602.292      6720.0438      27322.335      6279.617       0              2680.3185      4043.3161      7599.0401      0              0.87172924   
    420000   86951.26       604.62543      6360.5483      20411.108      6666.6099      27077.718      6070.7744      0              2612.5655      4044.94        7682.8281      0              0.87172924   
    430000   86951.26       599.99772      7676.9436      20346.288      6615.5847      26961.873      6168.8643      0              2554.9361      4095.649       7526.8391      0              0.87172924   
    440000   86951.26       599.86799      7724.7355      20599.9        6614.1543      27214.054      6220.0255      0              2687.9258      4028.8075      7663.1414      0              0.87172924   
    450000   86951.26       608.3765       7694.4425      20675.341      6707.9692      27383.31       6196.82        0              2749.6877      4068.8112      7660.0218      0              0.87172924   
    460000   86951.26       591.99147      6718.6218      20380.384      6527.3076      26907.691      6045.6025      0              2665.5487      4096.2949      7572.9376      0              0.87172924   
    470000   86951.26       585.24172      7664.5255      20578.522      6452.8847      27031.407      6208.8398      0              2633.7123      4107.4377      7628.5323      0              0.87172924   
    480000   86951.26       600.30364      6670.3379      20594.852      6618.9577      27213.81       6175.3228      0              2670.1587      4067.6355      7681.7352      0              0.87172924   
    490000   86951.26       599.22262      6836.5906      20742.881      6607.0384      27349.92       6243.9232      0              2701.9874      4160.1057      7636.8648      0              0.87172924   
    500000   86951.26       593.85412      8052.5358      20418.034      6547.8452      26965.879      6200.944       0              2567.619       4050.9326      7598.5381      0              0.87172924   
    501114   86951.26       595.83214      6310.9018      20627.993      6569.655       27197.648      6149.4092      0              2722.303       4074.5595      7681.7213      0              0.87172924   
Loop time of 238.974 on 48 procs for 500000 steps with 3700 atoms

Performance: 18.077 ns/day, 1.328 hours/ns, 2092.281 timesteps/s, 7.741 Matom-step/s
99.9% CPU use with 48 MPI tasks x 1 OpenMP threads

MPI task timing breakdown:
Section |  min time  |  avg time  |  max time  |%varavg| %total
---------------------------------------------------------------
Pair    | 103.11     | 136.41     | 173.02     | 133.7 | 57.08
Bond    | 19.824     | 25.255     | 30.165     |  47.2 | 10.57
Neigh   | 0.70931    | 0.71343    | 0.71579    |   0.2 |  0.30
Comm    | 31.702     | 71.508     | 108.79     | 206.4 | 29.92
Output  | 0.023139   | 0.043515   | 0.061961   |   5.1 |  0.02
Modify  | 2.2493     | 2.8592     | 3.6954     |  20.6 |  1.20
Other   |            | 2.185      |            |       |  0.91

Nlocal:        77.0833 ave          92 max          59 min
Histogram: 1 3 1 6 7 13 6 2 5 4
Nghost:        2694.88 ave        2728 max        2667 min
Histogram: 6 2 1 10 9 8 2 6 3 1
Neighs:        18523.9 ave       23725 max       14333 min
Histogram: 4 6 7 4 7 5 7 4 2 2

Total # of neighbors = 889145
Ave neighs/atom = 240.30946
Ave special neighs/atom = 11.898378
Neighbor list builds = 818
Dangerous builds = 0
Generated 0 of 3 mixed pair_coeff terms from geometric mixing rule
Setting up Verlet run ...
  Unit style    : real
  Current step  : 501114
  Time step     : 0.1
WARNING: Inconsistent image flags (src/domain.cpp:1051)
Per MPI rank memory allocation (min/avg/max) = 13.92 | 13.93 | 13.93 Mbytes
   Step         Volume          Temp          Press          PotEng         KinEng         TotEng         E_vdwl         E_coul         E_bond        E_angle        E_dihed        E_impro        Density    
    501114   86951.26       308            4642.4452      20627.993      3396.013       24024.006      6149.4092      0              2722.303       4074.5595      7681.7213      0              0.87172924   
    510000   86951.26       311.89752      6274.1204      17047.327      3438.9872      20486.314      5727.5481      0              1578.2162      3021.3536      6720.209       0              0.87172924   
    520000   86951.26       301.42175      6627.0141      17069.976      3323.4811      20393.457      5723.42        0              1541.7717      3039.5979      6765.1866      0              0.87172924   
    530000   86951.26       302.30397      6342.6312      17017.422      3333.2085      20350.631      5758.5437      0              1531.6199      3008.8788      6718.38        0              0.87172924   
    540000   86951.26       304.51897      6569.9329      16984.156      3357.6311      20341.787      5720.7599      0              1529.1926      3039.7485      6694.4553      0              0.87172924   
    550000   86951.26       310.39184      6885.5425      17043.272      3422.3855      20465.657      5695.4434      0              1553.6244      3068.2848      6725.9191      0              0.87172924   
    560000   86951.26       311.97099      6376.9648      17070.673      3439.7972      20510.47       5707.097       0              1627.1014      3030.5113      6705.963       0              0.87172924   
    570000   86951.26       294.83007      6662.6333      16994.425      3250.8012      20245.226      5681.8272      0              1566.0161      3049.3194      6697.2622      0              0.87172924   
    580000   86951.26       315.21699      6744.4857      17022.391      3475.5877      20497.979      5741.598       0              1552.3315      3037.7937      6690.6681      0              0.87172924   
    590000   86951.26       314.24677      6291.9919      17045.47       3464.89        20510.36       5716.8618      0              1546.3861      3051.2736      6730.9482      0              0.87172924   
    600000   86951.26       310.92876      6997.5165      16986.263      3428.3056      20414.569      5712.2114      0              1510.6656      3028.4551      6734.9311      0              0.87172924   
    610000   86951.26       301.0332       6810.3921      16960.424      3319.197       20279.621      5707.8209      0              1506.6278      3016.2022      6729.7727      0              0.87172924   
    620000   86951.26       310.74984      6626.2254      17019.694      3426.3328      20446.027      5728.0719      0              1524.3223      3100.0744      6667.2251      0              0.87172924   
    630000   86951.26       300.04981      6697.3082      16933.271      3308.3542      20241.626      5700.4596      0              1532.8039      3046.4644      6653.5436      0              0.87172924   
    640000   86951.26       309.93705      7205.4038      16947.947      3417.3709      20365.318      5722.6827      0              1527.9154      2989.5245      6707.8242      0              0.87172924   
    650000   86951.26       298.75515      6189.0022      17038.06       3294.0792      20332.14       5744.3355      0              1534.3812      3085.1801      6674.1635      0              0.87172924   
    660000   86951.26       317.61709      5543.6254      16977.156      3502.0513      20479.207      5717.2802      0              1564.0725      3021.7472      6674.0557      0              0.87172924   
    670000   86951.26       309.21542      6546.5647      16961.603      3409.4143      20371.017      5661.362       0              1566.8875      3029.1786      6704.1747      0              0.87172924   
    680000   86951.26       315.16903      5774.8994      16980.222      3475.0589      20455.281      5696.9051      0              1566.5474      3032.5217      6684.2479      0              0.87172924   
    690000   86951.26       314.82113      6923.7195      16965.282      3471.2229      20436.505      5701.7799      0              1543.114       3043.1163      6677.2721      0              0.87172924   
    700000   86951.26       308.48662      6890.9297      17021.712      3401.3786      20423.091      5702.2725      0              1553.1479      3064.9846      6701.3075      0              0.87172924   
    710000   86951.26       315.10402      6451.3876      17069.34       3474.3421      20543.682      5684.6371      0              1545.0614      3068.7859      6770.856       0              0.87172924   
    720000   86951.26       304.88976      6531.3999      17017.988      3361.7195      20379.707      5641.3455      0              1595.3299      3052.5139      6728.7987      0              0.87172924   
    730000   86951.26       308.1071       6505.4063      16989.395      3397.194       20386.589      5640.1339      0              1579.9035      3050.8154      6718.5428      0              0.87172924   
    740000   86951.26       316.62381      6795.2407      16895.401      3491.0993      20386.5        5714.7238      0              1539.9132      2962.3478      6678.4163      0              0.87172924   
    750000   86951.26       314.39153      6297.8934      17038.418      3466.4862      20504.905      5710.2471      0              1551.3978      3042.497       6734.2765      0              0.87172924   
    760000   86951.26       312.68424      6976.7463      17026.875      3447.6616      20474.537      5654.0034      0              1600.3144      3053.4574      6719.1001      0              0.87172924   
    770000   86951.26       303.10091      6903.4531      16950.407      3341.9956      20292.402      5685.8321      0              1562.8381      3028.7969      6672.9397      0              0.87172924   
    780000   86951.26       300.74433      7696.7821      16964.246      3316.0119      20280.258      5746.7925      0              1483.6536      3015.7708      6718.0286      0              0.87172924   
    790000   86951.26       306.46613      7363.7476      16978.078      3379.1005      20357.178      5716.4886      0              1525.2803      3013.1931      6723.1159      0              0.87172924   
    800000   86951.26       310.04453      7217.8948      17054.87       3418.556       20473.427      5675.7783      0              1569.9895      3050.5109      6758.5918      0              0.87172924   
    810000   86951.26       312.50859      7444.0186      17027.538      3445.7249      20473.263      5702.3798      0              1571.4113      3019.4043      6734.3427      0              0.87172924   
    820000   86951.26       306.0846       7171.748       16966.125      3374.8938      20341.019      5710.7919      0              1517.3014      2993.6956      6744.336       0              0.87172924   
    830000   86951.26       303.39693      6303.6274      17008.068      3345.2596      20353.328      5634.172       0              1609.7554      2994.2198      6769.9211      0              0.87172924   
    840000   86951.26       307.8295       6520.229       17031.231      3394.1332      20425.364      5680.8609      0              1644.1714      3015.5076      6690.6908      0              0.87172924   
    850000   86951.26       308.02112      6092.4322      17035.685      3396.2459      20431.93       5641.3996      0              1614.6234      3060.1689      6719.4926      0              0.87172924   
    860000   86951.26       307.56516      5977.432       16988.645      3391.2185      20379.863      5668.1127      0              1586.867       3003.6365      6730.0286      0              0.87172924   
    870000   86951.26       307.0359       6377.872       17001.834      3385.3828      20387.217      5654.9854      0              1584.3832      3025.1966      6737.2688      0              0.87172924   
    880000   86951.26       312.81833      6235.8012      17038.902      3449.14        20488.042      5639.7595      0              1632.6658      3046.8406      6719.6357      0              0.87172924   
    890000   86951.26       304.66125      6971.583       16972.954      3359.1999      20332.154      5733.6047      0              1589.9216      2983.1159      6666.3118      0              0.87172924   
    900000   86951.26       304.57432      5869.9496      17006.609      3358.2414      20364.85       5698.1697      0              1591.4757      3042.9842      6673.9789      0              0.87172924   
    910000   86951.26       303.48004      6555.6983      17035.791      3346.1759      20381.967      5685.2458      0              1563.3302      3043.015       6744.2001      0              0.87172924   
    920000   86951.26       305.20404      7234.1286      16963.038      3365.1847      20328.223      5742.5837      0              1521.3922      2992.0603      6707.0019      0              0.87172924   
    930000   86951.26       310.40498      5935.4738      16999.297      3422.5304      20421.827      5660.145       0              1587.254       3040.2164      6711.6812      0              0.87172924   
    940000   86951.26       303.75116      6205.3051      16990.875      3349.1652      20340.04       5671.7747      0              1533.8442      3035.641       6749.6152      0              0.87172924   
    950000   86951.26       305.60623      8168.5494      16905.158      3369.6193      20274.777      5686.2226      0              1509.0488      3003.9234      6705.9629      0              0.87172924   
    960000   86951.26       307.36863      6786.6601      16949.999      3389.0515      20339.051      5677.9701      0              1530.4336      3035.1634      6706.4323      0              0.87172924   
    970000   86951.26       306.03693      7532.8882      17067.325      3374.3682      20441.693      5710.4222      0              1577.2645      3060.0333      6719.6049      0              0.87172924   
    980000   86951.26       311.7755       7405.8879      17042.995      3437.6418      20480.637      5689.4392      0              1561.7067      3040.4743      6751.3748      0              0.87172924   
    990000   86951.26       307.41581      5691.5423      17009.552      3389.5717      20399.124      5738.5818      0              1550.1885      2998.0264      6722.7558      0              0.87172924   
   1000000   86951.26       316.77927      6377.6437      17003.677      3492.8134      20496.49       5648.6502      0              1553.618       3051.8471      6749.5614      0              0.87172924   
   1001114   86951.26       316.4117       5773.9088      16967.968      3488.7606      20456.729      5671.7576      0              1549.2337      3075.4942      6671.4825      0              0.87172924   
Loop time of 241.05 on 48 procs for 500000 steps with 3700 atoms

Performance: 17.922 ns/day, 1.339 hours/ns, 2074.256 timesteps/s, 7.675 Matom-step/s
99.9% CPU use with 48 MPI tasks x 1 OpenMP threads

MPI task timing breakdown:
Section |  min time  |  avg time  |  max time  |%varavg| %total
---------------------------------------------------------------
Pair    | 102.52     | 137.35     | 177.91     | 146.2 | 56.98
Bond    | 19.465     | 25.299     | 31.468     |  52.0 | 10.50
Neigh   | 0.42702    | 0.42948    | 0.43093    |   0.2 |  0.18
Comm    | 29.103     | 72.877     | 113.42     | 224.9 | 30.23
Output  | 0.021985   | 0.048039   | 0.066635   |   5.2 |  0.02
Modify  | 2.0833     | 2.8431     | 3.7326     |  23.5 |  1.18
Other   |            | 2.201      |            |       |  0.91

Nlocal:        77.0833 ave          89 max          60 min
Histogram: 2 2 2 7 2 8 10 4 6 5
Nghost:        2699.17 ave        2725 max        2674 min
Histogram: 4 3 4 6 6 6 8 7 2 2
Neighs:        18520.9 ave       23353 max       13368 min
Histogram: 1 4 3 9 6 6 7 7 2 3

Total # of neighbors = 889005
Ave neighs/atom = 240.27162
Ave special neighs/atom = 11.898378
Neighbor list builds = 486
Dangerous builds = 0
Generated 0 of 3 mixed pair_coeff terms from geometric mixing rule
Setting up Verlet run ...
  Unit style    : real
  Current step  : 1001114
  Time step     : 0.1
WARNING: Inconsistent image flags (src/domain.cpp:1051)
Per MPI rank memory allocation (min/avg/max) = 13.92 | 13.93 | 13.93 Mbytes
   Step         Volume          Temp          Press          PotEng         KinEng         TotEng         E_vdwl         E_coul         E_bond        E_angle        E_dihed        E_impro        Density    
   1001114   86951.26       308            5725.1493      16967.968      3396.013       20363.981      5671.7576      0              1549.2337      3075.4942      6671.4825      0              0.87172924   
   1010000   102178.91      305.08119      987.65204      16337.278      3363.8302      19701.108      5107.2396      0              1542.6904      3123.1394      6564.2082      0              0.74181607   
   1020000   103641.84      305.25698      1596.3977      16349.008      3365.7684      19714.776      5182.2991      0              1590.5899      3045.8729      6530.2458      0              0.73134514   
   1030000   105891.62      310.42912      1286.2638      16314.293      3422.7965      19737.089      5151.6366      0              1589.8928      3048.4304      6524.3329      0              0.71580692   
   1040000   106620.28      306.31142      1714.6879      16172.933      3377.3947      19550.328      5160.0113      0              1497.1247      3017.398       6498.3989      0              0.710915     
   1050000   106641.29      313.41944      1467.7862      16154.777      3455.7678      19610.545      5109.0611      0              1548.4295      3026.9057      6470.3809      0              0.71077491   
   1060000   106726.37      312.89999      1188.53        16201.856      3450.0404      19651.896      5104.5177      0              1610.0922      3030.918       6456.3281      0              0.71020829   
   1070000   107951.8       308.23762      956.49442      16182.711      3398.6331      19581.345      5073.8985      0              1634.6148      3056.1546      6418.0436      0              0.70214632   
   1080000   107396.3       305.10979      684.53746      16205.621      3364.1455      19569.766      5131.8755      0              1591.2136      3010.5323      6471.9992      0              0.70577807   
   1090000   106914.41      304.6132       1657.1815      16293.89       3358.6702      19652.56       5141.5346      0              1630.7535      3048.0863      6473.5155      0              0.70895919   
   1100000   107736.16      311.66285      1312.1078      16143.008      3436.3997      19579.408      5173.4278      0              1568.9716      2933.141       6467.4675      0              0.70355169   
   1110000   107537.86      309.24481      281.08223      16152.871      3409.7383      19562.61       5102.9061      0              1589.873       3001.2299      6458.8624      0              0.70484904   
   1120000   107957.23      305.04885      1230.3833      16163.107      3363.4736      19526.581      5121.2072      0              1573.0473      3038.004       6430.8488      0              0.70211096   
   1130000   107610.12      306.0657       1160.7839      16101.881      3374.6855      19476.567      5102.9435      0              1534.8367      3024.7884      6439.3127      0              0.7043757    
   1140000   107667.46      312.7712       1476.0968      16145.195      3448.6204      19593.815      5089.8172      0              1549.4296      3005.4221      6500.5258      0              0.70400061   
   1150000   107632.74      296.73419      938.9817       15998.202      3271.7961      19269.998      5045.0343      0              1551.2734      2973.7354      6428.1586      0              0.7042277    
   1160000   109121.37      309.64369      767.73473      16080.681      3414.1364      19494.818      5062.1935      0              1563.6321      2985.538       6469.3177      0              0.69462063   
   1170000   108136.81      300.60008      827.41812      16117.756      3314.4215      19432.177      5052.4004      0              1590.7939      3017.4716      6457.0898      0              0.70094497   
   1180000   109697.31      308.20506      615.53324      16146.836      3398.2741      19545.11       5026.6776      0              1605.845       3076.3099      6438.0031      0              0.69097371   
   1190000   109036.79      310.60995      1211.458       16098.782      3424.7904      19523.573      5096.7999      0              1585.2041      2970.6778      6446.1004      0              0.69515943   
   1200000   108516.75      316.06419      1481.3656      16009.987      3484.9289      19494.916      5027.6648      0              1555.3799      2995.1075      6431.8349      0              0.69849084   
   1210000   108714.38      308.21882      1172.7159      16065.849      3398.4258      19464.275      5045.5381      0              1568.8926      3020.5183      6430.8999      0              0.6972211    
   1220000   108360.22      304.53406      1479.3466      16100.192      3357.7976      19457.99       5015.2981      0              1589.1001      3059.1151      6436.6791      0              0.69949983   
   1230000   107220.78      306.62719      1451.3288      16082.027      3380.8764      19462.903      5043.7917      0              1584.964       3001.666       6451.6049      0              0.70693346   
   1240000   107925.17      309.51278      567.35699      16023.811      3412.693       19436.504      4978.2968      0              1577.5459      3017.6542      6450.3139      0              0.70231956   
   1250000   108201.91      306.97646      460.31211      16058.499      3384.7274      19443.227      4971.4751      0              1604.5345      3033.87        6448.6197      0              0.70052327   
   1260000   107954.09      315.95263      605.43941      16073.595      3483.6989      19557.294      4989.589       0              1592.5815      3005.5761      6485.848       0              0.70213142   
   1270000   107917.87      301.35572      282.86867      15993.319      3322.7531      19316.073      5015.6484      0              1624.8511      2950.8626      6401.9574      0              0.70236706   
   1280000   107433.06      307.02857      1085.8389      16026.663      3385.3021      19411.965      4978.4544      0              1554.3284      3028.137       6465.7436      0              0.70553658   
   1290000   107209.99      313.21844      695.8662       16064.164      3453.5517      19517.715      5049.7849      0              1569.2736      2999.5047      6445.6004      0              0.70700458   
   1300000   108013.31      306.03007      876.27567      16008.292      3374.2926      19382.585      4998.8243      0              1601.253       3007.7453      6400.4694      0              0.70174643   
   1310000   108146.91      308.4424       1123.2774      16056.715      3400.891       19457.606      5011.3727      0              1569.0229      3073.8715      6402.448       0              0.70087953   
   1320000   108635.33      311.86046      1555.8778      16014.64       3438.5786      19453.219      5037.6036      0              1562.7304      3017.1084      6397.198       0              0.69772843   
   1330000   107396.16      303.20491      1009.2918      16128.011      3343.1423      19471.153      5037.7174      0              1602.0592      3068.114       6420.1206      0              0.70577899   
   1340000   108436.08      307.27994      471.50221      16024.678      3388.0736      19412.752      5004.3766      0              1557.7198      3009.703       6452.879       0              0.69901049   
   1350000   108226.22      308.18367      1448.2538      16017.443      3398.0382      19415.481      5024.7953      0              1593.9831      2968.5952      6430.069       0              0.7003659    
   1360000   107432.73      309.27773      895.82575      15987.024      3410.1013      19397.125      4987.7767      0              1616.5431      2997.003       6385.7013      0              0.7055388    
   1370000   108173.02      302.60025      393.95686      15976.473      3336.4753      19312.949      4974.4321      0              1603.7777      3011.791       6386.4725      0              0.70071035   
   1380000   107877.18      305.94192      189.44987      16025.788      3373.3206      19399.109      4959.3555      0              1618.442       3022.5596      6425.4313      0              0.70263196   
   1390000   106627.13      310.69151      1236.8114      15963.941      3425.6897      19389.631      5047.0272      0              1490.9934      2996.4059      6429.5148      0              0.71086932   
   1400000   107651.14      307.36057      1774.1796      16076.025      3388.9627      19464.988      5107.3515      0              1549.265       3001.6986      6417.71        0              0.70410734   
   1410000   107318.53      312.4261       1217.1238      16204.637      3444.8152      19649.452      5068.5929      0              1634.4473      3042.4495      6459.1473      0              0.70628958   
   1420000   107950.97      309.5789       727.73444      16097.28       3413.422       19510.702      5051.7323      0              1578.0496      2999.7403      6467.7581      0              0.70215169   
   1430000   108158.49      311.93327      609.72572      16013.199      3439.3813      19452.581      5026.3584      0              1612.609       2995.5951      6378.6368      0              0.70080448   
   1440000   107810.44      306.30668      1390.7214      15998.741      3377.3425      19376.083      5046.2921      0              1553.3195      3004.3592      6394.7697      0              0.70306693   
   1450000   108646.97      303.49904      650.86628      16061.098      3346.3854      19407.483      5012.4631      0              1566.8164      3064.5189      6417.2993      0              0.69765368   
   1460000   107483.57      301.43651      1441.8473      16032.673      3323.6439      19356.317      5078.7002      0              1578.0678      2985.6835      6390.222       0              0.70520502   
   1470000   107974.41      309.03241      929.6798       16007.13       3407.3964      19414.526      5055.7959      0              1622.422       2973.6823      6355.2294      0              0.70199925   
   1480000   108225.68      302.79497      860.92071      16040.025      3338.6223      19378.647      5040.5162      0              1597.5668      2979.3467      6422.5954      0              0.70036942   
   1490000   108244.14      307.03945      832.18934      16081.753      3385.422       19467.175      5033.5293      0              1574.1733      3054.9238      6419.1264      0              0.70024995   
   1500000   108766.07      311.75238      983.70304      16002.735      3437.3869      19440.122      4977.5653      0              1577.458       2990.0669      6457.6452      0              0.69688974   
   1501114   108436.68      296.66918      470.75355      16014.882      3271.0792      19285.961      5021.7161      0              1555.6593      2973.1167      6464.3898      0              0.69900663   
Loop time of 242.121 on 48 procs for 500000 steps with 3700 atoms

Performance: 17.842 ns/day, 1.345 hours/ns, 2065.080 timesteps/s, 7.641 Matom-step/s
99.9% CPU use with 48 MPI tasks x 1 OpenMP threads

MPI task timing breakdown:
Section |  min time  |  avg time  |  max time  |%varavg| %total
---------------------------------------------------------------
Pair    | 82.219     | 114.87     | 165.77     | 161.2 | 47.44
Bond    | 22.077     | 30.105     | 37.885     |  63.4 | 12.43
Neigh   | 0.45389    | 0.45609    | 0.45811    |   0.2 |  0.19
Comm    | 27.752     | 85.778     | 123.06     | 217.9 | 35.43
Output  | 0.022605   | 0.04837    | 0.073757   |   5.6 |  0.02
Modify  | 7.7151     | 8.4748     | 9.4463     |  15.5 |  3.50
Other   |            | 2.386      |            |       |  0.99

Nlocal:        77.0833 ave         100 max          58 min
Histogram: 3 5 4 5 9 11 5 3 1 2
Nghost:        2284.75 ave        2349 max        2214 min
Histogram: 2 3 5 5 8 5 7 6 4 3
Neighs:        14778.8 ave       20731 max        9739 min
Histogram: 1 2 9 9 7 10 5 2 1 2

Total # of neighbors = 709380
Ave neighs/atom = 191.72432
Ave special neighs/atom = 11.898378
Neighbor list builds = 550
Dangerous builds = 0
Generated 0 of 3 mixed pair_coeff terms from geometric mixing rule
Setting up Verlet run ...
  Unit style    : real
  Current step  : 1501114
  Time step     : 0.1
WARNING: Inconsistent image flags (src/domain.cpp:1051)
Per MPI rank memory allocation (min/avg/max) = 13.92 | 13.93 | 13.93 Mbytes
   Step         Volume          Temp          Press          PotEng         KinEng         TotEng         E_vdwl         E_coul         E_bond        E_angle        E_dihed        E_impro        Density    
   1501114   108436.68      600            1880.665       16014.882      6615.6098      22630.492      5021.7161      0              1555.6593      2973.1167      6464.3898      0              0.69900663   
   1510000   108436.68      605.28921      2805.9164      19447.904      6673.9287      26121.833      5441.0261      0              2572.6348      4024.5871      7409.6565      0              0.69900663   
   1520000   108436.68      613.45988      647.66904      19451.184      6764.0187      26215.203      5450.4993      0              2623.1345      4070.0865      7307.4638      0              0.69900663   
   1530000   108436.68      599.64645      1671.4352      19641.005      6611.7115      26252.716      5454.1705      0              2703.1938      4100.7744      7382.866       0              0.69900663   
   1540000   108436.68      597.37087      1862.7015      19544.647      6586.621       26131.268      5365.5673      0              2724.8283      4169.6011      7284.6507      0              0.69900663   
   1550000   108436.68      603.48699      1497.9701      19271.966      6654.0574      25926.024      5386.3622      0              2610.1131      3925.0993      7350.3914      0              0.69900663   
   1560000   108436.68      603.40687      1510.1336      19381.614      6653.174       26034.788      5320.4992      0              2657.0959      4042.4226      7361.5965      0              0.69900663   
   1570000   108436.68      602.28757      700.62949      19357.594      6640.8326      25998.427      5345.88        0              2700.5662      4006.7055      7304.4429      0              0.69900663   
   1580000   108436.68      595.8989       1610.4048      19437.458      6570.391       26007.849      5396.8427      0              2684.8201      4099.2163      7256.5789      0              0.69900663   
   1590000   108436.68      604.19678      444.85324      19462.197      6661.8836      26124.08       5291.9389      0              2777.8872      4024.2447      7368.1258      0              0.69900663   
   1600000   108436.68      600.00289      510.29599      19481.565      6615.6417      26097.206      5354.5942      0              2755.5451      4065.8159      7305.6096      0              0.69900663   
   1610000   108436.68      588.21079      2037.2442      19187.818      6485.6218      25673.44       5339.2543      0              2676.6011      3969.9871      7201.9754      0              0.69900663   
   1620000   108436.68      595.29914      574.01279      19405.946      6563.7781      25969.724      5306.0955      0              2749.4541      4032.2006      7318.196       0              0.69900663   
   1630000   108436.68      594.17025      1184.5386      19499.17       6551.3309      26050.501      5413.5279      0              2635.4219      4051.0808      7399.1396      0              0.69900663   
   1640000   108436.68      599.21121      390.01163      19329.885      6606.9126      25936.797      5308.1243      0              2701.2629      4007.8226      7312.6747      0              0.69900663   
   1650000   108436.68      618.19961      1358.5483      19490.275      6816.279       26306.554      5333.2103      0              2702.4677      4054.4441      7400.1528      0              0.69900663   
   1660000   108436.68      597.86971      2025.8958      19425.235      6592.1212      26017.356      5426.8227      0              2638.3938      4047.6909      7312.3274      0              0.69900663   
   1670000   108436.68      611.63809      1333.6276      19377.465      6743.9316      26121.396      5343.3373      0              2683.1381      4066.8961      7284.0932      0              0.69900663   
   1680000   108436.68      597.89691      1719.1476      19415.901      6592.4211      26008.322      5357.5744      0              2713.6945      4018.7213      7325.9104      0              0.69900663   
   1690000   108436.68      590.60043      25.977404      19394.9        6511.97        25906.87       5273.5772      0              2710.4515      4100.1205      7310.7504      0              0.69900663   
   1700000   108436.68      594.70162      1288.8712      19243.412      6557.1898      25800.601      5311.066       0              2660.2328      4022.3443      7249.7685      0              0.69900663   
   1710000   108436.68      582.37008     -794.20385      19358.124      6421.222       25779.346      5271.5282      0              2843.1229      3972.4625      7271.0107      0              0.69900663   
   1720000   108436.68      587.50527      1119.4955      19443.967      6477.8428      25921.81       5300.1114      0              2728.7104      4101.0954      7314.0499      0              0.69900663   
   1730000   108436.68      601.61353      1029.6823      19339.381      6633.4006      25972.782      5319.7676      0              2618.6964      4066.1537      7334.7635      0              0.69900663   
   1740000   108436.68      607.89104      1254.6797      19469.784      6702.6166      26172.4        5368.7381      0              2653.0516      4041.9057      7406.0882      0              0.69900663   
   1750000   108436.68      601.90614      1344.4986      19537.214      6636.627       26173.841      5342.7149      0              2722.6011      4094.9508      7376.9471      0              0.69900663   
   1760000   108436.68      598.7307       328.67925      19426.404      6601.6146      26028.018      5378.7448      0              2671.5064      4059.4707      7316.6819      0              0.69900663   
   1770000   108436.68      600.21308      2019.6876      19525.01       6617.9592      26142.969      5384.1724      0              2647.2951      4131.4288      7362.1133      0              0.69900663   
   1780000   108436.68      597.812        1136.8113      19475.241      6591.4849      26066.726      5359.7635      0              2693.9184      4068.2933      7353.2659      0              0.69900663   
   1790000   108436.68      589.42891      1094.8478      19440.392      6499.0528      25939.445      5335.6426      0              2717.3628      4050.112       7337.2744      0              0.69900663   
   1800000   108436.68      613.91798      2268.6069      19511.034      6769.0698      26280.104      5360.9662      0              2742.2347      4067.5989      7340.234       0              0.69900663   
   1810000   108436.68      592.37239      1673.7044      19289.967      6531.5077      25821.474      5388.2362      0              2652.4649      4065.7645      7183.5009      0              0.69900663   
   1820000   108436.68      599.0215       1746.3463      19494.741      6604.8208      26099.561      5373.5811      0              2720.4276      4038.9567      7361.7752      0              0.69900663   
   1830000   108436.68      595.15271      1136.2425      19315.987      6562.1635      25878.15       5311.2288      0              2690.9371      4044.7101      7269.1109      0              0.69900663   
   1840000   108436.68      596.3465       774.63157      19482.754      6575.3262      26058.08       5283.2476      0              2736.3868      4091.9036      7371.2155      0              0.69900663   
   1850000   108436.68      597.29353      1866.095       19280.107      6585.7682      25865.875      5381.3055      0              2623.9055      3988.6872      7286.2085      0              0.69900663   
   1860000   108436.68      602.4821       1420.8562      19382.259      6642.9775      26025.237      5334.6372      0              2702.3764      4046.8446      7298.401       0              0.69900663   
   1870000   108436.68      616.12985      723.71806      19332.16       6793.4578      26125.618      5296.0177      0              2728.033       4028.56        7279.5492      0              0.69900663   
   1880000   108436.68      603.02553      959.66689      19314.406      6648.9693      25963.376      5254.3289      0              2698.8026      4043.9793      7317.2956      0              0.69900663   
   1890000   108436.68      598.23059      1721.0801      19359.78       6596.1003      25955.88       5329.3325      0              2691.3766      4035.8844      7303.1863      0              0.69900663   
   1900000   108436.68      610.35139      667.99722      19342.095      6729.7444      26071.84       5395.7642      0              2654.7386      3955.1161      7336.4763      0              0.69900663   
   1910000   108436.68      590.83824      245.9836       19391.034      6514.5921      25905.626      5260.8711      0              2735.2988      4103.4702      7291.394       0              0.69900663   
   1920000   108436.68      589.07596      1926.7749      19232.042      6495.1612      25727.203      5319.6067      0              2598.8364      4042.2901      7271.3085      0              0.69900663   
   1930000   108436.68      595.40566      1616.0896      19382.603      6564.9525      25947.556      5374.0919      0              2691.2219      4096.1492      7221.1401      0              0.69900663   
   1940000   108436.68      599.51951      102.73245      19344.018      6610.312       25954.33       5314.4938      0              2687.2021      4038.7252      7303.5967      0              0.69900663   
   1950000   108436.68      585.31537      1072.4658      19390.46       6453.6968      25844.157      5316.7396      0              2703.7075      4040.4318      7329.5815      0              0.69900663   
   1960000   108436.68      609.21894      1270.3745      19548.297      6717.258       26265.555      5310.0419      0              2750.7571      4100.0176      7387.4806      0              0.69900663   
   1970000   108436.68      599.80569      857.7914       19362.677      6613.4673      25976.145      5284.7985      0              2684.3245      4042.3149      7351.2394      0              0.69900663   
   1980000   108436.68      602.02524      803.23396      19179.665      6637.9402      25817.605      5271.2318      0              2666.0507      4050.0648      7192.3179      0              0.69900663   
   1990000   108436.68      610.20308      1870.6084      19459.856      6728.1091      26187.965      5347.5569      0              2623.505       4198.6463      7290.1474      0              0.69900663   
   2000000   108436.68      590.78831      1576.7522      19298.514      6514.0416      25812.555      5400.3737      0              2598.9055      4044.9622      7254.2723      0              0.69900663   
   2001114   108436.68      597.02601      66.732616      19414.56       6582.8185      25997.379      5320.9467      0              2714.2838      4013.5778      7365.752       0              0.69900663   
Loop time of 207.108 on 48 procs for 500000 steps with 3700 atoms

Performance: 20.859 ns/day, 1.151 hours/ns, 2414.199 timesteps/s, 8.933 Matom-step/s
99.9% CPU use with 48 MPI tasks x 1 OpenMP threads

MPI task timing breakdown:
Section |  min time  |  avg time  |  max time  |%varavg| %total
---------------------------------------------------------------
Pair    | 77.214     | 108.78     | 142.34     | 149.6 | 52.52
Bond    | 19.08      | 25.058     | 30.963     |  56.2 | 12.10
Neigh   | 0.6391     | 0.64388    | 0.64725    |   0.3 |  0.31
Comm    | 30.018     | 67.841     | 100.99     | 215.8 | 32.76
Output  | 0.020934   | 0.040294   | 0.056132   |   4.6 |  0.02
Modify  | 1.9928     | 2.6931     | 3.4345     |  20.0 |  1.30
Other   |            | 2.05       |            |       |  0.99

Nlocal:        77.0833 ave          98 max          53 min
Histogram: 1 2 5 4 10 6 8 7 3 2
Nghost:        2297.69 ave        2361 max        2248 min
Histogram: 2 7 8 8 4 7 4 2 4 2
Neighs:        14800.5 ave       18345 max       10153 min
Histogram: 3 2 5 3 8 6 5 2 6 8

Total # of neighbors = 710422
Ave neighs/atom = 192.00595
Ave special neighs/atom = 11.898378
Neighbor list builds = 829
Dangerous builds = 0
Generated 0 of 3 mixed pair_coeff terms from geometric mixing rule
Setting up Verlet run ...
  Unit style    : real
  Current step  : 2001114
  Time step     : 0.1
WARNING: Inconsistent image flags (src/domain.cpp:1051)
Per MPI rank memory allocation (min/avg/max) = 13.92 | 13.93 | 13.93 Mbytes
   Step         Volume          Temp          Press          PotEng         KinEng         TotEng         E_vdwl         E_coul         E_bond        E_angle        E_dihed        E_impro        Density    
   2001114   108436.68      308           -1276.6886      19414.56       3396.013       22810.573      5320.9467      0              2714.2838      4013.5778      7365.752       0              0.69900663   
   2010000   108436.68      297.98617      722.55455      15910.904      3285.6004      19196.505      4988.2854      0              1574.4713      2981.3372      6366.8104      0              0.69900663   
   2020000   108436.68      310.09653      767.94977      15868.914      3419.1294      19288.043      4953.6794      0              1542.5794      3010.2534      6362.4016      0              0.69900663   
   2030000   108436.68      305.13931      738.41553      15976.807      3364.4711      19341.278      4968.2284      0              1606.3127      3011.1123      6391.1533      0              0.69900663   
   2040000   108436.68      308.37318      1275.5367      15925.093      3400.1277      19325.22       4982.5629      0              1499.1585      3036.8942      6406.4769      0              0.69900663   
   2050000   108436.68      302.64783      751.90687      15861.552      3336.9999      19198.552      4923.9211      0              1576.6496      2993.7547      6367.2262      0              0.69900663   
   2060000   108436.68      308.3138       211.05008      15915.376      3399.473       19314.849      4936.4599      0              1597.7271      2977.2099      6403.9795      0              0.69900663   
   2070000   108436.68      308.51181      369.49615      15954.115      3401.6563      19355.771      4972.0792      0              1597.7488      2974.2606      6410.0263      0              0.69900663   
   2080000   108436.68      306.1628       221.51979      15894.883      3375.756       19270.639      4902.6189      0              1589.1673      2991.0112      6412.0859      0              0.69900663   
   2090000   108436.68      314.03094      1623.5853      15936.555      3462.5103      19399.065      5031.8881      0              1546.2947      3013.7849      6344.5871      0              0.69900663   
   2100000   108436.68      307.75005      1187.3184      15958.909      3393.2571      19352.166      4969.4638      0              1580.9504      3034.7129      6373.7816      0              0.69900663   
   2110000   108436.68      300.74822      873.56989      15960.913      3316.0548      19276.967      4939.514       0              1563.6787      3038.8176      6418.9023      0              0.69900663   
   2120000   108436.68      315.09227      355.45962      15891.967      3474.2125      19366.18       4922.8451      0              1547.9331      3037.9133      6383.2756      0              0.69900663   
   2130000   108436.68      309.85052      568.43039      15916.783      3416.4169      19333.2        4924.5992      0              1572.072       3052.5689      6367.5434      0              0.69900663   
   2140000   108436.68      307.5706       892.53609      15904.926      3391.2784      19296.204      4927.1188      0              1541.9676      3035.5924      6400.2472      0              0.69900663   
   2150000   108436.68      309.17916     -248.03589      15925.897      3409.0145      19334.911      4902.5374      0              1642.3641      3018.1477      6362.8474      0              0.69900663   
   2160000   108436.68      311.63262      1002.6898      15916.221      3436.0664      19352.287      4951.9504      0              1580.1938      3020.973       6363.1038      0              0.69900663   
   2170000   108436.68      309.3611       689.04532      15978.385      3411.0205      19389.406      4967.069       0              1595.8557      3025.9348      6389.526       0              0.69900663   
   2180000   108436.68      304.6588       1419.1445      15967.854      3359.173       19327.027      5007.2397      0              1500.0615      3030.2462      6430.3064      0              0.69900663   
   2190000   108436.68      302.4406      -23.932838      15986.114      3334.715       19320.829      4909.2273      0              1616.8449      3024.5424      6435.499       0              0.69900663   
   2200000   108436.68      299.54098      929.42657      15812.555      3302.7437      19115.299      4927.3955      0              1521.5469      2985.3948      6378.218       0              0.69900663   
   2210000   108436.68      305.50465      2185.609       15885.382      3368.4993      19253.881      4977.8334      0              1502.412       3006.1531      6398.9834      0              0.69900663   
   2220000   108436.68      317.22438      840.53572      16005.036      3497.7212      19502.757      4979.0959      0              1631.3566      3006.6177      6387.9657      0              0.69900663   
   2230000   108436.68      312.57719      953.72985      15911.994      3446.4813      19358.475      4956.9236      0              1559.6487      3007.1703      6388.2513      0              0.69900663   
   2240000   108436.68      307.06127      475.51095      15946.386      3385.6626      19332.048      4899.403       0              1552.7718      3081.0485      6413.1624      0              0.69900663   
   2250000   108436.68      303.85912      612.41132      15896.452      3350.3556      19246.808      4915.9114      0              1556.3846      3027.3721      6396.7844      0              0.69900663   
   2260000   108436.68      308.96004      707.76798      15913.255      3406.5984      19319.854      4970.8815      0              1522.6794      3001.6575      6418.0369      0              0.69900663   
   2270000   108436.68      307.02122      745.25503      15906.882      3385.221       19292.103      4902.7499      0              1527.5762      3050.3429      6426.213       0              0.69900663   
   2280000   108436.68      303.48278      892.34943      15909.272      3346.2061      19255.478      4907.4083      0              1595.7137      2996.7086      6409.4412      0              0.69900663   
   2290000   108436.68      302.67099      755.7669       15942.332      3337.2552      19279.588      4900.2341      0              1597.677       3015.024       6429.3973      0              0.69900663   
   2300000   108436.68      301.19726      332.09493      15957.601      3321.006       19278.607      4948.919       0              1630.3355      3000.564       6377.7824      0              0.69900663   
   2310000   108436.68      316.78879      1365.612       15876.155      3492.9184      19369.074      4953.6685      0              1524.6903      3013.5182      6384.2783      0              0.69900663   
   2320000   108436.68      303.14315      881.48507      15860.863      3342.4613      19203.324      4905.3125      0              1591.5355      2975.8523      6388.1625      0              0.69900663   
   2330000   108436.68      308.30059      1199.0332      15927.975      3399.3273      19327.302      4958.3523      0              1605.6617      2997.3601      6366.6006      0              0.69900663   
   2340000   108436.68      305.28844      1671.482       15940.983      3366.1153      19307.099      4999.3865      0              1541.6753      2997.6823      6402.2391      0              0.69900663   
   2350000   108436.68      302.79258      639.32068      15916.291      3338.596       19254.887      4974.3248      0              1632.2319      2951.1749      6358.5595      0              0.69900663   
   2360000   108436.68      308.42434      927.9328       15956.179      3400.6919      19356.871      4941.2028      0              1580.5098      3045.2453      6389.2213      0              0.69900663   
   2370000   108436.68      304.92021      435.16231      15958.923      3362.0553      19320.979      4900.5106      0              1570.7009      3064.5929      6423.1189      0              0.69900663   
   2380000   108436.68      312.99649      1236.9621      15901.582      3451.1044      19352.687      4939.4412      0              1548.6318      3001.2083      6412.3009      0              0.69900663   
   2390000   108436.68      312.75555      1611.9834      15885.85       3448.4479      19334.298      4937.6284      0              1538.7176      3023.7384      6385.7655      0              0.69900663   
   2400000   108436.68      307.75939      550.34663      15936.689      3393.36        19330.049      4911.524       0              1608.1061      2992.3361      6424.7232      0              0.69900663   
   2410000   108436.68      305.9364       775.05963      15936.975      3373.2598      19310.235      4943.0917      0              1575.8297      2988.6344      6429.4192      0              0.69900663   
   2420000   108436.68      310.31636      589.46171      15953.556      3421.5533      19375.11       4893.9868      0              1593.2407      3027.0022      6439.3268      0              0.69900663   
   2430000   108436.68      303.70958      852.66031      15945.475      3348.7068      19294.182      4982.7951      0              1547.5009      3026.5866      6388.5928      0              0.69900663   
   2440000   108436.68      312.94031      552.28875      15939.196      3450.485       19389.681      4905.9885      0              1628.5586      3019.5304      6385.1187      0              0.69900663   
   2450000   108436.68      305.23743      662.60617      15891.754      3365.5529      19257.307      4958.4897      0              1502.0207      3039.1405      6392.103       0              0.69900663   
   2460000   108436.68      310.70842     -234.44386      15954.365      3425.8762      19380.241      4875.8701      0              1612.3976      3063.5379      6402.5591      0              0.69900663   
   2470000   108436.68      305.30583      626.80914      15902.788      3366.307       19269.095      4903.6178      0              1574.182       3029.2871      6395.7015      0              0.69900663   
   2480000   108436.68      300.71897      767.20015      15826.965      3315.7323      19142.697      4926.7159      0              1519.9396      2962.4214      6417.8879      0              0.69900663   
   2490000   108436.68      306.35908     -192.36355      15808.79       3377.9202      19186.71       4881.0794      0              1570.8686      2963.6429      6393.1992      0              0.69900663   
   2500000   108436.68      301.96016      633.29991      15928.098      3329.4177      19257.515      4907.8696      0              1591.1335      3035.4579      6393.6367      0              0.69900663   
   2510000   108436.68      313.47693      1263.4169      15907.721      3456.4018      19364.123      4965.8941      0              1541.4432      3030.2629      6370.1208      0              0.69900663   
   2520000   108436.68      304.60468      88.528768      15864.035      3358.5762      19222.611      4955.7725      0              1560.0425      2985.7018      6362.5184      0              0.69900663   
   2530000   108436.68      309.96164      936.81237      15937.101      3417.6422      19354.743      4930.0603      0              1605.4494      3014.4378      6387.1532      0              0.69900663   
   2540000   108436.68      300.90248      181.96687      15969.591      3317.7557      19287.346      4909.1077      0              1620.7592      3071.617       6368.1068      0              0.69900663   
   2550000   108436.68      303.46672      855.3271       15874.008      3346.029       19220.037      4981.5841      0              1529.0118      2961.1155      6402.2965      0              0.69900663   
   2560000   108436.68      309.7519       1022.5858      15903.918      3415.3295      19319.248      4958.5636      0              1546.7996      2984.9914      6413.5636      0              0.69900663   
   2570000   108436.68      302.02498      666.05041      15889.101      3330.1324      19219.234      4899.4116      0              1540.4603      3030.0225      6419.207       0              0.69900663   
   2580000   108436.68      306.82443      793.54255      15874.118      3383.0512      19257.169      4961.865       0              1546.9348      2958.4254      6406.8927      0              0.69900663   
   2590000   108436.68      315.87385      550.18811      15936.231      3482.8303      19419.061      4953.6297      0              1603.8675      2978.4949      6400.2385      0              0.69900663   
   2600000   108436.68      305.31339      232.06588      15903.664      3366.3905      19270.054      4902.2971      0              1620.1701      2995.7887      6385.4077      0              0.69900663   
   2610000   108436.68      302.20848      770.69537      15973.66       3332.1556      19305.816      4976.5401      0              1586.7066      3025.0045      6385.4092      0              0.69900663   
   2620000   108436.68      308.28719      1096.3743      15969.146      3399.1797      19368.326      4929.8792      0              1601.0245      3015.5514      6422.6912      0              0.69900663   
   2630000   108436.68      305.91354      855.92414      15921.443      3373.0077      19294.451      4947.5353      0              1556.5902      3030.4326      6386.8851      0              0.69900663   
   2640000   108436.68      298.49281      1320.0837      15811.731      3291.1866      19102.917      4952.5434      0              1496.2264      3006.3803      6356.5807      0              0.69900663   
   2650000   108436.68      310.81782      476.04381      15939.481      3427.0824      19366.564      4919.7226      0              1578.4097      3034.8292      6406.52        0              0.69900663   
   2660000   108436.68      311.81417      353.26545      15949.749      3438.0681      19387.818      4980.1985      0              1613.26        2989.448       6366.8429      0              0.69900663   
   2670000   108436.68      303.43445      378.04376      15958.481      3345.6732      19304.155      4933.232       0              1613.3452      3042.5939      6369.3104      0              0.69900663   
   2680000   108436.68      301.52735      1197.5054      15908.226      3324.6455      19232.871      4951.3831      0              1560.9122      3028.3066      6367.6241      0              0.69900663   
   2690000   108436.68      303.96741      474.65213      15942.753      3351.5496      19294.302      4937.4411      0              1633.7004      3015.3694      6356.2417      0              0.69900663   
   2700000   108436.68      300.06351      426.1434       15947.616      3308.5052      19256.121      4925.1402      0              1564.8755      3031.8732      6425.7267      0              0.69900663   
   2710000   108436.68      301.47752      965.33749      15899.184      3324.0961      19223.28       4898.9099      0              1587.6362      3032.3249      6380.3126      0              0.69900663   
   2720000   108436.68      302.54412     -27.031928      15994.425      3335.8564      19330.281      4928.8967      0              1603.7009      3048.4843      6413.343       0              0.69900663   
   2730000   108436.68      307.27381      184.92508      15932.834      3388.0061      19320.84       4916.3091      0              1553.4124      3046.6331      6416.4795      0              0.69900663   
   2740000   108436.68      310.20635      218.06295      15926.263      3420.3403      19346.604      4942.9666      0              1614.7116      2960.4685      6408.1166      0              0.69900663   
   2750000   108436.68      312.55143      1259.9463      15920.394      3446.1972      19366.592      4892.6712      0              1568.018       3041.2049      6418.5003      0              0.69900663   
   2760000   108436.68      301.48021      645.78651      15919.767      3324.1257      19243.893      4940.514       0              1585.5832      3014.9517      6378.7179      0              0.69900663   
   2770000   108436.68      302.92336      907.01573      15961.576      3340.0379      19301.614      4976.9996      0              1590.9259      2965.0556      6428.5951      0              0.69900663   
   2780000   108436.68      313.68194      1041.6292      15862.628      3458.6622      19321.29       4926.5555      0              1592.3095      3001.6248      6342.1381      0              0.69900663   
   2790000   108436.68      308.19765      196.89536      16002.387      3398.1923      19400.579      4924.5276      0              1650.0649      3035.2696      6392.5246      0              0.69900663   
   2800000   108436.68      313.01229      528.93333      15918.143      3451.2787      19369.422      4940.2819      0              1608.8403      3010.0383      6358.9825      0              0.69900663   
   2810000   108436.68      305.84537      718.4486       15917.991      3372.2561      19290.247      4904.4935      0              1605.1233      3006.727       6401.6474      0              0.69900663   
   2820000   108436.68      311.75915      417.83177      15899.98       3437.4615      19337.442      4935.0477      0              1560.6618      3020.8303      6383.4404      0              0.69900663   
   2830000   108436.68      312.97073      1022.4548      15960.712      3450.8204      19411.532      4946.3085      0              1600.8125      3041.8623      6371.7289      0              0.69900663   
   2840000   108436.68      309.64636      774.46606      15857.366      3414.1658      19271.531      4882.5116      0              1597.9121      3029.9966      6346.9454      0              0.69900663   
   2850000   108436.68      303.78019      384.78126      15831.534      3349.4853      19181.02       4968.0895      0              1525.6116      2984.4399      6353.3934      0              0.69900663   
   2860000   108436.68      307.30976      956.68587      16045.191      3388.4024      19433.594      4918.2531      0              1626.0646      3048.8411      6452.0326      0              0.69900663   
   2870000   108436.68      307.0699       1189.2363      15951.442      3385.7578      19337.199      4981.7179      0              1520.0501      3057.8381      6391.8354      0              0.69900663   
   2880000   108436.68      309.63692      669.17948      15964.609      3414.0618      19378.671      4953.3411      0              1580.4159      3010.9794      6419.8723      0              0.69900663   
   2890000   108436.68      307.12963      561.94677      15907.666      3386.4163      19294.082      4897.7141      0              1594.944       3014.6024      6400.4052      0              0.69900663   
   2900000   108436.68      304.49585      1098.9426      15845.931      3357.3762      19203.307      4938.3139      0              1585.3215      2990.4853      6331.8102      0              0.69900663   
   2910000   108436.68      305.60758      836.69203      15991.09       3369.6342      19360.724      4986.6777      0              1562.2643      3022.8018      6419.3459      0              0.69900663   
   2920000   108436.68      304.70506      1126.4233      15885.048      3359.683       19244.731      4954.3122      0              1574.4121      2996.9841      6359.3399      0              0.69900663   
   2930000   108436.68      307.17581      1205.3653      15884.782      3386.9255      19271.708      4970.9366      0              1579.1489      2970.9349      6363.7616      0              0.69900663   
   2940000   108436.68      313.63995      890.14944      15908.531      3458.1992      19366.73       4942.6483      0              1588.0851      2995.2981      6382.4994      0              0.69900663   
   2950000   108436.68      313.63026      829.50645      15920.231      3458.0923      19378.324      4935.2165      0              1569.7799      3005.0755      6410.1592      0              0.69900663   
   2960000   108436.68      311.82189      1058.644       15837.49       3438.1532      19275.643      4950.5685      0              1536.2841      2968.7224      6381.9145      0              0.69900663   
   2970000   108436.68      314.87373      1486.2111      15952.399      3471.8029      19424.202      5001.9972      0              1595.2677      2994.071       6361.0633      0              0.69900663   
   2980000   108436.68      306.37598      752.84792      15978.386      3378.1065      19356.493      4957.9374      0              1570.3359      3002.211       6447.9022      0              0.69900663   
   2990000   108436.68      305.60459      757.62159      15853.938      3369.6012      19223.539      4891.9234      0              1565.2027      3019.6794      6377.1321      0              0.69900663   
   3000000   108436.68      308.72739      1153.8341      15906.301      3404.0332      19310.334      4954.2339      0              1588.2526      2957.8884      6405.9258      0              0.69900663   
   3001114   108436.68      311.75462      481.45673      15916.689      3437.4116      19354.101      4912.2933      0              1604.3508      3015.8728      6384.1723      0              0.69900663   
Loop time of 408.136 on 48 procs for 1000000 steps with 3700 atoms

Performance: 21.169 ns/day, 1.134 hours/ns, 2450.162 timesteps/s, 9.066 Matom-step/s
99.9% CPU use with 48 MPI tasks x 1 OpenMP threads

MPI task timing breakdown:
Section |  min time  |  avg time  |  max time  |%varavg| %total
---------------------------------------------------------------
Pair    | 146.15     | 217.03     | 280.63     | 239.5 | 53.18
Bond    | 37.308     | 49.845     | 62.094     |  90.8 | 12.21
Neigh   | 0.7813     | 0.786      | 0.79005    |   0.3 |  0.19
Comm    | 56.662     | 130.98     | 205.88     | 353.7 | 32.09
Output  | 0.040967   | 0.075143   | 0.10642    |   6.6 |  0.02
Modify  | 3.8788     | 5.3363     | 6.8179     |  28.2 |  1.31
Other   |            | 4.09       |            |       |  1.00

Nlocal:        77.0833 ave          94 max          59 min
Histogram: 6 2 5 5 2 5 10 1 9 3
Nghost:        2285.71 ave        2373 max        2212 min
Histogram: 2 3 5 12 9 3 6 5 1 2
Neighs:        14824.2 ave       19170 max        9991 min
Histogram: 2 4 9 2 4 5 5 8 5 4

Total # of neighbors = 711564
Ave neighs/atom = 192.31459
Ave special neighs/atom = 11.898378
Neighbor list builds = 1024
Dangerous builds = 0
Generated 0 of 3 mixed pair_coeff terms from geometric mixing rule
Setting up Verlet run ...
  Unit style    : real
  Current step  : 3001114
  Time step     : 0.1
WARNING: Inconsistent image flags (src/domain.cpp:1051)
Per MPI rank memory allocation (min/avg/max) = 13.92 | 13.93 | 13.93 Mbytes
   Step         Volume          Temp          Press          PotEng         KinEng         TotEng         E_vdwl         E_coul         E_bond        E_angle        E_dihed        E_impro        Density    
   3001114   108436.68      308            464.00487      15916.689      3396.013       19312.702      4912.2933      0              1604.3508      3015.8728      6384.1723      0              0.69900663   
   3010000   69106.165      311.46167      30377.023      20885.563      3434.1814      24319.744      9613.1637      0              1265.0701      2894.6099      7112.7192      0              1.0968335    
   3020000   68147.966      305.6803       29775.593      21107.351      3370.436       24477.787      9503.0067      0              1479.3245      3039.8482      7085.1712      0              1.1122556    
   3030000   67837.291      306.98011      30385.995      21062.112      3384.7677      24446.88       9421.1294      0              1465.6172      3047.4105      7127.955       0              1.1173494    
   3040000   67654.124      297.87571      31680.166      21155.333      3284.3825      24439.716      9428.2009      0              1495.5633      3066.4193      7165.1499      0              1.1203745    
   3050000   67844.412      309.97352      29664.784      20838.929      3417.7731      24256.702      9272.6042      0              1363.8317      3087.2116      7115.2813      0              1.1172321    
   3060000   67420.205      300.09872      30606.97       21033.273      3308.8934      24342.166      9382.863       0              1460.8631      3042.0859      7147.4608      0              1.1242617    
   3070000   67841.997      311.2278       29451.394      20887.645      3431.6028      24319.248      9252.8012      0              1465.9301      3061.3323      7107.5817      0              1.1172719    
   3080000   67371.653      310.85123      31340.876      21083.551      3427.4507      24511.002      9415.6033      0              1418.9667      3090.8854      7158.0954      0              1.1250719    
   3090000   67149.978      306.45711      31504.659      21256.606      3379.0011      24635.607      9463.4582      0              1457.7715      3086.8204      7248.556       0              1.128786     
   3100000   67326.45       313.47343      29557.368      21119.11       3456.3632      24575.474      9366.0769      0              1477.0922      3091.0775      7184.8637      0              1.1258273    
   3110000   67431.712      307.81585      29422.354      21107.808      3393.9826      24501.791      9259.9317      0              1509.6239      3094.3452      7243.9077      0              1.1240699    
   3120000   67410.821      305.29615      29462.376      21085.627      3366.2003      24451.827      9247.5442      0              1488.7936      3116.7363      7232.5527      0              1.1244182    
   3130000   67368.368      309.16578      29952.293      21085.273      3408.867       24494.14       9251.4479      0              1531.8315      3089.4518      7212.5417      0              1.1251268    
   3140000   67325.804      304.46125      31902.1        21082.49       3356.9947      24439.485      9280.2978      0              1442.7232      3108.2639      7251.2051      0              1.1258381    
   3150000   67495.467      318.66863      28772.023      20961.68       3513.6455      24475.326      9151.4936      0              1511.1472      3086.4883      7212.5512      0              1.1230081    
   3160000   67307.825      312.45067      28741.906      21024.598      3445.0862      24469.684      9204.5138      0              1510.8157      3130.2335      7179.0349      0              1.1261388    
   3170000   67216.229      310.26363      30153.708      21057.167      3420.9719      24478.139      9261.6744      0              1495.8735      3127.3022      7172.3172      0              1.1276734    
   3180000   67541.026      307.05835      28306.365      20963.628      3385.6304      24349.258      9104.5338      0              1540.4275      3122.9707      7195.6962      0              1.1222506    
   3190000   67289.172      308.86426      31893.831      21065.723      3405.5424      24471.265      9281.5551      0              1468.882       3095.5337      7219.7518      0              1.126451     
   3200000   67403.593      307.91616      30246.88       21011.622      3395.0886      24406.711      9233.1021      0              1519.3315      3075.7122      7183.4768      0              1.1245388    
   3210000   67192.18       311.8759       30127.72       21035.454      3438.7488      24474.203      9281.955       0              1502.5952      3045.6676      7205.2364      0              1.128077     
   3220000   67335.985      307.6623       29383.197      21018.588      3392.2895      24410.877      9232.4195      0              1511.152       3089.3395      7185.6768      0              1.1256679    
   3230000   67136.034      310.73059      30630.763      21114.608      3426.1206      24540.728      9312.0091      0              1498.9484      3075.0901      7228.5601      0              1.1290205    
   3240000   67391.32       315.73945      29690.85       21008.949      3481.3484      24490.297      9185.0213      0              1458.9391      3159.5141      7205.4742      0              1.1247436    
   3250000   67284.087      312.68339      29426.374      21082.396      3447.6521      24530.048      9328.1402      0              1544.9912      3069.9876      7139.2771      0              1.1265362    
   3260000   67343.315      299.45562      30036.048      21085.952      3301.8026      24387.754      9177.9446      0              1552.2675      3124.4517      7231.288       0              1.1255454    
   3270000   67335.935      302.08108      31211.475      21035.649      3330.7509      24366.4        9311.434       0              1502.5258      3085.1022      7136.5865      0              1.1256687    
   3280000   67222.938      307.65304      30218.97       21044.483      3392.1874      24436.67       9220.0927      0              1491.0068      3146.251       7187.1323      0              1.1275609    
   3290000   67151.736      304.81479      30235.073      21026.992      3360.8928      24387.885      9267.2125      0              1461.0955      3142.8604      7155.8235      0              1.1287565    
   3300000   67400.004      316.80629      29574.403      21023.038      3493.1113      24516.149      9189.5761      0              1486.1685      3095.6804      7251.6129      0              1.1245987    
   3310000   67176.894      309.63584      30965.542      21064.441      3414.0499      24478.491      9302.1778      0              1469.3321      3109.9086      7183.0228      0              1.1283337    
   3320000   67094.146      304.24822      30940.272      21135.548      3354.6459      24490.194      9367.2233      0              1461.439       3104.6168      7202.2689      0              1.1297253    
   3330000   67353.286      309.47838      28917.729      21140.679      3412.3137      24552.992      9259.0664      0              1512.9731      3153.9328      7214.7063      0              1.1253787    
   3340000   67328.436      308.21856      31686.208      21101.821      3398.4229      24500.244      9281.6012      0              1500.9162      3075.0245      7244.2796      0              1.1257941    
   3350000   67150.782      305.03835      31675.439      21077.903      3363.3579      24441.261      9411.8818      0              1452.0995      3043.023       7170.8988      0              1.1287725    
   3360000   67444.781      307.26165      29616.326      20994.727      3387.872       24382.599      9251.8859      0              1476.5904      3085.0738      7181.1765      0              1.1238521    
   3370000   67152.057      308.23141      30449.737      20987.899      3398.5645      24386.464      9328.2148      0              1473.0825      3033.6867      7152.9153      0              1.1287511    
   3380000   67143.16       307.14482      30625.899      21122.175      3386.5838      24508.758      9325.6132      0              1481.1447      3126.0956      7189.3212      0              1.1289006    
   3390000   67580.265      305.30802      28898.486      20877.585      3366.3312      24243.917      9160.494       0              1467.3355      3062.5831      7187.1726      0              1.121599     
   3400000   67335.279      305.0158       30008.862      21067.863      3363.1093      24430.972      9295.826       0              1524.9635      3093.6944      7153.3792      0              1.1256797    
   3410000   67370.797      311.79629      29808.431      21089.969      3437.871       24527.84       9241.542       0              1500.1517      3120.5217      7227.754       0              1.1250862    
   3420000   67172.999      305.48005      30967.286      21127.874      3368.2281      24496.102      9293.7523      0              1517.9681      3122.6981      7193.4558      0              1.1283992    
   3430000   67231.975      312.01961      31261.189      20967.512      3440.3333      24407.846      9263.9412      0              1394.1021      3086.8747      7222.5944      0              1.1274093    
   3440000   67313.571      300.64483      28972.243      20957.894      3314.9148      24272.809      9220.2539      0              1483.9078      3078.4183      7175.3142      0              1.1260427    
   3450000   67237.627      315.51831      30529.834      20977.688      3478.9101      24456.598      9233.9592      0              1475.4202      3100.2334      7168.0756      0              1.1273146    
   3460000   67089.438      304.26165      30979.515      21114.233      3354.794       24469.027      9350.3903      0              1480.5367      3083.3249      7199.9813      0              1.1298046    
   3470000   67421.472      306.0277       30183.333      20996.039      3374.2665      24370.305      9256.516       0              1464.1055      3103.2795      7172.1377      0              1.1242406    
   3480000   67132.236      309.4312       29636.423      21099.674      3411.7935      24511.467      9298.6603      0              1489.3833      3159.9438      7151.6864      0              1.1290843    
   3490000   67314.943      300.25831      29433.987      21025.173      3310.653       24335.826      9236.9761      0              1464.2481      3118.2462      7205.7022      0              1.1260198    
   3500000   67159.746      310.77057      31596.136      21140.268      3426.5614      24566.829      9372.1144      0              1448.0729      3084.5953      7235.485       0              1.1286218    
   3501114   67093.111      308.73053      30017.751      21053.904      3404.0679      24457.971      9348.5369      0              1460.8805      3041.5483      7202.9379      0              1.1297428    
Loop time of 329.078 on 48 procs for 500000 steps with 3700 atoms

Performance: 13.128 ns/day, 1.828 hours/ns, 1519.397 timesteps/s, 5.622 Matom-step/s
99.9% CPU use with 48 MPI tasks x 1 OpenMP threads

MPI task timing breakdown:
Section |  min time  |  avg time  |  max time  |%varavg| %total
---------------------------------------------------------------
Pair    | 149.75     | 184.68     | 242.98     | 125.8 | 56.12
Bond    | 24.186     | 30.417     | 37.492     |  52.4 |  9.24
Neigh   | 0.488      | 0.49061    | 0.49349    |   0.2 |  0.15
Comm    | 36.527     | 101.53     | 141.38     | 192.0 | 30.85
Output  | 0.021952   | 0.039775   | 0.056427   |   4.8 |  0.01
Modify  | 8.5136     | 9.0701     | 10.042     |  12.2 |  2.76
Other   |            | 2.853      |            |       |  0.87

Nlocal:        77.0833 ave          92 max          64 min
Histogram: 3 1 5 12 7 6 8 3 1 2
Nghost:        3251.83 ave        3290 max        3215 min
Histogram: 4 4 2 5 6 9 9 8 0 1
Neighs:        24092.8 ave       31346 max       18997 min
Histogram: 1 4 7 13 10 7 3 1 0 2

Total # of neighbors = 1156456
Ave neighs/atom = 312.55568
Ave special neighs/atom = 11.898378
Neighbor list builds = 443
Dangerous builds = 0
Generated 0 of 3 mixed pair_coeff terms from geometric mixing rule
Setting up Verlet run ...
  Unit style    : real
  Current step  : 3501114
  Time step     : 0.1
WARNING: Inconsistent image flags (src/domain.cpp:1051)
Per MPI rank memory allocation (min/avg/max) = 13.93 | 13.94 | 13.94 Mbytes
   Step         Volume          Temp          Press          PotEng         KinEng         TotEng         E_vdwl         E_coul         E_bond        E_angle        E_dihed        E_impro        Density    
   3501114   67093.111      600            32205.858      21053.904      6615.6098      27669.513      9348.5369      0              1460.8805      3041.5483      7202.9379      0              1.1297428    
   3510000   67093.111      603.67673      30818.634      24782.875      6656.1495      31439.025      9864.6025      0              2553.0198      4140.4484      8224.8046      0              1.1297428    
   3520000   67093.111      604.64826      30145.276      24752.4        6666.8616      31419.262      9875.557       0              2530.2551      4173.3048      8173.2835      0              1.1297428    
   3530000   67093.111      605.48727      32775.781      24639.212      6676.1126      31315.324      9907.316       0              2482.1085      4144.4325      8105.3547      0              1.1297428    
   3540000   67093.111      614.36761      31108.036      24550.468      6774.0273      31324.495      9898.6041      0              2495.8623      4074.6067      8081.3946      0              1.1297428    
   3550000   67093.111      596.04445      30548.009      24506.378      6571.9959      31078.374      9843.3219      0              2421.5908      4120.5976      8120.868       0              1.1297428    
   3560000   67093.111      592.61082      32013.814      24459.598      6534.1366      30993.735      9940.9725      0              2441.6238      4019.0042      8057.9977      0              1.1297428    
   3570000   67093.111      602.85686      30599.268      24697.441      6647.1096      31344.55       9804.9373      0              2543.2301      4125.2216      8224.0517      0              1.1297428    
   3580000   67093.111      590.42483      31053.668      24691.337      6510.0338      31201.371      9919.4375      0              2566.0182      4171.7958      8034.0852      0              1.1297428    
   3590000   67093.111      603.92993      30869.305      24662.647      6658.9413      31321.588      9918.8606      0              2552.9974      4143.214       8047.5747      0              1.1297428    
   3600000   67093.111      603.44228      29628.06       24761.904      6653.5644      31415.468      9829.078       0              2568.487       4212.8993      8151.4394      0              1.1297428    
   3610000   67093.111      607.85994      30807.872      24495.529      6702.2737      31197.802      9771.6739      0              2497.5349      4157.6167      8068.7031      0              1.1297428    
   3620000   67093.111      610.29159      29965.536      24488.121      6729.0851      31217.206      9828.8137      0              2472.4274      4112.9149      8073.965       0              1.1297428    
   3630000   67093.111      583.49782      30589.909      24430.324      6433.6565      30863.98       9756.1282      0              2534.2243      4117.1184      8022.8527      0              1.1297428    
   3640000   67093.111      594.21371      30630.417      24620.581      6551.8101      31172.391      9723.397       0              2580.567       4200.366       8116.2509      0              1.1297428    
   3650000   67093.111      598.79388      30122.462      24530.51       6602.3111      31132.821      9786.1882      0              2557.1516      4165.5104      8021.66        0              1.1297428    
   3660000   67093.111      598.88385      30358.682      24693.509      6603.3032      31296.812      9771.3172      0              2551.5463      4191.3719      8179.2738      0              1.1297428    
   3670000   67093.111      581.64227      31447.241      24495.966      6413.1971      30909.163      9837.4333      0              2473.0599      4075.322       8110.1504      0              1.1297428    
   3680000   67093.111      590.25693      32565.146      24402.447      6508.1826      30910.63       9799.4412      0              2477.0399      4097.7355      8028.2305      0              1.1297428    
   3690000   67093.111      601.08067      32905.022      24583.954      6627.5253      31211.48       9819.8136      0              2486.5922      4176.0476      8101.5008      0              1.1297428    
   3700000   67093.111      610.07514      30188.007      24451.426      6726.6984      31178.125      9869.5096      0              2431.0384      4094.4409      8056.4374      0              1.1297428    
   3710000   67093.111      598.27045      31690.521      24636.098      6596.5397      31232.637      9860.5782      0              2471.1586      4175.8294      8128.5314      0              1.1297428    
   3720000   67093.111      607.39558      30371.88       24567.131      6697.1536      31264.285      9793.471       0              2516.7909      4143.6697      8113.1994      0              1.1297428    
   3730000   67093.111      601.26889      29700.069      24503.706      6629.6006      31133.307      9861.5157      0              2510.203       4082.674       8049.3135      0              1.1297428    
   3740000   67093.111      605.81614      29304.152      24585.547      6679.7386      31265.286      9805.1556      0              2572.2066      4191.19        8016.995       0              1.1297428    
   3750000   67093.111      605.82053      31491.522      24513.788      6679.7871      31193.575      9852.8765      0              2496.0176      4100.5585      8064.335       0              1.1297428    
   3760000   67093.111      614.71568      30505.71       24544.12       6777.8652      31321.986      9920.2094      0              2494.2991      4050.5379      8079.074       0              1.1297428    
   3770000   67093.111      600.04838      29784.91       24695.161      6616.1433      31311.305      9895.5956      0              2620.1145      4121.4675      8057.9838      0              1.1297428    
   3780000   67093.111      585.61344      29722.949      24468.082      6456.9834      30925.065      9780.3477      0              2527.4295      4055.4186      8104.8863      0              1.1297428    
   3790000   67093.111      595.31776      29805.05       24426.471      6563.9834      30990.455      9812.5886      0              2494.9969      4066.093       8052.7928      0              1.1297428    
   3800000   67093.111      603.93548      31272.448      24525.609      6659.0025      31184.612      9833.1391      0              2532.786       4106.9967      8052.6875      0              1.1297428    
   3810000   67093.111      586.17803      29476.964      24466.195      6463.2085      30929.404      9752.2624      0              2500.595       4154.0373      8059.3003      0              1.1297428    
   3820000   67093.111      594.96086      31360.321      24213.192      6560.0481      30773.241      9758.1747      0              2421.2247      4026.1165      8007.6764      0              1.1297428    
   3830000   67093.111      595.67516      30661.713      24640.923      6567.924       31208.847      9768.0849      0              2598.4298      4194.196       8080.2125      0              1.1297428    
   3840000   67093.111      598.19738      29748.119      24557.509      6595.7342      31153.244      9743.4666      0              2556.994       4233.503       8023.5458      0              1.1297428    
   3850000   67093.111      604.67525      30169.916      24521.274      6667.1592      31188.433      9816.2521      0              2499.1144      4121.5933      8084.3144      0              1.1297428    
   3860000   67093.111      610.76345      30705.839      24567.07       6734.2878      31301.358      9836.3367      0              2434.5889      4128.2563      8167.8882      0              1.1297428    
   3870000   67093.111      601.54378      29893.491      24593.742      6632.6316      31226.374      9783.8093      0              2605.9967      4143.6367      8060.2998      0              1.1297428    
   3880000   67093.111      592.57174      30256.799      24391.732      6533.7058      30925.438      9730.2731      0              2494.2433      4097.3218      8069.8938      0              1.1297428    
   3890000   67093.111      610.05078      31214.704      24525.39       6726.4298      31251.82       9893.6513      0              2534.1801      4059.0476      8038.5111      0              1.1297428    
   3900000   67093.111      588.67852      29858.916      24583.546      6490.779       31074.325      9786.8891      0              2609.9237      4116.0429      8070.69        0              1.1297428    
   3910000   67093.111      608.62166      30604.658      24622.004      6710.6724      31332.676      9896.408       0              2552.2068      4165.036       8008.3532      0              1.1297428    
   3920000   67093.111      598.49368      28773.855      24352.256      6599.0011      30951.257      9707.1497      0              2557.9302      4068.0175      8019.1582      0              1.1297428    
   3930000   67093.111      597.82251      30191.464      24520.33       6591.6008      31111.931      9824.7847      0              2476.3273      4184.3858      8034.832       0              1.1297428    
   3940000   67093.111      596.45459      30284.08       24430.355      6576.5181      31006.873      9634.7547      0              2488.2184      4190.5972      8116.785       0              1.1297428    
   3950000   67093.111      596.58         27743.166      24497.064      6577.9009      31074.965      9764.9427      0              2428.2022      4133.1309      8170.7883      0              1.1297428    
   3960000   67093.111      611.94798      30546.834      24512.869      6747.3484      31260.217      9825.8246      0              2555.2233      4086.5068      8045.3142      0              1.1297428    
   3970000   67093.111      602.23786      30943.965      24472.502      6640.2846      31112.787      9812.2989      0              2554.9079      4065.9565      8039.3389      0              1.1297428    
   3980000   67093.111      605.65667      31721.889      24640.679      6677.9804      31318.659      9769.1229      0              2572.5816      4116.9681      8182.0063      0              1.1297428    
   3990000   67093.111      608.17686      30178.202      24579.914      6705.768       31285.682      9784.8244      0              2467.2552      4103.4137      8224.4206      0              1.1297428    
   4000000   67093.111      603.31242      30148.91       24402.522      6652.1326      31054.655      9792.5349      0              2413.8293      4119.2365      8076.9217      0              1.1297428    
   4001114   67093.111      598.8163       32012.955      24507.238      6602.5583      31109.796      9761.5425      0              2424.6731      4133.5684      8187.4538      0              1.1297428    
Loop time of 299.383 on 48 procs for 500000 steps with 3700 atoms

Performance: 14.430 ns/day, 1.663 hours/ns, 1670.100 timesteps/s, 6.179 Matom-step/s
99.9% CPU use with 48 MPI tasks x 1 OpenMP threads

MPI task timing breakdown:
Section |  min time  |  avg time  |  max time  |%varavg| %total
---------------------------------------------------------------
Pair    | 144.4      | 180.92     | 230.53     | 113.9 | 60.43
Bond    | 20.098     | 25.504     | 29.561     |  41.6 |  8.52
Neigh   | 0.83762    | 0.84164    | 0.84418    |   0.2 |  0.28
Comm    | 32.873     | 86.86      | 128.29     | 181.6 | 29.01
Output  | 0.021012   | 0.038312   | 0.053946   |   4.6 |  0.01
Modify  | 2.2912     | 2.9128     | 3.8187     |  20.9 |  0.97
Other   |            | 2.312      |            |       |  0.77

Nlocal:        77.0833 ave          89 max          64 min
Histogram: 4 2 0 6 10 9 7 1 5 4
Nghost:        3253.85 ave        3290 max        3216 min
Histogram: 1 3 3 5 8 13 7 4 2 2
Neighs:        24114.3 ave       30872 max       18990 min
Histogram: 2 4 6 10 10 8 4 1 2 1

Total # of neighbors = 1157488
Ave neighs/atom = 312.83459
Ave special neighs/atom = 11.898378
Neighbor list builds = 771
Dangerous builds = 0
Generated 0 of 3 mixed pair_coeff terms from geometric mixing rule
Setting up Verlet run ...
  Unit style    : real
  Current step  : 4001114
  Time step     : 0.1
WARNING: Inconsistent image flags (src/domain.cpp:1051)
Per MPI rank memory allocation (min/avg/max) = 13.93 | 13.94 | 13.94 Mbytes
   Step         Volume          Temp          Press          PotEng         KinEng         TotEng         E_vdwl         E_coul         E_bond        E_angle        E_dihed        E_impro        Density    
   4001114   67093.111      308            29828.252      24507.238      3396.013       27903.251      9761.5425      0              2424.6731      4133.5684      8187.4538      0              1.1297428    
   4010000   67093.111      309.96019      30007.808      21027.495      3417.6261      24445.121      9222.0724      0              1434.3427      3123.5949      7247.4847      0              1.1297428    
   4020000   67093.111      305.9492       29125.816      20925.343      3373.4009      24298.744      9204.5355      0              1439.3188      3063.6734      7217.8152      0              1.1297428    
   4030000   67093.111      309.2577       29661.288      21000.808      3409.8805      24410.688      9193.3197      0              1456.0419      3135.0395      7216.4067      0              1.1297428    
   4040000   67093.111      315.90185      28876.798      21016.111      3483.1389      24499.25       9133.9246      0              1501.8853      3179.9316      7200.3697      0              1.1297428    
   4050000   67093.111      308.08447      28712.409      20922.735      3396.9444      24319.679      9169.7873      0              1428.9658      3122.3821      7201.5997      0              1.1297428    
   4060000   67093.111      307.10049      30117.576      21075.632      3386.0951      24461.727      9191.579       0              1445.4294      3163.3348      7275.2888      0              1.1297428    
   4070000   67093.111      308.12097      28708.419      20976.315      3397.3469      24373.662      9176.6686      0              1488.2018      3059.0594      7252.3855      0              1.1297428    
   4080000   67093.111      301.94904      29243.418      20959.778      3329.2951      24289.073      9160.0262      0              1460.7842      3133.478       7205.4891      0              1.1297428    
   4090000   67093.111      308.17049      29301.693      20967.064      3397.8929      24364.957      9124.2366      0              1475.0032      3130.3852      7237.4391      0              1.1297428    
   4100000   67093.111      304.9523       29482.063      20983.401      3362.4091      24345.81       9146.4428      0              1499.57        3117.6461      7219.7424      0              1.1297428    
   4110000   67093.111      302.83314      28463.493      20872.868      3339.0431      24211.911      9178.4376      0              1449.2095      3051.55        7193.6713      0              1.1297428    
   4120000   67093.111      311.8272       28753.675      20947.062      3438.2118      24385.274      9127.9839      0              1463.706       3101.2905      7254.0817      0              1.1297428    
   4130000   67093.111      313.36615      29726.56       20974.489      3455.1803      24429.669      9149.7068      0              1489.4844      3105.1707      7230.127       0              1.1297428    
   4140000   67093.111      313.26251      29047.07       20979.325      3454.0376      24433.363      9121.8507      0              1477.3961      3125.7232      7254.3553      0              1.1297428    
   4150000   67093.111      314.05034      28830.748      21093.627      3462.7242      24556.351      9195.2514      0              1464.6969      3111.6105      7322.0683      0              1.1297428    
   4160000   67093.111      312.72538      30350.83       20967.226      3448.1152      24415.341      9135.7473      0              1469.1091      3092.0355      7270.3341      0              1.1297428    
   4170000   67093.111      310.53969      28728.712      20935.722      3424.0157      24359.738      9127.425       0              1480.8577      3110.1419      7217.2975      0              1.1297428    
   4180000   67093.111      315.27512      28939.245      20927.795      3476.2287      24404.024      9151.9096      0              1475.3685      3115.4502      7185.0668      0              1.1297428    
   4190000   67093.111      306.90871      29266.554      20956.962      3383.9805      24340.942      9163.8916      0              1446.7983      3163.0084      7183.2635      0              1.1297428    
   4200000   67093.111      315.37698      30719.722      20927.476      3477.3517      24404.827      9265.6236      0              1419.8999      3024.885       7217.0673      0              1.1297428    
   4210000   67093.111      305.97928      28582.402      20980.4        3373.7325      24354.132      9157.3902      0              1506.4723      3104.7829      7211.7541      0              1.1297428    
   4220000   67093.111      314.842        31144.497      20926.804      3471.453       24398.257      9162.0042      0              1470.4342      3103.0642      7191.3013      0              1.1297428    
   4230000   67093.111      309.04998      31083.775      20988.992      3407.5902      24396.582      9213.4239      0              1473.5305      3102.8606      7199.1764      0              1.1297428    
   4240000   67093.111      315.44236      28658.258      20941.798      3478.0726      24419.871      9171.7671      0              1497.5734      3079.7209      7192.737       0              1.1297428    
   4250000   67093.111      306.14906      27174.168      20926.14       3375.6046      24301.744      9156.1978      0              1494.1759      3049.5532      7226.2129      0              1.1297428    
   4260000   67093.111      310.89406      28474.327      20900.546      3427.923       24328.469      9114.9084      0              1444.2738      3099.1685      7242.1951      0              1.1297428    
   4270000   67093.111      303.62193      27798.778      20938.114      3347.7403      24285.854      9151.9696      0              1516.7543      3101.953       7167.4372      0              1.1297428    
   4280000   67093.111      309.65179      30016.37       20968.33       3414.2257      24382.556      9201.865       0              1499.16        3073.861       7193.4439      0              1.1297428    
   4290000   67093.111      309.33073      30431.625      20856.081      3410.6857      24266.766      9206.0589      0              1401.6652      3069.83        7178.5265      0              1.1297428    
   4300000   67093.111      310.55138      29003.827      20910.72       3424.1446      24334.865      9156.4365      0              1450.7418      3094.1272      7209.4146      0              1.1297428    
   4310000   67093.111      311.74644      27740.784      20959.971      3437.3214      24397.292      9165.1068      0              1474.4482      3104.8602      7215.5556      0              1.1297428    
   4320000   67093.111      305.9766       29119.178      20916.826      3373.703       24290.529      9180.4821      0              1468.6591      3082.0042      7185.6809      0              1.1297428    
   4330000   67093.111      308.67263      29592.745      20978.137      3403.4295      24381.567      9154.906       0              1492.6813      3106.0494      7224.5005      0              1.1297428    
   4340000   67093.111      301.53197      27406.585      20863.999      3324.6964      24188.695      9202.5687      0              1422.2338      3035.0157      7204.1808      0              1.1297428    
   4350000   67093.111      303.6882       28664.381      20946.599      3348.4711      24295.07       9113.8797      0              1489.5855      3098.6231      7244.5104      0              1.1297428    
   4360000   67093.111      317.53527      28678.69       20886.754      3501.1491      24387.903      9147.5147      0              1481.0184      3070.6844      7187.5367      0              1.1297428    
   4370000   67093.111      308.10622      29289.744      20949.966      3397.1842      24347.15       9212.8578      0              1432.5935      3106.1873      7198.327       0              1.1297428    
   4380000   67093.111      307.22171      29668.173      21022.755      3387.4316      24410.187      9199.743       0              1499.4634      3141.2937      7182.2553      0              1.1297428    
   4390000   67093.111      310.72957      29295.515      21013.712      3426.1094      24439.821      9174.611       0              1471.8498      3106.5926      7260.6586      0              1.1297428    
   4400000   67093.111      306.35231      28369.129      20951.945      3377.8455      24329.791      9138.4759      0              1526.4198      3078.3394      7208.7102      0              1.1297428    
   4410000   67093.111      310.27873      29855.286      20969.279      3421.1384      24390.417      9121.7908      0              1469.4073      3141.0727      7237.008       0              1.1297428    
   4420000   67093.111      310.0543       27950.402      20989.948      3418.6637      24408.611      9170.1954      0              1518.5088      3102.2417      7199.0018      0              1.1297428    
   4430000   67093.111      312.89277      29087.598      20922.71       3449.9608      24372.671      9169.6839      0              1460.3952      3143.5018      7149.1294      0              1.1297428    
   4440000   67093.111      310.84979      28728.888      20984.505      3427.4348      24411.94       9154.7408      0              1514.2313      3119.8641      7195.6688      0              1.1297428    
   4450000   67093.111      302.34916      28429.231      21049.513      3333.7068      24383.22       9157.3668      0              1512.321       3132.9943      7246.8314      0              1.1297428    
   4460000   67093.111      312.39007      29330.377      20865.2        3444.4181      24309.618      9127.4414      0              1486.8449      3069.8317      7181.0818      0              1.1297428    
   4470000   67093.111      311.09563      29299.7        20902.449      3430.1455      24332.594      9153.2793      0              1420.9173      3122.5654      7205.6869      0              1.1297428    
   4480000   67093.111      304.87377      28730.861      20930.589      3361.5432      24292.133      9155.8734      0              1468.4502      3121.0776      7185.1882      0              1.1297428    
   4490000   67093.111      305.18715      28956.701      20982.235      3364.9985      24347.233      9140.3102      0              1509.3412      3089.7111      7242.8724      0              1.1297428    
   4500000   67093.111      314.17395      28144.273      21003.758      3464.0871      24467.846      9153.44        0              1509.0903      3116           7225.2282      0              1.1297428    
   4510000   67093.111      314.59339      28858.233      20905.289      3468.7118      24374          9170.4156      0              1486.4885      3072.2456      7176.1389      0              1.1297428    
   4520000   67093.111      311.73009      30071.457      21040.818      3437.1411      24477.959      9243.6058      0              1486.5726      3101.5584      7209.0814      0              1.1297428    
   4530000   67093.111      308.63309      28611.752      20903.851      3402.9935      24306.845      9158.489       0              1469.0236      3100.4002      7175.9384      0              1.1297428    
   4540000   67093.111      297.1061       28606.5        20988.833      3275.8967      24264.73       9218.8089      0              1485.6134      3059.182       7225.2287      0              1.1297428    
   4550000   67093.111      313.28872      29954.949      20936.739      3454.3265      24391.066      9142.2777      0              1478.1353      3061.4146      7254.9115      0              1.1297428    
   4560000   67093.111      308.47317      29394.713      20915.391      3401.2303      24316.621      9153.5899      0              1418.5576      3139.3878      7203.8559      0              1.1297428    
   4570000   67093.111      314.75907      29030.86       20797.894      3470.5387      24268.433      9131.53        0              1409.5654      3069.7402      7187.0585      0              1.1297428    
   4580000   67093.111      310.09233      28796.789      20965.394      3419.0831      24384.477      9118.1786      0              1462.0751      3137.5637      7247.577       0              1.1297428    
   4590000   67093.111      305.12115      27693.768      20916.156      3364.2708      24280.427      9144.959       0              1458.14        3130.3998      7182.6575      0              1.1297428    
   4600000   67093.111      307.50599      29153.618      20925.954      3390.5661      24316.52       9102.6628      0              1430.4513      3115.7223      7277.1174      0              1.1297428    
   4610000   67093.111      309.52896      29165.345      20890.366      3412.8714      24303.237      9151.7102      0              1460.205       3090.0627      7188.3882      0              1.1297428    
   4620000   67093.111      302.33507      28290.653      20923.565      3333.5514      24257.117      9116.4925      0              1450.7745      3107.3699      7248.9284      0              1.1297428    
   4630000   67093.111      312.59164      29886.062      20880.542      3446.6406      24327.183      9153.6096      0              1385.5264      3107.0541      7234.3524      0              1.1297428    
   4640000   67093.111      311.478        29658.828      20919.926      3434.3615      24354.288      9207.5339      0              1468.1775      3101.3592      7142.8558      0              1.1297428    
   4650000   67093.111      305.95482      29633.046      20930.988      3373.4628      24304.451      9212.3091      0              1416.5684      3089.6837      7212.4271      0              1.1297428    
   4660000   67093.111      304.55494      30063.264      20976.246      3358.0278      24334.274      9156.1847      0              1473.0549      3112.7363      7234.2702      0              1.1297428    
   4670000   67093.111      313.47194      29680.682      21022.983      3456.3467      24479.33       9175.001       0              1469.1473      3121.9599      7256.8748      0              1.1297428    
   4680000   67093.111      311.91816      28363.591      20934.768      3439.2147      24373.983      9163.5562      0              1484.4387      3079.3133      7207.4599      0              1.1297428    
   4690000   67093.111      312.3412       30825.034      20891.929      3443.8792      24335.808      9123.6444      0              1494.5873      3050.1405      7223.5567      0              1.1297428    
   4700000   67093.111      314.0484       28644.459      20880.778      3462.7028      24343.481      9209.4498      0              1461.446       3028.4797      7181.4027      0              1.1297428    
   4710000   67093.111      310.00754      29096.42       20973.419      3418.1483      24391.567      9163.8241      0              1483.5417      3106.7091      7219.3437      0              1.1297428    
   4720000   67093.111      308.25065      28230.268      20958.043      3398.7768      24356.82       9190.9553      0              1507.2949      3087.0345      7172.7583      0              1.1297428    
   4730000   67093.111      310.92353      29586.863      21013.157      3428.2479      24441.405      9135.979       0              1511.8646      3166.579       7198.7347      0              1.1297428    
   4740000   67093.111      312.95343      29323.728      20932.916      3450.6296      24383.546      9186.8716      0              1448.0287      3122.4434      7175.5725      0              1.1297428    
   4750000   67093.111      297.87634      29294.539      21001.826      3284.3894      24286.215      9234.3697      0              1495.0867      3076.8892      7195.4805      0              1.1297428    
   4760000   67093.111      313.75014      29423.252      20909.086      3459.4141      24368.5        9171.0695      0              1499.2054      3118.5376      7120.2736      0              1.1297428    
   4770000   67093.111      304.15444      28642.959      20976.184      3353.6118      24329.796      9160.9004      0              1492.0697      3089.1926      7234.0213      0              1.1297428    
   4780000   67093.111      309.06786      29887.082      20996.356      3407.7873      24404.143      9162.22        0              1405.3488      3178.9067      7249.8805      0              1.1297428    
   4790000   67093.111      308.82247      29572.36       20941.493      3405.0816      24346.575      9164.4508      0              1480.554       3077.6129      7218.8758      0              1.1297428    
   4800000   67093.111      300.3144       29335.236      20939.584      3311.2715      24250.856      9200.4839      0              1471.9734      3045.3282      7221.7988      0              1.1297428    
   4810000   67093.111      307.74845      30603.666      20887.933      3393.2394      24281.172      9187.1399      0              1439.0427      3091.3427      7170.4074      0              1.1297428    
   4820000   67093.111      301.0549       30013.854      20859.222      3319.4363      24178.659      9159.1747      0              1434.9347      3078.0227      7187.0901      0              1.1297428    
   4830000   67093.111      309.03035      28133.266      20997.41       3407.3737      24404.784      9157.5006      0              1543.0201      3055.9292      7240.9601      0              1.1297428    
   4840000   67093.111      308.3742       29520.123      20972.99       3400.139       24373.129      9160.9053      0              1478.2527      3128.9584      7204.8736      0              1.1297428    
   4850000   67093.111      305.6154       29197.999      20969.994      3369.7205      24339.714      9139.1065      0              1495.4807      3112.7591      7222.6473      0              1.1297428    
   4860000   67093.111      312.68599      29311.369      20917.947      3447.6809      24365.628      9087.2653      0              1466.2939      3098.5598      7265.8278      0              1.1297428    
   4870000   67093.111      308.2269       28810.456      20966.573      3398.5148      24365.088      9202.9161      0              1541.2124      3058.2445      7164.1999      0              1.1297428    
   4880000   67093.111      302.62168      29583.075      20992.727      3336.7116      24329.439      9178.2473      0              1473.7748      3098.9303      7241.7745      0              1.1297428    
   4890000   67093.111      310.10109      28740.842      20987.929      3419.1797      24407.108      9175.2475      0              1442.4848      3154.6977      7215.4989      0              1.1297428    
   4900000   67093.111      309.70861      30430.14       20947.532      3414.8522      24362.384      9160.9418      0              1500.7792      3034.652       7251.1591      0              1.1297428    
   4910000   67093.111      310.32638      29837.872      20926.848      3421.6637      24348.512      9140.5714      0              1471.1808      3092.134       7222.9622      0              1.1297428    
   4920000   67093.111      304.75532      30427.844      20988.585      3360.2372      24348.822      9194.439       0              1457.5706      3070.4307      7266.1448      0              1.1297428    
   4930000   67093.111      301.61878      28860.19       20955.406      3325.6536      24281.06       9151.4931      0              1479.7531      3076.0918      7248.0682      0              1.1297428    
   4940000   67093.111      304.95395      28363.328      20925.653      3362.4273      24288.08       9157.9512      0              1462.4285      3086.0397      7219.2332      0              1.1297428    
   4950000   67093.111      314.20452      28295.698      20886.085      3464.4242      24350.51       9178.0908      0              1477.315       3059.8307      7170.8488      0              1.1297428    
   4960000   67093.111      312.21047      28178.484      20898.37       3442.4377      24340.808      9137.4891      0              1483.7649      3116.3791      7160.7367      0              1.1297428    
   4970000   67093.111      307.27127      29075.206      20987.201      3387.978       24375.179      9168.4606      0              1534.2408      3079.764       7204.7355      0              1.1297428    
   4980000   67093.111      308.81478      28187.527      20917.752      3404.9968      24322.749      9152.6601      0              1492.046       3106.9457      7166.1006      0              1.1297428    
   4990000   67093.111      305.37491      28972.264      20998.991      3367.0687      24366.06       9146.9167      0              1490.6554      3140.436       7220.9828      0              1.1297428    
   5000000   67093.111      310.46573      28298.367      20987.703      3423.2003      24410.903      9140.5379      0              1469.4163      3135.3241      7242.4242      0              1.1297428    
   5001114   67093.111      305.91718      28254.039      20927.085      3373.0479      24300.133      9218.213       0              1472.7828      3087.7907      7148.2986      0              1.1297428    
Loop time of 589.313 on 48 procs for 1000000 steps with 3700 atoms

Performance: 14.661 ns/day, 1.637 hours/ns, 1696.891 timesteps/s, 6.278 Matom-step/s
99.9% CPU use with 48 MPI tasks x 1 OpenMP threads

MPI task timing breakdown:
Section |  min time  |  avg time  |  max time  |%varavg| %total
---------------------------------------------------------------
Pair    | 282.64     | 362.45     | 455.31     | 172.7 | 61.50
Bond    | 38.797     | 50.818     | 58.737     |  62.6 |  8.62
Neigh   | 0.80268    | 0.80688    | 0.80976    |   0.2 |  0.14
Comm    | 63.38      | 164.74     | 255.17     | 283.7 | 27.96
Output  | 0.042556   | 0.077564   | 0.10994    |   6.7 |  0.01
Modify  | 4.4024     | 5.7975     | 7.3324     |  30.1 |  0.98
Other   |            | 4.614      |            |       |  0.78

Nlocal:        77.0833 ave          91 max          62 min
Histogram: 1 4 1 4 10 14 6 6 0 2
Nghost:        3253.35 ave        3287 max        3212 min
Histogram: 1 4 4 3 6 8 8 8 3 3
Neighs:        24108.6 ave       29184 max       18636 min
Histogram: 1 2 4 8 7 6 13 4 2 1

Total # of neighbors = 1157215
Ave neighs/atom = 312.76081
Ave special neighs/atom = 11.898378
Neighbor list builds = 752
Dangerous builds = 0
Generated 0 of 3 mixed pair_coeff terms from geometric mixing rule
Setting up Verlet run ...
  Unit style    : real
  Current step  : 5001114
  Time step     : 0.1
WARNING: Inconsistent image flags (src/domain.cpp:1051)
Per MPI rank memory allocation (min/avg/max) = 13.93 | 13.94 | 13.94 Mbytes
   Step         Volume          Temp          Press          PotEng         KinEng         TotEng         E_vdwl         E_coul         E_bond        E_angle        E_dihed        E_impro        Density    
   5001114   67093.111      308            28269.685      20927.085      3396.013       24323.098      9218.213       0              1472.7828      3087.7907      7148.2986      0              1.1297428    
   5010000   60920.076      304.70709      50276.263      24210.945      3359.7053      27570.65       12226.53       0              1411.6877      3069.167       7503.5607      0              1.2442197    
   5020000   60679.922      300.60117      49334.636      24515.249      3314.4334      27829.682      12264.49       0              1500.7108      3204.522       7545.5256      0              1.2491439    
   5030000   60534.123      308.28588      51542.674      24426.72       3399.1652      27825.885      12360.916      0              1470.7423      3113.2541      7481.807       0              1.2521525    
   5040000   60497.785      309.01246      50698.18       24527.778      3407.1764      27934.955      12337.847      0              1477.7297      3188.995       7523.2068      0              1.2529047    
   5050000   60492.095      314.09082      49086.34       24606.285      3463.1705      28069.456      12392.974      0              1486.1787      3218.5099      7508.6229      0              1.2530225    
   5060000   60395.491      307.0134       50013.148      24617.77       3385.1348      28002.905      12420.487      0              1456.5953      3129.2679      7611.4203      0              1.2550267    
   5070000   60351.946      309.94417      49415.391      24645.487      3417.4495      28062.937      12456.826      0              1478.5285      3180.1274      7530.0057      0              1.2559323    
   5080000   60464.881      312.94746      49946.021      24483.669      3450.5639      27934.233      12360.772      0              1446.7202      3110.886       7565.2913      0              1.2535865    
   5090000   60450.899      306.0857       48976.746      24601.74       3374.906       27976.646      12323.179      0              1464.1303      3259.6836      7554.747       0              1.2538764    
   5100000   60397.166      306.66201      49506.227      24591.985      3381.2603      27973.245      12494.821      0              1440.5206      3137.3711      7519.2723      0              1.2549919    
   5110000   60438.084      300.01183      49709.244      24558.259      3307.9354      27866.195      12391.945      0              1470.7394      3150.328       7545.247       0              1.2541423    
   5120000   60526.608      312.6639       49980.228      24453.173      3447.4373      27900.61       12336.78       0              1510.2117      3132.7384      7473.4428      0              1.252308     
   5130000   60621.626      304.67096      47646.781      24465.411      3359.307       27824.718      12258.392      0              1481.0131      3169.4879      7556.5181      0              1.2503451    
   5140000   60434.149      303.53485      48689.585      24525.358      3346.7802      27872.139      12431.166      0              1415.8231      3137.5878      7540.7811      0              1.2542239    
   5150000   60481.557      300.33197      51406.332      24566.558      3311.4652      27878.023      12432.975      0              1454.775       3159.5978      7519.2097      0              1.2532408    
   5160000   60593.861      313.72086      49211.349      24446.371      3459.0913      27905.462      12269.928      0              1505.8184      3173.3811      7497.2439      0              1.2509181    
   5170000   60495.388      307.89822      50078.357      24434.22       3394.8908      27829.11       12313.446      0              1424.3128      3184.702       7511.7584      0              1.2529543    
   5180000   60493.245      307.07413      50787.707      24527.953      3385.8043      27913.757      12318.637      0              1461.9871      3162.444       7584.8852      0              1.2529987    
   5190000   60389.962      312.28083      49928.958      24615.712      3443.2136      28058.926      12412.818      0              1455.9351      3154.1203      7592.8389      0              1.2551416    
   5200000   60426.219      308.62261      49489.979      24664          3402.878       28066.878      12398.156      0              1486.7251      3207.3873      7571.732       0              1.2543885    
   5210000   60387.534      307.54482      50303.692      24625.374      3390.9943      28016.368      12454.256      0              1478.5298      3169.1526      7523.4352      0              1.2551921    
   5220000   60401.263      303.57175      50615.508      24594.569      3347.1871      27941.756      12479.109      0              1426.6618      3128.0634      7560.7349      0              1.2549068    
   5230000   60547.969      314.87744      49457.624      24499.046      3471.8438      27970.89       12339.935      0              1472.77        3135.7542      7550.5869      0              1.2518662    
   5240000   60475.307      306.83811      49294.995      24475.093      3383.202       27858.295      12332.9        0              1463.7116      3204.1066      7474.3753      0              1.2533703    
   5250000   60564.046      313.64569      50784.657      24426.836      3458.2625      27885.098      12280.711      0              1466.8646      3167.9431      7511.3169      0              1.2515339    
   5260000   60580.065      301.99342      49635.198      24485.135      3329.7844      27814.92       12287.327      0              1461.652       3197.8486      7538.3077      0              1.2512029    
   5270000   60364.572      302.32629      49350.833      24585.724      3333.4546      27919.178      12353.992      0              1473.9261      3199.7357      7558.0702      0              1.2556696    
   5280000   60415.778      307.26747      48924.05       24560.129      3387.9362      27948.066      12389.914      0              1516.1534      3157.4781      7496.5836      0              1.2546053    
   5290000   60432.216      307.36505      48786.534      24619.82       3389.012       28008.832      12309.983      0              1508.6022      3238.101       7563.134       0              1.254264     
   5300000   60317.732      306.65511      50430.137      24698.291      3381.1843      28079.476      12466.086      0              1485.8733      3191.3025      7555.0297      0              1.2566447    
   5310000   60347.382      303.23886      50469.36       24725.881      3343.5167      28069.398      12492.915      0              1493.5104      3190.6653      7548.7911      0              1.2560272    
   5320000   60197.242      307.99752      50564.707      24656.943      3395.9857      28052.928      12524.873      0              1456.2751      3132.1326      7543.662       0              1.2591599    
   5330000   60353.169      315.41827      49380.087      24579.772      3477.8071      28057.579      12370.9        0              1497.8817      3202.7454      7508.2452      0              1.2559068    
   5340000   60549.566      308.57465      47576.392      24520.197      3402.3492      27922.546      12233.177      0              1536.1163      3188.9906      7561.9124      0              1.2518332    
   5350000   60280.787      305.33877      50647.93       24650.581      3366.6702      28017.252      12480.846      0              1432.8942      3194.9241      7541.9175      0              1.2574148    
   5360000   60254.667      306.54513      50068.417      24711.72       3379.9716      28091.691      12484.092      0              1475.3631      3200.9435      7551.3213      0              1.2579599    
   5370000   60432.322      306.59777      49504.046      24486.364      3380.552       27866.916      12245.802      0              1469.7628      3209.1152      7561.6837      0              1.2542619    
   5380000   60201.428      303.83381      50076.399      24706.399      3350.0765      28056.475      12481.921      0              1516.8372      3180.7039      7526.9371      0              1.2590724    
   5390000   60351.534      312.39404      49345.248      24599.766      3444.4617      28044.228      12384.144      0              1542.4706      3144.4678      7528.6844      0              1.2559408    
   5400000   60522.267      306.26167      47938.093      24483.786      3376.8462      27860.632      12252.484      0              1498.8662      3227.3804      7505.0561      0              1.2523978    
   5410000   60405.43       312.99798      49036.323      24631.088      3451.1208      28082.209      12410.085      0              1471.877       3206.1664      7542.9601      0              1.2548202    
   5420000   60392.532      304.03536      48943.643      24531.071      3352.2989      27883.37       12388.654      0              1461.9424      3123.7261      7556.7492      0              1.2550882    
   5430000   60269.897      306.34341      49606.079      24639.462      3377.7474      28017.209      12450.39       0              1462.2734      3203.6935      7523.1055      0              1.257642     
   5440000   60434.903      310.82311      50120.653      24607.739      3427.1407      28034.879      12369.422      0              1471.7544      3209.1178      7557.4446      0              1.2542083    
   5450000   60440.527      302.02826      48859.796      24566.431      3330.1685      27896.6        12265.076      0              1523.3261      3185.0902      7592.9393      0              1.2540916    
   5460000   60500.65       304.31428      48715.637      24488.825      3355.3742      27844.199      12377.128      0              1446.8993      3152.9918      7511.8053      0              1.2528453    
   5470000   60644.004      310.17573      48871.997      24412.429      3420.0027      27832.431      12221.46       0              1471.6968      3176.9418      7542.3302      0              1.2498838    
   5480000   60497.345      303.2998       49248.754      24464.585      3344.1886      27808.774      12270.685      0              1458.338       3182.3665      7553.1962      0              1.2529138    
   5490000   60422.253      306.74525      49959.55       24484.151      3382.1782      27866.329      12367.17       0              1448.8415      3119.6649      7548.4745      0              1.2544709    
   5500000   60430.223      309.88802      49444.687      24558.579      3416.8304      27975.409      12382.706      0              1482.4074      3190.178       7503.2871      0              1.2543054    
   5501114   60236.042      305.52991      51613.101      24713.811      3368.7778      28082.589      12477.637      0              1517.9023      3183.6487      7534.6226      0              1.2583489    
Loop time of 344.655 on 48 procs for 500000 steps with 3700 atoms

Performance: 12.534 ns/day, 1.915 hours/ns, 1450.726 timesteps/s, 5.368 Matom-step/s
99.9% CPU use with 48 MPI tasks x 1 OpenMP threads

MPI task timing breakdown:
Section |  min time  |  avg time  |  max time  |%varavg| %total
---------------------------------------------------------------
Pair    | 162.06     | 206.52     | 245.97     | 117.6 | 59.92
Bond    | 23.667     | 30.629     | 35.631     |  45.6 |  8.89
Neigh   | 0.38548    | 0.38723    | 0.38855    |   0.1 |  0.11
Comm    | 50.341     | 93.812     | 144.9      | 194.8 | 27.22
Output  | 0.020733   | 0.037967   | 0.053843   |   4.7 |  0.01
Modify  | 9.4449     | 9.9842     | 10.655     |   8.8 |  2.90
Other   |            | 3.288      |            |       |  0.95

Nlocal:        77.0833 ave          89 max          63 min
Histogram: 1 2 2 5 11 8 8 4 5 2
Nghost:        3505.23 ave        3538 max        3485 min
Histogram: 4 4 5 12 12 9 0 1 0 1
Neighs:        26797.7 ave       32551 max       20672 min
Histogram: 1 0 2 10 11 9 8 4 0 3

Total # of neighbors = 1286289
Ave neighs/atom = 347.64568
Ave special neighs/atom = 11.898378
Neighbor list builds = 332
Dangerous builds = 0
Generated 0 of 3 mixed pair_coeff terms from geometric mixing rule
Setting up Verlet run ...
  Unit style    : real
  Current step  : 5501114
  Time step     : 0.1
WARNING: Inconsistent image flags (src/domain.cpp:1051)
Per MPI rank memory allocation (min/avg/max) = 13.93 | 13.94 | 13.94 Mbytes
   Step         Volume          Temp          Press          PotEng         KinEng         TotEng         E_vdwl         E_coul         E_bond        E_angle        E_dihed        E_impro        Density    
   5501114   60236.042      600            54077.075      24713.811      6615.6098      31329.421      12477.637      0              1517.9023      3183.6487      7534.6226      0              1.2583489    
   5510000   60236.042      598.74725      52673.455      28247.109      6601.797       34848.906      13102.638      0              2502.0878      4202.5727      8439.8103      0              1.2583489    
   5520000   60236.042      594.77763      51697.102      28240.268      6558.0279      34798.296      13101.376      0              2496.3352      4188.6083      8453.9488      0              1.2583489    
   5530000   60236.042      602.51516      51446.848      28130.963      6643.3421      34774.306      13093.211      0              2444.6454      4215.4561      8377.6509      0              1.2583489    
   5540000   60236.042      604.37833      52652.836      28319.471      6663.8854      34983.356      13104.052      0              2452.243       4193.5789      8569.597       0              1.2583489    
   5550000   60236.042      606.09875      52788.417      28332.539      6682.8547      35015.394      13046.586      0              2504.4198      4300.7358      8480.7976      0              1.2583489    
   5551114   60236.042      588.71966      52272.318      28233.275      6491.2326      34724.508      13042.142      0              2537.0514      4225.1543      8428.927       0              1.2583489    
Loop time of 32.1348 on 48 procs for 50000 steps with 3700 atoms

Performance: 13.443 ns/day, 1.785 hours/ns, 1555.946 timesteps/s, 5.757 Matom-step/s
99.9% CPU use with 48 MPI tasks x 1 OpenMP threads

MPI task timing breakdown:
Section |  min time  |  avg time  |  max time  |%varavg| %total
---------------------------------------------------------------
Pair    | 15.5       | 20.209     | 24.71      |  36.7 | 62.89
Bond    | 1.9721     | 2.5706     | 2.9953     |  12.5 |  8.00
Neigh   | 0.082673   | 0.083152   | 0.08343    |   0.1 |  0.26
Comm    | 3.8372     | 8.7222     | 13.982     |  60.9 | 27.14
Output  | 0.0021605  | 0.0038983  | 0.005526   |   1.5 |  0.01
Modify  | 0.24761    | 0.30797    | 0.40664    |   6.1 |  0.96
Other   |            | 0.2377     |            |       |  0.74

Nlocal:        77.0833 ave          88 max          62 min
Histogram: 1 1 1 3 10 11 8 5 6 2
Nghost:        3516.98 ave        3555 max        3490 min
Histogram: 3 2 5 11 14 6 5 1 0 1
Neighs:        26905.8 ave       32133 max       20693 min
Histogram: 1 0 2 8 9 10 8 6 2 2

Total # of neighbors = 1291477
Ave neighs/atom = 349.04784
Ave special neighs/atom = 11.898378
Neighbor list builds = 71
Dangerous builds = 0
Generated 0 of 3 mixed pair_coeff terms from geometric mixing rule
Setting up Verlet run ...
  Unit style    : real
  Current step  : 5551114
  Time step     : 0.1
WARNING: Inconsistent image flags (src/domain.cpp:1051)
Per MPI rank memory allocation (min/avg/max) = 13.93 | 13.94 | 13.94 Mbytes
   Step         Volume          Temp          Press          PotEng         KinEng         TotEng         E_vdwl         E_coul         E_bond        E_angle        E_dihed        E_impro        Density    
   5551114   60236.042      308            49923.4        28233.275      3396.013       31629.288      13042.142      0              2537.0514      4225.1543      8428.927       0              1.2583489    
   5560000   60236.042      305.58359      49636.379      24631.606      3369.3696      28000.976      12414.367      0              1508.6552      3166.6755      7541.9083      0              1.2583489    
   5570000   60236.042      306.59197      50245.643      24689.47       3380.488       28069.958      12357.827      0              1496.4265      3162.5317      7672.6853      0              1.2583489    
   5580000   60236.042      306.07412      51184.567      24696.321      3374.7783      28071.099      12423.673      0              1449.8651      3167.5357      7655.2472      0              1.2583489    
   5590000   60236.042      311.68771      48302.934      24560.411      3436.6738      27997.085      12289.637      0              1420.6739      3205.0302      7645.0694      0              1.2583489    
   5600000   60236.042      313.4197       48269.911      24711.512      3455.7708      28167.283      12333.723      0              1479.28        3222.3887      7676.1203      0              1.2583489    
   5601114   60236.042      308.88816      50751.939      24632.714      3405.8059      28038.52       12311.297      0              1490.9175      3142.2765      7688.2229      0              1.2583489    
Loop time of 32.0723 on 48 procs for 50000 steps with 3700 atoms

Performance: 13.470 ns/day, 1.782 hours/ns, 1558.979 timesteps/s, 5.768 Matom-step/s
99.9% CPU use with 48 MPI tasks x 1 OpenMP threads

MPI task timing breakdown:
Section |  min time  |  avg time  |  max time  |%varavg| %total
---------------------------------------------------------------
Pair    | 14.853     | 20.219     | 24.894     |  37.1 | 63.04
Bond    | 1.8502     | 2.5618     | 2.9758     |  12.4 |  7.99
Neigh   | 0.029187   | 0.029323   | 0.029414   |   0.0 |  0.09
Comm    | 3.6088     | 8.7191     | 14.757     |  61.6 | 27.19
Output  | 0.0022023  | 0.003951   | 0.0055251  |   1.4 |  0.01
Modify  | 0.2383     | 0.29981    | 0.39177    |   6.2 |  0.93
Other   |            | 0.2396     |            |       |  0.75

Nlocal:        77.0833 ave          89 max          59 min
Histogram: 1 0 0 3 11 6 12 8 1 6
Nghost:        3509.29 ave        3558 max        3482 min
Histogram: 3 10 9 7 6 6 5 0 1 1
Neighs:        26913.8 ave       33029 max       19992 min
Histogram: 1 0 2 8 10 12 8 4 0 3

Total # of neighbors = 1291861
Ave neighs/atom = 349.15162
Ave special neighs/atom = 11.898378
Neighbor list builds = 25
Dangerous builds = 0
Generated 0 of 3 mixed pair_coeff terms from geometric mixing rule
Setting up Verlet run ...
  Unit style    : real
  Current step  : 5601114
  Time step     : 0.1
WARNING: Inconsistent image flags (src/domain.cpp:1051)
Per MPI rank memory allocation (min/avg/max) = 13.93 | 13.94 | 13.94 Mbytes
   Step         Volume          Temp          Press          PotEng         KinEng         TotEng         E_vdwl         E_coul         E_bond        E_angle        E_dihed        E_impro        Density    
   5601114   60236.042      308            50744.508      24632.714      3396.013       28028.727      12311.297      0              1490.9175      3142.2765      7688.2229      0              1.2583489    
   5610000   68918.079      308.81636      25051.898      20462.289      3405.0143      23867.303      8612.7503      0              1523.6274      3091.6529      7234.2581      0              1.0998269    
   5620000   68973.344      305.36015      24155.627      20355.688      3366.906       23722.594      8573.3898      0              1515.3249      3073.8978      7193.0755      0              1.0989456    
   5630000   68774.104      308.46182      25072.836      20323.619      3401.1051      23724.724      8552.2462      0              1500.0476      3048.3932      7222.9322      0              1.1021293    
   5640000   68890.234      306.62068      24438.964      20369.563      3380.8046      23750.368      8525.2065      0              1489.7492      3115.5799      7239.0275      0              1.1002714    
   5650000   68816.774      306.72637      23424.847      20252.986      3381.9699      23634.956      8512.6154      0              1503.7341      3045.0033      7191.6334      0              1.1014459    
   5660000   68660.098      317.98142      24878.628      20402.343      3506.0684      23908.412      8610.7744      0              1494.2365      3121.3996      7175.9331      0              1.1039593    
   5670000   68868.404      302.4519       25546.794      20293.452      3334.8396      23628.292      8538.4299      0              1543.4364      3059.1099      7152.4762      0              1.1006202    
   5680000   69077.358      311.66268      25200.953      20241.014      3436.3978      23677.411      8450.23        0              1489.3154      3127.0674      7174.4008      0              1.0972909    
   5690000   68851.373      309.39241      25632.823      20302.456      3411.3657      23713.822      8522.2606      0              1483.5878      3109.257       7187.3509      0              1.1008924    
   5700000   68915.234      308.53379      23747.297      20294.768      3401.8987      23696.667      8468.8016      0              1533.6461      3074.6032      7217.7175      0              1.0998723    
   5701114   68733.47       309.89578      25723.53       20361.977      3416.916       23778.893      8571.8633      0              1478.8728      3098.8485      7212.3925      0              1.1027809    
Loop time of 62.8213 on 48 procs for 100000 steps with 3700 atoms

Performance: 13.753 ns/day, 1.745 hours/ns, 1591.818 timesteps/s, 5.890 Matom-step/s
99.9% CPU use with 48 MPI tasks x 1 OpenMP threads

MPI task timing breakdown:
Section |  min time  |  avg time  |  max time  |%varavg| %total
---------------------------------------------------------------
Pair    | 28.293     | 36.486     | 44.47      |  52.5 | 58.08
Bond    | 4.6488     | 6.0743     | 7.1775     |  22.7 |  9.67
Neigh   | 0.088359   | 0.088671   | 0.089019   |   0.1 |  0.14
Comm    | 8.9946     | 17.851     | 27.399     |  85.4 | 28.42
Output  | 0.0041186  | 0.0075479  | 0.010642   |   2.0 |  0.01
Modify  | 1.6831     | 1.7821     | 1.9464     |   4.7 |  2.84
Other   |            | 0.531      |            |       |  0.85

Nlocal:        77.0833 ave          90 max          62 min
Histogram: 3 1 2 6 4 14 9 3 3 3
Nghost:        3189.38 ave        3213 max        3153 min
Histogram: 1 0 2 4 7 7 7 11 7 2
Neighs:        23532.5 ave       27909 max       17521 min
Histogram: 1 1 3 3 9 8 11 4 4 4

Total # of neighbors = 1129561
Ave neighs/atom = 305.28676
Ave special neighs/atom = 11.898378
Neighbor list builds = 83
Dangerous builds = 0
Generated 0 of 3 mixed pair_coeff terms from geometric mixing rule
Setting up Verlet run ...
  Unit style    : real
  Current step  : 5701114
  Time step     : 0.1
WARNING: Inconsistent image flags (src/domain.cpp:1051)
Per MPI rank memory allocation (min/avg/max) = 13.93 | 13.94 | 13.94 Mbytes
   Step         Volume          Temp          Press          PotEng         KinEng         TotEng         E_vdwl         E_coul         E_bond        E_angle        E_dihed        E_impro        Density    
   5701114   68733.47       600            27850.871      20361.977      6615.6098      26977.587      8571.8633      0              1478.8728      3098.8485      7212.3925      0              1.1027809    
   5710000   68733.47       581.41455      26532.18       23870.264      6410.6863      30280.95       9117.3153      0              2580.2349      4204.4343      7968.2792      0              1.1027809    
   5720000   68733.47       596.68895      25777.892      23758.523      6579.1022      30337.625      9124.7292      0              2456.8815      4144.1645      8032.7481      0              1.1027809    
   5730000   68733.47       605.60186      27614.51       23751.832      6677.3761      30429.208      9151.1949      0              2490.8396      4071.5363      8038.2608      0              1.1027809    
   5740000   68733.47       591.15276      25675.449      23848.048      6518.06        30366.108      9196.9808      0              2509.1723      4148.2684      7993.6267      0              1.1027809    
   5750000   68733.47       594.03309      26491.216      23683.568      6549.8186      30233.387      9046.5827      0              2471.2506      4105.5453      8060.1896      0              1.1027809    
   5751114   68733.47       587.3343       24705.083      23834.89       6475.9577      30310.848      9047.3019      0              2545.7774      4119.335       8122.4758      0              1.1027809    
Loop time of 28.638 on 48 procs for 50000 steps with 3700 atoms

Performance: 15.085 ns/day, 1.591 hours/ns, 1745.931 timesteps/s, 6.460 Matom-step/s
99.9% CPU use with 48 MPI tasks x 1 OpenMP threads

MPI task timing breakdown:
Section |  min time  |  avg time  |  max time  |%varavg| %total
---------------------------------------------------------------
Pair    | 13.896     | 17.673     | 21.248     |  36.2 | 61.71
Bond    | 2.0038     | 2.542      | 3.0045     |  14.0 |  8.88
Neigh   | 0.082332   | 0.08276    | 0.083006   |   0.1 |  0.29
Comm    | 3.9674     | 7.8108     | 12.077     |  60.6 | 27.27
Output  | 0.0021558  | 0.003882   | 0.0054595  |   1.5 |  0.01
Modify  | 0.225      | 0.3004     | 0.36858    |   6.0 |  1.05
Other   |            | 0.2256     |            |       |  0.79

Nlocal:        77.0833 ave          88 max          61 min
Histogram: 1 2 1 6 6 10 5 5 6 6
Nghost:        3192.21 ave        3220 max        3157 min
Histogram: 1 2 3 7 5 6 12 7 1 4
Neighs:        23524.2 ave       28817 max       17685 min
Histogram: 1 1 4 7 6 15 4 6 2 2

Total # of neighbors = 1129164
Ave neighs/atom = 305.17946
Ave special neighs/atom = 11.898378
Neighbor list builds = 78
Dangerous builds = 0
Generated 0 of 3 mixed pair_coeff terms from geometric mixing rule
Setting up Verlet run ...
  Unit style    : real
  Current step  : 5751114
  Time step     : 0.1
WARNING: Inconsistent image flags (src/domain.cpp:1051)
Per MPI rank memory allocation (min/avg/max) = 13.93 | 13.94 | 13.94 Mbytes
   Step         Volume          Temp          Press          PotEng         KinEng         TotEng         E_vdwl         E_coul         E_bond        E_angle        E_dihed        E_impro        Density    
   5751114   68733.47       308            22656.718      23834.89       3396.013       27230.903      9047.3019      0              2545.7774      4119.335       8122.4758      0              1.1027809    
   5760000   68733.47       304.59575      26058.644      20333.937      3358.4778      23692.414      8679.7912      0              1504.8421      3068.7368      7080.5664      0              1.1027809    
   5770000   68733.47       306.73445      25138.206      20290.38       3382.0591      23672.439      8559.6537      0              1422.3183      3117.9854      7190.4223      0              1.1027809    
   5780000   68733.47       307.86254      25227.609      20199.681      3394.4974      23594.179      8531.8344      0              1435.1026      3056.2289      7176.5154      0              1.1027809    
   5790000   68733.47       307.32327      25811.632      20273.114      3388.5514      23661.665      8628.0011      0              1504.8199      3055.9406      7084.3523      0              1.1027809    
   5800000   68733.47       310.67724      25045.246      20268.06       3425.5323      23693.593      8531.5702      0              1489.7484      3100.9707      7145.7711      0              1.1027809    
   5801114   68733.47       307.70955      25074.227      20314.342      3392.8105      23707.152      8581.5648      0              1480.5324      3071.8553      7180.3891      0              1.1027809    
Loop time of 28.4376 on 48 procs for 50000 steps with 3700 atoms

Performance: 15.191 ns/day, 1.580 hours/ns, 1758.238 timesteps/s, 6.505 Matom-step/s
99.9% CPU use with 48 MPI tasks x 1 OpenMP threads

MPI task timing breakdown:
Section |  min time  |  avg time  |  max time  |%varavg| %total
---------------------------------------------------------------
Pair    | 14.051     | 17.675     | 21.332     |  36.3 | 62.16
Bond    | 2.0167     | 2.5328     | 3.0036     |  14.2 |  8.91
Neigh   | 0.042068   | 0.042291   | 0.042463   |   0.1 |  0.15
Comm    | 3.5812     | 7.6579     | 11.781     |  61.3 | 26.93
Output  | 0.0021702  | 0.0038796  | 0.0054442  |   1.5 |  0.01
Modify  | 0.22779    | 0.2999     | 0.39485    |   6.4 |  1.05
Other   |            | 0.2254     |            |       |  0.79

Nlocal:        77.0833 ave          90 max          64 min
Histogram: 2 2 3 5 8 14 7 1 5 1
Nghost:        3192.42 ave        3222 max        3156 min
Histogram: 1 1 3 8 6 6 11 8 3 1
Neighs:        23527.7 ave       27945 max       19076 min
Histogram: 2 1 5 6 14 6 6 2 3 3

Total # of neighbors = 1129330
Ave neighs/atom = 305.22432
Ave special neighs/atom = 11.898378
Neighbor list builds = 40
Dangerous builds = 0
Generated 0 of 3 mixed pair_coeff terms from geometric mixing rule
Setting up Verlet run ...
  Unit style    : real
  Current step  : 5801114
  Time step     : 0.1
WARNING: Inconsistent image flags (src/domain.cpp:1051)
Per MPI rank memory allocation (min/avg/max) = 13.93 | 13.94 | 13.94 Mbytes
   Step         Volume          Temp          Press          PotEng         KinEng         TotEng         E_vdwl         E_coul         E_bond        E_angle        E_dihed        E_impro        Density    
   5801114   68733.47       308            25076.357      20314.342      3396.013       23710.355      8581.5648      0              1480.5324      3071.8553      7180.3891      0              1.1027809    
   5810000   90249.05       307.52802      4075.0801      16746.866      3390.809       20137.675      5697.9425      0              1467.5652      2943.9934      6637.3645      0              0.83987539   
   5820000   90290.817      308.69503      4576.9654      16695.389      3403.6764      20099.065      5563.9691      0              1511.2053      3002.6041      6617.6103      0              0.83948688   
   5830000   90672.447      303.27718      4606.7463      16592.086      3343.9392      19936.025      5492.2261      0              1528.9282      2996.3525      6574.5787      0              0.83595357   
   5840000   90668.9        306.66288      5095.1501      16561.8        3381.2699      19943.07       5507.4007      0              1511.3296      3003.8535      6539.2165      0              0.83598628   
   5850000   90483.436      306.43612      5863.7661      16516.657      3378.7697      19895.427      5538.7431      0              1484.3595      2940.9414      6552.6129      0              0.8376998    
   5860000   91056.838      307.07527      5822.6145      16540.203      3385.817       19926.02       5429.3058      0              1544.4142      3000.7298      6565.7531      0              0.83242464   
   5870000   90357.453      311.44965      5567.657       16528.425      3434.0489      19962.474      5513.6556      0              1507.8057      2958.3334      6548.6306      0              0.83886778   
   5880000   90780.495      308.34043      4538.3621      16576.55       3399.7667      19976.316      5466.8826      0              1595.7364      2978.3995      6535.5311      0              0.83495861   
   5890000   90966.437      309.28181      4642.8928      16441.721      3410.1463      19851.867      5467.71        0              1491.7675      2981.0364      6501.2072      0              0.8332519    
   5900000   90919.253      312.43566      4931.5953      16457.52       3444.9207      19902.441      5462.6084      0              1528.0209      2980.3537      6486.5373      0              0.83368432   
   5901114   91312.525      309.62958      5120.7896      16475.035      3413.9808      19889.016      5421.4887      0              1543.3949      3006.2575      6503.8938      0              0.83009375   
Loop time of 53.9459 on 48 procs for 100000 steps with 3700 atoms

Performance: 16.016 ns/day, 1.498 hours/ns, 1853.709 timesteps/s, 6.859 Matom-step/s
99.9% CPU use with 48 MPI tasks x 1 OpenMP threads

MPI task timing breakdown:
Section |  min time  |  avg time  |  max time  |%varavg| %total
---------------------------------------------------------------
Pair    | 17.016     | 27.274     | 37.814     |  70.9 | 50.56
Bond    | 3.4734     | 5.9948     | 7.6187     |  29.6 | 11.11
Neigh   | 0.10558    | 0.10611    | 0.10668    |   0.1 |  0.20
Comm    | 6.3795     | 18.392     | 31.121     | 100.5 | 34.09
Output  | 0.0040857  | 0.007441   | 0.010552   |   2.1 |  0.01
Modify  | 1.5524     | 1.6987     | 1.8927     |   6.5 |  3.15
Other   |            | 0.4727     |            |       |  0.88

Nlocal:        77.0833 ave          95 max          46 min
Histogram: 1 0 1 3 4 10 8 14 6 1
Nghost:        2610.23 ave        2662 max        2564 min
Histogram: 2 4 5 7 8 11 2 7 1 1
Neighs:        17634.1 ave       23279 max       10100 min
Histogram: 1 0 2 8 6 9 10 6 4 2

Total # of neighbors = 846437
Ave neighs/atom = 228.76676
Ave special neighs/atom = 11.898378
Neighbor list builds = 118
Dangerous builds = 0
Generated 0 of 3 mixed pair_coeff terms from geometric mixing rule
Setting up Verlet run ...
  Unit style    : real
  Current step  : 5901114
  Time step     : 0.1
WARNING: Inconsistent image flags (src/domain.cpp:1051)
Per MPI rank memory allocation (min/avg/max) = 13.93 | 13.93 | 13.94 Mbytes
   Step         Volume          Temp          Press          PotEng         KinEng         TotEng         E_vdwl         E_coul         E_bond        E_angle        E_dihed        E_impro        Density    
   5901114   91312.525      600            6723.5681      16475.035      6615.6098      23090.645      5421.4887      0              1543.3949      3006.2575      6503.8938      0              0.83009375   
   5910000   91312.525      599.4532       4580.3215      19903.889      6609.5808      26513.47       5763.1235      0              2648.9253      4010.1384      7481.7021      0              0.83009375   
   5920000   91312.525      592.40259      6265.7149      19979.326      6531.8407      26511.167      5837.5501      0              2694.2099      4044.8253      7402.741       0              0.83009375   
   5930000   91312.525      605.9882       5780.6207      19894.549      6681.6358      26576.185      5833.2725      0              2538.6768      4062.5674      7460.0323      0              0.83009375   
   5940000   91312.525      603.05781      4178.8694      19671.143      6649.3253      26320.468      5777.4346      0              2650.728       3905.1492      7337.8307      0              0.83009375   
   5950000   91312.525      591.96685      6051.2626      19797.176      6527.0362      26324.212      5871.8773      0              2589.8544      3970.0966      7365.3472      0              0.83009375   
   5951114   91312.525      605.84114      6026.2917      19896.224      6680.0143      26576.239      5852.4544      0              2586.2453      4048.0631      7409.4617      0              0.83009375   
Loop time of 23.3668 on 48 procs for 50000 steps with 3700 atoms

Performance: 18.488 ns/day, 1.298 hours/ns, 2139.786 timesteps/s, 7.917 Matom-step/s
99.9% CPU use with 48 MPI tasks x 1 OpenMP threads

MPI task timing breakdown:
Section |  min time  |  avg time  |  max time  |%varavg| %total
---------------------------------------------------------------
Pair    | 8.2532     | 12.972     | 16.924     |  48.0 | 55.52
Bond    | 1.4243     | 2.5145     | 2.9632     |  17.2 | 10.76
Neigh   | 0.068577   | 0.068953   | 0.069346   |   0.1 |  0.30
Comm    | 2.9132     | 7.3028     | 13.147     |  72.2 | 31.25
Output  | 0.0021926  | 0.0039537  | 0.0055202  |   1.5 |  0.02
Modify  | 0.23998    | 0.29285    | 0.36717    |   5.5 |  1.25
Other   |            | 0.2114     |            |       |  0.90

Nlocal:        77.0833 ave          90 max          49 min
Histogram: 1 0 0 2 6 6 9 7 7 10
Nghost:        2594.94 ave        2630 max        2531 min
Histogram: 1 1 2 3 5 5 11 8 6 6
Neighs:        17635.4 ave       22427 max       12403 min
Histogram: 3 1 4 8 9 5 6 5 2 5

Total # of neighbors = 846498
Ave neighs/atom = 228.78324
Ave special neighs/atom = 11.898378
Neighbor list builds = 81
Dangerous builds = 0
Generated 0 of 3 mixed pair_coeff terms from geometric mixing rule
Setting up Verlet run ...
  Unit style    : real
  Current step  : 5951114
  Time step     : 0.1
WARNING: Inconsistent image flags (src/domain.cpp:1051)
Per MPI rank memory allocation (min/avg/max) = 13.93 | 13.93 | 13.94 Mbytes
   Step         Volume          Temp          Press          PotEng         KinEng         TotEng         E_vdwl         E_coul         E_bond        E_angle        E_dihed        E_impro        Density    
   5951114   91312.525      308            4382.2765      19896.224      3396.013       23292.237      5852.4544      0              2586.2453      4048.0631      7409.4617      0              0.83009375   
   5960000   91312.525      307.7857       4396.024       16392.5        3393.6501      19786.15       5422.3147      0              1536.4365      2964.0826      6469.6657      0              0.83009375   
   5970000   91312.525      300.48032      5229.9794      16378.129      3313.1009      19691.23       5434.4592      0              1521.5126      2942.1122      6480.0452      0              0.83009375   
   5980000   91312.525      305.63079      4215.4068      16449.94       3369.8901      19819.83       5360.3889      0              1584.3296      3025.5667      6479.6547      0              0.83009375   
   5990000   91312.525      308.14556      5475.2863      16509.704      3397.618       19907.322      5384.4587      0              1516.7672      3028.9389      6579.5391      0              0.83009375   
   6000000   91312.525      308.18744      4911.794       16393.255      3398.0798      19791.335      5384.3582      0              1572.9031      2961.3235      6474.6704      0              0.83009375   
   6001114   91312.525      308.30137      5219.0521      16347.209      3399.3359      19746.545      5359.203       0              1525.6149      2957.6039      6504.7874      0              0.83009375   
Loop time of 23.0104 on 48 procs for 50000 steps with 3700 atoms

Performance: 18.774 ns/day, 1.278 hours/ns, 2172.932 timesteps/s, 8.040 Matom-step/s
99.9% CPU use with 48 MPI tasks x 1 OpenMP threads

MPI task timing breakdown:
Section |  min time  |  avg time  |  max time  |%varavg| %total
---------------------------------------------------------------
Pair    | 8.0808     | 12.981     | 16.607     |  48.4 | 56.41
Bond    | 1.3547     | 2.5064     | 3.0214     |  18.7 | 10.89
Neigh   | 0.0395     | 0.039712   | 0.039886   |   0.1 |  0.17
Comm    | 3.0387     | 6.9814     | 13.043     |  75.1 | 30.34
Output  | 0.0020712  | 0.0038012  | 0.0053511  |   1.5 |  0.02
Modify  | 0.23799    | 0.28671    | 0.3459     |   5.1 |  1.25
Other   |            | 0.2117     |            |       |  0.92

Nlocal:        77.0833 ave          96 max          41 min
Histogram: 1 0 0 1 5 10 10 13 5 3
Nghost:        2603.38 ave        2638 max        2561 min
Histogram: 1 4 1 4 8 7 9 9 2 3
Neighs:        17632.5 ave       23331 max       10168 min
Histogram: 1 0 3 3 13 9 7 6 3 3

Total # of neighbors = 846358
Ave neighs/atom = 228.74541
Ave special neighs/atom = 11.898378
Neighbor list builds = 47
Dangerous builds = 0
Generated 0 of 3 mixed pair_coeff terms from geometric mixing rule
Setting up Verlet run ...
  Unit style    : real
  Current step  : 6001114
  Time step     : 0.1
WARNING: Inconsistent image flags (src/domain.cpp:1051)
Per MPI rank memory allocation (min/avg/max) = 13.93 | 13.93 | 13.94 Mbytes
   Step         Volume          Temp          Press          PotEng         KinEng         TotEng         E_vdwl         E_coul         E_bond        E_angle        E_dihed        E_impro        Density    
   6001114   91312.525      308            5217.3886      16347.209      3396.013       19743.222      5359.203       0              1525.6149      2957.6039      6504.7874      0              0.83009375   
   6010000   105862.81      300.52439      484.01954      16062.212      3313.5869      19375.798      5037.3826      0              1562.7135      3041.2547      6420.8608      0              0.71600176   
   6020000   109364.15      307.21255      700.95382      16019.641      3387.3306      19406.972      5079.2681      0              1535.5234      3017.3401      6387.5094      0              0.69307861   
   6030000   109827.73      303.08606     -120.90777      16023.081      3341.8319      19364.913      4984.7686      0              1616.0809      2992.6142      6429.6171      0              0.6901532    
   6040000   108656.17      310.66727     -344.20983      16024.806      3425.4224      19450.228      4965.233       0              1615.4587      3027.2259      6416.8879      0              0.69759455   
   6050000   109305.81      312.00159      225.86551      15976.681      3440.1347      19416.816      4995.3477      0              1553.3625      3043.3678      6384.6034      0              0.69344856   
   6060000   109177.26      306.08892      737.29953      15960.761      3374.9414      19335.703      4989.1935      0              1624.1125      2961.9105      6385.5449      0              0.69426506   
   6070000   108447.03      311.74994      768.60304      15932.137      3437.36        19369.497      4981.3192      0              1541.2536      3013.2568      6396.307       0              0.69893991   
   6080000   108678.23      306.63428      925.40871      15972.718      3380.9545      19353.673      5016.6579      0              1587.1242      3030.5477      6338.3882      0              0.69745296   
   6090000   109519.57      309.0478       712.82026      15957.415      3407.5661      19364.981      4997.4231      0              1577.0311      3025.0401      6357.9209      0              0.69209509   
   6100000   109895.12      312.77497      591.18527      16036.933      3448.662       19485.594      4980.3461      0              1598.7108      3034.1129      6423.7627      0              0.68972996   
   6101114   109644.12      308.61637      392.83196      15877.629      3402.8092      19280.438      4919.0943      0              1555.714       3023.724       6379.0968      0              0.69130887   
Loop time of 45.9757 on 48 procs for 100000 steps with 3700 atoms

Performance: 18.793 ns/day, 1.277 hours/ns, 2175.064 timesteps/s, 8.048 Matom-step/s
99.9% CPU use with 48 MPI tasks x 1 OpenMP threads

MPI task timing breakdown:
Section |  min time  |  avg time  |  max time  |%varavg| %total
---------------------------------------------------------------
Pair    | 15.172     | 22.649     | 29.322     |  80.2 | 49.26
Bond    | 3.609      | 5.9561     | 7.3596     |  33.3 | 12.95
Neigh   | 0.090816   | 0.091229   | 0.091658   |   0.1 |  0.20
Comm    | 7.3007     | 15.142     | 24.464     | 115.5 | 32.93
Output  | 0.0041672  | 0.0075833  | 0.010681   |   2.1 |  0.02
Modify  | 1.5684     | 1.6775     | 1.7956     |   4.6 |  3.65
Other   |            | 0.4529     |            |       |  0.99

Nlocal:        77.0833 ave          99 max          48 min
Histogram: 1 3 1 7 7 3 8 10 4 4
Nghost:        2279.52 ave        2348 max        2185 min
Histogram: 2 1 5 3 4 11 5 8 6 3
Neighs:        14651.2 ave       21161 max        9361 min
Histogram: 4 4 7 4 8 7 4 8 0 2

Total # of neighbors = 703256
Ave neighs/atom = 190.06919
Ave special neighs/atom = 11.898378
Neighbor list builds = 116
Dangerous builds = 0
Generated 0 of 3 mixed pair_coeff terms from geometric mixing rule
Setting up Verlet run ...
  Unit style    : real
  Current step  : 6101114
  Time step     : 0.1
WARNING: Inconsistent image flags (src/domain.cpp:1051)
Per MPI rank memory allocation (min/avg/max) = 13.93 | 13.93 | 13.94 Mbytes
   Step         Volume          Temp          Press          PotEng         KinEng         TotEng         E_vdwl         E_coul         E_bond        E_angle        E_dihed        E_impro        Density    
   6101114   109644.12      600            1732.2966      15877.629      6615.6098      22493.239      4919.0943      0              1555.714       3023.724       6379.0968      0              0.69130887   
   6110000   109644.12      607.40893      537.32003      19364.344      6697.3008      26061.645      5358.053       0              2592.5077      4039.056       7374.7272      0              0.69130887   
   6120000   109644.12      607.36899      629.19743      19444.734      6696.8604      26141.594      5241.4694      0              2697.1409      4180.8281      7325.2952      0              0.69130887   
   6130000   109644.12      604.8382       1573.5653      19426.704      6668.9559      26095.66       5407.7506      0              2679.3796      4032.8241      7306.7495      0              0.69130887   
   6140000   109644.12      595.48845      1147.0948      19426.139      6565.8654      25992.005      5357.3392      0              2687.5025      4040.4888      7340.8088      0              0.69130887   
   6150000   109644.12      580.49735      1104.4088      19315.298      6400.5732      25715.871      5306.6646      0              2675.5172      4052.6418      7280.4741      0              0.69130887   
   6151114   109644.12      608.34475      754.75545      19472.989      6707.6192      26180.608      5338.8844      0              2774.7513      4106.1688      7253.1845      0              0.69130887   
Loop time of 21.2411 on 48 procs for 50000 steps with 3700 atoms

Performance: 20.338 ns/day, 1.180 hours/ns, 2353.932 timesteps/s, 8.710 Matom-step/s
99.9% CPU use with 48 MPI tasks x 1 OpenMP threads

MPI task timing breakdown:
Section |  min time  |  avg time  |  max time  |%varavg| %total
---------------------------------------------------------------
Pair    | 6.8822     | 10.754     | 14.723     |  61.3 | 50.63
Bond    | 1.4777     | 2.4951     | 3.0673     |  24.1 | 11.75
Neigh   | 0.066469   | 0.066798   | 0.067132   |   0.1 |  0.31
Comm    | 2.961      | 7.4439     | 12.307     |  85.7 | 35.04
Output  | 0.0020397  | 0.003693   | 0.0052088  |   1.4 |  0.02
Modify  | 0.22008    | 0.27119    | 0.33739    |   5.7 |  1.28
Other   |            | 0.2065     |            |       |  0.97

Nlocal:        77.0833 ave         106 max          46 min
Histogram: 1 1 3 10 6 10 9 5 1 2
Nghost:        2277.12 ave        2342 max        2194 min
Histogram: 2 1 4 5 6 7 9 8 4 2
Neighs:        14706.7 ave       23412 max        9586 min
Histogram: 4 6 8 10 7 7 4 1 0 1

Total # of neighbors = 705920
Ave neighs/atom = 190.78919
Ave special neighs/atom = 11.898378
Neighbor list builds = 84
Dangerous builds = 0
Generated 0 of 3 mixed pair_coeff terms from geometric mixing rule
Setting up Verlet run ...
  Unit style    : real
  Current step  : 6151114
  Time step     : 0.1
WARNING: Inconsistent image flags (src/domain.cpp:1051)
Per MPI rank memory allocation (min/avg/max) = 13.93 | 13.93 | 13.94 Mbytes
   Step         Volume          Temp          Press          PotEng         KinEng         TotEng         E_vdwl         E_coul         E_bond        E_angle        E_dihed        E_impro        Density    
   6151114   109644.12      308           -625.90271      19472.989      3396.013       22869.002      5338.8844      0              2774.7513      4106.1688      7253.1845      0              0.69130887   
   6160000   109644.12      305.26784      1829.0229      16023.208      3365.8881      19389.096      5063.054       0              1543.2406      3047.1623      6369.7506      0              0.69130887   
   6170000   109644.12      309.17682     -108.37149      16057.059      3408.9886      19466.048      5021.1619      0              1615.4523      2980.3115      6440.1332      0              0.69130887   
   6180000   109644.12      310.74797      460.50709      16007.672      3426.3122      19433.984      4969.4604      0              1616.2317      2998.2043      6423.7755      0              0.69130887   
   6190000   109644.12      308.62416      629.71021      16035.371      3402.895       19438.266      5041.751       0              1595.637       3017.3014      6380.6812      0              0.69130887   
   6200000   109644.12      313.61062      18.769225      15844.517      3457.8758      19302.393      4970.5665      0              1544.8547      2932.5945      6396.5016      0              0.69130887   
   6210000   109644.12      306.18255      963.68226      15949.056      3375.9738      19325.029      4975.3183      0              1565.5667      3043.0093      6365.1612      0              0.69130887   
   6220000   109644.12      302.82335      691.74925      15927.079      3338.9352      19266.014      4968.418       0              1614.2338      2997.6015      6346.8257      0              0.69130887   
   6230000   109644.12      308.2795       1310.4009      15961.94       3399.0948      19361.035      5021.2188      0              1571.505       3007.795       6361.4216      0              0.69130887   
   6240000   109644.12      303.47504      853.10962      15877.687      3346.1208      19223.808      4987.8988      0              1531.1903      2982.172       6376.426       0              0.69130887   
   6250000   109644.12      305.18648      1019.3567      15906.949      3364.9911      19271.94       4993.5736      0              1542.9083      3026.7772      6343.6901      0              0.69130887   
   6251114   109644.12      312.31021      477.76879      16015.157      3443.5374      19458.694      4934.1902      0              1631.2974      3049.6729      6399.9963      0              0.69130887   
Loop time of 43.662 on 48 procs for 100000 steps with 3700 atoms

Performance: 19.788 ns/day, 1.213 hours/ns, 2290.322 timesteps/s, 8.474 Matom-step/s
99.9% CPU use with 48 MPI tasks x 1 OpenMP threads

MPI task timing breakdown:
Section |  min time  |  avg time  |  max time  |%varavg| %total
---------------------------------------------------------------
Pair    | 14.603     | 21.532     | 31.879     |  82.8 | 49.31
Bond    | 3.1206     | 4.9783     | 6.3175     |  32.8 | 11.40
Neigh   | 0.081724   | 0.082153   | 0.082561   |   0.1 |  0.19
Comm    | 4.762      | 16.116     | 24.607     | 111.2 | 36.91
Output  | 0.0041683  | 0.0075252  | 0.010609   |   2.0 |  0.02
Modify  | 0.39213    | 0.5366     | 0.71555    |  10.5 |  1.23
Other   |            | 0.41       |            |       |  0.94

Nlocal:        77.0833 ave          98 max          44 min
Histogram: 1 0 2 6 3 11 5 11 4 5
Nghost:        2276.17 ave        2344 max        2205 min
Histogram: 1 4 4 7 7 8 7 4 4 2
Neighs:          14705 ave       21969 max        9682 min
Histogram: 4 4 8 7 10 4 6 4 0 1

Total # of neighbors = 705842
Ave neighs/atom = 190.76811
Ave special neighs/atom = 11.898378
Neighbor list builds = 103
Dangerous builds = 0
Generated 0 of 3 mixed pair_coeff terms from geometric mixing rule
Setting up Verlet run ...
  Unit style    : real
  Current step  : 6251114
  Time step     : 0.1
WARNING: Inconsistent image flags (src/domain.cpp:1051)
Per MPI rank memory allocation (min/avg/max) = 13.93 | 13.93 | 13.94 Mbytes
   Step         Volume          Temp          Press          PotEng         KinEng         TotEng         E_vdwl         E_coul         E_bond        E_angle        E_dihed        E_impro        Density    
   6251114   109644.12      308            457.95515      16015.157      3396.013       19411.17       4934.1902      0              1631.2974      3049.6729      6399.9963      0              0.69130887   
   6260000   113456.54      310.29675     -801.40579      15890.777      3421.337       19312.114      4930.7254      0              1589.2625      2965.1827      6405.6066      0              0.66807921   
   6270000   114087.58      310.52543     -113.08749      15918.542      3423.8584      19342.4        4972.397       0              1594.2657      2996.9387      6354.9404      0              0.66438397   
   6280000   114323.88      310.58817     -253.8855       15909.569      3424.5502      19334.119      5010.6177      0              1532.5325      3025.0147      6341.4038      0              0.66301072   
   6290000   114563.44      307.38669     -233.762        15990.173      3389.2507      19379.424      4961.1411      0              1608.6636      3042.5424      6377.826       0              0.6616243    
   6300000   115284.5       313.87371      218.49599      15997.395      3460.7767      19458.172      5001.9896      0              1577.9903      3040.4952      6376.9199      0              0.65748611   
   6310000   115916.64      308.11567     -78.544856      15986.323      3397.2884      19383.612      5010.4255      0              1602.3511      2978.7357      6394.8109      0              0.65390058   
   6320000   115185.85      308.14935      338.58951      15833.789      3397.6598      19231.449      4940.3195      0              1563.4155      3010.1282      6319.9256      0              0.65804919   
   6330000   115458.35      302.81545      595.324        15960.068      3338.8481      19298.916      4953.7818      0              1594.4382      3074.9877      6336.8601      0              0.65649609   
   6340000   116160.46      304.09886      150.76716      15987.172      3352.999       19340.171      4973.5716      0              1610.7331      3066.4628      6336.405       0              0.652528     
   6350000   115891.44      302.8901       368.71826      15991.442      3339.6713      19331.114      5005.2659      0              1633.5397      3000.518       6352.1189      0              0.65404276   
   6360000   115705.7       306.52563      119.14759      15940.761      3379.7566      19320.518      5031.5463      0              1576.8829      3009.2678      6323.0644      0              0.65509265   
   6370000   115395.48      307.56989     -70.146707      15952.242      3391.2706      19343.513      4946.8252      0              1633.2417      3034.2002      6337.9753      0              0.65685376   
   6380000   116248.34      311.83393      131.67313      15889.452      3438.2861      19327.738      4990.3017      0              1574.5949      3008.2311      6316.3246      0              0.65203473   
   6390000   114712.73      300.32201     -861.39965      15925.435      3311.3554      19236.79       4977.4204      0              1606.9202      3007.7772      6333.3168      0              0.66076322   
   6400000   117090.65      307.68986     -739.41317      15881.901      3392.5935      19274.494      4929.6284      0              1628.701       2993.7242      6329.847       0              0.64734423   
   6410000   115863.38      301.49081      144.87402      15966.52       3324.2426      19290.763      4952.6982      0              1550.1528      3077.1031      6386.5658      0              0.65420114   
   6420000   117097.57      308.33253      113.61657      15938.283      3399.6795      19337.962      4988.8445      0              1546.0027      3031.3197      6372.1159      0              0.64730597   
   6430000   116449         306.80352      61.755917      15902.978      3382.8206      19285.798      4962.7283      0              1563.3522      3024.5366      6352.3607      0              0.65091116   
   6440000   116932.03      302.02188      544.4112       15922.101      3330.0982      19252.199      5008.2528      0              1575.8965      3012.7197      6325.232       0              0.64822235   
   6450000   116947.64      303.11642     -115.75596      15924.256      3342.1666      19266.422      5007.1961      0              1618.2304      2973.3657      6325.4635      0              0.64813583   
   6460000   117650.36      306.09039     -278.655        15899.688      3374.9576      19274.645      5042.4576      0              1575.8871      2967.7318      6313.6113      0              0.64426456   
   6470000   117869.83      312.93667     -771.67283      15988.604      3450.4448      19439.048      5025.112       0              1644.7199      2991.3628      6327.4089      0              0.64306495   
   6480000   117514.81      305.07005      513.9675       15896.572      3363.7074      19260.279      5034.9912      0              1586.7188      2978.2516      6296.61        0              0.64500767   
   6490000   117648.78      312.31465     -308.11818      15889.009      3443.5865      19332.595      5024.4146      0              1548.0742      2981.6788      6334.8413      0              0.64427317   
   6500000   117444.83      303.97375     -166.59259      15928.12       3351.6195      19279.74       5053.5752      0              1592.4054      2959.4199      6322.72        0              0.64539202   
   6510000   118480.11      307.11897      160.93321      15914.417      3386.2988      19300.715      5037.3562      0              1599.0137      2971.366       6306.6807      0              0.63975259   
   6520000   117381.34      309.36854      478.02866      15866.162      3411.1026      19277.264      5041.8165      0              1565.6104      2987.8205      6270.9143      0              0.64574111   
   6530000   116801.98      312.24258     -106.54789      15941.509      3442.7918      19384.3        4984.4088      0              1590.7584      3015.6972      6350.6444      0              0.64894411   
   6540000   117193.41      299.4161      -109.40426      15861.623      3301.3668      19162.99       4991.8382      0              1579.3401      2976.0044      6314.4406      0              0.64677661   
   6550000   117204.21      308.60649     -597.16111      16029.659      3402.7003      19432.359      5003.2443      0              1627.9132      3053.577       6344.9247      0              0.64671702   
   6560000   117543.38      308.87421     -322.17109      15886.045      3405.6521      19291.697      4992.0691      0              1572.2815      2994.7501      6326.9443      0              0.64485089   
   6570000   116734.55      306.57886      453.39141      15888.542      3380.3435      19268.886      5007.0371      0              1527.7445      3022.5349      6331.2256      0              0.64931895   
   6580000   116948.31      307.20211     -206.00169      15959.31       3387.2154      19346.526      5037.5224      0              1618.144       2969.7056      6333.9383      0              0.64813212   
   6590000   116118.22      300.227       -571.33816      15909.759      3310.3078      19220.067      4993.3392      0              1623.2918      2983.8532      6309.2752      0              0.65276537   
   6600000   117538.3       311.99386     -300.10902      15990.234      3440.0494      19430.283      5012.0925      0              1595.5594      3051.4539      6331.1283      0              0.64487879   
   6610000   116355.08      314.32179     -353.36535      15888.994      3465.7172      19354.711      5013.5401      0              1598.0164      2951.8614      6325.5762      0              0.65143656   
   6620000   117432.01      308.29385      85.040357      15980.961      3399.253       19380.214      4982.8462      0              1632.8515      3014.7924      6350.4711      0              0.64546249   
   6630000   117628.17      311.09291      6.0786447      15916.927      3430.1155      19347.043      5051.5913      0              1572.5195      2986.5449      6306.2717      0              0.64438606   
   6640000   117320.12      307.99357     -166.88718      16067.338      3395.9422      19463.28       5018.7555      0              1666.239       3016.455       6365.8882      0              0.64607808   
   6650000   116746.19      309.75698      955.0244       15876.674      3415.3855      19292.06       5057.7179      0              1527.1658      2960.6633      6331.1272      0              0.64925422   
   6660000   116706.74      306.03855     -410.93109      15868.647      3374.3861      19243.033      4931.178       0              1576.4057      3003.5184      6357.5446      0              0.64947366   
   6670000   115717.18      312.88808      104.50546      15880.41       3449.909       19330.319      4985.9557      0              1579.724       3040.0334      6274.6968      0              0.6550277    
   6680000   116764.81      310.56104      246.77069      15996.095      3424.2511      19420.346      5036.7117      0              1602.6275      3007.1839      6349.5721      0              0.64915069   
   6690000   117590.65      315.39634      244.42734      15876.624      3477.5652      19354.189      5033.7955      0              1578.5498      2949.2027      6315.0757      0              0.64459167   
   6700000   117059.85      315.45392     -115.89927      15989.606      3478.2001      19467.806      4979.9786      0              1614.3877      3029.0204      6366.2197      0              0.64751454   
   6710000   116827.66      307.41948     -313.48967      15869.504      3389.6122      19259.117      5039.8267      0              1555.5986      2977.5974      6296.4817      0              0.64880144   
   6720000   117710.91      300.45668     -147.9924       16025.151      3312.8402      19337.991      5038.9675      0              1590.4059      3025.8631      6369.9141      0              0.64393314   
   6730000   116512.61      308.64179     -213.77896      15931.103      3403.0895      19334.192      5020.6525      0              1584.6384      3011.7646      6314.0475      0              0.65055579   
   6740000   116879.87      314.78642      368.86082      15919.943      3470.8402      19390.783      4952.8142      0              1564.5367      3057.2963      6345.2957      0              0.64851163   
   6750000   115693.03      305.7633      -211.20552      15924.47       3371.3511      19295.821      5026.5705      0              1562.2935      2984.1073      6351.4982      0              0.65516441   
   6760000   116409.94      306.83127      196.75956      15901.525      3383.1266      19284.652      5049.6355      0              1563.0963      2973.4239      6315.3693      0              0.6511296    
   6770000   116687.94      305.28268     -350.98808      15923.395      3366.0518      19289.447      4998.1828      0              1589.757       2997.0388      6338.4167      0              0.64957834   
   6780000   117580.67      312.64359     -255.4717       15930.964      3447.2134      19378.178      5019.9516      0              1596.8333      2980.598       6333.5812      0              0.64464642   
   6790000   118030.96      304.7868       62.887098      16011.906      3360.5843      19372.49       5075.1235      0              1593.08        2993.2098      6350.4924      0              0.64218709   
   6800000   117863.17      304.45711     -67.151799      15940.299      3356.9491      19297.248      4990.3763      0              1589.7199      3005.6304      6354.5727      0              0.64310128   
   6810000   117228.18      311.37647      181.29129      15937.439      3433.2421      19370.681      4988.0701      0              1587.1621      2993.4         6368.8072      0              0.64658475   
   6820000   116897.13      309.4826       459.94365      15975.373      3412.3602      19387.733      5056.5106      0              1545.5769      3019.8468      6353.4388      0              0.64841586   
   6830000   116636.4       310.25581     -155.52517      15890.475      3420.8857      19311.361      4963.0629      0              1608.0817      3015.8154      6303.5151      0              0.64986535   
   6840000   116223.97      311.36753      157.40689      15878.822      3433.1435      19311.965      4966.059       0              1534.9883      3024.3825      6353.3917      0              0.65217144   
   6850000   116754.42      306.76886      582.1571       15886.357      3382.4385      19268.796      4949.0523      0              1579.8204      3003.0334      6354.4511      0              0.64920845   
   6860000   116500.15      303.82101     -310.6803       15857.069      3349.9354      19207.004      4934.8243      0              1620.6808      2949.4603      6352.103       0              0.65062537   
   6870000   117131.76      309.79115     -165.89687      15912.566      3415.7623      19328.328      4980.1373      0              1638.0981      2983.9479      6310.3827      0              0.64711704   
   6880000   116741.64      309.94017      538.70331      15923.231      3417.4053      19340.636      5023.5451      0              1552.9423      2993.8992      6352.844       0              0.64927954   
   6890000   115670.45      303.34583     -19.798973      15909.917      3344.6961      19254.613      4952.8402      0              1558.3253      3014.2686      6384.4828      0              0.65529231   
   6900000   115374.44      307.56282      109.03376      15874.618      3391.1926      19265.811      4994.7585      0              1578.0459      2994.1199      6307.6937      0              0.65697358   
   6910000   116138.26      308.27141      545.9759       15939.044      3399.0056      19338.049      4985.7191      0              1536.5138      3043.7772      6373.0336      0              0.65265277   
   6920000   116870.75      312.85361     -248.21941      15915.691      3449.5291      19365.22       4952.1285      0              1599.3286      3011.7626      6352.4713      0              0.64856227   
   6930000   117908.94      311.56843      51.36228       15864.814      3435.3586      19300.172      4941.8358      0              1601.6116      2963.2524      6358.1138      0              0.64285162   
   6940000   118576.31      300.95635     -839.4375       15929.411      3318.3496      19247.76       4980.731       0              1644.5285      2986.4276      6317.7235      0              0.63923356   
   6950000   118066.35      309.54511     -285.85872      15802.17       3413.0495      19215.219      5017.8383      0              1537.5432      2944.0371      6302.7511      0              0.64199458   
   6960000   117655.15      305.81058     -789.14608      15931.645      3371.8725      19303.518      5021.4465      0              1604.4753      2979.3902      6326.3331      0              0.64423834   
   6970000   118307.19      299.94097      10.211755      15892.945      3307.154       19200.099      5011.7374      0              1529.5059      2996.4588      6355.2432      0              0.64068768   
   6980000   118537.33      308.46862      156.30067      15964.735      3401.1801      19365.915      4987.4513      0              1561.2064      3109.2395      6306.8379      0              0.63944374   
   6990000   118387.95      299.3045      -239.98016      16023.621      3300.1364      19323.757      5039.462       0              1589.1456      3036.573       6358.44        0              0.64025062   
   7000000   119373.86      305.27876      120.58214      15855.273      3366.0086      19221.281      5011.8012      0              1518.1614      3051.2369      6274.0734      0              0.63496276   
   7010000   118977.35      308.06587     -248.4323       15855.669      3396.7393      19252.408      4986.1761      0              1559.018       3003.9473      6306.5277      0              0.63707888   
   7020000   119148.3       308.34461     -247.02055      15820.679      3399.8127      19220.492      5037.4347      0              1577.0227      2930.5655      6275.6562      0              0.63616483   
   7030000   118939.35      305.63835      59.330097      15922.773      3369.9734      19292.746      4941.7333      0              1574.9331      3074.0175      6332.0891      0              0.63728241   
   7040000   118721.68      309.15577      255.96422      15935.897      3408.7566      19344.653      4997.3529      0              1597.4201      3034.2436      6306.8803      0              0.63845082   
   7050000   118446.11      313.49483     -228.63157      15921.113      3456.5991      19377.712      5013.193       0              1611.5375      2972.8938      6323.4884      0              0.63993623   
   7060000   117593.44      305.79867      109.15046      15870.854      3371.7411      19242.595      4996.8023      0              1547.1801      2963.3494      6363.5225      0              0.64457639   
   7070000   119488         310.71946     -450.39009      15958.429      3425.9979      19384.426      5018.9167      0              1604.1669      2985.6193      6349.7257      0              0.63435623   
   7080000   118878.83      310.99208     -400.63262      15964.288      3429.0037      19393.291      4988.5825      0              1631.6422      2992.3012      6351.7617      0              0.63760687   
   7090000   118442.91      308.70534      468.75875      15947.996      3403.7902      19351.786      5028.6464      0              1580.3494      3019.7783      6319.222       0              0.63995352   
   7100000   119103.94      310.51345      295.21268      15950.3        3423.7264      19374.026      5034.0186      0              1544.5639      3070.7402      6300.9774      0              0.63640176   
   7110000   119106.17      304.98891     -209.10865      15953.954      3362.8127      19316.767      5020.8531      0              1592.3544      3028.9701      6311.7766      0              0.63638986   
   7120000   118888.73      305.85979      888.61873      15911.007      3372.4151      19283.422      5073.4043      0              1551.9319      2979.0158      6306.6546      0              0.63755376   
   7130000   118317.6       313.93259     -479.60479      15925.328      3461.4259      19386.754      4985.6813      0              1576.1579      3049.6573      6313.8315      0              0.64063131   
   7140000   117910.24      308.14189      374.64579      15858.02       3397.5775      19255.597      5018.5326      0              1590.3993      2953.8349      6295.2527      0              0.64284455   
   7150000   118782.14      304.07064     -266.47642      15907.037      3352.6879      19259.725      4999.7421      0              1582.9166      2996.1331      6328.2448      0              0.63812587   
   7160000   118278.48      307.87535      316.1405       15913.103      3394.6387      19307.742      5010.9192      0              1571.4946      2977.9206      6352.7689      0              0.64084318   
   7170000   118107.28      310.54722     -600.30366      15832.113      3424.0987      19256.211      4952.0572      0              1626.1743      2977.1137      6276.7673      0              0.64177211   
   7180000   118012.72      308.15754     -479.24014      15872.299      3397.75        19270.049      5000.7117      0              1575.4925      2979.4099      6316.6849      0              0.64228632   
   7190000   118740.76      308.55097     -96.261042      15984.53       3402.088       19386.618      4983.6543      0              1661.3079      3047.4548      6292.1126      0              0.63834826   
   7200000   118652.16      314.49729     -99.64366       15909.99       3467.6522      19377.643      5032.8698      0              1624.1743      2983.571       6269.3752      0              0.63882492   
   7210000   119463.32      305.42111      214.36458      15935.669      3367.5782      19303.247      5018.7834      0              1577.9399      3046.3256      6292.6199      0              0.63448728   
   7220000   119531.47      308.25902      90.832799      15925.026      3398.869       19323.895      5050.9506      0              1528.8041      3007.9202      6337.3511      0              0.63412551   
   7230000   118428.93      308.53916      171.3719       15821.348      3401.9579      19223.306      5015.8532      0              1555.7918      2966.4204      6283.2824      0              0.64002908   
   7240000   118912.72      306.64087     -1298.5164      15860.36       3381.0272      19241.387      4987.9166      0              1632.702       2992.692       6247.0491      0              0.63742512   
   7250000   118927.02      306.35777     -113.77801      15932.651      3377.9058      19310.557      5019.5667      0              1583.2143      3029.4269      6300.4434      0              0.63734847   
   7260000   118758.07      309.19727     -183.54066      15898.575      3409.2142      19307.79       4991.671       0              1593.1578      3037.8227      6275.924       0              0.6382552    
   7270000   119420.71      306.73933      594.77609      15876.207      3382.1129      19258.32       5013.931       0              1509.0796      3031.1706      6322.0253      0              0.63471367   
   7280000   117729.42      309.07817      721.4182       15897.914      3407.9009      19305.815      5018.3244      0              1551.568       2985.0186      6343.0031      0              0.64383188   
   7290000   118087.73      306.15545      244.77309      15866.618      3375.675       19242.293      5031.3897      0              1538.6852      2978.4046      6318.1387      0              0.64187833   
   7300000   118866.96      307.61152     -31.023837      16020.352      3391.7296      19412.082      5012.0382      0              1639.5356      3025.8358      6342.9424      0              0.63767053   
   7310000   118744.36      302.26439      551.32375      15837.799      3332.7721      19170.571      4996.9375      0              1546.4687      2984.6985      6309.6943      0              0.63832888   
   7320000   116925.6       310.40605      551.69305      15899.615      3422.5422      19322.157      4979.241       0              1546.3494      3021.1639      6352.8608      0              0.64825803   
   7330000   118254.2       313.12005      184.82968      15978.991      3452.4667      19431.457      5047.9372      0              1639.0243      2994.151       6297.8781      0              0.64097473   
   7340000   118256.44      310.28374      245.39344      15938.459      3421.1935      19359.652      5003.1091      0              1588.6247      2986.6855      6360.0396      0              0.64096259   
   7350000   117933.8       310.1056      -278.89245      16089.967      3419.2294      19509.197      4999.3419      0              1605.9787      3050.4569      6434.1897      0              0.64271612   
   7360000   116641.76      313.71497      302.93633      15939.677      3459.0264      19398.704      5035.9869      0              1588.233       2997.3737      6318.0836      0              0.6498355    
   7370000   117276.81      299.56497     -79.052979      15965.006      3303.0083      19268.014      4989.4094      0              1561.0624      3015.5083      6399.0255      0              0.64631665   
   7380000   117652.61      304.36841     -202.34429      15876.226      3355.9711      19232.197      4964.6275      0              1570.224       3037.8763      6303.4979      0              0.64425224   
   7390000   118854.21      315.67894      631.38398      15915.084      3480.6812      19395.765      5027.0731      0              1550.8005      3020.7341      6316.4765      0              0.63773895   
   7400000   118575.41      311.90072     -75.582632      15960.501      3439.0225      19399.524      5023.2935      0              1590.1847      3002.4331      6344.59        0              0.63923838   
   7410000   118490.14      308.11484      89.518245      16011.478      3397.2793      19408.757      4994.4282      0              1585.8092      3067.576       6363.6642      0              0.63969845   
   7420000   118557.71      304.66396     -815.7084       16042.03       3359.2298      19401.26       4963.7147      0              1697.2605      3029.1856      6351.869       0              0.63933383   
   7430000   117734.33      309.68224      368.58963      15939.199      3414.5615      19353.76       5059.1149      0              1590.7616      2967.8279      6321.4943      0              0.64380505   
   7440000   118082.98      306.35713      72.722505      15936.112      3377.8988      19314.011      5037.4677      0              1558.7603      3002.6223      6337.2621      0              0.64190418   
   7450000   117190.75      314.69157      504.03123      15853.428      3469.7944      19323.222      4994.8432      0              1549.5436      2996.9722      6312.0687      0              0.64679127   
   7460000   118403.39      302.82975      309.03007      15984.561      3339.0058      19323.566      5081.3699      0              1641.6858      2986.3462      6275.1588      0              0.64016712   
   7470000   118221.91      308.72791      66.248254      15913.487      3404.039       19317.526      4990.3471      0              1633.4075      3007.7344      6281.9984      0              0.64114981   
   7480000   118984.49      300.43579     -294.79992      15859.816      3312.61        19172.426      4991.7997      0              1569.4407      3006.5879      6291.9875      0              0.63704066   
   7490000   118883.94      302.22481      256.37582      15952.668      3332.3357      19285.004      5006.9442      0              1593.1958      3033.9466      6318.5819      0              0.63757943   
   7500000   119169.57      302.1573       394.9471       15919.57       3331.5913      19251.162      5051.4626      0              1554.8185      3029.5119      6283.7774      0              0.63605128   
   7510000   119684.43      305.84807     -162.61123      15916.64       3372.2858      19288.926      4983.4268      0              1602.6834      3013.9662      6316.564       0              0.63331509   
   7520000   118168.49      302.93993      25.641053      15899.645      3340.2206      19239.866      5011.6434      0              1637.0302      2980.7832      6270.1883      0              0.64143967   
   7530000   118290.32      312.51651      383.6206       15907.328      3445.8122      19353.14       5073.3109      0              1514.1903      3014.4185      6305.4084      0              0.64077901   
   7540000   117410.62      308.67612      384.47843      15929.232      3403.468       19332.7        5039.199       0              1592.8762      2982.5118      6314.6446      0              0.64558007   
   7550000   117676.06      310.0494      -414.88231      15912.407      3418.6097      19331.017      4965.2713      0              1626.133       2986.4541      6334.5491      0              0.64412384   
   7560000   118302.27      304.93576     -156.17075      15941.69       3362.2266      19303.917      5007.6377      0              1591.1409      2995.3714      6347.5402      0              0.64071427   
   7570000   118097.48      306.96269     -249.60578      15984.364      3384.5756      19368.94       5029.9873      0              1607.8673      2979.343       6367.1667      0              0.64182535   
   7580000   118218.79      306.47375      163.24924      15880.519      3379.1845      19259.703      5019.3943      0              1597.2619      2988.9055      6274.9569      0              0.64116676   
   7590000   119260.53      295.7357      -643.57124      15952.334      3260.7866      19213.121      4996.8655      0              1601.1961      3040.2466      6314.0257      0              0.63556616   
   7600000   119168.56      312.76223     -366.43943      15867.536      3448.5214      19316.057      5014.1262      0              1595.8246      2980.1838      6277.4014      0              0.63605667   
   7610000   117338.18      315.26915      339.41233      15991.653      3476.1628      19467.815      5044.9964      0              1659.5083      2972.398       6314.7498      0              0.64597862   
   7620000   116958.06      303.42545     -778.74005      15942.029      3345.574       19287.603      5023.6976      0              1632.7929      2984.7439      6300.795       0              0.6480781    
   7630000   118161.18      311.52066     -334.5259       15883.479      3434.8319      19318.311      4970.2832      0              1589.6713      2985.2574      6338.2674      0              0.64147934   
   7640000   117133.88      303.94138      161.61768      15822.665      3351.2626      19173.927      5002.4296      0              1590.0397      2938.643       6291.5522      0              0.6471053    
   7650000   117894.7       309.94435     -74.763326      15916.882      3417.4514      19334.333      4976.6106      0              1592.8999      3004.737       6342.6344      0              0.64292927   
   7660000   117655.05      300.70653      793.0621       15903.581      3315.5951      19219.176      5042.1445      0              1530.5836      3006.0782      6324.775       0              0.64423888   
   7670000   118492.18      303.8629      -207.42031      15882.638      3350.3973      19233.035      4959.8657      0              1598.2852      3049.0937      6275.393       0              0.6396874    
   7680000   118915.28      311.6805      -418.92516      15909.88       3436.5943      19346.474      4993.0665      0              1585.6384      3010.0267      6321.1485      0              0.63741143   
   7690000   118664.64      311.26354      90.297917      15936.742      3431.9969      19368.739      4971.9242      0              1618.7401      3023.4636      6322.6143      0              0.6387577    
   7700000   118831.03      310.17743     -256.6094       15843.518      3420.0215      19263.539      4971.5663      0              1586.6251      2967.0268      6318.2996      0              0.63786332   
   7710000   119900.22      312.22331     -81.90577       15904.727      3442.5793      19347.306      4991.4732      0              1597.6701      3016.1446      6299.4386      0              0.63217527   
   7720000   119332.63      312.10815     -596.19037      15954.001      3441.3096      19395.311      5003.883       0              1635.7189      3012.3319      6302.0673      0              0.63518212   
   7730000   119732.62      316.69557     -563.25707      15823.754      3491.8905      19315.644      4975.077       0              1579.2893      2968.8546      6300.5329      0              0.63306021   
   7740000   119508.93      307.34423      322.43033      15916.893      3388.7825      19305.676      4997.9881      0              1538.4312      3062.9658      6317.5083      0              0.63424512   
   7750000   119296.28      301.3023       457.15945      15862.293      3322.1641      19184.457      5013.7744      0              1586.4954      3014.1011      6247.9219      0              0.63537569   
   7760000   118948.92      304.29001      257.90655      15916.802      3355.1066      19271.909      5034.921       0              1562.6265      3011.9028      6307.3518      0              0.63723114   
   7770000   119462.76      309.31112      356.0103       15904.529      3410.4695      19314.999      4983.5608      0              1609.0857      3009.2336      6302.649       0              0.63449022   
   7780000   119384.49      307.094        959.31566      15932.852      3386.0235      19318.875      4993.6503      0              1564.0804      3023.4595      6351.6615      0              0.63490621   
   7790000   119805.1       312.15605     -332.49298      15843.967      3441.8377      19285.805      4973.162       0              1584.056       2989.961       6296.7884      0              0.63267722   
   7800000   119439.18      304.02532      27.540557      15900.618      3352.1881      19252.806      4982.3189      0              1603.1144      3033.3681      6281.8167      0              0.63461551   
   7810000   120021.22      310.10379     -136.72493      15849.859      3419.2094      19269.069      4990.8344      0              1559.539       2993.2807      6306.2053      0              0.63153796   
   7820000   119539.57      302.94501     -324.01618      15867.475      3340.2766      19207.752      4974.6126      0              1598.1025      3001.3982      6293.3617      0              0.63408257   
   7830000   118852         308.59381     -325.47876      15865.344      3402.5604      19267.904      4997.6769      0              1517.7067      3016.3197      6333.6406      0              0.63775081   
   7840000   118241.9       311.9276      -76.164385      15950.865      3439.3189      19390.184      5008.5162      0              1595.1993      3002.9359      6344.2135      0              0.64104141   
   7850000   119863.57      312.68496      26.378686      15818.749      3447.6695      19266.419      5009.5113      0              1591.9608      2917.0566      6300.2203      0              0.63236856   
   7860000   119104.82      307.41963      140.26791      15830.202      3389.6139      19219.816      4998.7818      0              1538.8034      2995.1598      6297.4572      0              0.63639706   
   7870000   118726.37      307.8389      -651.38664      15876.912      3394.2368      19271.148      5010.9441      0              1555.3437      3019.115       6291.5088      0              0.63842563   
   7880000   118884.89      312.28065      71.146675      15826.211      3443.2115      19269.423      4996.2852      0              1555.4758      3002.3032      6272.1469      0              0.63757433   
   7890000   118478.14      312.32754      52.218782      15883.974      3443.7286      19327.702      4970.4789      0              1569.0542      3002.7557      6341.6849      0              0.63976322   
   7900000   119120.8       308.51061      230.31113      15857.785      3401.6431      19259.428      5002.5567      0              1599.492       2970.4811      6285.2551      0              0.63631169   
   7910000   120405.59      299.46924     -504.02376      15906.728      3301.9528      19208.681      4997.3947      0              1618.6267      2992.5953      6298.1112      0              0.62952193   
   7920000   120355.09      307.49802     -1082.0019      15870.031      3390.4782      19260.509      4957.0412      0              1608.3518      2988.7752      6315.8631      0              0.62978602   
   7930000   120134.55      313.27653      228.14517      15910.88       3454.1922      19365.072      5041.0249      0              1602.2659      3012.0971      6255.4921      0              0.6309422    
   7940000   119632.69      307.36603      151.49656      15875.264      3389.0229      19264.287      5027.1381      0              1484.2457      3029.3576      6334.523       0              0.633589     
   7950000   120150.25      310.77149     -13.80378       15856.707      3426.5715      19283.278      5022.2365      0              1541.9576      2996.1726      6296.3403      0              0.63085976   
   7960000   119486.61      299.75114      320.44065      15899.176      3305.061       19204.237      4984.5524      0              1569.4333      3075.0245      6270.1658      0              0.63436359   
   7970000   119827.92      310.24257      315.13308      15911.685      3420.7396      19332.424      5028.8983      0              1556.3686      3015.1426      6311.2753      0              0.63255674   
   7980000   118826.24      312.64437      263.43529      15864.487      3447.2219      19311.709      4962.0532      0              1553.5003      2995.7316      6353.2023      0              0.63788903   
   7990000   119228.12      302.52165     -591.44122      15838.799      3335.6087      19174.408      4988.0996      0              1600.9911      2960.494       6289.2146      0              0.6357389    
   8000000   120023.41      308.73097      521.6235       15964.633      3404.0727      19368.706      5061.5132      0              1590.4353      3012.4083      6300.2764      0              0.63152645   
   8010000   118746.2       312.51334     -103.70731      15915.295      3445.7772      19361.072      5003.7129      0              1606.9353      3016.9069      6287.7394      0              0.63831899   
   8020000   119070.85      308.20696      370.74744      15908.395      3398.295       19306.69       4987.8784      0              1572.1216      3048.5714      6299.8234      0              0.63657863   
   8030000   119764.19      313.91677     -328.95863      15899.043      3461.2515      19360.294      5020.6644      0              1578.2559      3020.9272      6279.1954      0              0.6328933    
   8040000   120125.88      300.84549     -264.26561      15866.776      3317.1273      19183.904      4953.1457      0              1578.6749      3006.7911      6328.1645      0              0.63098773   
   8050000   119332.92      308.65742      145.99884      15778.303      3403.2617      19181.565      5015.3836      0              1513.5952      2948.3204      6301.0039      0              0.6351806    
   8060000   119603.38      310.3278       397.56592      15925.446      3421.6794      19347.125      5016.906       0              1586.6689      2986.131       6335.7398      0              0.63374427   
   8070000   119198.94      311.94107     -215.52785      15850.284      3439.4673      19289.751      4963.4757      0              1601.8567      2988.3337      6296.6176      0              0.63589452   
   8080000   118715.17      301.33907     -537.22633      15863.92       3322.5695      19186.489      4939.264       0              1660.857       2980.2501      6283.5485      0              0.63848587   
   8090000   119080.54      306.85904     -296.853        15936.569      3383.4328      19320.002      4961.4134      0              1568.5397      3030.9618      6375.6541      0              0.63652681   
   8100000   119315.04      311.14295      106.96498      15909.532      3430.6672      19340.199      5014.8441      0              1570.3719      3039.9838      6284.3319      0              0.63527577   
   8110000   119489.18      305.08845     -750.51112      15908.605      3363.9103      19272.516      4942.4499      0              1651.1897      3032.6283      6282.3376      0              0.63434996   
   8120000   118515.75      305.01091      17.628162      15811.863      3363.0553      19174.918      5012.9634      0              1532.5623      2980.826       6285.5109      0              0.63956017   
   8130000   118490.76      306.87384     -636.40068      15931.677      3383.596       19315.273      4998.7111      0              1662.3338      2968.4966      6302.135       0              0.63969508   
   8140000   118337.59      298.74718      437.48251      15851.694      3293.9913      19145.685      5010.0095      0              1577.876       3007.0662      6256.7418      0              0.64052305   
   8150000   119111.1       309.22015     -456.43428      15883.928      3409.4665      19293.394      4945.3217      0              1586.9999      3083.2774      6268.3287      0              0.63636351   
   8160000   119367.72      310.8628      -299.53519      15895.768      3427.5783      19323.346      4939.2603      0              1638.8325      3007.5051      6310.1699      0              0.6349954    
   8170000   118813.27      320.35075     -272.07834      15864.131      3532.1926      19396.324      5028.5522      0              1579.3914      3000.3101      6255.8775      0              0.63795865   
   8180000   119040.72      311.4406      -581.84959      15847.438      3433.9491      19281.388      4996.2046      0              1608.2998      2972.8746      6270.0595      0              0.63673975   
   8190000   118259.98      311.40667      1004.5875      15884.36       3433.575       19317.935      5014.7431      0              1550.9352      2986.865       6331.8164      0              0.64094342   
   8200000   118209.94      312.52157      249.09061      15815.336      3445.8679      19261.204      4978.6005      0              1579.6558      3014.5853      6242.4941      0              0.64121476   
   8210000   118536         302.94375      50.15345       15863.989      3340.2627      19204.252      4930.2705      0              1556.3916      3058.7695      6318.5578      0              0.63945094   
   8220000   117666.66      302.52352      199.07005      15854.248      3335.6293      19189.878      5004.0101      0              1574.7118      3018.0907      6257.4357      0              0.64417528   
   8230000   118015.23      304.41443      796.14192      15811.304      3356.4785      19167.783      4963.7559      0              1541.1516      3013.1621      6293.2349      0              0.64227264   
   8240000   117850.68      305.49715      39.256371      15855.652      3368.4166      19224.069      4970.5417      0              1552.9705      2956.0578      6376.0825      0              0.64316946   
   8250000   117302.85      304.38854      24.969851      15859.561      3356.1931      19215.754      4923.7519      0              1579.2182      3051.2887      6305.3024      0              0.64617316   
   8260000   118470.53      304.42903     -35.65418       15948.441      3356.6395      19305.08       4994.5154      0              1596.257       3029.8038      6327.8647      0              0.63980429   
   8270000   117886.4       303.49036      286.04763      15848.876      3346.2897      19195.166      5003.7469      0              1558.7921      2984.0209      6302.3161      0              0.64297457   
   8280000   118115.49      305.68363     -238.43305      15833.911      3370.4727      19204.384      4905.7547      0              1567.122       2995.6798      6365.3547      0              0.64172748   
   8290000   118502.4       315.2181       96.503186      15937.984      3475.5999      19413.584      4932.3166      0              1631.526       3040.3289      6333.8122      0              0.63963223   
   8300000   119158.78      306.19291     -657.95637      15882.142      3376.0881      19258.23       4993.3513      0              1603.1326      3002.2354      6283.423       0              0.63610888   
   8310000   119504.56      308.81551      236.02928      15886.594      3405.0049      19291.599      4963.177       0              1560.7811      3015.4481      6347.1879      0              0.63426832   
   8320000   118932.18      304.83961     -303.17677      15850.288      3361.1665      19211.454      4981.6646      0              1592.8849      2975.7201      6300.0179      0              0.63732086   
   8330000   119306.29      312.79581     -481.31122      15866.489      3448.8918      19315.381      4983.0387      0              1580.2795      3016.9418      6286.2291      0              0.6353224    
   8340000   118435.53      309.82317     -326.52506      15890.784      3416.1154      19306.9        4979.0208      0              1618.6133      3027.3454      6265.8048      0              0.63999337   
   8350000   117746.23      309.43606      56.515969      15850.594      3411.8471      19262.441      4949.4325      0              1560.2563      3035.6447      6305.2602      0              0.64373999   
   8360000   118492.27      302.86271     -858.82377      15920.605      3339.3692      19259.974      4952.2241      0              1599.1589      3008.8246      6360.3969      0              0.63968695   
   8370000   118164.1       311.53863     -504.61271      15798.228      3435.03        19233.258      4949.7528      0              1524.8633      3036.2137      6287.3983      0              0.6414635    
   8380000   118115.69      320.84121     -166.52887      15808.023      3537.6005      19345.624      4994.2258      0              1590.2019      2998.3944      6225.2013      0              0.64172639   
   8390000   118512.56      307.03891     -46.350583      15886.482      3385.416       19271.898      4958.5508      0              1640.7682      2978.3781      6308.7845      0              0.63957742   
   8400000   119189.93      307.45945     -122.06057      15836.977      3390.0529      19227.029      4953.3189      0              1585.1438      3028.4999      6270.0139      0              0.63594259   
   8410000   118466.09      313.15327      333.28753      15802.119      3452.8331      19254.953      5019.0727      0              1553.6664      2945.093       6284.2875      0              0.63982827   
   8420000   118084.25      306.29723      341.93077      15911.806      3377.2383      19289.044      4973.6599      0              1575.7116      3045.3168      6317.1174      0              0.64189725   
   8430000   120027.89      309.22117     -701.53414      15875.139      3409.4777      19284.616      4944.8451      0              1613.8455      3006.4897      6309.9583      0              0.63150284   
   8440000   118643.83      305.02961     -387.99729      15820.283      3363.2614      19183.544      4964.2033      0              1597.4322      3001.5958      6257.0513      0              0.63886975   
   8450000   119269.81      303.22385     -171.80894      15891.033      3343.3511      19234.384      5000.9101      0              1568.998       3001.5083      6319.6166      0              0.63551667   
   8460000   119331.85      309.12349     -38.730691      15903.222      3408.4006      19311.623      4979.505       0              1578.9353      3034.2933      6310.4887      0              0.63518631   
   8470000   118083.04      307.65284      517.14182      15818.659      3392.1852      19210.844      5018.159       0              1596.5645      2927.7433      6276.1924      0              0.64190381   
   8480000   118998.52      306.40769      383.13957      15864.99       3378.4562      19243.446      4980.1817      0              1580.6732      3029.4264      6274.7083      0              0.63696553   
   8490000   120021.15      302.60379     -63.205262      15872.678      3336.5144      19209.193      4994.7608      0              1560.4294      3015.3195      6302.1687      0              0.6315383    
   8500000   120308.95      309.01944     -21.909573      15849.227      3407.2535      19256.481      5006.5648      0              1602.7854      2995.7146      6244.1626      0              0.63002755   
   8510000   119450.43      304.27749      390.18074      15923.942      3354.9686      19278.91       5031.2812      0              1594.8324      2991.121       6306.707       0              0.63455576   
   8520000   119638.52      302.23931      204.26518      15870.526      3332.4956      19203.022      5027.1252      0              1539.577       2991.7572      6312.0671      0              0.63355813   
   8530000   119274.15      310.27671      578.55864      15890.381      3421.1161      19311.497      5092.2976      0              1564.1987      2951.9199      6281.9649      0              0.6354936    
   8540000   118788.7       298.54435     -67.03528       15885.168      3291.7549      19176.923      4984.3635      0              1594.8141      3010.5692      6295.4213      0              0.63809065   
   8550000   119559.19      304.80547      112.26768      15838.803      3360.7901      19199.593      4976.3191      0              1568.266       2984.1614      6310.0569      0              0.63397849   
   8560000   119028.57      309.30271     -667.67578      15904.398      3410.3768      19314.775      4992.5187      0              1651.2692      2981.3476      6279.263       0              0.63680471   
   8570000   118897.16      314.39603      229.07843      15861.979      3466.5357      19328.515      5008.8324      0              1584.674       2977.1289      6291.344       0              0.63750855   
   8580000   118229.72      307.82277     -431.60035      15881.956      3394.0589      19276.015      4986.4234      0              1615.2342      3005.0175      6275.2806      0              0.64110749   
   8590000   119810.29      305.48341     -464.35547      15830.622      3368.2651      19198.887      4952.7321      0              1611.3321      2985.901       6280.6571      0              0.63264981   
   8600000   120115.83      305.22264     -13.899653      15880.847      3365.3898      19246.237      5033.1558      0              1551.7541      3038.6277      6257.3092      0              0.63104054   
   8610000   118536.95      312.61432     -186.21601      15862.097      3446.8906      19308.988      4946.0531      0              1618.3482      2974.3237      6323.3721      0              0.63944581   
   8620000   119716.15      311.93848      293.13674      15878.459      3439.4387      19317.897      5038.3788      0              1539.4301      2991.7237      6308.926       0              0.63314729   
   8630000   118974.82      305.20595      139.20217      15810.352      3365.2058      19175.557      5007.1205      0              1534.7686      2989.9149      6278.5476      0              0.63709244   
   8640000   119589.65      306.9906       296.36938      15885.54       3384.8834      19270.423      5013.7736      0              1540.4532      3014.0338      6317.2795      0              0.63381702   
   8650000   118846.68      317.18198      801.88136      15890.48       3497.2537      19387.734      5059.2958      0              1546.1105      2960.4571      6324.6171      0              0.63777932   
   8660000   117496.47      309.75539     -112.0017       15863.048      3415.368       19278.416      4955.4479      0              1608.1918      2989.9557      6309.4527      0              0.64510837   
   8670000   117633.07      307.48539      190.2135       15826.681      3390.3389      19217.02       5037.4235      0              1572.6808      2949.5123      6267.0645      0              0.64435924   
   8680000   117969.79      306.4569      -168.70224      15848.695      3378.9987      19227.693      5026.7775      0              1556.5847      2985.4887      6279.8437      0              0.64252005   
   8690000   117987.87      311.81131      752.0079       15862.71       3438.0366      19300.747      4956.2719      0              1555.1099      3057.5394      6293.7893      0              0.64242158   
   8700000   119161.38      311.95844     -453.7422       15858.509      3439.6589      19298.168      4911.5904      0              1576.0378      3076.1659      6294.7151      0              0.63609496   
   8710000   118954.49      307.71881      223.06524      15876.119      3392.9127      19269.032      5002.4326      0              1582.863       2981.4383      6309.3854      0              0.63720128   
   8720000   118696.22      306.46573     -748.11171      15932.088      3379.0962      19311.184      4997.2975      0              1612.9214      3049.3547      6272.5145      0              0.63858776   
   8730000   117346.3       310.49416      259.58061      15805.6        3423.5137      19229.113      5018.8938      0              1548.3009      2987.9873      6250.4177      0              0.64593395   
   8740000   118342.14      310.53818     -94.319773      15854.435      3423.999       19278.434      5005.5739      0              1569.6243      3016.7759      6262.4607      0              0.64049845   
   8750000   118345.26      313.2799       373.13012      15927.265      3454.2293      19381.494      4990.8377      0              1614.339       3047.4719      6274.616       0              0.64048155   
   8760000   118533.69      306.20952      768.29611      15840.751      3376.2712      19217.022      5014.9725      0              1501.6731      3020.9074      6303.1975      0              0.63946339   
   8770000   118505.73      312.71621     -122.69589      15937.916      3448.0141      19385.93       5001.6155      0              1616.7646      2990.5728      6328.9633      0              0.63961424   
   8780000   119122.65      311.64057      506.12333      15885.875      3436.154       19322.029      5033.6615      0              1545.5587      3001.2827      6305.3723      0              0.63630177   
   8790000   118243.06      308.96076     -180.16998      15838.293      3406.6064      19244.899      4963.5951      0              1596.8234      3000.6357      6277.2383      0              0.64103513   
   8800000   119077.19      309.15419     -291.1076       15837.903      3408.7392      19246.642      5016.9351      0              1543.5293      2980.1394      6297.2994      0              0.63654473   
   8810000   117982.65      302.29423      277.85185      15813.787      3333.1011      19146.888      5052.4378      0              1532.325       2959.7221      6269.3023      0              0.64245004   
   8820000   119429.97      306.97647     -217.20859      15850.995      3384.7276      19235.723      5005.315       0              1563.6244      2976.3966      6305.6592      0              0.63466445   
   8830000   118503.05      322.00749     -450.62943      15960.182      3550.4599      19510.642      5003.1038      0              1613.0762      3000.3101      6343.6915      0              0.63962873   
   8840000   118532.14      299.03007     -67.158935      15738.364      3297.1104      19035.475      4977.6194      0              1546.5263      2964.4688      6249.7497      0              0.63947178   
   8850000   116770.09      304.09857     -160.04077      15852.334      3352.9958      19205.33       4984.4899      0              1562.1914      2967.6525      6338.0004      0              0.64912135   
   8860000   117917.97      304.8728      -778.88436      15844.656      3361.5325      19206.189      4960.1233      0              1574.6897      2991.5383      6318.3051      0              0.6428024    
   8870000   118206.22      309.17538      166.97703      15853.875      3408.9729      19262.848      4943.9121      0              1616.326       3007.3095      6286.3271      0              0.64123491   
   8880000   119165.06      309.11164      457.31122      15889.676      3408.27        19297.946      5019.6425      0              1576.4801      2981.811       6311.7427      0              0.63607535   
   8890000   118675.67      307.91662     -366.42036      15838.007      3395.0937      19233.1        4925.8266      0              1601.3325      3014.861       6295.9865      0              0.63869836   
   8900000   119017.41      307.49599     -201.30878      15921.841      3390.4559      19312.297      4999.6386      0              1609.6448      3016.3445      6296.2133      0              0.63686446   
   8910000   119119.69      306.31718     -75.287119      15688.94       3377.4583      19066.399      4954.7192      0              1523.5731      2951.8256      6258.8224      0              0.63631761   
   8920000   120804.46      307.65697      135.92017      15747.977      3392.2308      19140.208      4975.9769      0              1536.0761      2965.1894      6270.7347      0              0.62744334   
   8930000   119858.39      308.76957     -329.84896      15895.255      3404.4983      19299.753      5004.6371      0              1640.3562      2969.022       6281.2395      0              0.63239594   
   8940000   119291.73      307.28973     -16.147581      15869.905      3388.1816      19258.086      4965.972       0              1585.5006      3016.8208      6301.6111      0              0.63539992   
   8950000   118928.82      303.93065      71.188802      15865.123      3351.1443      19216.267      4985.7087      0              1550.2456      3038.0814      6291.087       0              0.63733883   
   8960000   117792.61      303.04074      281.47473      15853.278      3341.3322      19194.61       4987.2708      0              1597.7107      2986.4126      6281.8837      0              0.64348653   
   8970000   118528.57      309.83923     -504.38312      15804.564      3416.2924      19220.856      4949.5244      0              1576.386       2993.3117      6285.3419      0              0.63949102   
   8980000   118213.18      311.80015     -190.69623      15931.6        3437.9136      19369.514      4960.7362      0              1597.7758      3049.093       6323.9954      0              0.64119715   
   8990000   117499.1       305.85676     -52.160716      15846.099      3372.3817      19218.48       4969.4168      0              1589.9947      2972.4037      6314.2833      0              0.64509394   
   9000000   118273.97      309.63069     -168.33546      15859.328      3413.9931      19273.321      5004.8604      0              1576.4672      2979.8636      6298.1372      0              0.64086762   
   9010000   119062.62      309.40913     -525.89945      15864.931      3411.5502      19276.482      4949.1849      0              1607.2163      3006.7367      6301.7934      0              0.63662263   
   9020000   117424.57      309.73177      321.71828      15807.916      3415.1075      19223.024      4990.812       0              1550.9206      2984.2494      6281.9342      0              0.64550335   
   9030000   117988.41      299.29633      576.68095      15880.866      3300.0462      19180.913      5015.8973      0              1563.9806      3023.8267      6277.1618      0              0.64241865   
   9040000   119171.83      305.0591      -14.163792      15883.273      3363.5866      19246.86       4989.1692      0              1570.9443      2973.2781      6349.8818      0              0.63603921   
   9050000   120027.79      314.83471     -597.80954      15889.821      3471.3726      19361.193      4984.3578      0              1627.702       2960.0085      6317.7525      0              0.63150339   
   9060000   118381.96      310.58898      643.67463      16026.871      3424.5592      19451.43       5042.8296      0              1583.4985      3071.9285      6328.6139      0              0.64028298   
   9070000   118075.64      310.25297      549.87099      15888.021      3420.8544      19308.875      4974.4862      0              1576.1043      3010.6603      6326.7701      0              0.64194409   
   9080000   118880.53      301.89562     -876.71128      15940.01       3328.7061      19268.716      4952.3776      0              1609.156       3100.3462      6278.1301      0              0.6375977    
   9090000   118125.76      318.04595      668.0714       15827.648      3506.7799      19334.428      4985.883       0              1513.0747      2991.883       6336.8074      0              0.64167168   
   9100000   118177.1       308.81351     -94.065923      15926.165      3404.9829      19331.148      4945.8067      0              1662.5733      3015.6013      6302.184       0              0.64139295   
   9110000   118225.87      309.26009      110.46777      15884.724      3409.9069      19294.631      4970.5646      0              1600.2512      3007.9571      6305.9509      0              0.64112833   
   9120000   118663.13      312.11499     -483.3446       15818.298      3441.385       19259.683      4938.3034      0              1641.1682      2970.8037      6268.0225      0              0.63876583   
   9130000   117776.2       309.92748     -262.30514      15808.023      3417.2655      19225.288      4930.385       0              1575.9284      2994.9357      6306.7734      0              0.64357618   
   9140000   119046.28      310.58468      185.74124      15839.491      3424.5118      19264.002      5004.3865      0              1538.5591      3015.504       6281.0408      0              0.63670999   
   9150000   119618.72      313.76815      41.668693      15900.609      3459.6128      19360.221      5003.905       0              1575.3702      2987.8608      6333.4727      0              0.63366299   
   9160000   118747.82      302.97009      194.25031      15849.728      3340.5531      19190.281      5001.0775      0              1579.8182      3007.496       6261.3361      0              0.63831028   
   9170000   119624.24      304.16096      95.005816      15917.379      3353.6837      19271.063      5010.5732      0              1568.8033      3033.7434      6304.2589      0              0.63363376   
   9180000   119883.42      311.30659      586.93333      15792.504      3432.4716      19224.976      5003.3001      0              1510.6331      2996.6185      6281.9524      0              0.63226389   
   9190000   118171.06      306.4707      -199.07705      15855.755      3379.1509      19234.906      4961.9046      0              1593.4375      2995.0333      6305.3793      0              0.64142572   
   9200000   118903.59      307.83166     -440.54611      15862.453      3394.1569      19256.61       4945.0193      0              1630.5205      2976.7328      6310.1805      0              0.6374741    
   9210000   118714.94      303.53052      180.02496      15818.648      3346.7325      19165.381      4951.3995      0              1588.471       2987.4655      6291.3121      0              0.6384871    
   9220000   118944.56      309.55772      180.80962      15884.104      3413.1885      19297.292      5070.592       0              1576.2158      2972.0062      6265.29        0              0.6372545    
   9230000   118726.22      302.37294      509.53063      15811.239      3333.9689      19145.208      4978.4282      0              1563.9584      3026.0832      6242.7687      0              0.63842643   
   9240000   118923.99      311.41653     -378.70546      15850.059      3433.6838      19283.743      5013.9853      0              1594.0039      2963.3011      6278.769       0              0.63736475   
   9250000   119435.63      304.40577     -713.35793      15887.323      3356.3831      19243.706      4952.6811      0              1598.8568      3018.4075      6317.3777      0              0.63463439   
   9260000   119046.32      308.778        174.86171      15796.506      3404.5913      19201.098      5044.4278      0              1522.364       2972.2299      6257.4845      0              0.63670978   
   9270000   119012.74      314.05192      213.39107      15842.593      3462.7417      19305.334      4958.3892      0              1569.2729      3005.2781      6309.6524      0              0.63688942   
   9280000   118651.06      310.08528      50.98012       15992.17       3419.0053      19411.175      5043.1182      0              1594.0955      3042.9301      6312.0262      0              0.63883082   
   9290000   118348.23      308.29947     -208.49409      15932.846      3399.315       19332.161      5034.5844      0              1596.0694      2969.4729      6332.719       0              0.64046548   
   9300000   118678.36      307.85207     -302.45186      15844.811      3394.382       19239.193      4971.0308      0              1574.8244      2999.8083      6299.1478      0              0.63868386   
   9310000   118812.68      308.40541      194.63578      15910.362      3400.4831      19310.845      5007.7735      0              1597.6884      3003.0043      6301.8956      0              0.63796182   
   9320000   119324.69      308.03338     -284.39826      15861.103      3396.3811      19257.484      4955.2318      0              1639.1761      3002.3543      6264.3407      0              0.6352244    
   9330000   118973.92      316.72488      589.41986      15878.59       3492.2137      19370.804      4985.669       0              1563.5416      3035.8315      6293.5479      0              0.63709727   
   9340000   120298.05      309.85066     -340.79943      15895.614      3416.4185      19312.032      4949.825       0              1561.2405      3043.0844      6341.4641      0              0.63008468   
   9350000   120136.41      308.0985       300.4586       15945.335      3397.0991      19342.434      5016.7495      0              1598.0277      3022.0943      6308.4633      0              0.63093241   
   9360000   119182.95      304.8512      -703.81381      15909.024      3361.2943      19270.319      4998.266       0              1616.9405      2987.8974      6305.9205      0              0.63597988   
   9370000   118812.69      308.57949     -66.111699      15822.844      3402.4025      19225.247      4991.8524      0              1562.3587      2976.1053      6292.5276      0              0.63796177   
   9380000   118729.9       311.04346      224.88674      15898.794      3429.5703      19328.365      4999.7147      0              1529.6489      3044.9718      6324.4589      0              0.63840663   
   9390000   119820.51      308.90535     -76.860158      15884.551      3405.9954      19290.547      4975.4248      0              1621.9335      3001.8308      6285.3619      0              0.63259582   
   9400000   119541.13      306.69233     -146.89668      15888.09       3381.5946      19269.684      5016.2033      0              1572.6041      3035.6191      6263.6632      0              0.6340743    
   9410000   119986.31      307.25408      290.08246      15925.343      3387.7885      19313.132      4999.2707      0              1605.3598      3027.3955      6293.3172      0              0.6317217    
   9420000   119578.69      309.42628     -232.21167      15914.964      3411.7392      19326.703      5076.8362      0              1644.397       2934.2882      6259.4423      0              0.63387511   
   9430000   118837.3       307.24365      447.27897      15887.003      3387.6735      19274.677      5089.2708      0              1545.8332      2985.6684      6266.2312      0              0.63782965   
   9440000   118534.07      306.00416      169.82128      15904.929      3374.0069      19278.936      4997.8419      0              1637.5264      3013.6636      6255.8975      0              0.63946136   
   9450000   118655.47      310.99268     -239.67014      15828.102      3429.0103      19257.112      5038.9555      0              1539.8886      2986.1101      6263.1475      0              0.63880712   
   9460000   119784.82      305.75984     -176.47128      15901.811      3371.313       19273.124      4985.766       0              1577.5946      3040.635       6297.8158      0              0.63278434   
   9470000   119626.14      311.86247      428.53051      15849.153      3438.6007      19287.754      5014.0432      0              1517.3772      3041.1036      6276.6289      0              0.63362369   
   9480000   120442.21      307.13972     -147.78198      15837.996      3386.5276      19224.523      4960.0505      0              1570.7813      3027.1434      6280.0206      0              0.62933047   
   9490000   121542.2       309.09673     -121.52284      15898.098      3408.1056      19306.204      5029.6706      0              1562.2338      3009.1509      6297.0426      0              0.62363488   
   9500000   120671.23      303.69561     -155.612        15856.115      3348.5528      19204.668      4931.1747      0              1583.7921      3073.368       6267.7806      0              0.62813612   
   9510000   120559.4       300.62752      108.44358      15949.123      3314.7239      19263.847      4971.8415      0              1584.949       3068.4038      6323.9286      0              0.62871876   
   9520000   119798.43      305.56787     -7.6420401      15920.992      3369.1963      19290.188      4964.6659      0              1590.7583      3027.6602      6337.9073      0              0.63271246   
   9530000   119696.7       309.92358      126.12535      15890.816      3417.2225      19308.039      4981.3678      0              1569.3852      3035.3114      6304.7517      0              0.63325017   
   9540000   119097.71      310.22314      53.763327      15808.335      3420.5254      19228.86       4991.9209      0              1557.4193      2999.3362      6259.6584      0              0.63643503   
   9550000   118105.67      305.75941     -146.38666      15908.403      3371.3082      19279.711      4969.2606      0              1603.6414      3002.5718      6332.9294      0              0.64178082   
   9560000   118850.89      305.68915     -40.627212      15896.734      3370.5335      19267.268      5013.4181      0              1557.8739      3003.0355      6322.4068      0              0.63775673   
   9570000   118811.31      299.56102     -200.91108      15932.627      3302.9647      19235.592      4978.365       0              1612.4447      3048.9015      6292.9162      0              0.63796917   
   9580000   119414.58      304.7633       460.37719      15838.373      3360.3251      19198.698      5007.3686      0              1569.9257      2980.5146      6280.5644      0              0.63474626   
   9590000   121128.39      312.48864     -80.006762      15962.749      3445.5049      19408.254      5037.8351      0              1629.0124      3024.8729      6271.0285      0              0.62576542   
   9600000   121680.33      307.15239      18.956531      15870.558      3386.6673      19257.225      4992.8839      0              1540.8818      3023.822       6312.9701      0              0.62292692   
   9610000   122585.15      307.62183      777.87899      15820.386      3391.8433      19212.229      4989.7683      0              1529.5949      3021.3466      6279.6761      0              0.61832904   
   9620000   120825.22      302.9913       63.140765      15840.632      3340.7871      19181.419      5037.6701      0              1520.623       3014.2494      6268.0893      0              0.62733555   
   9630000   119657.08      302.86826      67.702542      15871.273      3339.4304      19210.704      5007.0694      0              1561.898       3044.1977      6258.108       0              0.63345983   
   9640000   119998.14      312.78008     -359.68455      15940.853      3448.7182      19389.571      4969.4083      0              1629.6718      3043.4281      6298.3447      0              0.63165945   
   9650000   120066.54      304.2121      -175.70075      15858.119      3354.2476      19212.367      4958.0348      0              1588.9561      3008.0276      6303.1008      0              0.63129958   
   9660000   119369.29      303.91385      857.72764      15907.085      3350.9591      19258.044      5007.2706      0              1578.0609      3045.0442      6276.7095      0              0.63498707   
   9670000   119718.15      298.69025     -584.60069      15969.514      3293.3636      19262.878      4954.993       0              1614.7782      3049.4571      6350.2857      0              0.63313669   
   9680000   119109.03      318.08927     -74.412177      15871.25       3507.2575      19378.507      4991.6006      0              1563.3155      2988.2821      6328.0517      0              0.63637453   
   9690000   120141.25      309.13247      359.63038      15918.357      3408.4996      19326.856      4960.7088      0              1604.3196      3021.5169      6331.8114      0              0.630907     
   9700000   119945.78      304.61122      71.209307      15847.474      3358.6483      19206.122      5006.9189      0              1573.2421      2996.0009      6271.3121      0              0.63193519   
   9710000   120248.42      308.14791     -431.89357      15849.714      3397.6439      19247.358      4987.463       0              1585.9268      2992.9934      6283.3304      0              0.63034469   
   9720000   120097.87      305.74538     -185.86454      15889.209      3371.1536      19260.363      4981.6911      0              1625.2828      2990.2756      6291.9599      0              0.63113491   
   9730000   119678.66      311.3612       175.66942      15882.908      3433.0737      19315.982      5009.7693      0              1578.0435      3015.9451      6279.1504      0              0.63334561   
   9740000   120331.67      310.17672      351.03661      15867.843      3420.0136      19287.857      5015.743       0              1552.2158      3002.6566      6297.2281      0              0.6299086    
   9750000   121058.35      305.18224     -90.516884      15919.401      3364.9444      19284.345      5044.7523      0              1571.5251      3008.2086      6294.915       0              0.62612746   
   9760000   120537.1       302.56774      848.2815       15832.418      3336.1168      19168.534      5007.4553      0              1550.5797      2960.9479      6313.4347      0              0.62883509   
   9770000   121233.02      310.89603      189.42307      15823.145      3427.9447      19251.089      4979.8204      0              1558.854       3018.9672      6265.5031      0              0.62522533   
   9780000   120195.42      306.12572     -51.546897      15938.327      3375.3472      19313.674      4974.6719      0              1646.2669      3023.5337      6293.8547      0              0.63062264   
   9790000   120286.65      301.99062     -497.0762       15949.51       3329.7535      19279.263      4972.9166      0              1651.92        3002.7731      6321.9         0              0.63014437   
   9800000   118878.05      305.84253     -424.95913      15911.908      3372.2248      19284.132      4945.7597      0              1648.842       2993.6278      6323.678       0              0.637611     
   9810000   119186.24      306.60236     -1062.9862      15898.087      3380.6027      19278.69       4942.5937      0              1614.1456      3039.4816      6301.8665      0              0.63596228   
   9820000   119031.19      310.17556      182.1588       15852.944      3420.0008      19272.945      5022.7533      0              1570.7387      2980.9741      6278.4782      0              0.63679072   
   9830000   118425.25      309.01846     -89.41205       15926.183      3407.2426      19333.426      4982.788       0              1565.8737      3020.2687      6357.2526      0              0.64004892   
   9840000   117804.51      312.0301       269.26001      15775.648      3440.449       19216.097      4980.0761      0              1558.2921      2979.5841      6257.6955      0              0.64342152   
   9850000   118085.71      305.47927     -350.84156      15859.281      3368.2194      19227.5        4938.5211      0              1651.0927      2998.0412      6271.6257      0              0.6418893    
   9860000   117993.69      311.90889     -289.95579      15853.04       3439.1125      19292.153      4974.5664      0              1588.7082      2992.6005      6297.165       0              0.64238994   
   9870000   117820.43      311.5867       729.70249      15877.583      3435.5601      19313.143      5017.8718      0              1587.1566      2977.5911      6294.9632      0              0.64333457   
   9880000   119175.92      303.80662      195.13593      15894.812      3349.7768      19244.589      4960.9136      0              1584.2401      3009.2244      6340.4343      0              0.63601737   
   9890000   119311.25      308.92948     -184.6359       15884.942      3406.2615      19291.204      5010.0016      0              1541.1814      3025.8863      6307.8728      0              0.63529595   
   9900000   118429.24      303.97483     -243.35178      15833.782      3351.6315      19185.414      4977.0335      0              1600.6092      2955.1251      6301.0145      0              0.64002739   
   9910000   118598.35      309.09095     -265.84105      15817.512      3408.0418      19225.554      4957.3437      0              1592.8177      2975.4781      6291.8725      0              0.63911473   
   9920000   118784.48      307.17814      78.507546      15826.031      3386.9512      19212.983      4965.2992      0              1584.8711      3008.5707      6267.2905      0              0.63811332   
   9930000   118880.61      300.63328     -1195.8502      15937.958      3314.7874      19252.746      4922.279       0              1650.6177      3005.2936      6359.768       0              0.63759729   
   9940000   118510.36      309.31363     -303.89952      15840.923      3410.4972      19251.42       4959.3766      0              1604.8918      2990.8637      6285.7906      0              0.63958928   
   9950000   118892.61      311.98638     -529.44241      15852.464      3439.9669      19292.431      4993.27        0              1581.522       2989.0877      6288.5846      0              0.63753297   
   9960000   118693.45      311.6496       393.76541      15915.524      3436.2535      19351.778      5002.4852      0              1572.3773      3027.8889      6312.7729      0              0.63860271   
   9970000   118705.74      308.0647       158.01567      15871.566      3396.7264      19268.292      4986.1361      0              1589.812       3011.5627      6284.0551      0              0.63853658   
   9980000   117932.13      313.89825     -197.71045      15887.811      3461.0472      19348.859      4987.0688      0              1581.7931      3009.2097      6309.7396      0              0.64272524   
   9990000   118925.17      305.70223      198.95705      15916.895      3370.6778      19287.572      5059.5923      0              1567.465       2995.0606      6294.7768      0              0.63735839   
  10000000   118354.98      312.63072      326.80057      15897.799      3447.0715      19344.87       5011.8049      0              1553.808       3000.4517      6331.7341      0              0.64042893   
  10010000   118901.62      311.9488      -11.731638      15901.938      3439.5526      19341.491      4968.4647      0              1577.4282      3042.0583      6313.987       0              0.63748465   
  10020000   119464.28      310.31014     -299.12533      15964.606      3421.4847      19386.091      5019.9953      0              1663.9606      2969.6576      6310.9922      0              0.63448219   
  10030000   119465.73      308.26436      320.61846      15888.833      3398.9279      19287.761      4987.2675      0              1527.7982      3034.8109      6338.9561      0              0.63447445   
  10040000   119884.9       307.24769     -374.57366      15886.071      3387.7181      19273.789      4961.5077      0              1584.3881      3002.7628      6337.4123      0              0.63225605   
  10050000   118182.5       311.07259      126.03552      15845.031      3429.8915      19274.922      4992.2176      0              1560.681       2987.7289      6304.4033      0              0.64136362   
  10060000   119239.09      313.29541      396.46315      15805.446      3454.4003      19259.846      5008.0142      0              1591.9175      2956.1542      6249.3599      0              0.63568041   
  10070000   119731.53      303.78811     -0.10432372     15817.09       3349.5727      19166.662      5011.0918      0              1550.2332      2938.7933      6316.9713      0              0.63306598   
  10080000   119516.46      305.61894     -146.44032      15816.548      3369.7595      19186.307      4996.377       0              1568.758       3011.7262      6239.6864      0              0.63420514   
  10090000   119635.74      304.85865      110.87746      15848.808      3361.3764      19210.185      4993.3268      0              1584.3656      2976.3874      6294.7286      0              0.63357284   
  10100000   119631.77      308.38288     -429.94091      15892.073      3400.2347      19292.308      5019.3048      0              1578.8877      2963.3748      6330.506       0              0.63359389   
  10110000   118684.35      310.3639      -256.85866      15823.502      3422.0774      19245.58       4960.5467      0              1596.3414      2982.6438      6283.9704      0              0.63865164   
  10120000   119270.13      309.45563      257.55312      15846.207      3412.0628      19258.27       4945.5574      0              1546.4902      2996.4118      6357.7477      0              0.63551498   
  10130000   119622.15      306.82561     -531.67249      15908.138      3383.0642      19291.202      4960.8827      0              1633.7296      3036.892       6276.6332      0              0.63364482   
  10140000   118312.42      308.95547      832.58996      15817.743      3406.5481      19224.291      4994.1703      0              1552.3975      3005.5008      6265.6745      0              0.64065931   
  10150000   119295.97      305.97997      220.11238      15849.114      3373.7402      19222.854      5044.1501      0              1552.3745      3017.4874      6235.1023      0              0.63537736   
  10160000   119452.03      309.90348     -813.36671      15834.154      3417.0008      19251.155      4959.0783      0              1595.446       2976.6297      6303.0001      0              0.63454722   
  10170000   118517.46      310.54538     -727.15846      15798.404      3424.0785      19222.483      4947.4818      0              1573.3424      2993.0949      6284.4852      0              0.63955097   
  10180000   118128.84      313.05408      82.858455      15976.775      3451.7394      19428.515      4979.5073      0              1628.726       3060.6459      6307.8961      0              0.64165493   
  10190000   118399.12      311.89587     -71.287782      15818.312      3438.969       19257.281      4893.0545      0              1550.2455      3039.2118      6335.8         0              0.64019018   
  10200000   118992.9       310.41222     -779.43245      15887.285      3422.6103      19309.895      4946.6851      0              1618.468       3005.9515      6316.18        0              0.63699561   
  10210000   119503.96      300.64553      174.10108      15853.175      3314.9225      19168.097      4998.1847      0              1567.7923      3005.7257      6281.4717      0              0.6342715    
  10220000   119316.8       305.68443      188.967        15830.586      3370.4815      19201.068      4999.7389      0              1555.7938      2985.8149      6289.2387      0              0.63526643   
  10230000   118608.55      303.60794      688.41819      15871.023      3347.5861      19218.609      5025.7683      0              1561.8321      2961.1739      6322.2488      0              0.63905981   
  10240000   118673.06      309.3342      -85.663496      15966.622      3410.724       19377.346      5040.4554      0              1594.5313      3015.8927      6315.7424      0              0.63871239   
  10250000   118786.22      308.43814     -316.95029      15914.959      3400.8439      19315.803      5009.1256      0              1613.3078      3010.1748      6282.3505      0              0.63810394   
  10260000   119110.59      304.75907      815.53049      15890.693      3360.2785      19250.972      5050.8149      0              1552.1909      2988.347       6299.3402      0              0.63636622   
  10270000   119072.54      306.91055      105.58506      15931.586      3384.0008      19315.587      4984.7842      0              1551.703       3068.2361      6326.8632      0              0.63656957   
  10280000   118411.02      306.27233      155.12061      15875.645      3376.9638      19252.609      4968.1154      0              1533.1275      3078.1648      6296.2372      0              0.64012584   
  10290000   118733.17      306.67073     -488.91874      15922.119      3381.3565      19303.476      4919.8855      0              1628.3464      3043.9654      6329.9219      0              0.63838906   
  10300000   118011.73      311.84822     -133.94919      15835.492      3438.4435      19273.935      4903.9882      0              1565.0634      3071.5907      6294.8492      0              0.64229171   
  10310000   118264.56      306.81727     -115.68821      15871.447      3382.9723      19254.42       4979.8074      0              1595.4067      3012.8201      6283.4133      0              0.64091862   
  10320000   118915.4       311.78444      183.8378       15819.017      3437.7403      19256.758      4973.1869      0              1581.1031      2976.6121      6288.1153      0              0.63741078   
  10330000   118389.78      306.87676     -93.799084      15830.32       3383.6282      19213.948      4941.1813      0              1559.1314      3029.2948      6300.7121      0              0.64024072   
  10340000   118870.4       310.11476      632.57976      15884.224      3419.3304      19303.554      5044.6095      0              1563.8152      2986.5102      6289.2886      0              0.63765205   
  10350000   118646.67      307.17632      425.91231      15908.09       3386.9311      19295.021      5000.8231      0              1577.6998      3018.0657      6311.501       0              0.63885447   
  10360000   118178.86      313.94819      672.309        15929.288      3461.5979      19390.886      5043.404       0              1595.7587      2990.1196      6300.006       0              0.64138335   
  10370000   117533.21      302.22985      622.71164      15803.306      3332.3912      19135.697      4969.7715      0              1569.2916      2967.4974      6296.7456      0              0.64490669   
  10380000   117613.45      297.31845      17.860089      15809.911      3278.2381      19088.149      5000.8999      0              1527.3353      3025.3093      6256.3661      0              0.64446674   
  10390000   118289.8       308.13894      10.869152      15861.3        3397.545       19258.845      4969.3406      0              1612.1059      2969.0185      6310.8353      0              0.64078182   
  10400000   118059.41      308.29679     -110.75973      15795.641      3399.2855      19194.926      4940.4457      0              1590.1294      3020.7465      6244.319       0              0.64203233   
  10410000   117890.45      310.44059      411.99937      15811.128      3422.9231      19234.051      4990.7341      0              1504.9891      3005.4974      6309.907       0              0.64295246   
  10420000   118335.52      300.99633      501.98132      15866.139      3318.7905      19184.929      5031.1032      0              1570.0483      2979.5531      6285.4342      0              0.64053429   
  10430000   116188.95      300.96156      142.80337      15883.615      3318.4071      19202.022      4928.5293      0              1591.6514      3046.0991      6317.3351      0              0.65236804   
  10440000   117770.89      306.33701     -94.165764      15749.33       3377.6769      19127.007      4967.4692      0              1566.2216      2967.6072      6248.0323      0              0.64360518   
  10450000   117174.19      310.4282      -1005.8663      15902.665      3422.7864      19325.451      4943.2702      0              1632.8349      3037.1675      6289.3922      0              0.64688268   
  10460000   117284.43      313.12282      48.44744       15827.022      3452.4973      19279.519      5004.1168      0              1566.4089      3010.9835      6245.5129      0              0.64627466   
  10470000   116962.19      306.56636      213.8614       15749.167      3380.2058      19129.373      4959.3854      0              1512.766       3003.7625      6273.2528      0              0.6480552    
  10480000   117724.08      308.05338     -7.0631627      15806.05       3396.6016      19202.651      4992.7233      0              1542.3423      3001.9608      6269.0231      0              0.64386112   
  10490000   119151.34      311.78791     -80.10996       15788.977      3437.7786      19226.756      4979.8847      0              1563.8259      2983.9553      6261.3114      0              0.63614858   
  10500000   118174.18      306.83939      831.58012      15782.1        3383.2161      19165.316      4996.3391      0              1506.1853      3003.9692      6275.6065      0              0.64140878   
  10510000   118238.71      301.69517      696.41509      15900.716      3326.4959      19227.212      5032.8612      0              1535.6284      3026.9578      6305.2689      0              0.64105874   
  10520000   118271.89      310.18312      374.57116      15831.294      3420.0842      19251.378      4957.8104      0              1548.7802      2988.0687      6336.6343      0              0.64087888   
  10530000   118393.71      312.69491     -383.39361      15888.417      3447.7792      19336.196      4972.2011      0              1604.0814      2989.3624      6322.7716      0              0.64021945   
  10540000   116977.2       314.82881      660.71359      15786.752      3471.3076      19258.059      5019.4207      0              1531.953       2953.0305      6282.3475      0              0.64797204   
  10550000   117792.23      315.64904     -19.56807       15903.924      3480.3515      19384.276      4968.4385      0              1650.7841      2969.8696      6314.8318      0              0.64348859   
  10560000   118112.41      308.48568     -293.25682      15884.946      3401.3681      19286.314      4950.3006      0              1606.1114      2999.8073      6328.7265      0              0.6417442    
  10570000   117447         309.84175      162.3852       15921.62       3416.3202      19337.94       5010.8107      0              1591.4318      3014.5852      6304.7923      0              0.64538011   
  10580000   118382.83      307.72639      660.08687      15932.885      3392.9962      19325.881      5042.6023      0              1571.7689      3004.1397      6314.3744      0              0.6402783    
  10590000   118581.18      307.27066     -560.60173      15840.35       3387.9713      19228.321      5028.4796      0              1591.5243      2953.455       6266.8908      0              0.63920728   
  10600000   118989.12      307.24279      173.36093      15934.856      3387.664       19322.52       4991.796       0              1619.0229      2997.8102      6326.2265      0              0.63701587   
  10610000   118698.87      306.39592     -508.98376      15813.57       3378.3264      19191.897      4968.054       0              1572.501       3029.8537      6243.1617      0              0.63857351   
  10620000   117496.41      307.57451      271.45717      15786.248      3391.3216      19177.57       4930.0925      0              1566.485       3002.5601      6287.1105      0              0.64510868   
  10630000   118165.89      309.78665     -115.71927      15985.307      3415.7126      19401.02       4951.4277      0              1641.939       3023.8663      6368.0742      0              0.64145377   
  10640000   118707.27      309.89379     -306.60621      15879.788      3416.894       19296.682      4943.7846      0              1574.6624      3010.7097      6350.6316      0              0.63852835   
  10650000   118643.63      306.14295     -257.8359       15859.823      3375.5372      19235.36       4957.3058      0              1540.2119      3026.9258      6335.3792      0              0.63887083   
  10660000   118561.74      307.37472     -185.30348      15861.249      3389.1187      19250.368      4983.5037      0              1574.8661      2985.1187      6317.7606      0              0.63931209   
  10670000   118363.47      314.2502      -318.62732      15805.241      3464.9278      19270.169      4926.669       0              1570.3182      3003.8955      6304.3585      0              0.64038299   
  10680000   118568.73      310.66448      71.256696      15814.299      3425.3916      19239.691      4942.4116      0              1573.7541      2988.3457      6309.7878      0              0.63927444   
  10690000   119170.66      307.46304      184.18396      15881.414      3390.0925      19271.506      5066.3074      0              1569.8946      2970.512       6274.6997      0              0.63604544   
  10700000   118636.88      306.7637      -80.076397      15919.963      3382.3816      19302.344      4998.5374      0              1611.4092      3013.0535      6296.9626      0              0.63890719   
  10710000   119306.85      314.16556      67.579824      15885.04       3463.9946      19349.035      4983.1539      0              1543.0149      3019.1783      6339.6931      0              0.63531939   
  10720000   117952         306.32886      240.74236      15929.211      3377.5871      19306.798      5042.9475      0              1577.7431      2997.7957      6310.725       0              0.64261698   
  10730000   118544.44      305.83392      72.42885       15896.534      3372.1298      19268.664      5005.6574      0              1605.4861      2993.4973      6291.8933      0              0.63940541   
  10740000   119056.12      308.87722      45.502204      15845.499      3405.6853      19251.184      5003.7252      0              1547.6311      3018.842       6275.3005      0              0.63665735   
  10750000   118133.61      299.93821     -714.48135      15784.055      3307.1236      19091.179      4891.4859      0              1566.9966      3044.9606      6280.6119      0              0.64162903   
  10760000   118153.65      300.95465     -19.84363       15796.493      3318.3309      19114.824      4982.2859      0              1548.8524      2978.1483      6287.2062      0              0.64152023   
  10770000   118653.72      318.03538      257.15695      15874.031      3506.6633      19380.694      5038.4037      0              1561.0119      2983.9104      6290.705       0              0.63881654   
  10780000   119009.72      312.5976       297.80612      15900.088      3446.7062      19346.794      4997.8301      0              1569.5642      3003.7602      6328.9333      0              0.63690561   
  10790000   119311.59      311.846        351.74259      15924.797      3438.4191      19363.216      5019.6576      0              1572.5168      3021.719       6310.9031      0              0.63529413   
  10800000   118335.54      316.0401       47.874174      15840.219      3484.6633      19324.882      5016.5121      0              1570.7874      2979.7286      6273.1911      0              0.64053414   
  10810000   117917.47      309.80261     -197.545        15833.957      3415.8886      19249.846      4955.5458      0              1589.0637      3017.1575      6272.1901      0              0.64280514   
  10820000   119180.86      304.35548     -147.1095       15853.622      3355.8285      19209.45       4972.6007      0              1555.9404      3024.6217      6300.4589      0              0.63599101   
  10830000   118066.13      305.94132      314.37305      15924.941      3373.314       19298.255      5007.8552      0              1594.8387      3022.1724      6300.0746      0              0.64199574   
  10840000   118675.7       303.34265      618.72841      15869.783      3344.661       19214.444      4965.4583      0              1510.843       3052.2839      6341.1977      0              0.63869817   
  10850000   118477.98      309.82804      566.73563      15830.584      3416.169       19246.753      4972.4065      0              1520.9595      3039.3093      6297.9085      0              0.63976406   
  10860000   119604.65      311.1607      -445.31841      15797.548      3430.863       19228.411      4954.0385      0              1560.3857      3006.0487      6277.0747      0              0.63373756   
  10870000   119314.64      304.21911      108.30265      15906.972      3354.3249      19261.297      5018.6738      0              1615.1485      3012.0758      6261.0735      0              0.63527792   
  10880000   119012.24      309.05302     -45.440581      15883.017      3407.6237      19290.64       4971.2782      0              1631.2628      2974.4677      6306.008       0              0.63689209   
  10890000   118291.6       313.45366      409.31484      15900.048      3456.1451      19356.193      5018.8195      0              1577.4262      3033.6493      6270.1527      0              0.64077208   
  10900000   119014.24      307.24873      606.58872      15920.821      3387.7295      19308.551      5018.816       0              1539.361       3033.4021      6329.242       0              0.63688138   
  10910000   119312.5       308.23511      280.13659      15850.427      3398.6054      19249.032      5008.3114      0              1550.1941      2977.1118      6314.8094      0              0.63528933   
  10920000   119864.03      305.17066      46.987896      15786.605      3364.8167      19151.422      4959.4588      0              1561.9219      2989.803       6275.4216      0              0.63236614   
  10930000   119098.18      305.77141     -263.66363      15912.215      3371.4406      19283.655      5009.6238      0              1608.8166      2991.6609      6302.1136      0              0.63643254   
  10940000   119807.65      300.93321      52.83134       15859.798      3318.0945      19177.892      4994.2879      0              1539.0209      3031.2238      6295.2648      0              0.63266373   
  10950000   119491.4       310.88135     -407.66892      15869.1        3427.7829      19296.883      4996.4702      0              1581.9536      2995.6039      6295.0723      0              0.63433815   
  10960000   119122.7       301.58679     -369.77796      15894.662      3325.3009      19219.963      5011.8947      0              1627.2079      2951.4546      6304.105       0              0.63630155   
  10970000   118268.55      305.30927     -274.67297      15897.438      3366.345       19263.783      4997.5253      0              1582.5224      3032.6142      6284.7759      0              0.64089696   
  10980000   117251.87      313.47685      717.98618      15909.332      3456.4009      19365.732      5055.8844      0              1543.6154      2997.1729      6312.6589      0              0.64645415   
  10990000   117658.4       305.86492      383.3244       15822.438      3372.4716      19194.91       5015.2215      0              1564.6361      2975.9346      6266.6459      0              0.6442205    
  11000000   118157.68      308.90399     -700.06341      15883.422      3405.9804      19289.402      4916.9661      0              1666.7447      2995.0291      6304.6815      0              0.64149835   
  11010000   118341.64      311.44437      596.49196      15903.596      3433.9908      19337.587      5019.5043      0              1608.5623      3013.3608      6262.169       0              0.64050117   
  11020000   118548.94      308.84525      183.6461       15942.944      3405.3328      19348.277      5031.1393      0              1592.0787      2995.3486      6324.3778      0              0.63938115   
  11030000   118184.92      303.76234     -161.3539       15867.926      3349.2885      19217.215      4955.176       0              1594.0173      3003.4484      6315.2847      0              0.64135048   
  11040000   118653.75      310.37352     -252.02934      15845.6        3422.1835      19267.784      4954.2482      0              1588.1988      3014.2824      6288.8708      0              0.63881637   
  11050000   119612.65      306.20112     -771.37418      15944.377      3376.1786      19320.556      4998.0893      0              1614.1599      3050.1247      6282.0036      0              0.63369514   
  11060000   118379.94      315.19751      129.11178      15892.5        3475.3729      19367.873      5027.9987      0              1556.0937      2999.138       6309.2694      0              0.64029395   
  11070000   118579.34      312.91539      154.95477      15874.429      3450.2102      19324.639      5003.9176      0              1575.7443      2988.82        6305.9469      0              0.63921721   
  11080000   118615.09      305.32758     -315.79056      15968.386      3366.5469      19334.933      4990.6367      0              1599.8989      3033.7758      6344.0751      0              0.63902458   
  11090000   118519.27      310.36716     -166.70774      15839.44       3422.1134      19261.554      4987.3758      0              1539.6305      3004.1025      6308.3317      0              0.6395412    
  11100000   118735.14      309.81645     -574.6046       15897.37       3416.0412      19313.411      4962.1342      0              1590.8775      3001.2356      6343.1226      0              0.63837844   
  11110000   118787.37      301.57827      575.34591      15803.955      3325.207       19129.162      5006.5502      0              1532.7946      2976.5759      6288.0341      0              0.63809774   
  11120000   118359.67      302.27897      646.33406      15900.016      3332.9329      19232.948      5000.748       0              1560.166       3053.3442      6285.7573      0              0.64040357   
  11130000   119880.71      315.35551     -742.37246      15882.928      3477.115       19360.043      4893.4031      0              1622.6213      3015.2903      6351.613       0              0.63227817   
  11140000   118771.58      311.25343      699.51601      15868.489      3431.8854      19300.375      4989.5193      0              1532.8013      3059.7107      6286.4581      0              0.63818258   
  11150000   118778.09      308.40665     -138.18172      15842.085      3400.4968      19242.582      4954.3442      0              1585.6792      3000.7548      6301.3072      0              0.63814761   
  11160000   119713.6       308.01887      481.4829       15882.764      3396.2211      19278.985      5054.6736      0              1557.9349      2999.1309      6271.0249      0              0.6331608    
  11170000   119438.35      307.65293     -312.6187       15915.052      3392.1862      19307.238      4988.7602      0              1608.2997      3012.0598      6305.9318      0              0.63461992   
  11180000   118930.92      309.92122      332.26705      15826.91       3417.1965      19244.106      5005.9085      0              1537.8816      3006.4598      6276.6597      0              0.63732757   
  11190000   119120.82      305.94555     -136.0453       15911.665      3373.3606      19285.025      5021.4458      0              1572.7075      2996.9696      6320.5416      0              0.63631159   
  11200000   119855.49      307.1245      -706.67415      15884.095      3386.3598      19270.454      4946.1605      0              1595.753       3048.9801      6293.2008      0              0.63241123   
  11210000   119577.94      306.36492     -91.459507      15770.618      3377.9846      19148.603      4966.8877      0              1549.4379      2984.9967      6269.2959      0              0.63387909   
  11220000   117906.32      298.40327      540.91979      15808.507      3290.1993      19098.706      4978.6835      0              1572.9528      2952.9278      6303.9427      0              0.64286593   
  11230000   119554.91      305.77671     -307.29104      15917.573      3371.499       19289.072      4973.9464      0              1597.2168      3006.7644      6339.6449      0              0.63400121   
  11240000   119261.83      303.30751     -235.72622      15889.018      3344.2736      19233.292      5012.9545      0              1569.5092      2969.1028      6337.4515      0              0.63555924   
  11250000   118499.17      306.84638      499.12256      15834.499      3383.2932      19217.793      5025.4807      0              1550.1546      2986.948       6271.9163      0              0.63964965   
  11260000   118533.48      304.76284     -322.11142      15882.712      3360.32        19243.032      4955.5324      0              1604.2727      3020.9894      6301.9176      0              0.63946451   
  11270000   118460         306.05824      211.79227      15805.138      3374.6032      19179.741      5013.2851      0              1522.4131      2953.3465      6316.0936      0              0.63986117   
  11280000   118953.88      312.72871      208.89364      15777.868      3448.1519      19226.02       4959.6795      0              1550.96        2948.1098      6319.1187      0              0.63720455   
  11290000   118149.54      311.59966      320.58316      15795.765      3435.703       19231.468      4992.4667      0              1544.3616      2966.7144      6292.2223      0              0.64154252   
  11300000   118594.75      311.94792      442.99473      15974.707      3439.5429      19414.25       5015.406       0              1613.5049      3073.0268      6272.7696      0              0.63913416   
  11310000   117610.67      310.89449      84.889338      15845.167      3427.9278      19273.095      4939.4401      0              1575.585       2996.6882      6333.4535      0              0.64448198   
  11320000   118485.47      312.25314     -360.008        15869.591      3442.9082      19312.499      4978.9704      0              1598.3896      3010.9128      6281.3184      0              0.63972365   
  11330000   118239.97      310.99863      1068.4977      15834.702      3429.076       19263.778      5049.9217      0              1537.6444      2955.7095      6291.4265      0              0.64105187   
  11340000   120271.4       307.4369      -202.90668      15780.293      3389.8043      19170.097      4959.6791      0              1564.8757      2978.2399      6277.4982      0              0.63022426   
  11350000   119531.95      308.57133     -127.63247      15835.869      3402.3125      19238.181      4962.2808      0              1570.8993      3027.2568      6275.4319      0              0.63412299   
  11360000   118838.95      307.18464      251.26779      15871.042      3387.0228      19258.065      4965.5428      0              1567.41        3038.7541      6299.3349      0              0.63782082   
  11370000   119560.79      306.33529      208.99089      15892.529      3377.6579      19270.187      4965.5566      0              1543.2449      3027.57        6356.1576      0              0.63397003   
  11380000   119204.75      310.16214      107.44915      15790.877      3419.8528      19210.729      5014.7567      0              1520.8091      3004.1642      6251.1466      0              0.63586356   
  11390000   119785.19      302.0336       801.8694       15846.538      3330.2275      19176.765      4990.5152      0              1516.5272      2984.8222      6354.6731      0              0.63278235   
  11400000   121336.11      309.57388     -437.46481      15938.283      3413.3666      19351.65       5000.85        0              1605.6135      3036.9549      6294.865       0              0.62469414   
  11410000   119815.93      312.08353      65.653994      15863.752      3441.0381      19304.79       4971.0086      0              1581.7225      2997.1448      6313.8762      0              0.63262004   
  11420000   118762.92      308.09082      34.24902       15858.052      3397.0144      19255.066      5009.6326      0              1586.5925      2970.6111      6291.2158      0              0.63822911   
  11430000   120101.51      306.69666      144.14333      15948.252      3381.6424      19329.895      5052.3859      0              1572.3588      3018.1337      6305.3739      0              0.63111575   
  11440000   120781.61      307.73808     -251.92478      15924.053      3393.1251      19317.178      4999.5079      0              1631.8646      3014.9883      6277.6925      0              0.62756207   
  11450000   121085.35      307.44359      373.99247      15825.374      3389.8781      19215.252      5025.1975      0              1542.3106      2999.1812      6258.6848      0              0.62598785   
  11460000   120969.17      309.09967      513.51843      15968.151      3408.138       19376.289      5052.9134      0              1594.3707      3016.605       6304.2617      0              0.62658906   
  11470000   121119.15      304.71657      68.861991      15942.124      3359.8099      19301.934      5020.3098      0              1588.4435      3040.2726      6293.0983      0              0.62581316   
  11480000   121058.46      305.14243      211.74907      15861.854      3364.5054      19226.359      5025.2412      0              1546.8544      3044.3482      6245.4102      0              0.62612687   
  11490000   119750         303.89862      705.04472      15859.084      3350.7912      19209.875      5052.5686      0              1540.1142      2968.3309      6298.07        0              0.63296834   
  11500000   119895.78      311.92687      575.32423      15884.512      3439.3108      19323.823      5005.5674      0              1573.8353      3008.6598      6296.4492      0              0.63219871   
  11510000   120160.83      312.08554     -165.81022      15833.856      3441.0603      19274.917      4958.0421      0              1577.1642      3004.0921      6294.558       0              0.63080421   
  11520000   119829.25      307.68816      961.69644      15814.993      3392.5746      19207.568      5009.1843      0              1531.8405      2996.0247      6277.9438      0              0.6325497    
  11530000   119682.58      301.84138     -677.11114      15941.5        3328.108       19269.608      4963.7843      0              1621.1098      3016.905       6339.7006      0              0.63332488   
  11540000   119725.3       304.57384     -212.52007      15862.327      3358.2361      19220.564      4952.4342      0              1578.3708      3051.5469      6279.9755      0              0.63309891   
  11550000   120023.83      306.93285      357.43356      15787.828      3384.2466      19172.075      4935.4788      0              1570.7764      3012.2703      6269.3026      0              0.63152422   
  11560000   119712.69      300.82413      936.57906      15875.841      3316.8917      19192.733      5034.6461      0              1563.9354      3014.6456      6262.614       0              0.63316559   
  11570000   120262.57      315.04414      35.448203      15797.702      3473.6818      19271.384      4957.1976      0              1577.294       2973.2416      6289.969       0              0.63027054   
  11580000   120545.9       304.54677     -292.36357      15773.526      3357.9376      19131.464      4960.6492      0              1555.0713      3006.8217      6250.9841      0              0.62878914   
  11590000   120445.25      307.0225       123.44569      15826.868      3385.2351      19212.104      4979.2903      0              1599.301       2963.183       6285.0942      0              0.62931459   
  11600000   120085.22      311.71885     -547.40267      15868.098      3437.0171      19305.116      5019.7325      0              1599.2683      2970.7447      6278.3529      0              0.63120138   
  11610000   120316.7       299.51748     -408.84324      15772.327      3302.4846      19074.812      5019.3377      0              1587.3089      2953.2937      6212.3871      0              0.629987     
  11620000   120518.96      309.75525      194.48035      15764.931      3415.3665      19180.297      5026.9181      0              1548.9363      2971.0973      6217.9791      0              0.62892971   
  11630000   121028.71      310.9797      -242.55601      15834.08       3428.8673      19262.947      4969.4956      0              1579.4147      3024.4853      6260.684       0              0.6262808    
  11640000   119983.64      316.82617     -654.96292      15955.706      3493.3305      19449.036      5008.211       0              1635.2861      3000.1043      6312.1042      0              0.63173577   
  11650000   119845.68      305.78234     -605.13629      15823.049      3371.5611      19194.61       5017.5949      0              1592.95        2971.1526      6241.3512      0              0.632463     
  11660000   120289.52      309.56831      340.55338      15898.45       3413.3053      19311.755      5026.8427      0              1524.9356      3064.6447      6282.0273      0              0.63012934   
  11670000   120527.88      310.64082      33.586616      15878.759      3425.1308      19303.889      4975.7944      0              1548.5388      3035.3367      6319.0886      0              0.62888319   
  11680000   119911.96      311.94816      51.41334       15870.113      3439.5455      19309.658      5009.9499      0              1583.7835      3010.3593      6266.0198      0              0.63211338   
  11690000   122417.04      314.25877      535.24829      15856.737      3465.0224      19321.76       5020.2018      0              1534.8417      3031.7114      6269.9826      0              0.61917813   
  11700000   119691.94      299.55598     -399.5695       15934.558      3302.9091      19237.467      5011.6094      0              1607.9672      3013.8069      6301.1743      0              0.63327535   
  11710000   120421.26      303.89079     -305.52857      15930.244      3350.7048      19280.949      5038.365       0              1597.4902      2983.6306      6310.7582      0              0.62943996   
  11720000   121024.03      307.43836     -168.12161      15928.653      3389.8204      19318.474      4965.7664      0              1586.3107      3051.5826      6324.9936      0              0.62630501   
  11730000   121208.76      299.92403      211.43953      15906.697      3306.9673      19213.664      5006.3696      0              1573.4471      3015.1194      6311.7609      0              0.62535047   
  11740000   121488.18      296.39972     -395.06853      15824.647      3268.1081      19092.755      4990.7387      0              1551.7125      3020.0971      6262.0987      0              0.62391217   
  11750000   121329.03      309.39792     -505.06417      15884.564      3411.4265      19295.991      4999.2527      0              1619.9298      2984.7778      6280.6038      0              0.6247306    
  11760000   121921.11      298.41845     -422.62318      15829.055      3290.3667      19119.421      5000.4917      0              1536.5249      3008.7629      6283.2752      0              0.62169672   
  11770000   120193.96      310.65755     -752.77513      15878.813      3425.3152      19304.128      5021.565       0              1573.6932      3003.18        6280.3751      0              0.63063031   
  11780000   120405.95      301.97655      249.80372      15873.595      3329.5984      19203.194      5003.9045      0              1597.0903      3000.9932      6271.6074      0              0.62952003   
  11790000   120641.7       313.73506     -36.049701      15928.547      3459.2479      19387.795      5022.0686      0              1623.0379      2989.7962      6293.6444      0              0.62828985   
  11800000   120539.12      314.01433      255.92508      15902.789      3462.3272      19365.116      5049.3974      0              1551.2558      2994.9334      6307.202       0              0.62882453   
  11810000   119757.82      312.88179     -47.697613      15905.67       3449.8397      19355.51       5039.5554      0              1595.5262      2972.8771      6297.7116      0              0.63292698   
  11820000   120148.45      301.5739       571.01237      15858.594      3325.1587      19183.753      4994.47        0              1553.6771      3049.69        6260.7568      0              0.63086919   
  11830000   120399.72      305.9531      -472.0571       15820.977      3373.4439      19194.421      4951.4416      0              1545.7286      3020.3017      6303.505       0              0.62955261   
  11840000   119199.11      306.20053     -202.91493      15850.625      3376.1721      19226.797      4970.0311      0              1603.5441      2980.1977      6296.8518      0              0.63589362   
  11850000   119642.07      312.87657      300.4428       15908.056      3449.7822      19357.838      4988.1239      0              1583.9209      3032.813       6303.198       0              0.6335393    
  11860000   119315.16      309.57405      762.55896      15835.651      3413.3686      19249.02       5032.4078      0              1558.4297      2954.6579      6290.1556      0              0.63527516   
  11870000   120708.94      309.66017     -441.81649      15856.108      3414.3181      19270.426      4970.3731      0              1615.5266      3022.3289      6247.879       0              0.62793986   
  11880000   121042.29      307.47465      367.84638      15892.478      3390.2205      19282.698      5038.2938      0              1592.0107      2999.185       6262.9883      0              0.62621053   
  11890000   121610.32      312.03334     -587.59438      15892.248      3440.4847      19332.733      5005.4617      0              1610.9709      2993.3301      6282.4855      0              0.62328554   
  11900000   120705.52      313.17487     -490.28668      15820.579      3453.0713      19273.65       4968.6267      0              1594.657       2974.6178      6282.6775      0              0.62795767   
  11910000   119700.71      307.32802     -84.138944      15794.444      3388.6037      19183.048      5023.4442      0              1567.4114      2955.3251      6248.2632      0              0.63322896   
  11920000   120361.05      317.58883      277.7807       15879.76       3501.7396      19381.499      5018.1066      0              1588.73        2978.4209      6294.5022      0              0.62975488   
  11930000   121300         305.47003     -55.941391      15840.994      3368.1176      19209.111      4997.4404      0              1566.1764      3000.0352      6277.3415      0              0.62488008   
  11940000   121623.47      309.61111      241.86096      15937.51       3413.7772      19351.287      4981.0866      0              1605.5355      3052.0261      6298.8618      0              0.62321814   
  11950000   120605.08      310.08939     -1033.3051      15886.177      3419.0507      19305.227      4968.7046      0              1649.202       2977.2455      6291.0244      0              0.6284806    
  11960000   120165.23      306.19672     -278.79956      15839.64       3376.13        19215.77       4983.7408      0              1561.1603      2958.2989      6336.4397      0              0.6307811    
  11970000   120902.32      317.44941     -282.77022      15881.724      3500.2023      19381.926      4969.4595      0              1603.3933      2994.904       6313.9667      0              0.62693551   
  11980000   120994.92      311.12422     -305.80034      15882.067      3430.4608      19312.528      4966.8689      0              1573.114       3012.6083      6329.476       0              0.62645568   
  11990000   120337.13      302.19838     -266.9913       15822.812      3332.0443      19154.856      4958.299       0              1583.8628      3001.6359      6279.0143      0              0.62988005   
  12000000   120588.74      310.07088     -229.11003      15826          3418.8466      19244.846      4956.5083      0              1555.4171      3027.7464      6286.3281      0              0.62856578   
  12010000   120756.01      307.35139     -143.80938      15841.403      3388.8615      19230.265      5007.8766      0              1596.5798      2970.6202      6266.3265      0              0.62769508   
  12020000   119473.12      304.81469     -397.38455      15767.989      3360.8918      19128.881      4948.9837      0              1572.2662      2997.9159      6248.8235      0              0.63443523   
  12030000   120532.47      315.46128      246.7235       15964.76       3478.2813      19443.041      5020.5998      0              1585.1385      3060.8005      6298.2209      0              0.6288592    
  12040000   120087.31      312.57378      1191.2738      15914.407      3446.4436      19360.851      5062.1676      0              1581.4434      2984.1461      6286.65        0              0.63119038   
  12050000   121150.14      308.8589       32.091409      15902.815      3405.4833      19308.298      4968.4801      0              1593.1632      3044.0572      6297.1144      0              0.62565308   
  12060000   119847.72      310.72842     -1.1044195      15922.153      3426.0967      19348.25       4961.4344      0              1629.6416      3038.3877      6292.6897      0              0.6324522    
  12070000   120091.89      309.22407      380.33018      15844.466      3409.5097      19253.976      4999.6414      0              1539.0983      3013.9082      6291.8185      0              0.63116633   
  12080000   120411.27      309.68638     -29.68086       15894.809      3414.6071      19309.416      4992.3531      0              1639.4731      2986.9672      6276.0153      0              0.62949219   
  12090000   120161.46      316.63858     -175.21996      15901.689      3491.2622      19392.951      5003.2551      0              1579.2115      3020.1783      6299.0443      0              0.63080088   
  12100000   119024.45      310.74533      3.3829893      15953.751      3426.2831      19380.034      5027.225       0              1612.9202      3005.1604      6308.4455      0              0.63682677   
  12110000   120307.69      314.80655      138.14906      15917.552      3471.0622      19388.614      4989.0472      0              1622.2302      3016.2747      6290.0001      0              0.63003418   
  12120000   120725.99      308.52438     -466.83955      15834.985      3401.7949      19236.78       4979.888       0              1584.4211      3023.2223      6247.4538      0              0.62785117   
  12130000   120591.44      311.34698      108.1901       15832.167      3432.917       19265.084      4968.0604      0              1548.3152      3013.2255      6302.5662      0              0.62855171   
  12140000   119040.16      316.32076     -1138.0557      15815.717      3487.7578      19303.474      4874.0228      0              1644.9615      3016.1555      6280.5768      0              0.63674273   
  12150000   119882.48      307.51857      362.77394      15976.307      3390.7048      19367.011      5009.0302      0              1619.5638      3011.1127      6336.5999      0              0.63226884   
  12160000   120804.95      299.64167     -44.213495      15840.581      3303.854       19144.435      5025.9985      0              1527.587       2998.8819      6288.1134      0              0.6274408    
  12170000   120330.06      305.18383     -561.72682      15908.491      3364.9619      19273.453      4992.4168      0              1578.9233      2991.98        6345.1713      0              0.62991704   
  12180000   119638.16      298.37512      178.68939      15926.695      3289.889       19216.584      4992.3803      0              1549.6545      3081.1144      6303.546       0              0.63356004   
  12190000   118602.63      310.16442     -134.35644      15799.968      3419.878       19219.846      4949.8759      0              1581.9939      2953.0304      6315.0681      0              0.6390917    
  12200000   119984.83      302.95912      225.35991      15849.697      3340.4322      19190.129      4963.8167      0              1543.0735      3068.4073      6274.399       0              0.6317295    
  12210000   120292.24      297.68706     -214.64348      15906.13       3282.3024      19188.432      4970.1171      0              1602.9034      3014.4703      6318.6389      0              0.63011507   
  12220000   120701.68      308.52151      404.17069      15809.736      3401.7632      19211.5        4993.2375      0              1556.7549      3012.951       6246.793       0              0.62797766   
  12230000   119741.15      303.54977      348.69444      15864.28       3346.9448      19211.225      5018.9817      0              1559.0834      2992.7073      6293.5075      0              0.63301508   
  12240000   119445.16      305.84712      921.42376      15841.929      3372.2754      19214.204      5046.0371      0              1532.4948      2973.7504      6289.6466      0              0.63458376   
  12250000   118002.2       304.07788     -427.02937      15865.362      3352.7677      19218.13       4939.741       0              1619.6551      2973.2463      6332.7196      0              0.64234356   
  12260000   118235.3       311.88446     -952.86743      15874.103      3438.8431      19312.946      4935.9265      0              1634.2186      2998.507       6305.4506      0              0.64107719   
  12270000   119838.38      301.98725      193.29323      15859.916      3329.7163      19189.632      4992.492       0              1589.947       2973.3192      6304.1578      0              0.63250152   
  12280000   118733.26      301.78921      195.73713      15913.896      3327.5327      19241.429      5009.6137      0              1574.1139      3024.6717      6305.4972      0              0.63838857   
  12290000   120205.52      307.7985      -614.93989      15821.456      3393.7912      19215.247      4944.5025      0              1591.9262      2993.9227      6291.1041      0              0.63056968   
  12300000   119240.3       311.15031      196.69179      15850.039      3430.7484      19280.787      4949.3731      0              1550.2134      3078.4797      6271.9726      0              0.63567396   
  12310000   118839.36      312.11367     -410.17788      15868.693      3441.3704      19310.064      4961.2695      0              1605.014       3016.2714      6286.1383      0              0.63781863   
  12320000   119828.87      314.27188      206.77457      15906.346      3465.1669      19371.513      5016.2901      0              1555.9895      3062.1304      6271.9357      0              0.63255171   
  12330000   120136.44      307.91451     -417.38338      15902.021      3395.0704      19297.092      4952.5865      0              1589.0474      3021.8159      6338.5716      0              0.63093224   
  12340000   119102.49      298.39881     -62.368867      15886.469      3290.1502      19176.619      4993.1561      0              1593.3494      2998.1554      6301.8079      0              0.6364095    
  12350000   119364.88      309.92307     -145.11212      15768.133      3417.2168      19185.35       5000.7696      0              1553.9442      2912.834       6300.5858      0              0.63501052   
  12360000   118424.49      308.60327     -537.98672      15785.816      3402.6647      19188.481      4967.3993      0              1615.4956      2978.4413      6224.4796      0              0.64005302   
  12370000   118538.27      302.45916      32.227503      15942.279      3334.9197      19277.199      5015.8236      0              1626.9358      3018.91        6280.6097      0              0.63943872   
  12380000   118836.07      310.76717     -230.27766      15800.153      3426.5239      19226.676      4996.1104      0              1558.2733      2969.6542      6276.1146      0              0.63783625   
  12390000   119675.01      312.5634      -577.29678      15949.188      3446.3291      19395.517      4939.4045      0              1636.4734      3050.7743      6322.536       0              0.63336492   
  12400000   118192         307.02377      117.54096      15917.839      3385.2491      19303.088      5016.2443      0              1578.3491      2993.5712      6329.6746      0              0.64131207   
  12410000   118216.42      305.4823      -116.40114      15912.414      3368.2529      19280.667      4965.0674      0              1617.0467      3013.3932      6316.907       0              0.6411796    
  12420000   119604.6       312.01662      254.63539      15831.861      3440.3003      19272.162      5016.4882      0              1556.8272      2991.0692      6267.4768      0              0.63373778   
  12430000   118281.61      308.15245     -117.44156      15886.514      3397.694       19284.208      4959.1495      0              1599.214       3002.1372      6326.0133      0              0.64082621   
  12440000   119058.54      308.33302     -719.56877      15835.663      3399.6849      19235.348      4972.0516      0              1569.7773      3012.0109      6281.8236      0              0.63664443   
  12450000   118151.15      309.97004      489.57522      15923.38       3417.7347      19341.115      5008.7416      0              1598.9532      2971.2777      6344.4073      0              0.64153382   
  12460000   118534.49      305.81752     -245.85009      15787          3371.949       19158.949      4951.4656      0              1607.5844      2976.8967      6251.0534      0              0.63945906   
  12470000   118334.91      314.55926     -318.65163      15838.868      3468.3356      19307.203      4931.7902      0              1572.5232      3026.8627      6307.6915      0              0.64053756   
  12480000   118377.64      309.56011     -529.55351      15852.303      3413.2149      19265.518      4997.1065      0              1606.2484      2964.5603      6284.3881      0              0.64030635   
  12490000   118377.38      313.05388      307.93716      15775.089      3451.7372      19226.827      5003.3894      0              1482.2373      2984.6017      6304.8611      0              0.64030775   
  12500000   118072.88      307.10396     -63.157753      15854.917      3386.1333      19241.051      4974.7674      0              1586.8769      2987.4589      6305.8141      0              0.64195905   
  12510000   118760.98      311.07756      235.25697      15891.5        3429.9463      19321.446      5036.9568      0              1548.272       2977.4486      6328.8224      0              0.63823955   
  12520000   118975.26      308.51531      231.7209       15852.112      3401.6949      19253.807      4996.0295      0              1571.6171      2973.4712      6310.9945      0              0.63709007   
  12530000   118594.55      302.51926      488.203        15805.664      3335.5824      19141.246      5010.2744      0              1536.711       2970.4706      6288.208       0              0.63913523   
  12540000   119354.61      309.60234     -785.4711       15864.417      3413.6805      19278.098      5027.9521      0              1602.2951      2969.3599      6264.8101      0              0.63506518   
  12550000   119891.27      310.61682     -82.555785      15857.413      3424.8661      19282.279      5020.9089      0              1569.3257      3015.9775      6251.2007      0              0.63222247   
  12560000   119059.28      312.81004     -124.54295      15929.42       3449.0486      19378.468      5050.3393      0              1575.7739      3013.7299      6289.5768      0              0.63664046   
  12570000   119327         307.22697      53.534156      15953.913      3387.4895      19341.403      5036.3773      0              1631.5914      2997.0505      6288.8939      0              0.63521209   
  12580000   119112.56      316.37853      208.1008       15923.424      3488.3948      19411.818      4985.5412      0              1564.8792      3026.8872      6346.1159      0              0.63635568   
  12590000   118198.01      307.22277      466.04646      15860.156      3387.4433      19247.599      4944.2053      0              1549.5088      3056.305       6310.1366      0              0.64127948   
  12600000   118221.1       312.82801      320.61661      15794.615      3449.2468      19243.862      4987.7429      0              1519.6398      3000.3745      6286.8578      0              0.64115421   
  12610000   118843.99      305.65277      204.92481      15890.867      3370.1324      19260.999      5029.0506      0              1595.4509      2978.4574      6287.9078      0              0.63779379   
  12620000   119320.52      308.17195     -307.05268      15901.059      3397.909       19298.968      4976.7696      0              1628.5136      2971.0058      6324.7696      0              0.63524661   
  12630000   119688.06      303.26395     -380.89637      15913.152      3343.7932      19256.945      4940.7736      0              1570.7995      3076.2606      6325.3182      0              0.6332959    
  12640000   118915.94      305.50367     -57.835923      15851.844      3368.4885      19220.332      5017.2427      0              1524.4453      3040.3024      6269.8536      0              0.63740786   
  12650000   118308.82      305.6838       905.75265      15848.726      3370.4746      19219.2        5010.2077      0              1521.1216      3001.0313      6316.3651      0              0.64067881   
  12660000   118287.99      306.08165     -153.87214      15874.993      3374.8613      19249.854      5003.3303      0              1581.4488      2981.8713      6308.3424      0              0.64079164   
  12670000   118437.62      301.90308      196.87089      15823.515      3328.7883      19152.303      5025.7277      0              1607.822       2932.562       6257.4031      0              0.6399821    
  12680000   119590.93      307.7154      -285.96214      15865.693      3392.8751      19258.568      4981.2398      0              1600.9023      3014.439       6269.1122      0              0.63381023   
  12690000   118414.47      299.67976      481.70232      15912.926      3304.2739      19217.2        5031.5663      0              1551.1184      3014.307       6315.9347      0              0.64010723   
  12700000   119601.88      310.29708      337.00126      15940.877      3421.3407      19362.217      5025.5292      0              1601.809       3014.8146      6298.7238      0              0.63375219   
  12710000   118332.75      308.48172     -239.63799      15891.617      3401.3245      19292.942      4969.0503      0              1564.8916      3064.5339      6293.1414      0              0.64054925   
  12720000   119601.17      308.22646     -772.55328      15842.332      3398.51        19240.842      4953.2409      0              1614.2237      2988.1506      6286.7166      0              0.63375598   
  12730000   119080.26      309.3873       568.97354      15970.677      3411.3095      19381.986      5039.4192      0              1567.622       3031.367       6332.2684      0              0.63652831   
  12740000   117904.43      304.25529      543.08574      15761.666      3354.7238      19116.39       4959.1581      0              1548.9837      2993.0066      6260.5176      0              0.64287625   
  12750000   117695.2       307.26883      527.86709      16005.074      3387.9511      19393.026      4985.108       0              1571.9421      3091.3976      6356.6268      0              0.64401907   
  12760000   117633.17      303.04758      526.62057      15792.7        3341.4075      19134.108      5049.3413      0              1559.3454      2924.0054      6260.0084      0              0.6443587    
  12770000   119056.36      300.32676     -193.12131      15918.542      3311.4078      19229.95       4968.5799      0              1610.428       3036.3586      6303.1758      0              0.63665607   
  12780000   117889.87      305.81742      110.45751      15833.089      3371.9479      19205.037      5014.1495      0              1537.5383      2992.9265      6288.4749      0              0.64295561   
  12790000   118569.25      308.94894     -313.77633      15917.596      3406.4761      19324.072      5001.6339      0              1591.7398      3011.3701      6312.852       0              0.6392716    
  12800000   120674.16      316.08098     -103.94776      15875.263      3485.1141      19360.377      5018.6281      0              1589.1228      3012.8975      6254.6144      0              0.62812087   
  12810000   118723.6       310.38575     -481.52323      15831.939      3422.3184      19254.257      4942.3186      0              1641.3747      2970.2786      6277.9673      0              0.63844051   
  12820000   118170.23      314.75566      105.8846       15946.309      3470.5011      19416.81       5039.2685      0              1582.3265      3015.1584      6309.556       0              0.64143023   
  12830000   118660.23      299.10471      577.27129      15894.503      3297.9334      19192.437      4978.3805      0              1560.4531      3066.8685      6288.8013      0              0.63878148   
  12840000   118127.98      314.59817     -207.83811      15871.458      3468.7646      19340.222      4963.9162      0              1605.8959      3021.7502      6279.8954      0              0.64165962   
  12850000   118442.84      310.92825      242.16721      15827.792      3428.3         19256.092      4945.5985      0              1552.181       3052.2755      6277.737       0              0.63995387   
  12860000   119135.97      310.30705      51.862843      15841.766      3421.4506      19263.217      4973.878       0              1576.1982      3038.5485      6253.1414      0              0.63623064   
  12870000   120033.09      309.01891      402.53238      15829.39       3407.2475      19236.637      5024.0024      0              1590.2867      2942.3913      6272.7095      0              0.63147553   
  12880000   120836.67      307.48634     -49.844027      15893.384      3390.3494      19283.733      5014.0211      0              1549.759       3013.5008      6316.1027      0              0.62727609   
  12890000   119091.03      308.59258     -744.87966      15943.338      3402.5469      19345.884      4988.9248      0              1638.1249      2995.0829      6321.205       0              0.63647071   
  12900000   118276.78      308.04626     -78.876251      15867.307      3396.5232      19263.831      4963.7705      0              1564.5288      3041.9348      6297.0732      0              0.64085236   
  12910000   118179.32      310.91019     -510.30184      15912.561      3428.1009      19340.662      5014.5301      0              1583.0537      2986.2793      6328.6983      0              0.64138089   
  12920000   118984.8       315.98583      78.836228      15862.865      3484.0649      19346.93       4957.9585      0              1561.2258      3040.3654      6303.3155      0              0.63703901   
  12930000   119765.81      314.75942     -979.97691      15871.231      3470.5425      19341.774      4971.1656      0              1606.8809      3013.2306      6279.9541      0              0.63288476   
  12940000   119031.73      307.59986     -204.22668      15824.211      3391.6011      19215.812      4966.9196      0              1571.9295      3035.1507      6250.2108      0              0.63678784   
  12950000   118562.99      302.10065     -118.0763       15868.849      3330.9667      19199.816      4967.1247      0              1535.2582      2986.1683      6380.2978      0              0.63930536   
  12960000   118441.88      309.03007     -388.86478      15833.718      3407.3707      19241.089      4869.2073      0              1595.1742      3032.9004      6336.4361      0              0.63995907   
  12970000   118260.51      303.87357     -46.698841      15897.938      3350.515       19248.453      4950.0102      0              1623.4816      3025.1353      6299.3108      0              0.64094052   
  12980000   118315.33      307.57785      364.17389      15868.347      3391.3584      19259.705      5025.2941      0              1592.0418      2982.2093      6268.8016      0              0.64064356   
  12990000   119196.62      312.51314     -343.91769      15853.316      3445.775       19299.091      4964.1058      0              1592.115       3014.4801      6282.6155      0              0.63590695   
  13000000   118664.67      313.32762      1049.5471      15854.481      3454.7555      19309.237      5068.5449      0              1536.8991      2917.6548      6331.3823      0              0.63875759   
  13010000   118570.72      301.22039      694.75122      15933.579      3321.2609      19254.84       5081.1975      0              1582.1927      2992.1965      6277.9927      0              0.63926371   
  13020000   119934.76      313.33431     -117.05287      15880.394      3454.8293      19335.223      5007.578       0              1585.7893      3020.069       6266.9573      0              0.63199323   
  13030000   118182.51      300.94855     -363.43754      15800.363      3318.2636      19118.627      4948.3315      0              1589.7291      3008.3288      6253.9736      0              0.64136357   
  13040000   119174         306.23399      217.72797      15827.636      3376.541       19204.177      5013.0301      0              1521.0945      3009.3154      6284.1957      0              0.63602761   
  13050000   119088.65      311.08326      406.48131      15913.972      3430.0091      19343.981      5034.7221      0              1586.9412      2993.0876      6299.2211      0              0.63648347   
  13060000   118356.13      313.10492      334.12821      15856.264      3452.2999      19308.564      5022.5899      0              1557.0879      3012.2684      6264.3179      0              0.64042272   
  13070000   118605.77      302.34466     -336.37073      15773.714      3333.6572      19107.371      4971.4662      0              1567.7649      2961.3795      6273.1032      0              0.63907477   
  13080000   118653.91      309.86031      534.46494      15876.355      3416.5248      19292.88       5035.3037      0              1549.7165      3004.146       6287.1892      0              0.6388155    
  13090000   117406.55      313.33426     -190.85457      15870.583      3454.8287      19325.412      5031.3774      0              1603.7626      2953.8635      6281.5798      0              0.64560247   
  13100000   117815.11      313.71121      46.773661      15904.127      3458.9849      19363.111      5005.0821      0              1602.6437      3003.4743      6292.9264      0              0.64336363   
  13110000   119764.36      305.4397       305.7727       15852.14       3367.7831      19219.923      5001.156       0              1579.9547      2975.0796      6295.9501      0              0.63289243   
  13120000   119875.16      300.30353     -330.79908      15756.729      3311.1516      19067.88       4967.3905      0              1548.9775      2965.6564      6274.7044      0              0.63230742   
  13130000   119789.61      310.71665      146.02266      15916.857      3425.9668      19342.824      5010.4013      0              1602.6304      3011.4756      6292.35        0              0.63275903   
  13140000   119988.31      303.19702     -333.96982      15850.671      3343.0553      19193.726      4967.349       0              1575.4278      2963.8819      6344.0122      0              0.63171118   
  13150000   118779.25      307.43614      265.9494       15909.547      3389.7959      19299.343      5009.0735      0              1594.0961      2984.4668      6321.9109      0              0.63814139   
  13160000   119384.33      304.73338     -563.24131      15874.089      3359.9952      19234.084      4973.3947      0              1592.5773      3033.6399      6274.4769      0              0.63490706   
  13170000   120238.18      306.93206     -10.51773       15866.677      3384.2379      19250.915      4978.3361      0              1598.0252      3022.2278      6268.0876      0              0.63039837   
  13180000   119622.06      308.7664       89.962215      16030.389      3404.4634      19434.853      4999.11        0              1655.3555      3016.0916      6359.8324      0              0.63364531   
  13190000   117914.48      307.64079      374.98509      15915.483      3392.0523      19307.536      5012.267       0              1577.9584      2994.9023      6330.3557      0              0.64282142   
  13200000   119413.88      301.61279      338.30488      15880.488      3325.5875      19206.075      5010.4983      0              1549.4158      2989.6071      6330.9665      0              0.63474995   
  13210000   119245.64      300.41125     -367.32674      15894.246      3312.3394      19206.586      4949.7346      0              1582.1716      3034.2266      6328.1135      0              0.63564552   
  13220000   119436.78      306.41745     -794.29678      15824.733      3378.5638      19203.297      4964.9993      0              1562.979       3028.6961      6268.0589      0              0.63462824   
  13230000   119569.54      312.30441      289.61284      15899.895      3443.4736      19343.369      5030.9533      0              1539.0175      3008.0252      6321.899       0              0.63392362   
  13240000   118337.62      307.86053      159.04856      15889.986      3394.4752      19284.461      5027.7674      0              1612.6326      2991.5082      6258.0777      0              0.64052291   
  13250000   118601.1       310.90101      894.11001      15871.144      3427.9997      19299.144      5010.941       0              1578.4735      2980.0274      6301.7023      0              0.63909997   
  13260000   119119.16      307.77635     -260.96121      15869.461      3393.547       19263.008      4947.2106      0              1621.1051      3015.2008      6285.9444      0              0.63632044   
  13270000   119239.17      312.11539     -172.87469      15924.875      3441.3894      19366.264      4966.3812      0              1611.2702      2988.303       6358.9203      0              0.63568      
  13280000   119544.33      298.10719     -361.87291      15835.849      3286.9348      19122.784      4998.5711      0              1565.6847      3000.8993      6270.6937      0              0.6340573    
  13290000   119163.96      315.74447     -354.90737      15819.161      3481.4037      19300.565      5002.248       0              1603.3392      2939.0852      6274.489       0              0.63608123   
  13300000   119090.54      300.64359      28.508817      15913.796      3314.9011      19228.697      5025.9862      0              1609.3739      2985.367       6293.0691      0              0.63647334   
  13310000   118033.77      307.46621      27.173368      15876.659      3390.1275      19266.786      4993.3412      0              1606.2564      2980.3186      6296.7424      0              0.64217179   
  13320000   118354.33      304.11812     -54.40951       15859.083      3353.2113      19212.294      4972.5289      0              1563.7044      3010.5717      6312.2782      0              0.64043246   
  13330000   118627.81      305.42447     -289.46864      15917.838      3367.6152      19285.453      5009.7593      0              1586.2458      3005.971       6315.8619      0              0.63895603   
  13340000   120174.16      303.03344     -208.26333      15859.864      3341.2516      19201.115      5012.2582      0              1566.2342      3011.0001      6270.3712      0              0.63073424   
  13350000   119065.93      312.00942     -167.62379      15905.739      3440.221       19345.96       4955.1649      0              1627.9794      3012.54        6310.0551      0              0.63660493   
  13360000   118273.87      311.07787      206.02386      15920.712      3429.9496      19350.662      5023.9729      0              1583.1646      2998.2553      6315.3194      0              0.64086816   
  13370000   118551.21      304.94635      184.82413      15898.976      3362.3434      19261.32       5039.1518      0              1597.7507      2979.4897      6282.5841      0              0.63936888   
  13380000   119220.2       312.5148      -204.7582       15872.21       3445.7933      19318.004      5016.834       0              1590.3629      2984.1141      6280.8992      0              0.63578117   
  13390000   119579.47      305.73946      77.95743       15839.041      3371.0883      19210.129      4959.9751      0              1578.6569      3026.1699      6274.2388      0              0.63387099   
  13400000   118641.29      312.38724      579.58982      15910.673      3444.3869      19355.06       5012.1146      0              1556.7527      3001.7556      6340.0503      0              0.63888345   
  13410000   119153.47      311.93442      161.70469      15932.989      3439.394       19372.383      4989.5175      0              1580.4186      3031.7465      6331.3065      0              0.63613723   
  13420000   118632.76      309.82689      161.6071       15875.523      3416.1564      19291.68       4969.6657      0              1546.031       3036.4478      6323.3788      0              0.6389294    
  13430000   119925.7       309.99052      415.39322      15898.694      3417.9606      19316.654      5005.2566      0              1579.417       2994.3786      6319.6415      0              0.63204097   
  13440000   118297.37      311.63781     -128.39888      15823.16       3436.1237      19259.284      5031.5836      0              1602.4769      2925.3768      6263.7229      0              0.64074083   
  13450000   119616.11      315.34335     -280.71581      15885.841      3476.981       19362.822      4997.4882      0              1554.8073      3046.8081      6286.7371      0              0.6336768    
  13460000   119090.47      309.09304      110.69892      15845.306      3408.0649      19253.37       4995.6864      0              1589.2729      2971.7005      6288.6457      0              0.63647374   
  13470000   118948.5       307.4282       444.35133      15813.207      3389.7083      19202.916      4983.8567      0              1564.9398      2986.5816      6277.8294      0              0.63723338   
  13480000   118721.45      307.76222      469.02025      15891.293      3393.3913      19284.684      4986.8825      0              1544.8631      2991.5402      6368.0071      0              0.63845207   
  13490000   118395.31      308.7302       207.81399      15757.609      3404.0643      19161.674      4972.2729      0              1529.4243      2953.5593      6302.3528      0              0.6402108    
  13500000   119661.07      304.64545     -0.026853062    15829.914      3359.0257      19188.939      4991.5993      0              1549.5789      3003.2162      6285.5194      0              0.63343875   
  13510000   120029.22      300.13929      24.75273       15848.876      3309.3407      19158.217      5016.7453      0              1562.809       3000.2336      6269.088       0              0.63149586   
  13520000   119661.32      313.03865      436.4242       15850.387      3451.5693      19301.956      4993.0055      0              1565.9426      2978.2563      6313.1828      0              0.6334374    
  13530000   119892.09      302.05078     -100.85414      15775.898      3330.4169      19106.315      5008.7628      0              1538.5524      2931.1747      6297.4081      0              0.63221818   
  13540000   120030.95      308.49299     -450.26213      15888.348      3401.4488      19289.797      4999.5954      0              1539.5985      3041.2731      6307.8814      0              0.63148677   
  13550000   119809.35      307.59115     -504.62722      15852.86       3391.5051      19244.365      4979.8753      0              1607.0886      2989.495       6276.4012      0              0.63265478   
  13560000   119944.07      304.83898      476.42204      15808.971      3361.1596      19170.13       5003.5352      0              1497.1195      3023.1147      6285.2015      0              0.63194415   
  13570000   119665.7       312.04892      550.71426      15922.682      3440.6565      19363.338      5014.4329      0              1584.7066      3000.117       6323.4253      0              0.6334142    
  13580000   118599.69      316.27451     -139.28747      15833.632      3487.2479      19320.88       4992.8903      0              1577.439       2988.5979      6274.7049      0              0.63910756   
  13590000   120544.94      305.51625     -655.25479      15873.679      3368.6271      19242.306      4950.3898      0              1596.0961      3018.3514      6308.8418      0              0.62879416   
  13600000   120839.66      306.50222     -297.56151      15901.742      3379.4985      19281.241      4985.8561      0              1564.632       3037.6919      6313.5622      0              0.62726057   
  13610000   119865.95      304.65013      171.67163      15811.552      3359.0773      19170.629      5004.6513      0              1499.935       3036.4948      6270.4709      0              0.63235602   
  13620000   120427.84      308.5806      -192.41236      15844.282      3402.4147      19246.697      4986.5217      0              1576.7441      2975.6528      6305.3633      0              0.62940559   
  13630000   118846.81      301.40289      34.054712      15840.448      3323.2732      19163.721      4985.1107      0              1599.8933      3003.9201      6251.5241      0              0.63777865   
  13640000   118739.2       304.34707     -47.641249      15885.343      3355.7357      19241.079      4969.3693      0              1574.202       3043.7466      6298.0253      0              0.63835662   
  13650000   118972.68      310.97588      207.3537       15919.627      3428.8252      19348.452      4958.8274      0              1614.3723      3060.5015      6285.9253      0              0.6371039    
  13660000   119870.45      311.09878     -715.72502      15780.82       3430.1802      19211          4974.3068      0              1577.8725      2949.1812      6279.4597      0              0.63233231   
  13670000   120406.87      306.76094      65.99567       15969.555      3382.3511      19351.906      4984.2457      0              1616.1709      3063.0365      6306.1016      0              0.62951521   
  13680000   120264.65      306.57516     -682.96162      15825.172      3380.3027      19205.475      4968.8452      0              1611.1218      3003.8141      6241.3912      0              0.63025965   
  13690000   119890.56      308.65676      212.48635      15874.642      3403.2545      19277.897      4995.5201      0              1574.6377      3018.3247      6286.1599      0              0.63222625   
  13700000   118562.94      300.73955      491.59606      15798.8        3315.9592      19114.759      4997.1001      0              1574.8531      2924.0772      6302.7697      0              0.63930561   
  13710000   119482.25      315.42416      637.93048      15872.642      3477.8719      19350.513      5049.5896      0              1574.0935      2959.6453      6289.3131      0              0.63438674   
  13720000   119669.81      302.72517     -410.40494      15871.299      3337.8527      19209.151      5036.7447      0              1601.1979      2943.5064      6289.8496      0              0.63339245   
  13730000   119631.74      308.56087     -295.39405      16005.386      3402.1972      19407.583      4970.8633      0              1652.4898      3065.8209      6316.2119      0              0.633594     
  13740000   119185.09      309.51887     -212.35111      15943.43       3412.7601      19356.19       5002.0889      0              1629.7548      3010.0961      6301.4903      0              0.63596845   
  13750000   119527.17      308.75464      248.28587      15800.691      3404.3337      19205.024      4992.4659      0              1573.9819      2965.9201      6268.3228      0              0.63414834   
  13760000   118714.87      302.4876      -133.42851      15931.15       3335.2332      19266.383      5010.1527      0              1578.4245      3021.1852      6321.3876      0              0.63848746   
  13770000   119100.65      311.24054     -257.91388      15860.729      3431.7433      19292.472      5000.616       0              1602.9464      2999.4593      6257.7068      0              0.63641935   
  13780000   118426.2       308.91023      170.73837      15868.298      3406.0493      19274.348      4992.2074      0              1555.5275      3024.2754      6296.2881      0              0.64004382   
  13790000   119291.22      306.10083      87.861846      15830.72       3375.0728      19205.793      4942.5312      0              1579.1867      3025.7504      6283.2521      0              0.63540265   
  13800000   119395.85      311.51312      467.15534      15879.841      3434.7488      19314.59       5009.4934      0              1533.9173      3011.8447      6324.5857      0              0.63484579   
  13810000   119312.03      300.91124     -430.94699      15893.152      3317.8523      19211.004      4962.6629      0              1623.7085      3020.2087      6286.5719      0              0.63529182   
  13820000   118667.48      301.65905     -377.34568      15849.743      3326.0976      19175.84       4980.4187      0              1586.8581      3025.8049      6256.6611      0              0.63874243   
  13830000   119471.78      307.23758      650.77465      15869.041      3387.6066      19256.648      5057.5255      0              1543.4606      2988.3189      6279.7362      0              0.63444236   
  13840000   118255.96      309.86812      453.2347       15812.172      3416.6109      19228.783      4968.4616      0              1574.8236      2988.7639      6280.1228      0              0.6409652    
  13850000   118709.9       315.29315      296.99181      15991.6        3476.4274      19468.028      5050.5072      0              1561.7995      3069.5341      6309.7595      0              0.63851417   
  13860000   119513.59      305.90487      232.90165      15939.296      3372.9121      19312.208      4987.4964      0              1610.0627      3037.7391      6303.9975      0              0.6342204    
  13870000   119628.13      305.76886     -408.65585      15788.837      3371.4125      19160.25       4939.3118      0              1567.617       2996.4785      6285.4301      0              0.63361316   
  13880000   118841.37      303.30329     -190.97653      15875.5        3344.2271      19219.727      5018.3056      0              1583.5942      3032.3035      6241.2965      0              0.6378078    
  13890000   118365.01      303.82765     -395.47065      15864.811      3350.0086      19214.82       4995.4023      0              1578.5512      3006.9062      6283.9515      0              0.64037468   
  13900000   119170.08      303.53747      635.23433      15934.482      3346.8091      19281.291      4967.8155      0              1519.9152      3072.793       6373.9582      0              0.63604856   
  13910000   120006.15      309.18207     -95.151386      15865.763      3409.0466      19274.81       4961.2544      0              1567.3426      3004.2548      6332.9114      0              0.63161727   
  13920000   119338.2       309.59169     -206.38905      15907.294      3413.563       19320.857      4992.5033      0              1607.7467      3016.5612      6290.4831      0              0.63515251   
  13930000   118933.04      304.46405     -99.132005      15822.479      3357.0257      19179.504      4979.1522      0              1553.4652      3009.5589      6280.3024      0              0.63731621   
  13940000   119318.06      303.42881      714.49204      15848.972      3345.611       19194.583      4995.881       0              1522.6353      3007.6126      6322.8433      0              0.63525968   
  13950000   119492.74      304.41472     -16.707426      15793.084      3356.4816      19149.565      5049.701       0              1550.7432      2966.6635      6225.976       0              0.63433105   
  13960000   119750.12      309.71241      1033.8032      15824.449      3414.8941      19239.343      5067.2902      0              1523.3514      2972.9127      6260.8942      0              0.6329677    
  13970000   119955.83      314.40138      215.79226      15897.931      3466.5947      19364.526      5044.4125      0              1577.7259      2960.7318      6315.0609      0              0.63188222   
  13980000   119202.06      307.51777      122.92778      15993.957      3390.696       19384.653      5077.882       0              1586.2259      2991.2884      6338.5608      0              0.63587788   
  13990000   119713.83      309.97891      468.54248      15852.731      3417.8326      19270.564      4984.0548      0              1568.5716      3009.6118      6290.4932      0              0.63315957   
  14000000   120909.43      303.94063     -695.71172      15869.009      3351.2543      19220.263      5013.8368      0              1600.9128      2994.5772      6259.6817      0              0.62689864   
  14010000   119340.32      314.56363      819.1514       15869.725      3468.3838      19338.109      5076.9414      0              1545.2571      2962.5656      6284.9608      0              0.6351412    
  14020000   118554.6       307.97485      504.31074      15884.04       3395.7357      19279.776      5065.8264      0              1564.0973      2952.8593      6301.2572      0              0.63935058   
  14030000   118335.5       304.46993      856.89208      15829.957      3357.0904      19187.048      5046.0326      0              1514.4418      3011.3251      6258.158       0              0.64053435   
  14040000   118767.26      305.77835     -236.87573      15781.266      3371.5171      19152.784      4970.6853      0              1543.9443      2997.471       6269.1658      0              0.63820583   
  14050000   119647.58      307.16956      192.35094      15861.78       3386.8566      19248.636      5006.3275      0              1591.9799      2976.938       6286.5343      0              0.63351017   
  14060000   119767.5       305.91057      263.18898      15895.372      3372.9749      19268.346      5005.0286      0              1592.5982      3014.0545      6283.6903      0              0.63287582   
  14070000   119932.14      309.37106     -97.038316      15844.758      3411.1303      19255.888      5003.9632      0              1563.7269      3011.5803      6265.4877      0              0.63200704   
  14080000   120313.15      305.2434       284.64991      15900.14       3365.6188      19265.759      4992.4528      0              1564.4424      3054.3892      6288.8557      0              0.63000558   
  14090000   119784.59      297.86189     -325.14251      15876.463      3284.2301      19160.693      4991.0896      0              1614.5123      2995.7712      6275.0902      0              0.63278553   
  14100000   121427.32      310.9664      -304.57997      15808.37       3428.7206      19237.091      5003.3573      0              1560.3376      2964.2971      6280.3785      0              0.62422487   
  14110000   121660.18      309.52123     -173.24561      15947.753      3412.7861      19360.539      4999.0707      0              1568.6568      3052.3365      6327.6886      0              0.62303012   
  14120000   120223.48      308.38718     -298.62883      15879.96       3400.2821      19280.242      4986.2419      0              1622.1053      2983.7373      6287.875       0              0.6304755    
  14130000   120255.39      305.9325       344.85788      15842.308      3373.2168      19215.525      5020.4834      0              1523.5667      3016.5099      6281.7484      0              0.63030817   
  14140000   120282.15      304.31851      144.68768      15911.208      3355.4209      19266.629      5018.3745      0              1593.4758      3023.4152      6275.9427      0              0.63016796   
  14150000   121481.06      304.64617     -211.45607      15857.052      3359.0336      19216.086      5020.497       0              1564.6031      2967.9541      6303.998       0              0.62394873   
  14160000   120579.96      301.15946     -619.37622      15843.009      3320.5892      19163.599      4982.9334      0              1626.331       2979.8212      6253.9239      0              0.62861154   
  14170000   119880.49      310.16839      221.23689      15816.65       3419.9218      19236.571      5000.2945      0              1552.4018      2990.7523      6273.201       0              0.63227931   
  14180000   120076.9       302.10993      26.063832      15843.049      3331.069       19174.118      4968.5231      0              1561.028       3009.22        6304.2785      0              0.63124511   
  14190000   119578.03      311.19398     -484.26718      15914.53       3431.2299      19345.76       4938.056       0              1649.4047      3021.7423      6305.3273      0              0.63387862   
  14200000   120366.46      303.92532      83.684284      15889.691      3351.0855      19240.777      4998.5408      0              1647.065       2995.6045      6248.4808      0              0.62972655   
  14210000   118936.24      311.08389     -89.800588      15810.286      3430.016       19240.302      4928.7417      0              1576.7985      3026.3168      6278.4287      0              0.63729907   
  14220000   119854.72      306.0012       101.88709      15880.539      3373.9742      19254.513      4938.5754      0              1593.8108      3039.9556      6308.1967      0              0.63241526   
  14230000   119675.97      304.36284      476.40094      15865.202      3355.9096      19221.111      4977.4056      0              1542.5857      3012.4882      6332.7221      0              0.63335989   
  14240000   119349.63      304.324       -444.0326       15889.153      3355.4815      19244.634      4965.802       0              1589.584       2987.2155      6346.5512      0              0.63509165   
  14250000   121342.93      311.20739      142.84857      15802.872      3431.3778      19234.25       5005.49        0              1525.1328      2963.7416      6308.5077      0              0.62465902   
  14251114   121039.69      315.89818      57.840446      15836.486      3483.0985      19319.585      4926.1032      0              1575.9807      3034.553       6299.8495      0              0.626224     
Loop time of 3616.12 on 48 procs for 8000000 steps with 3700 atoms

Performance: 19.114 ns/day, 1.256 hours/ns, 2212.317 timesteps/s, 8.186 Matom-step/s
99.9% CPU use with 48 MPI tasks x 1 OpenMP threads

MPI task timing breakdown:
Section |  min time  |  avg time  |  max time  |%varavg| %total
---------------------------------------------------------------
Pair    | 1045.8     | 1627.2     | 2415.4     | 789.3 | 45.00
Bond    | 287.89     | 476.72     | 620.82     | 354.6 | 13.18
Neigh   | 6.2088     | 6.2376     | 6.26       |   0.7 |  0.17
Comm    | 438.04     | 1336.7     | 2101.4     |1063.3 | 36.96
Output  | 0.36918    | 0.65421    | 0.90644    |  18.0 |  0.02
Modify  | 122.8      | 132.88     | 148.75     |  47.4 |  3.67
Other   |            | 35.73      |            |       |  0.99

Nlocal:        77.0833 ave         101 max          47 min
Histogram: 2 2 5 5 4 6 7 10 2 5
Nghost:        2111.83 ave        2193 max        2037 min
Histogram: 3 5 5 7 4 10 3 5 4 2
Neighs:        13312.1 ave       19107 max        8476 min
Histogram: 6 4 5 6 6 3 8 5 3 2

Total # of neighbors = 638981
Ave neighs/atom = 172.69757
Ave special neighs/atom = 11.898378
Neighbor list builds = 8830
Dangerous builds = 0
System init for write_data ...
Generated 0 of 3 mixed pair_coeff terms from geometric mixing rule
Total wall time: 1:55:13
