Loading intel/oneapi/compiler/latest
  Loading requirement: intel/oneapi/tbb/latest intel/oneapi/compiler-rt/latest
    intel/oneapi/umf/latest
libibverbs: Warning: couldn't load driver 'libhfi1verbs-rdmav34.so': libhfi1verbs-rdmav34.so: cannot open shared object file: No such file or directory
libibverbs: Warning: couldn't load driver 'libmlx4-rdmav34.so': libmlx4-rdmav34.so: cannot open shared object file: No such file or directory
libibverbs: Warning: couldn't load driver 'libirdma-rdmav34.so': libirdma-rdmav34.so: cannot open shared object file: No such file or directory
libibverbs: Warning: couldn't load driver 'libocrdma-rdmav34.so': libocrdma-rdmav34.so: cannot open shared object file: No such file or directory
libibverbs: Warning: couldn't load driver 'libsiw-rdmav34.so': libsiw-rdmav34.so: cannot open shared object file: No such file or directory
libibverbs: Warning: couldn't load driver 'librxe-rdmav34.so': librxe-rdmav34.so: cannot open shared object file: No such file or directory
libibverbs: Warning: couldn't load driver 'libbnxt_re-rdmav34.so': libbnxt_re-rdmav34.so: cannot open shared object file: No such file or directory
libibverbs: Warning: couldn't load driver 'libhns-rdmav34.so': libhns-rdmav34.so: cannot open shared object file: No such file or directory
libibverbs: Warning: couldn't load driver 'libqedr-rdmav34.so': libqedr-rdmav34.so: cannot open shared object file: No such file or directory
libibverbs: Warning: couldn't load driver 'libvmw_pvrdma-rdmav34.so': libvmw_pvrdma-rdmav34.so: cannot open shared object file: No such file or directory
libibverbs: Warning: couldn't load driver 'libipathverbs-rdmav34.so': libipathverbs-rdmav34.so: cannot open shared object file: No such file or directory
libibverbs: Warning: couldn't load driver 'libcxgb4-rdmav34.so': libcxgb4-rdmav34.so: cannot open shared object file: No such file or directory
libibverbs: Warning: couldn't load driver 'libmthca-rdmav34.so': libmthca-rdmav34.so: cannot open shared object file: No such file or directory
libibverbs: Warning: couldn't load driver 'libefa-rdmav34.so': libefa-rdmav34.so: cannot open shared object file: No such file or directory
libibverbs: Warning: couldn't load driver 'liberdma-rdmav34.so': liberdma-rdmav34.so: cannot open shared object file: No such file or directory
libibverbs: Warning: couldn't load driver 'libmana-rdmav34.so': libmana-rdmav34.so: cannot open shared object file: No such file or directory
libibverbs: Warning: couldn't load driver 'libhfi1verbs-rdmav34.so': libhfi1verbs-rdmav34.so: cannot open shared object file: No such file or directory
libibverbs: Warning: couldn't load driver 'libmlx4-rdmav34.so': libmlx4-rdmav34.so: cannot open shared object file: No such file or directory
libibverbs: Warning: couldn't load driver 'libirdma-rdmav34.so': libirdma-rdmav34.so: cannot open shared object file: No such file or directory
libibverbs: Warning: couldn't load driver 'libocrdma-rdmav34.so': libocrdma-rdmav34.so: cannot open shared object file: No such file or directory
libibverbs: Warning: couldn't load driver 'libsiw-rdmav34.so': libsiw-rdmav34.so: cannot open shared object file: No such file or directory
libibverbs: Warning: couldn't load driver 'librxe-rdmav34.so': librxe-rdmav34.so: cannot open shared object file: No such file or directory
libibverbs: Warning: couldn't load driver 'libbnxt_re-rdmav34.so': libbnxt_re-rdmav34.so: cannot open shared object file: No such file or directory
libibverbs: Warning: couldn't load driver 'libhns-rdmav34.so': libhns-rdmav34.so: cannot open shared object file: No such file or directory
libibverbs: Warning: couldn't load driver 'libqedr-rdmav34.so': libqedr-rdmav34.so: cannot open shared object file: No such file or directory
libibverbs: Warning: couldn't load driver 'libvmw_pvrdma-rdmav34.so': libvmw_pvrdma-rdmav34.so: cannot open shared object file: No such file or directory
libibverbs: Warning: couldn't load driver 'libipathverbs-rdmav34.so': libipathverbs-rdmav34.so: cannot open shared object file: No such file or directory
libibverbs: Warning: couldn't load driver 'libcxgb4-rdmav34.so': libcxgb4-rdmav34.so: cannot open shared object file: No such file or directory
libibverbs: Warning: couldn't load driver 'libmthca-rdmav34.so': libmthca-rdmav34.so: cannot open shared object file: No such file or directory
libibverbs: Warning: couldn't load driver 'libefa-rdmav34.so': libefa-rdmav34.so: cannot open shared object file: No such file or directory
libibverbs: Warning: couldn't load driver 'liberdma-rdmav34.so': liberdma-rdmav34.so: cannot open shared object file: No such file or directory
libibverbs: Warning: couldn't load driver 'libmana-rdmav34.so': libmana-rdmav34.so: cannot open shared object file: No such file or directory
libibverbs: Warning: couldn't load driver 'libhfi1verbs-rdmav34.so': libhfi1verbs-rdmav34.so: cannot open shared object file: No such file or directory
libibverbs: Warning: couldn't load driver 'libmlx4-rdmav34.so': libmlx4-rdmav34.so: cannot open shared object file: No such file or directory
libibverbs: Warning: couldn't load driver 'libirdma-rdmav34.so': libirdma-rdmav34.so: cannot open shared object file: No such file or directory
libibverbs: Warning: couldn't load driver 'libocrdma-rdmav34.so': libocrdma-rdmav34.so: cannot open shared object file: No such file or directory
libibverbs: Warning: couldn't load driver 'libsiw-rdmav34.so': libsiw-rdmav34.so: cannot open shared object file: No such file or directory
libibverbs: Warning: couldn't load driver 'librxe-rdmav34.so': librxe-rdmav34.so: cannot open shared object file: No such file or directory
libibverbs: Warning: couldn't load driver 'libbnxt_re-rdmav34.so': libbnxt_re-rdmav34.so: cannot open shared object file: No such file or directory
libibverbs: Warning: couldn't load driver 'libhns-rdmav34.so': libhns-rdmav34.so: cannot open shared object file: No such file or directory
libibverbs: Warning: couldn't load driver 'libqedr-rdmav34.so': libqedr-rdmav34.so: cannot open shared object file: No such file or directory
libibverbs: Warning: couldn't load driver 'libhfi1verbs-rdmav34.so': libhfi1verbs-rdmav34.so: cannot open shared object file: No such file or directory
libibverbs: Warning: couldn't load driver 'libvmw_pvrdma-rdmav34.so': libvmw_pvrdma-rdmav34.so: cannot open shared object file: No such file or directory
libibverbs: Warning: couldn't load driver 'libmlx4-rdmav34.so': libmlx4-rdmav34.so: cannot open shared object file: No such file or directory
libibverbs: Warning: couldn't load driver 'libipathverbs-rdmav34.so': libipathverbs-rdmav34.so: cannot open shared object file: No such file or directory
libibverbs: Warning: couldn't load driver 'libirdma-rdmav34.so': libirdma-rdmav34.so: cannot open shared object file: No such file or directory
libibverbs: Warning: couldn't load driver 'libcxgb4-rdmav34.so': libcxgb4-rdmav34.so: cannot open shared object file: No such file or directory
libibverbs: Warning: couldn't load driver 'libocrdma-rdmav34.so': libocrdma-rdmav34.so: cannot open shared object file: No such file or directory
libibverbs: Warning: couldn't load driver 'libmthca-rdmav34.so': libmthca-rdmav34.so: cannot open shared object file: No such file or directory
libibverbs: Warning: couldn't load driver 'libsiw-rdmav34.so': libsiw-rdmav34.so: cannot open shared object file: No such file or directory
libibverbs: Warning: couldn't load driver 'libefa-rdmav34.so': libefa-rdmav34.so: cannot open shared object file: No such file or directory
libibverbs: Warning: couldn't load driver 'librxe-rdmav34.so': librxe-rdmav34.so: cannot open shared object file: No such file or directory
libibverbs: Warning: couldn't load driver 'libbnxt_re-rdmav34.so': libbnxt_re-rdmav34.so: cannot open shared object file: No such file or directory
libibverbs: Warning: couldn't load driver 'liberdma-rdmav34.so': liberdma-rdmav34.so: cannot open shared object file: No such file or directory
libibverbs: Warning: couldn't load driver 'libhns-rdmav34.so': libhns-rdmav34.so: cannot open shared object file: No such file or directory
libibverbs: Warning: couldn't load driver 'libmana-rdmav34.so': libmana-rdmav34.so: cannot open shared object file: No such file or directory
libibverbs: Warning: couldn't load driver 'libqedr-rdmav34.so': libqedr-rdmav34.so: cannot open shared object file: No such file or directory
libibverbs: Warning: couldn't load driver 'libvmw_pvrdma-rdmav34.so': libvmw_pvrdma-rdmav34.so: cannot open shared object file: No such file or directory
libibverbs: Warning: couldn't load driver 'libipathverbs-rdmav34.so': libipathverbs-rdmav34.so: cannot open shared object file: No such file or directory
libibverbs: Warning: couldn't load driver 'libhfi1verbs-rdmav34.so': libhfi1verbs-rdmav34.so: cannot open shared object file: No such file or directory
libibverbs: Warning: couldn't load driver 'libcxgb4-rdmav34.so': libcxgb4-rdmav34.so: cannot open shared object file: No such file or directory
libibverbs: Warning: couldn't load driver 'libmthca-rdmav34.so': libmthca-rdmav34.so: cannot open shared object file: No such file or directory
libibverbs: Warning: couldn't load driver 'libmlx4-rdmav34.so': libmlx4-rdmav34.so: cannot open shared object file: No such file or directory
libibverbs: Warning: couldn't load driver 'libefa-rdmav34.so': libefa-rdmav34.so: cannot open shared object file: No such file or directory
libibverbs: Warning: couldn't load driver 'libirdma-rdmav34.so': libirdma-rdmav34.so: cannot open shared object file: No such file or directory
libibverbs: Warning: couldn't load driver 'liberdma-rdmav34.so': liberdma-rdmav34.so: cannot open shared object file: No such file or directory
libibverbs: Warning: couldn't load driver 'libocrdma-rdmav34.so': libocrdma-rdmav34.so: cannot open shared object file: No such file or directory
libibverbs: Warning: couldn't load driver 'libmana-rdmav34.so': libmana-rdmav34.so: cannot open shared object file: No such file or directory
libibverbs: Warning: couldn't load driver 'libsiw-rdmav34.so': libsiw-rdmav34.so: cannot open shared object file: No such file or directory
libibverbs: Warning: couldn't load driver 'librxe-rdmav34.so': librxe-rdmav34.so: cannot open shared object file: No such file or directory
libibverbs: Warning: couldn't load driver 'libbnxt_re-rdmav34.so': libbnxt_re-rdmav34.so: cannot open shared object file: No such file or directory
libibverbs: Warning: couldn't load driver 'libhns-rdmav34.so': libhns-rdmav34.so: cannot open shared object file: No such file or directory
libibverbs: Warning: couldn't load driver 'libqedr-rdmav34.so': libqedr-rdmav34.so: cannot open shared object file: No such file or directory
libibverbs: Warning: couldn't load driver 'libhfi1verbs-rdmav34.so': libhfi1verbs-rdmav34.so: cannot open shared object file: No such file or directory
libibverbs: Warning: couldn't load driver 'libmlx4-rdmav34.so': libmlx4-rdmav34.so: cannot open shared object file: No such file or directory
libibverbs: Warning: couldn't load driver 'libirdma-rdmav34.so': libirdma-rdmav34.so: cannot open shared object file: No such file or directory
libibverbs: Warning: couldn't load driver 'libvmw_pvrdma-rdmav34.so': libvmw_pvrdma-rdmav34.so: cannot open shared object file: No such file or directory
libibverbs: Warning: couldn't load driver 'libocrdma-rdmav34.so': libocrdma-rdmav34.so: cannot open shared object file: No such file or directory
libibverbs: Warning: couldn't load driver 'libipathverbs-rdmav34.so': libipathverbs-rdmav34.so: cannot open shared object file: No such file or directory
libibverbs: Warning: couldn't load driver 'libsiw-rdmav34.so': libsiw-rdmav34.so: cannot open shared object file: No such file or directory
libibverbs: Warning: couldn't load driver 'libcxgb4-rdmav34.so': libcxgb4-rdmav34.so: cannot open shared object file: No such file or directory
libibverbs: Warning: couldn't load driver 'librxe-rdmav34.so': librxe-rdmav34.so: cannot open shared object file: No such file or directory
libibverbs: Warning: couldn't load driver 'libmthca-rdmav34.so': libmthca-rdmav34.so: cannot open shared object file: No such file or directory
libibverbs: Warning: couldn't load driver 'libbnxt_re-rdmav34.so': libbnxt_re-rdmav34.so: cannot open shared object file: No such file or directory
libibverbs: Warning: couldn't load driver 'libefa-rdmav34.so': libefa-rdmav34.so: cannot open shared object file: No such file or directory
libibverbs: Warning: couldn't load driver 'libhns-rdmav34.so': libhns-rdmav34.so: cannot open shared object file: No such file or directory
libibverbs: Warning: couldn't load driver 'liberdma-rdmav34.so': liberdma-rdmav34.so: cannot open shared object file: No such file or directory
libibverbs: Warning: couldn't load driver 'libqedr-rdmav34.so': libqedr-rdmav34.so: cannot open shared object file: No such file or directory
libibverbs: Warning: couldn't load driver 'libmana-rdmav34.so': libmana-rdmav34.so: cannot open shared object file: No such file or directory
libibverbs: Warning: couldn't load driver 'libvmw_pvrdma-rdmav34.so': libvmw_pvrdma-rdmav34.so: cannot open shared object file: No such file or directory
libibverbs: Warning: couldn't load driver 'libipathverbs-rdmav34.so': libipathverbs-rdmav34.so: cannot open shared object file: No such file or directory
libibverbs: Warning: couldn't load driver 'libcxgb4-rdmav34.so': libcxgb4-rdmav34.so: cannot open shared object file: No such file or directory
libibverbs: Warning: couldn't load driver 'libmthca-rdmav34.so': libmthca-rdmav34.so: cannot open shared object file: No such file or directory
libibverbs: Warning: couldn't load driver 'libefa-rdmav34.so': libefa-rdmav34.so: cannot open shared object file: No such file or directory
libibverbs: Warning: couldn't load driver 'liberdma-rdmav34.so': liberdma-rdmav34.so: cannot open shared object file: No such file or directory
libibverbs: Warning: couldn't load driver 'libmana-rdmav34.so': libmana-rdmav34.so: cannot open shared object file: No such file or directory
libibverbs: Warning: couldn't load driver 'libhfi1verbs-rdmav34.so': libhfi1verbs-rdmav34.so: cannot open shared object file: No such file or directory
libibverbs: Warning: couldn't load driver 'libhfi1verbs-rdmav34.so': libhfi1verbs-rdmav34.so: cannot open shared object file: No such file or directory
libibverbs: Warning: couldn't load driver 'libmlx4-rdmav34.so': libmlx4-rdmav34.so: cannot open shared object file: No such file or directory
libibverbs: Warning: couldn't load driver 'libmlx4-rdmav34.so': libmlx4-rdmav34.so: cannot open shared object file: No such file or directory
libibverbs: Warning: couldn't load driver 'libirdma-rdmav34.so': libirdma-rdmav34.so: cannot open shared object file: No such file or directory
libibverbs: Warning: couldn't load driver 'libirdma-rdmav34.so': libirdma-rdmav34.so: cannot open shared object file: No such file or directory
libibverbs: Warning: couldn't load driver 'libocrdma-rdmav34.so': libocrdma-rdmav34.so: cannot open shared object file: No such file or directory
libibverbs: Warning: couldn't load driver 'libocrdma-rdmav34.so': libocrdma-rdmav34.so: cannot open shared object file: No such file or directory
libibverbs: Warning: couldn't load driver 'libsiw-rdmav34.so': libsiw-rdmav34.so: cannot open shared object file: No such file or directory
libibverbs: Warning: couldn't load driver 'libsiw-rdmav34.so': libsiw-rdmav34.so: cannot open shared object file: No such file or directory
libibverbs: Warning: couldn't load driver 'librxe-rdmav34.so': librxe-rdmav34.so: cannot open shared object file: No such file or directory
libibverbs: Warning: couldn't load driver 'librxe-rdmav34.so': librxe-rdmav34.so: cannot open shared object file: No such file or directory
libibverbs: Warning: couldn't load driver 'libbnxt_re-rdmav34.so': libbnxt_re-rdmav34.so: cannot open shared object file: No such file or directory
libibverbs: Warning: couldn't load driver 'libbnxt_re-rdmav34.so': libbnxt_re-rdmav34.so: cannot open shared object file: No such file or directory
libibverbs: Warning: couldn't load driver 'libhns-rdmav34.so': libhns-rdmav34.so: cannot open shared object file: No such file or directory
libibverbs: Warning: couldn't load driver 'libhns-rdmav34.so': libhns-rdmav34.so: cannot open shared object file: No such file or directory
libibverbs: Warning: couldn't load driver 'libqedr-rdmav34.so': libqedr-rdmav34.so: cannot open shared object file: No such file or directory
libibverbs: Warning: couldn't load driver 'libqedr-rdmav34.so': libqedr-rdmav34.so: cannot open shared object file: No such file or directory
libibverbs: Warning: couldn't load driver 'libvmw_pvrdma-rdmav34.so': libvmw_pvrdma-rdmav34.so: cannot open shared object file: No such file or directory
libibverbs: Warning: couldn't load driver 'libvmw_pvrdma-rdmav34.so': libvmw_pvrdma-rdmav34.so: cannot open shared object file: No such file or directory
libibverbs: Warning: couldn't load driver 'libipathverbs-rdmav34.so': libipathverbs-rdmav34.so: cannot open shared object file: No such file or directory
libibverbs: Warning: couldn't load driver 'libipathverbs-rdmav34.so': libipathverbs-rdmav34.so: cannot open shared object file: No such file or directory
libibverbs: Warning: couldn't load driver 'libcxgb4-rdmav34.so': libcxgb4-rdmav34.so: cannot open shared object file: No such file or directory
libibverbs: Warning: couldn't load driver 'libcxgb4-rdmav34.so': libcxgb4-rdmav34.so: cannot open shared object file: No such file or directory
libibverbs: Warning: couldn't load driver 'libmthca-rdmav34.so': libmthca-rdmav34.so: cannot open shared object file: No such file or directory
libibverbs: Warning: couldn't load driver 'libmthca-rdmav34.so': libmthca-rdmav34.so: cannot open shared object file: No such file or directory
libibverbs: Warning: couldn't load driver 'libefa-rdmav34.so': libefa-rdmav34.so: cannot open shared object file: No such file or directory
libibverbs: Warning: couldn't load driver 'libhfi1verbs-rdmav34.so': libhfi1verbs-rdmav34.so: cannot open shared object file: No such file or directory
libibverbs: Warning: couldn't load driver 'libefa-rdmav34.so': libefa-rdmav34.so: cannot open shared object file: No such file or directory
libibverbs: Warning: couldn't load driver 'liberdma-rdmav34.so': liberdma-rdmav34.so: cannot open shared object file: No such file or directory
libibverbs: Warning: couldn't load driver 'libmlx4-rdmav34.so': libmlx4-rdmav34.so: cannot open shared object file: No such file or directory
libibverbs: Warning: couldn't load driver 'liberdma-rdmav34.so': liberdma-rdmav34.so: cannot open shared object file: No such file or directory
libibverbs: Warning: couldn't load driver 'libmana-rdmav34.so': libmana-rdmav34.so: cannot open shared object file: No such file or directory
libibverbs: Warning: couldn't load driver 'libirdma-rdmav34.so': libirdma-rdmav34.so: cannot open shared object file: No such file or directory
libibverbs: Warning: couldn't load driver 'libmana-rdmav34.so': libmana-rdmav34.so: cannot open shared object file: No such file or directory
libibverbs: Warning: couldn't load driver 'libocrdma-rdmav34.so': libocrdma-rdmav34.so: cannot open shared object file: No such file or directory
libibverbs: Warning: couldn't load driver 'libsiw-rdmav34.so': libsiw-rdmav34.so: cannot open shared object file: No such file or directory
libibverbs: Warning: couldn't load driver 'librxe-rdmav34.so': librxe-rdmav34.so: cannot open shared object file: No such file or directory
libibverbs: Warning: couldn't load driver 'libbnxt_re-rdmav34.so': libbnxt_re-rdmav34.so: cannot open shared object file: No such file or directory
libibverbs: Warning: couldn't load driver 'libhns-rdmav34.so': libhns-rdmav34.so: cannot open shared object file: No such file or directory
libibverbs: Warning: couldn't load driver 'libqedr-rdmav34.so': libqedr-rdmav34.so: cannot open shared object file: No such file or directory
libibverbs: Warning: couldn't load driver 'libhfi1verbs-rdmav34.so': libhfi1verbs-rdmav34.so: cannot open shared object file: No such file or directory
libibverbs: Warning: couldn't load driver 'libmlx4-rdmav34.so': libmlx4-rdmav34.so: cannot open shared object file: No such file or directory
libibverbs: Warning: couldn't load driver 'libirdma-rdmav34.so': libirdma-rdmav34.so: cannot open shared object file: No such file or directory
libibverbs: Warning: couldn't load driver 'libocrdma-rdmav34.so': libocrdma-rdmav34.so: cannot open shared object file: No such file or directory
libibverbs: Warning: couldn't load driver 'libvmw_pvrdma-rdmav34.so': libvmw_pvrdma-rdmav34.so: cannot open shared object file: No such file or directory
libibverbs: Warning: couldn't load driver 'libsiw-rdmav34.so': libsiw-rdmav34.so: cannot open shared object file: No such file or directory
libibverbs: Warning: couldn't load driver 'libipathverbs-rdmav34.so': libipathverbs-rdmav34.so: cannot open shared object file: No such file or directory
libibverbs: Warning: couldn't load driver 'librxe-rdmav34.so': librxe-rdmav34.so: cannot open shared object file: No such file or directory
libibverbs: Warning: couldn't load driver 'libcxgb4-rdmav34.so': libcxgb4-rdmav34.so: cannot open shared object file: No such file or directory
libibverbs: Warning: couldn't load driver 'libbnxt_re-rdmav34.so': libbnxt_re-rdmav34.so: cannot open shared object file: No such file or directory
libibverbs: Warning: couldn't load driver 'libmthca-rdmav34.so': libmthca-rdmav34.so: cannot open shared object file: No such file or directory
libibverbs: Warning: couldn't load driver 'libhns-rdmav34.so': libhns-rdmav34.so: cannot open shared object file: No such file or directory
libibverbs: Warning: couldn't load driver 'libqedr-rdmav34.so': libqedr-rdmav34.so: cannot open shared object file: No such file or directory
libibverbs: Warning: couldn't load driver 'libefa-rdmav34.so': libefa-rdmav34.so: cannot open shared object file: No such file or directory
libibverbs: Warning: couldn't load driver 'liberdma-rdmav34.so': liberdma-rdmav34.so: cannot open shared object file: No such file or directory
libibverbs: Warning: couldn't load driver 'libmana-rdmav34.so': libmana-rdmav34.so: cannot open shared object file: No such file or directory
libibverbs: Warning: couldn't load driver 'libvmw_pvrdma-rdmav34.so': libvmw_pvrdma-rdmav34.so: cannot open shared object file: No such file or directory
libibverbs: Warning: couldn't load driver 'libipathverbs-rdmav34.so': libipathverbs-rdmav34.so: cannot open shared object file: No such file or directory
libibverbs: Warning: couldn't load driver 'libcxgb4-rdmav34.so': libcxgb4-rdmav34.so: cannot open shared object file: No such file or directory
libibverbs: Warning: couldn't load driver 'libmthca-rdmav34.so': libmthca-rdmav34.so: cannot open shared object file: No such file or directory
libibverbs: Warning: couldn't load driver 'libefa-rdmav34.so': libefa-rdmav34.so: cannot open shared object file: No such file or directory
libibverbs: Warning: couldn't load driver 'liberdma-rdmav34.so': liberdma-rdmav34.so: cannot open shared object file: No such file or directory
libibverbs: Warning: couldn't load driver 'libhfi1verbs-rdmav34.so': libhfi1verbs-rdmav34.so: cannot open shared object file: No such file or directory
libibverbs: Warning: couldn't load driver 'libmana-rdmav34.so': libmana-rdmav34.so: cannot open shared object file: No such file or directory
libibverbs: Warning: couldn't load driver 'libmlx4-rdmav34.so': libmlx4-rdmav34.so: cannot open shared object file: No such file or directory
libibverbs: Warning: couldn't load driver 'libirdma-rdmav34.so': libirdma-rdmav34.so: cannot open shared object file: No such file or directory
libibverbs: Warning: couldn't load driver 'libocrdma-rdmav34.so': libocrdma-rdmav34.so: cannot open shared object file: No such file or directory
libibverbs: Warning: couldn't load driver 'libsiw-rdmav34.so': libsiw-rdmav34.so: cannot open shared object file: No such file or directory
libibverbs: Warning: couldn't load driver 'librxe-rdmav34.so': librxe-rdmav34.so: cannot open shared object file: No such file or directory
libibverbs: Warning: couldn't load driver 'libbnxt_re-rdmav34.so': libbnxt_re-rdmav34.so: cannot open shared object file: No such file or directory
libibverbs: Warning: couldn't load driver 'libhns-rdmav34.so': libhns-rdmav34.so: cannot open shared object file: No such file or directory
libibverbs: Warning: couldn't load driver 'libqedr-rdmav34.so': libqedr-rdmav34.so: cannot open shared object file: No such file or directory
libibverbs: Warning: couldn't load driver 'libhfi1verbs-rdmav34.so': libhfi1verbs-rdmav34.so: cannot open shared object file: No such file or directory
libibverbs: Warning: couldn't load driver 'libmlx4-rdmav34.so': libmlx4-rdmav34.so: cannot open shared object file: No such file or directory
libibverbs: Warning: couldn't load driver 'libvmw_pvrdma-rdmav34.so': libvmw_pvrdma-rdmav34.so: cannot open shared object file: No such file or directory
libibverbs: Warning: couldn't load driver 'libirdma-rdmav34.so': libirdma-rdmav34.so: cannot open shared object file: No such file or directory
libibverbs: Warning: couldn't load driver 'libipathverbs-rdmav34.so': libipathverbs-rdmav34.so: cannot open shared object file: No such file or directory
libibverbs: Warning: couldn't load driver 'libocrdma-rdmav34.so': libocrdma-rdmav34.so: cannot open shared object file: No such file or directory
libibverbs: Warning: couldn't load driver 'libcxgb4-rdmav34.so': libcxgb4-rdmav34.so: cannot open shared object file: No such file or directory
libibverbs: Warning: couldn't load driver 'libhfi1verbs-rdmav34.so': libhfi1verbs-rdmav34.so: cannot open shared object file: No such file or directory
libibverbs: Warning: couldn't load driver 'libsiw-rdmav34.so': libsiw-rdmav34.so: cannot open shared object file: No such file or directory
libibverbs: Warning: couldn't load driver 'libmthca-rdmav34.so': libmthca-rdmav34.so: cannot open shared object file: No such file or directory
libibverbs: Warning: couldn't load driver 'libmlx4-rdmav34.so': libmlx4-rdmav34.so: cannot open shared object file: No such file or directory
libibverbs: Warning: couldn't load driver 'librxe-rdmav34.so': librxe-rdmav34.so: cannot open shared object file: No such file or directory
libibverbs: Warning: couldn't load driver 'libhfi1verbs-rdmav34.so': libhfi1verbs-rdmav34.so: cannot open shared object file: No such file or directory
libibverbs: Warning: couldn't load driver 'libbnxt_re-rdmav34.so': libbnxt_re-rdmav34.so: cannot open shared object file: No such file or directory
libibverbs: Warning: couldn't load driver 'libefa-rdmav34.so': libefa-rdmav34.so: cannot open shared object file: No such file or directory
libibverbs: Warning: couldn't load driver 'libirdma-rdmav34.so': libirdma-rdmav34.so: cannot open shared object file: No such file or directory
libibverbs: Warning: couldn't load driver 'libocrdma-rdmav34.so': libocrdma-rdmav34.so: cannot open shared object file: No such file or directory
libibverbs: Warning: couldn't load driver 'liberdma-rdmav34.so': liberdma-rdmav34.so: cannot open shared object file: No such file or directory
libibverbs: Warning: couldn't load driver 'libhfi1verbs-rdmav34.so': libhfi1verbs-rdmav34.so: cannot open shared object file: No such file or directory
libibverbs: Warning: couldn't load driver 'libmlx4-rdmav34.so': libmlx4-rdmav34.so: cannot open shared object file: No such file or directory
libibverbs: Warning: couldn't load driver 'libirdma-rdmav34.so': libirdma-rdmav34.so: cannot open shared object file: No such file or directory
libibverbs: Warning: couldn't load driver 'libhns-rdmav34.so': libhns-rdmav34.so: cannot open shared object file: No such file or directory
libibverbs: Warning: couldn't load driver 'libsiw-rdmav34.so': libsiw-rdmav34.so: cannot open shared object file: No such file or directory
libibverbs: Warning: couldn't load driver 'libqedr-rdmav34.so': libqedr-rdmav34.so: cannot open shared object file: No such file or directory
libibverbs: Warning: couldn't load driver 'libmana-rdmav34.so': libmana-rdmav34.so: cannot open shared object file: No such file or directory
libibverbs: Warning: couldn't load driver 'libmlx4-rdmav34.so': libmlx4-rdmav34.so: cannot open shared object file: No such file or directory
libibverbs: Warning: couldn't load driver 'libirdma-rdmav34.so': libirdma-rdmav34.so: cannot open shared object file: No such file or directory
libibverbs: Warning: couldn't load driver 'libocrdma-rdmav34.so': libocrdma-rdmav34.so: cannot open shared object file: No such file or directory
libibverbs: Warning: couldn't load driver 'librxe-rdmav34.so': librxe-rdmav34.so: cannot open shared object file: No such file or directory
libibverbs: Warning: couldn't load driver 'libbnxt_re-rdmav34.so': libbnxt_re-rdmav34.so: cannot open shared object file: No such file or directory
libibverbs: Warning: couldn't load driver 'libsiw-rdmav34.so': libsiw-rdmav34.so: cannot open shared object file: No such file or directory
libibverbs: Warning: couldn't load driver 'libocrdma-rdmav34.so': libocrdma-rdmav34.so: cannot open shared object file: No such file or directory
libibverbs: Warning: couldn't load driver 'librxe-rdmav34.so': librxe-rdmav34.so: cannot open shared object file: No such file or directory
libibverbs: Warning: couldn't load driver 'libhns-rdmav34.so': libhns-rdmav34.so: cannot open shared object file: No such file or directory
libibverbs: Warning: couldn't load driver 'libsiw-rdmav34.so': libsiw-rdmav34.so: cannot open shared object file: No such file or directory
libibverbs: Warning: couldn't load driver 'libbnxt_re-rdmav34.so': libbnxt_re-rdmav34.so: cannot open shared object file: No such file or directory
libibverbs: Warning: couldn't load driver 'libqedr-rdmav34.so': libqedr-rdmav34.so: cannot open shared object file: No such file or directory
libibverbs: Warning: couldn't load driver 'librxe-rdmav34.so': librxe-rdmav34.so: cannot open shared object file: No such file or directory
libibverbs: Warning: couldn't load driver 'libhns-rdmav34.so': libhns-rdmav34.so: cannot open shared object file: No such file or directory
libibverbs: Warning: couldn't load driver 'libvmw_pvrdma-rdmav34.so': libvmw_pvrdma-rdmav34.so: cannot open shared object file: No such file or directory
libibverbs: Warning: couldn't load driver 'libbnxt_re-rdmav34.so': libbnxt_re-rdmav34.so: cannot open shared object file: No such file or directory
libibverbs: Warning: couldn't load driver 'libqedr-rdmav34.so': libqedr-rdmav34.so: cannot open shared object file: No such file or directory
libibverbs: Warning: couldn't load driver 'libipathverbs-rdmav34.so': libipathverbs-rdmav34.so: cannot open shared object file: No such file or directory
libibverbs: Warning: couldn't load driver 'libhns-rdmav34.so': libhns-rdmav34.so: cannot open shared object file: No such file or directory
libibverbs: Warning: couldn't load driver 'libcxgb4-rdmav34.so': libcxgb4-rdmav34.so: cannot open shared object file: No such file or directory
libibverbs: Warning: couldn't load driver 'libqedr-rdmav34.so': libqedr-rdmav34.so: cannot open shared object file: No such file or directory
libibverbs: Warning: couldn't load driver 'libvmw_pvrdma-rdmav34.so': libvmw_pvrdma-rdmav34.so: cannot open shared object file: No such file or directory
libibverbs: Warning: couldn't load driver 'libmthca-rdmav34.so': libmthca-rdmav34.so: cannot open shared object file: No such file or directory
libibverbs: Warning: couldn't load driver 'libipathverbs-rdmav34.so': libipathverbs-rdmav34.so: cannot open shared object file: No such file or directory
libibverbs: Warning: couldn't load driver 'libefa-rdmav34.so': libefa-rdmav34.so: cannot open shared object file: No such file or directory
libibverbs: Warning: couldn't load driver 'libcxgb4-rdmav34.so': libcxgb4-rdmav34.so: cannot open shared object file: No such file or directory
libibverbs: Warning: couldn't load driver 'liberdma-rdmav34.so': liberdma-rdmav34.so: cannot open shared object file: No such file or directory
libibverbs: Warning: couldn't load driver 'libvmw_pvrdma-rdmav34.so': libvmw_pvrdma-rdmav34.so: cannot open shared object file: No such file or directory
libibverbs: Warning: couldn't load driver 'libmthca-rdmav34.so': libmthca-rdmav34.so: cannot open shared object file: No such file or directory
libibverbs: Warning: couldn't load driver 'libmana-rdmav34.so': libmana-rdmav34.so: cannot open shared object file: No such file or directory
libibverbs: Warning: couldn't load driver 'libipathverbs-rdmav34.so': libipathverbs-rdmav34.so: cannot open shared object file: No such file or directory
libibverbs: Warning: couldn't load driver 'libvmw_pvrdma-rdmav34.so': libvmw_pvrdma-rdmav34.so: cannot open shared object file: No such file or directory
libibverbs: Warning: couldn't load driver 'libefa-rdmav34.so': libefa-rdmav34.so: cannot open shared object file: No such file or directory
libibverbs: Warning: couldn't load driver 'liberdma-rdmav34.so': liberdma-rdmav34.so: cannot open shared object file: No such file or directory
libibverbs: Warning: couldn't load driver 'libcxgb4-rdmav34.so': libcxgb4-rdmav34.so: cannot open shared object file: No such file or directory
libibverbs: Warning: couldn't load driver 'libipathverbs-rdmav34.so': libipathverbs-rdmav34.so: cannot open shared object file: No such file or directory
libibverbs: Warning: couldn't load driver 'libmthca-rdmav34.so': libmthca-rdmav34.so: cannot open shared object file: No such file or directory
libibverbs: Warning: couldn't load driver 'libhfi1verbs-rdmav34.so': libhfi1verbs-rdmav34.so: cannot open shared object file: No such file or directory
libibverbs: Warning: couldn't load driver 'libmana-rdmav34.so': libmana-rdmav34.so: cannot open shared object file: No such file or directory
libibverbs: Warning: couldn't load driver 'libcxgb4-rdmav34.so': libcxgb4-rdmav34.so: cannot open shared object file: No such file or directory
libibverbs: Warning: couldn't load driver 'libefa-rdmav34.so': libefa-rdmav34.so: cannot open shared object file: No such file or directory
libibverbs: Warning: couldn't load driver 'libmlx4-rdmav34.so': libmlx4-rdmav34.so: cannot open shared object file: No such file or directory
libibverbs: Warning: couldn't load driver 'libirdma-rdmav34.so': libirdma-rdmav34.so: cannot open shared object file: No such file or directory
libibverbs: Warning: couldn't load driver 'libmthca-rdmav34.so': libmthca-rdmav34.so: cannot open shared object file: No such file or directory
libibverbs: Warning: couldn't load driver 'liberdma-rdmav34.so': liberdma-rdmav34.so: cannot open shared object file: No such file or directory
libibverbs: Warning: couldn't load driver 'libefa-rdmav34.so': libefa-rdmav34.so: cannot open shared object file: No such file or directory
libibverbs: Warning: couldn't load driver 'libmana-rdmav34.so': libmana-rdmav34.so: cannot open shared object file: No such file or directory
libibverbs: Warning: couldn't load driver 'libocrdma-rdmav34.so': libocrdma-rdmav34.so: cannot open shared object file: No such file or directory
libibverbs: Warning: couldn't load driver 'liberdma-rdmav34.so': liberdma-rdmav34.so: cannot open shared object file: No such file or directory
libibverbs: Warning: couldn't load driver 'libsiw-rdmav34.so': libsiw-rdmav34.so: cannot open shared object file: No such file or directory
libibverbs: Warning: couldn't load driver 'librxe-rdmav34.so': librxe-rdmav34.so: cannot open shared object file: No such file or directory
libibverbs: Warning: couldn't load driver 'libmana-rdmav34.so': libmana-rdmav34.so: cannot open shared object file: No such file or directory
libibverbs: Warning: couldn't load driver 'libbnxt_re-rdmav34.so': libbnxt_re-rdmav34.so: cannot open shared object file: No such file or directory
libibverbs: Warning: couldn't load driver 'libhns-rdmav34.so': libhns-rdmav34.so: cannot open shared object file: No such file or directory
libibverbs: Warning: couldn't load driver 'libqedr-rdmav34.so': libqedr-rdmav34.so: cannot open shared object file: No such file or directory
libibverbs: Warning: couldn't load driver 'libhfi1verbs-rdmav34.so': libhfi1verbs-rdmav34.so: cannot open shared object file: No such file or directory
libibverbs: Warning: couldn't load driver 'libvmw_pvrdma-rdmav34.so': libvmw_pvrdma-rdmav34.so: cannot open shared object file: No such file or directory
libibverbs: Warning: couldn't load driver 'libipathverbs-rdmav34.so': libipathverbs-rdmav34.so: cannot open shared object file: No such file or directory
libibverbs: Warning: couldn't load driver 'libmlx4-rdmav34.so': libmlx4-rdmav34.so: cannot open shared object file: No such file or directory
libibverbs: Warning: couldn't load driver 'libirdma-rdmav34.so': libirdma-rdmav34.so: cannot open shared object file: No such file or directory
libibverbs: Warning: couldn't load driver 'libcxgb4-rdmav34.so': libcxgb4-rdmav34.so: cannot open shared object file: No such file or directory
libibverbs: Warning: couldn't load driver 'libmthca-rdmav34.so': libmthca-rdmav34.so: cannot open shared object file: No such file or directory
libibverbs: Warning: couldn't load driver 'libocrdma-rdmav34.so': libocrdma-rdmav34.so: cannot open shared object file: No such file or directory
libibverbs: Warning: couldn't load driver 'libefa-rdmav34.so': libefa-rdmav34.so: cannot open shared object file: No such file or directory
libibverbs: Warning: couldn't load driver 'libsiw-rdmav34.so': libsiw-rdmav34.so: cannot open shared object file: No such file or directory
libibverbs: Warning: couldn't load driver 'liberdma-rdmav34.so': liberdma-rdmav34.so: cannot open shared object file: No such file or directory
libibverbs: Warning: couldn't load driver 'librxe-rdmav34.so': librxe-rdmav34.so: cannot open shared object file: No such file or directory
libibverbs: Warning: couldn't load driver 'libmana-rdmav34.so': libmana-rdmav34.so: cannot open shared object file: No such file or directory
libibverbs: Warning: couldn't load driver 'libbnxt_re-rdmav34.so': libbnxt_re-rdmav34.so: cannot open shared object file: No such file or directory
libibverbs: Warning: couldn't load driver 'libhns-rdmav34.so': libhns-rdmav34.so: cannot open shared object file: No such file or directory
libibverbs: Warning: couldn't load driver 'libqedr-rdmav34.so': libqedr-rdmav34.so: cannot open shared object file: No such file or directory
libibverbs: Warning: couldn't load driver 'libvmw_pvrdma-rdmav34.so': libvmw_pvrdma-rdmav34.so: cannot open shared object file: No such file or directory
libibverbs: Warning: couldn't load driver 'libipathverbs-rdmav34.so': libipathverbs-rdmav34.so: cannot open shared object file: No such file or directory
libibverbs: Warning: couldn't load driver 'libcxgb4-rdmav34.so': libcxgb4-rdmav34.so: cannot open shared object file: No such file or directory
libibverbs: Warning: couldn't load driver 'libhfi1verbs-rdmav34.so': libhfi1verbs-rdmav34.so: cannot open shared object file: No such file or directory
libibverbs: Warning: couldn't load driver 'libmlx4-rdmav34.so': libmlx4-rdmav34.so: cannot open shared object file: No such file or directory
libibverbs: Warning: couldn't load driver 'libirdma-rdmav34.so': libirdma-rdmav34.so: cannot open shared object file: No such file or directory
libibverbs: Warning: couldn't load driver 'libmthca-rdmav34.so': libmthca-rdmav34.so: cannot open shared object file: No such file or directory
libibverbs: Warning: couldn't load driver 'libocrdma-rdmav34.so': libocrdma-rdmav34.so: cannot open shared object file: No such file or directory
libibverbs: Warning: couldn't load driver 'libefa-rdmav34.so': libefa-rdmav34.so: cannot open shared object file: No such file or directory
libibverbs: Warning: couldn't load driver 'libsiw-rdmav34.so': libsiw-rdmav34.so: cannot open shared object file: No such file or directory
libibverbs: Warning: couldn't load driver 'liberdma-rdmav34.so': liberdma-rdmav34.so: cannot open shared object file: No such file or directory
libibverbs: Warning: couldn't load driver 'librxe-rdmav34.so': librxe-rdmav34.so: cannot open shared object file: No such file or directory
libibverbs: Warning: couldn't load driver 'libmana-rdmav34.so': libmana-rdmav34.so: cannot open shared object file: No such file or directory
libibverbs: Warning: couldn't load driver 'libbnxt_re-rdmav34.so': libbnxt_re-rdmav34.so: cannot open shared object file: No such file or directory
libibverbs: Warning: couldn't load driver 'libhns-rdmav34.so': libhns-rdmav34.so: cannot open shared object file: No such file or directory
libibverbs: Warning: couldn't load driver 'libqedr-rdmav34.so': libqedr-rdmav34.so: cannot open shared object file: No such file or directory
libibverbs: Warning: couldn't load driver 'libhfi1verbs-rdmav34.so': libhfi1verbs-rdmav34.so: cannot open shared object file: No such file or directory
libibverbs: Warning: couldn't load driver 'libvmw_pvrdma-rdmav34.so': libvmw_pvrdma-rdmav34.so: cannot open shared object file: No such file or directory
libibverbs: Warning: couldn't load driver 'libmlx4-rdmav34.so': libmlx4-rdmav34.so: cannot open shared object file: No such file or directory
libibverbs: Warning: couldn't load driver 'libipathverbs-rdmav34.so': libipathverbs-rdmav34.so: cannot open shared object file: No such file or directory
libibverbs: Warning: couldn't load driver 'libirdma-rdmav34.so': libirdma-rdmav34.so: cannot open shared object file: No such file or directory
libibverbs: Warning: couldn't load driver 'libcxgb4-rdmav34.so': libcxgb4-rdmav34.so: cannot open shared object file: No such file or directory
libibverbs: Warning: couldn't load driver 'libocrdma-rdmav34.so': libocrdma-rdmav34.so: cannot open shared object file: No such file or directory
libibverbs: Warning: couldn't load driver 'libmthca-rdmav34.so': libmthca-rdmav34.so: cannot open shared object file: No such file or directory
libibverbs: Warning: couldn't load driver 'libsiw-rdmav34.so': libsiw-rdmav34.so: cannot open shared object file: No such file or directory
libibverbs: Warning: couldn't load driver 'libefa-rdmav34.so': libefa-rdmav34.so: cannot open shared object file: No such file or directory
libibverbs: Warning: couldn't load driver 'liberdma-rdmav34.so': liberdma-rdmav34.so: cannot open shared object file: No such file or directory
libibverbs: Warning: couldn't load driver 'librxe-rdmav34.so': librxe-rdmav34.so: cannot open shared object file: No such file or directory
libibverbs: Warning: couldn't load driver 'libmana-rdmav34.so': libmana-rdmav34.so: cannot open shared object file: No such file or directory
libibverbs: Warning: couldn't load driver 'libbnxt_re-rdmav34.so': libbnxt_re-rdmav34.so: cannot open shared object file: No such file or directory
libibverbs: Warning: couldn't load driver 'libhns-rdmav34.so': libhns-rdmav34.so: cannot open shared object file: No such file or directory
libibverbs: Warning: couldn't load driver 'libqedr-rdmav34.so': libqedr-rdmav34.so: cannot open shared object file: No such file or directory
libibverbs: Warning: couldn't load driver 'libvmw_pvrdma-rdmav34.so': libvmw_pvrdma-rdmav34.so: cannot open shared object file: No such file or directory
libibverbs: Warning: couldn't load driver 'libipathverbs-rdmav34.so': libipathverbs-rdmav34.so: cannot open shared object file: No such file or directory
libibverbs: Warning: couldn't load driver 'libcxgb4-rdmav34.so': libcxgb4-rdmav34.so: cannot open shared object file: No such file or directory
libibverbs: Warning: couldn't load driver 'libmthca-rdmav34.so': libmthca-rdmav34.so: cannot open shared object file: No such file or directory
libibverbs: Warning: couldn't load driver 'libefa-rdmav34.so': libefa-rdmav34.so: cannot open shared object file: No such file or directory
libibverbs: Warning: couldn't load driver 'liberdma-rdmav34.so': liberdma-rdmav34.so: cannot open shared object file: No such file or directory
libibverbs: Warning: couldn't load driver 'libmana-rdmav34.so': libmana-rdmav34.so: cannot open shared object file: No such file or directory
libibverbs: Warning: couldn't load driver 'libhfi1verbs-rdmav34.so': libhfi1verbs-rdmav34.so: cannot open shared object file: No such file or directory
libibverbs: Warning: couldn't load driver 'libmlx4-rdmav34.so': libmlx4-rdmav34.so: cannot open shared object file: No such file or directory
libibverbs: Warning: couldn't load driver 'libirdma-rdmav34.so': libirdma-rdmav34.so: cannot open shared object file: No such file or directory
libibverbs: Warning: couldn't load driver 'libocrdma-rdmav34.so': libocrdma-rdmav34.so: cannot open shared object file: No such file or directory
libibverbs: Warning: couldn't load driver 'libsiw-rdmav34.so': libsiw-rdmav34.so: cannot open shared object file: No such file or directory
libibverbs: Warning: couldn't load driver 'librxe-rdmav34.so': librxe-rdmav34.so: cannot open shared object file: No such file or directory
libibverbs: Warning: couldn't load driver 'libbnxt_re-rdmav34.so': libbnxt_re-rdmav34.so: cannot open shared object file: No such file or directory
libibverbs: Warning: couldn't load driver 'libhfi1verbs-rdmav34.so': libhfi1verbs-rdmav34.so: cannot open shared object file: No such file or directory
libibverbs: Warning: couldn't load driver 'libhns-rdmav34.so': libhns-rdmav34.so: cannot open shared object file: No such file or directory
libibverbs: Warning: couldn't load driver 'libmlx4-rdmav34.so': libmlx4-rdmav34.so: cannot open shared object file: No such file or directory
libibverbs: Warning: couldn't load driver 'libqedr-rdmav34.so': libqedr-rdmav34.so: cannot open shared object file: No such file or directory
libibverbs: Warning: couldn't load driver 'libirdma-rdmav34.so': libirdma-rdmav34.so: cannot open shared object file: No such file or directory
libibverbs: Warning: couldn't load driver 'libocrdma-rdmav34.so': libocrdma-rdmav34.so: cannot open shared object file: No such file or directory
libibverbs: Warning: couldn't load driver 'libsiw-rdmav34.so': libsiw-rdmav34.so: cannot open shared object file: No such file or directory
libibverbs: Warning: couldn't load driver 'librxe-rdmav34.so': librxe-rdmav34.so: cannot open shared object file: No such file or directory
libibverbs: Warning: couldn't load driver 'libbnxt_re-rdmav34.so': libbnxt_re-rdmav34.so: cannot open shared object file: No such file or directory
libibverbs: Warning: couldn't load driver 'libvmw_pvrdma-rdmav34.so': libvmw_pvrdma-rdmav34.so: cannot open shared object file: No such file or directory
libibverbs: Warning: couldn't load driver 'libhns-rdmav34.so': libhns-rdmav34.so: cannot open shared object file: No such file or directory
libibverbs: Warning: couldn't load driver 'libipathverbs-rdmav34.so': libipathverbs-rdmav34.so: cannot open shared object file: No such file or directory
libibverbs: Warning: couldn't load driver 'libqedr-rdmav34.so': libqedr-rdmav34.so: cannot open shared object file: No such file or directory
libibverbs: Warning: couldn't load driver 'libcxgb4-rdmav34.so': libcxgb4-rdmav34.so: cannot open shared object file: No such file or directory
libibverbs: Warning: couldn't load driver 'libmthca-rdmav34.so': libmthca-rdmav34.so: cannot open shared object file: No such file or directory
libibverbs: Warning: couldn't load driver 'libefa-rdmav34.so': libefa-rdmav34.so: cannot open shared object file: No such file or directory
libibverbs: Warning: couldn't load driver 'liberdma-rdmav34.so': liberdma-rdmav34.so: cannot open shared object file: No such file or directory
libibverbs: Warning: couldn't load driver 'libmana-rdmav34.so': libmana-rdmav34.so: cannot open shared object file: No such file or directory
libibverbs: Warning: couldn't load driver 'libvmw_pvrdma-rdmav34.so': libvmw_pvrdma-rdmav34.so: cannot open shared object file: No such file or directory
libibverbs: Warning: couldn't load driver 'libipathverbs-rdmav34.so': libipathverbs-rdmav34.so: cannot open shared object file: No such file or directory
libibverbs: Warning: couldn't load driver 'libcxgb4-rdmav34.so': libcxgb4-rdmav34.so: cannot open shared object file: No such file or directory
libibverbs: Warning: couldn't load driver 'libmthca-rdmav34.so': libmthca-rdmav34.so: cannot open shared object file: No such file or directory
libibverbs: Warning: couldn't load driver 'libefa-rdmav34.so': libefa-rdmav34.so: cannot open shared object file: No such file or directory
libibverbs: Warning: couldn't load driver 'liberdma-rdmav34.so': liberdma-rdmav34.so: cannot open shared object file: No such file or directory
libibverbs: Warning: couldn't load driver 'libmana-rdmav34.so': libmana-rdmav34.so: cannot open shared object file: No such file or directory
libibverbs: Warning: couldn't load driver 'libhfi1verbs-rdmav34.so': libhfi1verbs-rdmav34.so: cannot open shared object file: No such file or directory
libibverbs: Warning: couldn't load driver 'libmlx4-rdmav34.so': libmlx4-rdmav34.so: cannot open shared object file: No such file or directory
libibverbs: Warning: couldn't load driver 'libirdma-rdmav34.so': libirdma-rdmav34.so: cannot open shared object file: No such file or directory
libibverbs: Warning: couldn't load driver 'libocrdma-rdmav34.so': libocrdma-rdmav34.so: cannot open shared object file: No such file or directory
libibverbs: Warning: couldn't load driver 'libsiw-rdmav34.so': libsiw-rdmav34.so: cannot open shared object file: No such file or directory
libibverbs: Warning: couldn't load driver 'librxe-rdmav34.so': librxe-rdmav34.so: cannot open shared object file: No such file or directory
libibverbs: Warning: couldn't load driver 'libbnxt_re-rdmav34.so': libbnxt_re-rdmav34.so: cannot open shared object file: No such file or directory
libibverbs: Warning: couldn't load driver 'libhns-rdmav34.so': libhns-rdmav34.so: cannot open shared object file: No such file or directory
libibverbs: Warning: couldn't load driver 'libqedr-rdmav34.so': libqedr-rdmav34.so: cannot open shared object file: No such file or directory
libibverbs: Warning: couldn't load driver 'libvmw_pvrdma-rdmav34.so': libvmw_pvrdma-rdmav34.so: cannot open shared object file: No such file or directory
libibverbs: Warning: couldn't load driver 'libipathverbs-rdmav34.so': libipathverbs-rdmav34.so: cannot open shared object file: No such file or directory
libibverbs: Warning: couldn't load driver 'libcxgb4-rdmav34.so': libcxgb4-rdmav34.so: cannot open shared object file: No such file or directory
libibverbs: Warning: couldn't load driver 'libmthca-rdmav34.so': libmthca-rdmav34.so: cannot open shared object file: No such file or directory
libibverbs: Warning: couldn't load driver 'libefa-rdmav34.so': libefa-rdmav34.so: cannot open shared object file: No such file or directory
libibverbs: Warning: couldn't load driver 'liberdma-rdmav34.so': liberdma-rdmav34.so: cannot open shared object file: No such file or directory
libibverbs: Warning: couldn't load driver 'libmana-rdmav34.so': libmana-rdmav34.so: cannot open shared object file: No such file or directory
libibverbs: Warning: couldn't load driver 'libhfi1verbs-rdmav34.so': libhfi1verbs-rdmav34.so: cannot open shared object file: No such file or directory
libibverbs: Warning: couldn't load driver 'libmlx4-rdmav34.so': libmlx4-rdmav34.so: cannot open shared object file: No such file or directory
libibverbs: Warning: couldn't load driver 'libirdma-rdmav34.so': libirdma-rdmav34.so: cannot open shared object file: No such file or directory
libibverbs: Warning: couldn't load driver 'libocrdma-rdmav34.so': libocrdma-rdmav34.so: cannot open shared object file: No such file or directory
libibverbs: Warning: couldn't load driver 'libsiw-rdmav34.so': libsiw-rdmav34.so: cannot open shared object file: No such file or directory
libibverbs: Warning: couldn't load driver 'librxe-rdmav34.so': librxe-rdmav34.so: cannot open shared object file: No such file or directory
libibverbs: Warning: couldn't load driver 'libbnxt_re-rdmav34.so': libbnxt_re-rdmav34.so: cannot open shared object file: No such file or directory
libibverbs: Warning: couldn't load driver 'libhns-rdmav34.so': libhns-rdmav34.so: cannot open shared object file: No such file or directory
libibverbs: Warning: couldn't load driver 'libqedr-rdmav34.so': libqedr-rdmav34.so: cannot open shared object file: No such file or directory
libibverbs: Warning: couldn't load driver 'libhfi1verbs-rdmav34.so': libhfi1verbs-rdmav34.so: cannot open shared object file: No such file or directory
libibverbs: Warning: couldn't load driver 'libmlx4-rdmav34.so': libmlx4-rdmav34.so: cannot open shared object file: No such file or directory
libibverbs: Warning: couldn't load driver 'libirdma-rdmav34.so': libirdma-rdmav34.so: cannot open shared object file: No such file or directory
libibverbs: Warning: couldn't load driver 'libvmw_pvrdma-rdmav34.so': libvmw_pvrdma-rdmav34.so: cannot open shared object file: No such file or directory
libibverbs: Warning: couldn't load driver 'libocrdma-rdmav34.so': libocrdma-rdmav34.so: cannot open shared object file: No such file or directory
libibverbs: Warning: couldn't load driver 'libipathverbs-rdmav34.so': libipathverbs-rdmav34.so: cannot open shared object file: No such file or directory
libibverbs: Warning: couldn't load driver 'libsiw-rdmav34.so': libsiw-rdmav34.so: cannot open shared object file: No such file or directory
libibverbs: Warning: couldn't load driver 'libcxgb4-rdmav34.so': libcxgb4-rdmav34.so: cannot open shared object file: No such file or directory
libibverbs: Warning: couldn't load driver 'libmthca-rdmav34.so': libmthca-rdmav34.so: cannot open shared object file: No such file or directory
libibverbs: Warning: couldn't load driver 'librxe-rdmav34.so': librxe-rdmav34.so: cannot open shared object file: No such file or directory
libibverbs: Warning: couldn't load driver 'libefa-rdmav34.so': libefa-rdmav34.so: cannot open shared object file: No such file or directory
libibverbs: Warning: couldn't load driver 'libbnxt_re-rdmav34.so': libbnxt_re-rdmav34.so: cannot open shared object file: No such file or directory
libibverbs: Warning: couldn't load driver 'liberdma-rdmav34.so': liberdma-rdmav34.so: cannot open shared object file: No such file or directory
libibverbs: Warning: couldn't load driver 'libhns-rdmav34.so': libhns-rdmav34.so: cannot open shared object file: No such file or directory
libibverbs: Warning: couldn't load driver 'libmana-rdmav34.so': libmana-rdmav34.so: cannot open shared object file: No such file or directory
libibverbs: Warning: couldn't load driver 'libqedr-rdmav34.so': libqedr-rdmav34.so: cannot open shared object file: No such file or directory
libibverbs: Warning: couldn't load driver 'libvmw_pvrdma-rdmav34.so': libvmw_pvrdma-rdmav34.so: cannot open shared object file: No such file or directory
libibverbs: Warning: couldn't load driver 'libipathverbs-rdmav34.so': libipathverbs-rdmav34.so: cannot open shared object file: No such file or directory
libibverbs: Warning: couldn't load driver 'libcxgb4-rdmav34.so': libcxgb4-rdmav34.so: cannot open shared object file: No such file or directory
libibverbs: Warning: couldn't load driver 'libmthca-rdmav34.so': libmthca-rdmav34.so: cannot open shared object file: No such file or directory
libibverbs: Warning: couldn't load driver 'libefa-rdmav34.so': libefa-rdmav34.so: cannot open shared object file: No such file or directory
libibverbs: Warning: couldn't load driver 'liberdma-rdmav34.so': liberdma-rdmav34.so: cannot open shared object file: No such file or directory
libibverbs: Warning: couldn't load driver 'libmana-rdmav34.so': libmana-rdmav34.so: cannot open shared object file: No such file or directory
libibverbs: Warning: couldn't load driver 'libhfi1verbs-rdmav34.so': libhfi1verbs-rdmav34.so: cannot open shared object file: No such file or directory
libibverbs: Warning: couldn't load driver 'libhfi1verbs-rdmav34.so': libhfi1verbs-rdmav34.so: cannot open shared object file: No such file or directory
libibverbs: Warning: couldn't load driver 'libmlx4-rdmav34.so': libmlx4-rdmav34.so: cannot open shared object file: No such file or directory
libibverbs: Warning: couldn't load driver 'libmlx4-rdmav34.so': libmlx4-rdmav34.so: cannot open shared object file: No such file or directory
libibverbs: Warning: couldn't load driver 'libirdma-rdmav34.so': libirdma-rdmav34.so: cannot open shared object file: No such file or directory
libibverbs: Warning: couldn't load driver 'libirdma-rdmav34.so': libirdma-rdmav34.so: cannot open shared object file: No such file or directory
libibverbs: Warning: couldn't load driver 'libocrdma-rdmav34.so': libocrdma-rdmav34.so: cannot open shared object file: No such file or directory
libibverbs: Warning: couldn't load driver 'libocrdma-rdmav34.so': libocrdma-rdmav34.so: cannot open shared object file: No such file or directory
libibverbs: Warning: couldn't load driver 'libsiw-rdmav34.so': libsiw-rdmav34.so: cannot open shared object file: No such file or directory
libibverbs: Warning: couldn't load driver 'libsiw-rdmav34.so': libsiw-rdmav34.so: cannot open shared object file: No such file or directory
libibverbs: Warning: couldn't load driver 'librxe-rdmav34.so': librxe-rdmav34.so: cannot open shared object file: No such file or directory
libibverbs: Warning: couldn't load driver 'librxe-rdmav34.so': librxe-rdmav34.so: cannot open shared object file: No such file or directory
libibverbs: Warning: couldn't load driver 'libbnxt_re-rdmav34.so': libbnxt_re-rdmav34.so: cannot open shared object file: No such file or directory
libibverbs: Warning: couldn't load driver 'libhfi1verbs-rdmav34.so': libhfi1verbs-rdmav34.so: cannot open shared object file: No such file or directory
libibverbs: Warning: couldn't load driver 'libbnxt_re-rdmav34.so': libbnxt_re-rdmav34.so: cannot open shared object file: No such file or directory
libibverbs: Warning: couldn't load driver 'libhns-rdmav34.so': libhns-rdmav34.so: cannot open shared object file: No such file or directory
libibverbs: Warning: couldn't load driver 'libmlx4-rdmav34.so': libmlx4-rdmav34.so: cannot open shared object file: No such file or directory
libibverbs: Warning: couldn't load driver 'libhns-rdmav34.so': libhns-rdmav34.so: cannot open shared object file: No such file or directory
libibverbs: Warning: couldn't load driver 'libqedr-rdmav34.so': libqedr-rdmav34.so: cannot open shared object file: No such file or directory
libibverbs: Warning: couldn't load driver 'libqedr-rdmav34.so': libqedr-rdmav34.so: cannot open shared object file: No such file or directory
libibverbs: Warning: couldn't load driver 'libirdma-rdmav34.so': libirdma-rdmav34.so: cannot open shared object file: No such file or directory
libibverbs: Warning: couldn't load driver 'libocrdma-rdmav34.so': libocrdma-rdmav34.so: cannot open shared object file: No such file or directory
libibverbs: Warning: couldn't load driver 'libsiw-rdmav34.so': libsiw-rdmav34.so: cannot open shared object file: No such file or directory
libibverbs: Warning: couldn't load driver 'libhfi1verbs-rdmav34.so': libhfi1verbs-rdmav34.so: cannot open shared object file: No such file or directory
libibverbs: Warning: couldn't load driver 'librxe-rdmav34.so': librxe-rdmav34.so: cannot open shared object file: No such file or directory
libibverbs: Warning: couldn't load driver 'libmlx4-rdmav34.so': libmlx4-rdmav34.so: cannot open shared object file: No such file or directory
libibverbs: Warning: couldn't load driver 'libvmw_pvrdma-rdmav34.so': libvmw_pvrdma-rdmav34.so: cannot open shared object file: No such file or directory
libibverbs: Warning: couldn't load driver 'libvmw_pvrdma-rdmav34.so': libvmw_pvrdma-rdmav34.so: cannot open shared object file: No such file or directory
libibverbs: Warning: couldn't load driver 'libirdma-rdmav34.so': libirdma-rdmav34.so: cannot open shared object file: No such file or directory
libibverbs: Warning: couldn't load driver 'libipathverbs-rdmav34.so': libipathverbs-rdmav34.so: cannot open shared object file: No such file or directory
libibverbs: Warning: couldn't load driver 'libbnxt_re-rdmav34.so': libbnxt_re-rdmav34.so: cannot open shared object file: No such file or directory
libibverbs: Warning: couldn't load driver 'libipathverbs-rdmav34.so': libipathverbs-rdmav34.so: cannot open shared object file: No such file or directory
libibverbs: Warning: couldn't load driver 'libocrdma-rdmav34.so': libocrdma-rdmav34.so: cannot open shared object file: No such file or directory
libibverbs: Warning: couldn't load driver 'libcxgb4-rdmav34.so': libcxgb4-rdmav34.so: cannot open shared object file: No such file or directory
libibverbs: Warning: couldn't load driver 'libhns-rdmav34.so': libhns-rdmav34.so: cannot open shared object file: No such file or directory
libibverbs: Warning: couldn't load driver 'libcxgb4-rdmav34.so': libcxgb4-rdmav34.so: cannot open shared object file: No such file or directory
libibverbs: Warning: couldn't load driver 'libsiw-rdmav34.so': libsiw-rdmav34.so: cannot open shared object file: No such file or directory
libibverbs: Warning: couldn't load driver 'libmthca-rdmav34.so': libmthca-rdmav34.so: cannot open shared object file: No such file or directory
libibverbs: Warning: couldn't load driver 'libefa-rdmav34.so': libefa-rdmav34.so: cannot open shared object file: No such file or directory
libibverbs: Warning: couldn't load driver 'libqedr-rdmav34.so': libqedr-rdmav34.so: cannot open shared object file: No such file or directory
libibverbs: Warning: couldn't load driver 'libmthca-rdmav34.so': libmthca-rdmav34.so: cannot open shared object file: No such file or directory
libibverbs: Warning: couldn't load driver 'librxe-rdmav34.so': librxe-rdmav34.so: cannot open shared object file: No such file or directory
libibverbs: Warning: couldn't load driver 'libefa-rdmav34.so': libefa-rdmav34.so: cannot open shared object file: No such file or directory
libibverbs: Warning: couldn't load driver 'libbnxt_re-rdmav34.so': libbnxt_re-rdmav34.so: cannot open shared object file: No such file or directory
libibverbs: Warning: couldn't load driver 'liberdma-rdmav34.so': liberdma-rdmav34.so: cannot open shared object file: No such file or directory
libibverbs: Warning: couldn't load driver 'libmana-rdmav34.so': libmana-rdmav34.so: cannot open shared object file: No such file or directory
libibverbs: Warning: couldn't load driver 'liberdma-rdmav34.so': liberdma-rdmav34.so: cannot open shared object file: No such file or directory
libibverbs: Warning: couldn't load driver 'libhns-rdmav34.so': libhns-rdmav34.so: cannot open shared object file: No such file or directory
libibverbs: Warning: couldn't load driver 'libmana-rdmav34.so': libmana-rdmav34.so: cannot open shared object file: No such file or directory
libibverbs: Warning: couldn't load driver 'libqedr-rdmav34.so': libqedr-rdmav34.so: cannot open shared object file: No such file or directory
libibverbs: Warning: couldn't load driver 'libvmw_pvrdma-rdmav34.so': libvmw_pvrdma-rdmav34.so: cannot open shared object file: No such file or directory
libibverbs: Warning: couldn't load driver 'libipathverbs-rdmav34.so': libipathverbs-rdmav34.so: cannot open shared object file: No such file or directory
libibverbs: Warning: couldn't load driver 'libcxgb4-rdmav34.so': libcxgb4-rdmav34.so: cannot open shared object file: No such file or directory
libibverbs: Warning: couldn't load driver 'libvmw_pvrdma-rdmav34.so': libvmw_pvrdma-rdmav34.so: cannot open shared object file: No such file or directory
libibverbs: Warning: couldn't load driver 'libmthca-rdmav34.so': libmthca-rdmav34.so: cannot open shared object file: No such file or directory
libibverbs: Warning: couldn't load driver 'libipathverbs-rdmav34.so': libipathverbs-rdmav34.so: cannot open shared object file: No such file or directory
libibverbs: Warning: couldn't load driver 'libefa-rdmav34.so': libefa-rdmav34.so: cannot open shared object file: No such file or directory
libibverbs: Warning: couldn't load driver 'libcxgb4-rdmav34.so': libcxgb4-rdmav34.so: cannot open shared object file: No such file or directory
libibverbs: Warning: couldn't load driver 'libmthca-rdmav34.so': libmthca-rdmav34.so: cannot open shared object file: No such file or directory
libibverbs: Warning: couldn't load driver 'liberdma-rdmav34.so': liberdma-rdmav34.so: cannot open shared object file: No such file or directory
libibverbs: Warning: couldn't load driver 'libefa-rdmav34.so': libefa-rdmav34.so: cannot open shared object file: No such file or directory
libibverbs: Warning: couldn't load driver 'libmana-rdmav34.so': libmana-rdmav34.so: cannot open shared object file: No such file or directory
libibverbs: Warning: couldn't load driver 'liberdma-rdmav34.so': liberdma-rdmav34.so: cannot open shared object file: No such file or directory
libibverbs: Warning: couldn't load driver 'libmana-rdmav34.so': libmana-rdmav34.so: cannot open shared object file: No such file or directory
libibverbs: Warning: couldn't load driver 'libhfi1verbs-rdmav34.so': libhfi1verbs-rdmav34.so: cannot open shared object file: No such file or directory
libibverbs: Warning: couldn't load driver 'libmlx4-rdmav34.so': libmlx4-rdmav34.so: cannot open shared object file: No such file or directory
libibverbs: Warning: couldn't load driver 'libirdma-rdmav34.so': libirdma-rdmav34.so: cannot open shared object file: No such file or directory
libibverbs: Warning: couldn't load driver 'libocrdma-rdmav34.so': libocrdma-rdmav34.so: cannot open shared object file: No such file or directory
libibverbs: Warning: couldn't load driver 'libsiw-rdmav34.so': libsiw-rdmav34.so: cannot open shared object file: No such file or directory
libibverbs: Warning: couldn't load driver 'librxe-rdmav34.so': librxe-rdmav34.so: cannot open shared object file: No such file or directory
libibverbs: Warning: couldn't load driver 'libbnxt_re-rdmav34.so': libbnxt_re-rdmav34.so: cannot open shared object file: No such file or directory
libibverbs: Warning: couldn't load driver 'libhns-rdmav34.so': libhns-rdmav34.so: cannot open shared object file: No such file or directory
libibverbs: Warning: couldn't load driver 'libqedr-rdmav34.so': libqedr-rdmav34.so: cannot open shared object file: No such file or directory
libibverbs: Warning: couldn't load driver 'libvmw_pvrdma-rdmav34.so': libvmw_pvrdma-rdmav34.so: cannot open shared object file: No such file or directory
libibverbs: Warning: couldn't load driver 'libipathverbs-rdmav34.so': libipathverbs-rdmav34.so: cannot open shared object file: No such file or directory
libibverbs: Warning: couldn't load driver 'libcxgb4-rdmav34.so': libcxgb4-rdmav34.so: cannot open shared object file: No such file or directory
libibverbs: Warning: couldn't load driver 'libmthca-rdmav34.so': libmthca-rdmav34.so: cannot open shared object file: No such file or directory
libibverbs: Warning: couldn't load driver 'libefa-rdmav34.so': libefa-rdmav34.so: cannot open shared object file: No such file or directory
libibverbs: Warning: couldn't load driver 'liberdma-rdmav34.so': liberdma-rdmav34.so: cannot open shared object file: No such file or directory
libibverbs: Warning: couldn't load driver 'libmana-rdmav34.so': libmana-rdmav34.so: cannot open shared object file: No such file or directory
libibverbs: Warning: couldn't load driver 'libhfi1verbs-rdmav34.so': libhfi1verbs-rdmav34.so: cannot open shared object file: No such file or directory
libibverbs: Warning: couldn't load driver 'libmlx4-rdmav34.so': libmlx4-rdmav34.so: cannot open shared object file: No such file or directory
libibverbs: Warning: couldn't load driver 'libirdma-rdmav34.so': libirdma-rdmav34.so: cannot open shared object file: No such file or directory
libibverbs: Warning: couldn't load driver 'libocrdma-rdmav34.so': libocrdma-rdmav34.so: cannot open shared object file: No such file or directory
libibverbs: Warning: couldn't load driver 'libsiw-rdmav34.so': libsiw-rdmav34.so: cannot open shared object file: No such file or directory
libibverbs: Warning: couldn't load driver 'librxe-rdmav34.so': librxe-rdmav34.so: cannot open shared object file: No such file or directory
libibverbs: Warning: couldn't load driver 'libhfi1verbs-rdmav34.so': libhfi1verbs-rdmav34.so: cannot open shared object file: No such file or directory
libibverbs: Warning: couldn't load driver 'libbnxt_re-rdmav34.so': libbnxt_re-rdmav34.so: cannot open shared object file: No such file or directory
libibverbs: Warning: couldn't load driver 'libmlx4-rdmav34.so': libmlx4-rdmav34.so: cannot open shared object file: No such file or directory
libibverbs: Warning: couldn't load driver 'libhns-rdmav34.so': libhns-rdmav34.so: cannot open shared object file: No such file or directory
libibverbs: Warning: couldn't load driver 'libirdma-rdmav34.so': libirdma-rdmav34.so: cannot open shared object file: No such file or directory
libibverbs: Warning: couldn't load driver 'libhfi1verbs-rdmav34.so': libhfi1verbs-rdmav34.so: cannot open shared object file: No such file or directory
libibverbs: Warning: couldn't load driver 'libqedr-rdmav34.so': libqedr-rdmav34.so: cannot open shared object file: No such file or directory
libibverbs: Warning: couldn't load driver 'libocrdma-rdmav34.so': libocrdma-rdmav34.so: cannot open shared object file: No such file or directory
libibverbs: Warning: couldn't load driver 'libmlx4-rdmav34.so': libmlx4-rdmav34.so: cannot open shared object file: No such file or directory
libibverbs: Warning: couldn't load driver 'libsiw-rdmav34.so': libsiw-rdmav34.so: cannot open shared object file: No such file or directory
libibverbs: Warning: couldn't load driver 'libirdma-rdmav34.so': libirdma-rdmav34.so: cannot open shared object file: No such file or directory
libibverbs: Warning: couldn't load driver 'librxe-rdmav34.so': librxe-rdmav34.so: cannot open shared object file: No such file or directory
libibverbs: Warning: couldn't load driver 'libocrdma-rdmav34.so': libocrdma-rdmav34.so: cannot open shared object file: No such file or directory
libibverbs: Warning: couldn't load driver 'libbnxt_re-rdmav34.so': libbnxt_re-rdmav34.so: cannot open shared object file: No such file or directory
libibverbs: Warning: couldn't load driver 'libsiw-rdmav34.so': libsiw-rdmav34.so: cannot open shared object file: No such file or directory
libibverbs: Warning: couldn't load driver 'libhns-rdmav34.so': libhns-rdmav34.so: cannot open shared object file: No such file or directory
libibverbs: Warning: couldn't load driver 'libvmw_pvrdma-rdmav34.so': libvmw_pvrdma-rdmav34.so: cannot open shared object file: No such file or directory
libibverbs: Warning: couldn't load driver 'libqedr-rdmav34.so': libqedr-rdmav34.so: cannot open shared object file: No such file or directory
libibverbs: Warning: couldn't load driver 'librxe-rdmav34.so': librxe-rdmav34.so: cannot open shared object file: No such file or directory
libibverbs: Warning: couldn't load driver 'libipathverbs-rdmav34.so': libipathverbs-rdmav34.so: cannot open shared object file: No such file or directory
libibverbs: Warning: couldn't load driver 'libbnxt_re-rdmav34.so': libbnxt_re-rdmav34.so: cannot open shared object file: No such file or directory
libibverbs: Warning: couldn't load driver 'libcxgb4-rdmav34.so': libcxgb4-rdmav34.so: cannot open shared object file: No such file or directory
libibverbs: Warning: couldn't load driver 'libmthca-rdmav34.so': libmthca-rdmav34.so: cannot open shared object file: No such file or directory
libibverbs: Warning: couldn't load driver 'libhns-rdmav34.so': libhns-rdmav34.so: cannot open shared object file: No such file or directory
libibverbs: Warning: couldn't load driver 'libefa-rdmav34.so': libefa-rdmav34.so: cannot open shared object file: No such file or directory
libibverbs: Warning: couldn't load driver 'libqedr-rdmav34.so': libqedr-rdmav34.so: cannot open shared object file: No such file or directory
libibverbs: Warning: couldn't load driver 'liberdma-rdmav34.so': liberdma-rdmav34.so: cannot open shared object file: No such file or directory
libibverbs: Warning: couldn't load driver 'libvmw_pvrdma-rdmav34.so': libvmw_pvrdma-rdmav34.so: cannot open shared object file: No such file or directory
libibverbs: Warning: couldn't load driver 'libmana-rdmav34.so': libmana-rdmav34.so: cannot open shared object file: No such file or directory
libibverbs: Warning: couldn't load driver 'libipathverbs-rdmav34.so': libipathverbs-rdmav34.so: cannot open shared object file: No such file or directory
libibverbs: Warning: couldn't load driver 'libhfi1verbs-rdmav34.so': libhfi1verbs-rdmav34.so: cannot open shared object file: No such file or directory
libibverbs: Warning: couldn't load driver 'libcxgb4-rdmav34.so': libcxgb4-rdmav34.so: cannot open shared object file: No such file or directory
libibverbs: Warning: couldn't load driver 'libmlx4-rdmav34.so': libmlx4-rdmav34.so: cannot open shared object file: No such file or directory
libibverbs: Warning: couldn't load driver 'libmthca-rdmav34.so': libmthca-rdmav34.so: cannot open shared object file: No such file or directory
libibverbs: Warning: couldn't load driver 'libirdma-rdmav34.so': libirdma-rdmav34.so: cannot open shared object file: No such file or directory
libibverbs: Warning: couldn't load driver 'libvmw_pvrdma-rdmav34.so': libvmw_pvrdma-rdmav34.so: cannot open shared object file: No such file or directory
libibverbs: Warning: couldn't load driver 'libefa-rdmav34.so': libefa-rdmav34.so: cannot open shared object file: No such file or directory
libibverbs: Warning: couldn't load driver 'libocrdma-rdmav34.so': libocrdma-rdmav34.so: cannot open shared object file: No such file or directory
libibverbs: Warning: couldn't load driver 'liberdma-rdmav34.so': liberdma-rdmav34.so: cannot open shared object file: No such file or directory
libibverbs: Warning: couldn't load driver 'libipathverbs-rdmav34.so': libipathverbs-rdmav34.so: cannot open shared object file: No such file or directory
libibverbs: Warning: couldn't load driver 'libsiw-rdmav34.so': libsiw-rdmav34.so: cannot open shared object file: No such file or directory
libibverbs: Warning: couldn't load driver 'libmana-rdmav34.so': libmana-rdmav34.so: cannot open shared object file: No such file or directory
libibverbs: Warning: couldn't load driver 'libcxgb4-rdmav34.so': libcxgb4-rdmav34.so: cannot open shared object file: No such file or directory
libibverbs: Warning: couldn't load driver 'librxe-rdmav34.so': librxe-rdmav34.so: cannot open shared object file: No such file or directory
libibverbs: Warning: couldn't load driver 'libmthca-rdmav34.so': libmthca-rdmav34.so: cannot open shared object file: No such file or directory
libibverbs: Warning: couldn't load driver 'libbnxt_re-rdmav34.so': libbnxt_re-rdmav34.so: cannot open shared object file: No such file or directory
libibverbs: Warning: couldn't load driver 'libefa-rdmav34.so': libefa-rdmav34.so: cannot open shared object file: No such file or directory
libibverbs: Warning: couldn't load driver 'libhns-rdmav34.so': libhns-rdmav34.so: cannot open shared object file: No such file or directory
libibverbs: Warning: couldn't load driver 'libhfi1verbs-rdmav34.so': libhfi1verbs-rdmav34.so: cannot open shared object file: No such file or directory
libibverbs: Warning: couldn't load driver 'liberdma-rdmav34.so': liberdma-rdmav34.so: cannot open shared object file: No such file or directory
libibverbs: Warning: couldn't load driver 'libqedr-rdmav34.so': libqedr-rdmav34.so: cannot open shared object file: No such file or directory
libibverbs: Warning: couldn't load driver 'libmlx4-rdmav34.so': libmlx4-rdmav34.so: cannot open shared object file: No such file or directory
libibverbs: Warning: couldn't load driver 'libmana-rdmav34.so': libmana-rdmav34.so: cannot open shared object file: No such file or directory
libibverbs: Warning: couldn't load driver 'libirdma-rdmav34.so': libirdma-rdmav34.so: cannot open shared object file: No such file or directory
libibverbs: Warning: couldn't load driver 'libocrdma-rdmav34.so': libocrdma-rdmav34.so: cannot open shared object file: No such file or directory
libibverbs: Warning: couldn't load driver 'libsiw-rdmav34.so': libsiw-rdmav34.so: cannot open shared object file: No such file or directory
libibverbs: Warning: couldn't load driver 'librxe-rdmav34.so': librxe-rdmav34.so: cannot open shared object file: No such file or directory
libibverbs: Warning: couldn't load driver 'libvmw_pvrdma-rdmav34.so': libvmw_pvrdma-rdmav34.so: cannot open shared object file: No such file or directory
libibverbs: Warning: couldn't load driver 'libbnxt_re-rdmav34.so': libbnxt_re-rdmav34.so: cannot open shared object file: No such file or directory
libibverbs: Warning: couldn't load driver 'libipathverbs-rdmav34.so': libipathverbs-rdmav34.so: cannot open shared object file: No such file or directory
libibverbs: Warning: couldn't load driver 'libhns-rdmav34.so': libhns-rdmav34.so: cannot open shared object file: No such file or directory
libibverbs: Warning: couldn't load driver 'libcxgb4-rdmav34.so': libcxgb4-rdmav34.so: cannot open shared object file: No such file or directory
libibverbs: Warning: couldn't load driver 'libqedr-rdmav34.so': libqedr-rdmav34.so: cannot open shared object file: No such file or directory
libibverbs: Warning: couldn't load driver 'libmthca-rdmav34.so': libmthca-rdmav34.so: cannot open shared object file: No such file or directory
libibverbs: Warning: couldn't load driver 'libefa-rdmav34.so': libefa-rdmav34.so: cannot open shared object file: No such file or directory
libibverbs: Warning: couldn't load driver 'liberdma-rdmav34.so': liberdma-rdmav34.so: cannot open shared object file: No such file or directory
libibverbs: Warning: couldn't load driver 'libmana-rdmav34.so': libmana-rdmav34.so: cannot open shared object file: No such file or directory
libibverbs: Warning: couldn't load driver 'libvmw_pvrdma-rdmav34.so': libvmw_pvrdma-rdmav34.so: cannot open shared object file: No such file or directory
libibverbs: Warning: couldn't load driver 'libipathverbs-rdmav34.so': libipathverbs-rdmav34.so: cannot open shared object file: No such file or directory
libibverbs: Warning: couldn't load driver 'libcxgb4-rdmav34.so': libcxgb4-rdmav34.so: cannot open shared object file: No such file or directory
libibverbs: Warning: couldn't load driver 'libmthca-rdmav34.so': libmthca-rdmav34.so: cannot open shared object file: No such file or directory
libibverbs: Warning: couldn't load driver 'libefa-rdmav34.so': libefa-rdmav34.so: cannot open shared object file: No such file or directory
libibverbs: Warning: couldn't load driver 'liberdma-rdmav34.so': liberdma-rdmav34.so: cannot open shared object file: No such file or directory
libibverbs: Warning: couldn't load driver 'libhfi1verbs-rdmav34.so': libhfi1verbs-rdmav34.so: cannot open shared object file: No such file or directory
libibverbs: Warning: couldn't load driver 'libmana-rdmav34.so': libmana-rdmav34.so: cannot open shared object file: No such file or directory
libibverbs: Warning: couldn't load driver 'libmlx4-rdmav34.so': libmlx4-rdmav34.so: cannot open shared object file: No such file or directory
libibverbs: Warning: couldn't load driver 'libirdma-rdmav34.so': libirdma-rdmav34.so: cannot open shared object file: No such file or directory
libibverbs: Warning: couldn't load driver 'libocrdma-rdmav34.so': libocrdma-rdmav34.so: cannot open shared object file: No such file or directory
libibverbs: Warning: couldn't load driver 'libsiw-rdmav34.so': libsiw-rdmav34.so: cannot open shared object file: No such file or directory
libibverbs: Warning: couldn't load driver 'libhfi1verbs-rdmav34.so': libhfi1verbs-rdmav34.so: cannot open shared object file: No such file or directory
libibverbs: Warning: couldn't load driver 'libhfi1verbs-rdmav34.so': libhfi1verbs-rdmav34.so: cannot open shared object file: No such file or directory
libibverbs: Warning: couldn't load driver 'libmlx4-rdmav34.so': libmlx4-rdmav34.so: cannot open shared object file: No such file or directory
libibverbs: Warning: couldn't load driver 'librxe-rdmav34.so': librxe-rdmav34.so: cannot open shared object file: No such file or directory
libibverbs: Warning: couldn't load driver 'libmlx4-rdmav34.so': libmlx4-rdmav34.so: cannot open shared object file: No such file or directory
libibverbs: Warning: couldn't load driver 'libirdma-rdmav34.so': libirdma-rdmav34.so: cannot open shared object file: No such file or directory
libibverbs: Warning: couldn't load driver 'libbnxt_re-rdmav34.so': libbnxt_re-rdmav34.so: cannot open shared object file: No such file or directory
libibverbs: Warning: couldn't load driver 'libirdma-rdmav34.so': libirdma-rdmav34.so: cannot open shared object file: No such file or directory
libibverbs: Warning: couldn't load driver 'libocrdma-rdmav34.so': libocrdma-rdmav34.so: cannot open shared object file: No such file or directory
libibverbs: Warning: couldn't load driver 'libhns-rdmav34.so': libhns-rdmav34.so: cannot open shared object file: No such file or directory
libibverbs: Warning: couldn't load driver 'libocrdma-rdmav34.so': libocrdma-rdmav34.so: cannot open shared object file: No such file or directory
libibverbs: Warning: couldn't load driver 'libsiw-rdmav34.so': libsiw-rdmav34.so: cannot open shared object file: No such file or directory
libibverbs: Warning: couldn't load driver 'libqedr-rdmav34.so': libqedr-rdmav34.so: cannot open shared object file: No such file or directory
libibverbs: Warning: couldn't load driver 'libsiw-rdmav34.so': libsiw-rdmav34.so: cannot open shared object file: No such file or directory
libibverbs: Warning: couldn't load driver 'librxe-rdmav34.so': librxe-rdmav34.so: cannot open shared object file: No such file or directory
libibverbs: Warning: couldn't load driver 'librxe-rdmav34.so': librxe-rdmav34.so: cannot open shared object file: No such file or directory
libibverbs: Warning: couldn't load driver 'libbnxt_re-rdmav34.so': libbnxt_re-rdmav34.so: cannot open shared object file: No such file or directory
libibverbs: Warning: couldn't load driver 'libhfi1verbs-rdmav34.so': libhfi1verbs-rdmav34.so: cannot open shared object file: No such file or directory
libibverbs: Warning: couldn't load driver 'libbnxt_re-rdmav34.so': libbnxt_re-rdmav34.so: cannot open shared object file: No such file or directory
libibverbs: Warning: couldn't load driver 'libhns-rdmav34.so': libhns-rdmav34.so: cannot open shared object file: No such file or directory
libibverbs: Warning: couldn't load driver 'libmlx4-rdmav34.so': libmlx4-rdmav34.so: cannot open shared object file: No such file or directory
libibverbs: Warning: couldn't load driver 'libhns-rdmav34.so': libhns-rdmav34.so: cannot open shared object file: No such file or directory
libibverbs: Warning: couldn't load driver 'libqedr-rdmav34.so': libqedr-rdmav34.so: cannot open shared object file: No such file or directory
libibverbs: Warning: couldn't load driver 'libirdma-rdmav34.so': libirdma-rdmav34.so: cannot open shared object file: No such file or directory
libibverbs: Warning: couldn't load driver 'libvmw_pvrdma-rdmav34.so': libvmw_pvrdma-rdmav34.so: cannot open shared object file: No such file or directory
libibverbs: Warning: couldn't load driver 'libqedr-rdmav34.so': libqedr-rdmav34.so: cannot open shared object file: No such file or directory
libibverbs: Warning: couldn't load driver 'libocrdma-rdmav34.so': libocrdma-rdmav34.so: cannot open shared object file: No such file or directory
libibverbs: Warning: couldn't load driver 'libipathverbs-rdmav34.so': libipathverbs-rdmav34.so: cannot open shared object file: No such file or directory
libibverbs: Warning: couldn't load driver 'libcxgb4-rdmav34.so': libcxgb4-rdmav34.so: cannot open shared object file: No such file or directory
libibverbs: Warning: couldn't load driver 'libsiw-rdmav34.so': libsiw-rdmav34.so: cannot open shared object file: No such file or directory
libibverbs: Warning: couldn't load driver 'libmthca-rdmav34.so': libmthca-rdmav34.so: cannot open shared object file: No such file or directory
libibverbs: Warning: couldn't load driver 'librxe-rdmav34.so': librxe-rdmav34.so: cannot open shared object file: No such file or directory
libibverbs: Warning: couldn't load driver 'libvmw_pvrdma-rdmav34.so': libvmw_pvrdma-rdmav34.so: cannot open shared object file: No such file or directory
libibverbs: Warning: couldn't load driver 'libefa-rdmav34.so': libefa-rdmav34.so: cannot open shared object file: No such file or directory
libibverbs: Warning: couldn't load driver 'libvmw_pvrdma-rdmav34.so': libvmw_pvrdma-rdmav34.so: cannot open shared object file: No such file or directory
libibverbs: Warning: couldn't load driver 'libbnxt_re-rdmav34.so': libbnxt_re-rdmav34.so: cannot open shared object file: No such file or directory
libibverbs: Warning: couldn't load driver 'libipathverbs-rdmav34.so': libipathverbs-rdmav34.so: cannot open shared object file: No such file or directory
libibverbs: Warning: couldn't load driver 'liberdma-rdmav34.so': liberdma-rdmav34.so: cannot open shared object file: No such file or directory
libibverbs: Warning: couldn't load driver 'libipathverbs-rdmav34.so': libipathverbs-rdmav34.so: cannot open shared object file: No such file or directory
libibverbs: Warning: couldn't load driver 'libcxgb4-rdmav34.so': libcxgb4-rdmav34.so: cannot open shared object file: No such file or directory
libibverbs: Warning: couldn't load driver 'libhns-rdmav34.so': libhns-rdmav34.so: cannot open shared object file: No such file or directory
libibverbs: Warning: couldn't load driver 'libmana-rdmav34.so': libmana-rdmav34.so: cannot open shared object file: No such file or directory
libibverbs: Warning: couldn't load driver 'libcxgb4-rdmav34.so': libcxgb4-rdmav34.so: cannot open shared object file: No such file or directory
libibverbs: Warning: couldn't load driver 'libmthca-rdmav34.so': libmthca-rdmav34.so: cannot open shared object file: No such file or directory
libibverbs: Warning: couldn't load driver 'libqedr-rdmav34.so': libqedr-rdmav34.so: cannot open shared object file: No such file or directory
libibverbs: Warning: couldn't load driver 'libefa-rdmav34.so': libefa-rdmav34.so: cannot open shared object file: No such file or directory
libibverbs: Warning: couldn't load driver 'libmthca-rdmav34.so': libmthca-rdmav34.so: cannot open shared object file: No such file or directory
libibverbs: Warning: couldn't load driver 'liberdma-rdmav34.so': liberdma-rdmav34.so: cannot open shared object file: No such file or directory
libibverbs: Warning: couldn't load driver 'libefa-rdmav34.so': libefa-rdmav34.so: cannot open shared object file: No such file or directory
libibverbs: Warning: couldn't load driver 'liberdma-rdmav34.so': liberdma-rdmav34.so: cannot open shared object file: No such file or directory
libibverbs: Warning: couldn't load driver 'libmana-rdmav34.so': libmana-rdmav34.so: cannot open shared object file: No such file or directory
libibverbs: Warning: couldn't load driver 'libmana-rdmav34.so': libmana-rdmav34.so: cannot open shared object file: No such file or directory
libibverbs: Warning: couldn't load driver 'libvmw_pvrdma-rdmav34.so': libvmw_pvrdma-rdmav34.so: cannot open shared object file: No such file or directory
libibverbs: Warning: couldn't load driver 'libipathverbs-rdmav34.so': libipathverbs-rdmav34.so: cannot open shared object file: No such file or directory
libibverbs: Warning: couldn't load driver 'libhfi1verbs-rdmav34.so': libhfi1verbs-rdmav34.so: cannot open shared object file: No such file or directory
libibverbs: Warning: couldn't load driver 'libcxgb4-rdmav34.so': libcxgb4-rdmav34.so: cannot open shared object file: No such file or directory
libibverbs: Warning: couldn't load driver 'libmlx4-rdmav34.so': libmlx4-rdmav34.so: cannot open shared object file: No such file or directory
libibverbs: Warning: couldn't load driver 'libmthca-rdmav34.so': libmthca-rdmav34.so: cannot open shared object file: No such file or directory
libibverbs: Warning: couldn't load driver 'libirdma-rdmav34.so': libirdma-rdmav34.so: cannot open shared object file: No such file or directory
libibverbs: Warning: couldn't load driver 'libefa-rdmav34.so': libefa-rdmav34.so: cannot open shared object file: No such file or directory
libibverbs: Warning: couldn't load driver 'libocrdma-rdmav34.so': libocrdma-rdmav34.so: cannot open shared object file: No such file or directory
libibverbs: Warning: couldn't load driver 'liberdma-rdmav34.so': liberdma-rdmav34.so: cannot open shared object file: No such file or directory
libibverbs: Warning: couldn't load driver 'libsiw-rdmav34.so': libsiw-rdmav34.so: cannot open shared object file: No such file or directory
libibverbs: Warning: couldn't load driver 'librxe-rdmav34.so': librxe-rdmav34.so: cannot open shared object file: No such file or directory
libibverbs: Warning: couldn't load driver 'libmana-rdmav34.so': libmana-rdmav34.so: cannot open shared object file: No such file or directory
libibverbs: Warning: couldn't load driver 'libbnxt_re-rdmav34.so': libbnxt_re-rdmav34.so: cannot open shared object file: No such file or directory
libibverbs: Warning: couldn't load driver 'libhns-rdmav34.so': libhns-rdmav34.so: cannot open shared object file: No such file or directory
libibverbs: Warning: couldn't load driver 'libqedr-rdmav34.so': libqedr-rdmav34.so: cannot open shared object file: No such file or directory
libibverbs: Warning: couldn't load driver 'libvmw_pvrdma-rdmav34.so': libvmw_pvrdma-rdmav34.so: cannot open shared object file: No such file or directory
libibverbs: Warning: couldn't load driver 'libipathverbs-rdmav34.so': libipathverbs-rdmav34.so: cannot open shared object file: No such file or directory
libibverbs: Warning: couldn't load driver 'libcxgb4-rdmav34.so': libcxgb4-rdmav34.so: cannot open shared object file: No such file or directory
libibverbs: Warning: couldn't load driver 'libmthca-rdmav34.so': libmthca-rdmav34.so: cannot open shared object file: No such file or directory
libibverbs: Warning: couldn't load driver 'libefa-rdmav34.so': libefa-rdmav34.so: cannot open shared object file: No such file or directory
libibverbs: Warning: couldn't load driver 'liberdma-rdmav34.so': liberdma-rdmav34.so: cannot open shared object file: No such file or directory
libibverbs: Warning: couldn't load driver 'libmana-rdmav34.so': libmana-rdmav34.so: cannot open shared object file: No such file or directory
libibverbs: Warning: couldn't load driver 'libhfi1verbs-rdmav34.so': libhfi1verbs-rdmav34.so: cannot open shared object file: No such file or directory
libibverbs: Warning: couldn't load driver 'libmlx4-rdmav34.so': libmlx4-rdmav34.so: cannot open shared object file: No such file or directory
libibverbs: Warning: couldn't load driver 'libirdma-rdmav34.so': libirdma-rdmav34.so: cannot open shared object file: No such file or directory
libibverbs: Warning: couldn't load driver 'libocrdma-rdmav34.so': libocrdma-rdmav34.so: cannot open shared object file: No such file or directory
libibverbs: Warning: couldn't load driver 'libhfi1verbs-rdmav34.so': libhfi1verbs-rdmav34.so: cannot open shared object file: No such file or directory
libibverbs: Warning: couldn't load driver 'libsiw-rdmav34.so': libsiw-rdmav34.so: cannot open shared object file: No such file or directory
libibverbs: Warning: couldn't load driver 'libmlx4-rdmav34.so': libmlx4-rdmav34.so: cannot open shared object file: No such file or directory
libibverbs: Warning: couldn't load driver 'librxe-rdmav34.so': librxe-rdmav34.so: cannot open shared object file: No such file or directory
libibverbs: Warning: couldn't load driver 'libirdma-rdmav34.so': libirdma-rdmav34.so: cannot open shared object file: No such file or directory
libibverbs: Warning: couldn't load driver 'libbnxt_re-rdmav34.so': libbnxt_re-rdmav34.so: cannot open shared object file: No such file or directory
libibverbs: Warning: couldn't load driver 'libocrdma-rdmav34.so': libocrdma-rdmav34.so: cannot open shared object file: No such file or directory
libibverbs: Warning: couldn't load driver 'libhns-rdmav34.so': libhns-rdmav34.so: cannot open shared object file: No such file or directory
libibverbs: Warning: couldn't load driver 'libsiw-rdmav34.so': libsiw-rdmav34.so: cannot open shared object file: No such file or directory
libibverbs: Warning: couldn't load driver 'libhfi1verbs-rdmav34.so': libhfi1verbs-rdmav34.so: cannot open shared object file: No such file or directory
libibverbs: Warning: couldn't load driver 'libqedr-rdmav34.so': libqedr-rdmav34.so: cannot open shared object file: No such file or directory
libibverbs: Warning: couldn't load driver 'libmlx4-rdmav34.so': libmlx4-rdmav34.so: cannot open shared object file: No such file or directory
libibverbs: Warning: couldn't load driver 'librxe-rdmav34.so': librxe-rdmav34.so: cannot open shared object file: No such file or directory
libibverbs: Warning: couldn't load driver 'libbnxt_re-rdmav34.so': libbnxt_re-rdmav34.so: cannot open shared object file: No such file or directory
libibverbs: Warning: couldn't load driver 'libirdma-rdmav34.so': libirdma-rdmav34.so: cannot open shared object file: No such file or directory
libibverbs: Warning: couldn't load driver 'libhns-rdmav34.so': libhns-rdmav34.so: cannot open shared object file: No such file or directory
libibverbs: Warning: couldn't load driver 'libocrdma-rdmav34.so': libocrdma-rdmav34.so: cannot open shared object file: No such file or directory
libibverbs: Warning: couldn't load driver 'libsiw-rdmav34.so': libsiw-rdmav34.so: cannot open shared object file: No such file or directory
libibverbs: Warning: couldn't load driver 'libqedr-rdmav34.so': libqedr-rdmav34.so: cannot open shared object file: No such file or directory
libibverbs: Warning: couldn't load driver 'librxe-rdmav34.so': librxe-rdmav34.so: cannot open shared object file: No such file or directory
libibverbs: Warning: couldn't load driver 'libvmw_pvrdma-rdmav34.so': libvmw_pvrdma-rdmav34.so: cannot open shared object file: No such file or directory
libibverbs: Warning: couldn't load driver 'libbnxt_re-rdmav34.so': libbnxt_re-rdmav34.so: cannot open shared object file: No such file or directory
libibverbs: Warning: couldn't load driver 'libhfi1verbs-rdmav34.so': libhfi1verbs-rdmav34.so: cannot open shared object file: No such file or directory
libibverbs: Warning: couldn't load driver 'libipathverbs-rdmav34.so': libipathverbs-rdmav34.so: cannot open shared object file: No such file or directory
libibverbs: Warning: couldn't load driver 'libhns-rdmav34.so': libhns-rdmav34.so: cannot open shared object file: No such file or directory
libibverbs: Warning: couldn't load driver 'libmlx4-rdmav34.so': libmlx4-rdmav34.so: cannot open shared object file: No such file or directory
libibverbs: Warning: couldn't load driver 'libcxgb4-rdmav34.so': libcxgb4-rdmav34.so: cannot open shared object file: No such file or directory
libibverbs: Warning: couldn't load driver 'libqedr-rdmav34.so': libqedr-rdmav34.so: cannot open shared object file: No such file or directory
libibverbs: Warning: couldn't load driver 'libmthca-rdmav34.so': libmthca-rdmav34.so: cannot open shared object file: No such file or directory
libibverbs: Warning: couldn't load driver 'libvmw_pvrdma-rdmav34.so': libvmw_pvrdma-rdmav34.so: cannot open shared object file: No such file or directory
libibverbs: Warning: couldn't load driver 'libirdma-rdmav34.so': libirdma-rdmav34.so: cannot open shared object file: No such file or directory
libibverbs: Warning: couldn't load driver 'libefa-rdmav34.so': libefa-rdmav34.so: cannot open shared object file: No such file or directory
libibverbs: Warning: couldn't load driver 'libipathverbs-rdmav34.so': libipathverbs-rdmav34.so: cannot open shared object file: No such file or directory
libibverbs: Warning: couldn't load driver 'libocrdma-rdmav34.so': libocrdma-rdmav34.so: cannot open shared object file: No such file or directory
libibverbs: Warning: couldn't load driver 'liberdma-rdmav34.so': liberdma-rdmav34.so: cannot open shared object file: No such file or directory
libibverbs: Warning: couldn't load driver 'libcxgb4-rdmav34.so': libcxgb4-rdmav34.so: cannot open shared object file: No such file or directory
libibverbs: Warning: couldn't load driver 'libsiw-rdmav34.so': libsiw-rdmav34.so: cannot open shared object file: No such file or directory
libibverbs: Warning: couldn't load driver 'libmana-rdmav34.so': libmana-rdmav34.so: cannot open shared object file: No such file or directory
libibverbs: Warning: couldn't load driver 'libmthca-rdmav34.so': libmthca-rdmav34.so: cannot open shared object file: No such file or directory
libibverbs: Warning: couldn't load driver 'librxe-rdmav34.so': librxe-rdmav34.so: cannot open shared object file: No such file or directory
libibverbs: Warning: couldn't load driver 'libefa-rdmav34.so': libefa-rdmav34.so: cannot open shared object file: No such file or directory
libibverbs: Warning: couldn't load driver 'libvmw_pvrdma-rdmav34.so': libvmw_pvrdma-rdmav34.so: cannot open shared object file: No such file or directory
libibverbs: Warning: couldn't load driver 'libbnxt_re-rdmav34.so': libbnxt_re-rdmav34.so: cannot open shared object file: No such file or directory
libibverbs: Warning: couldn't load driver 'liberdma-rdmav34.so': liberdma-rdmav34.so: cannot open shared object file: No such file or directory
libibverbs: Warning: couldn't load driver 'libipathverbs-rdmav34.so': libipathverbs-rdmav34.so: cannot open shared object file: No such file or directory
libibverbs: Warning: couldn't load driver 'libhns-rdmav34.so': libhns-rdmav34.so: cannot open shared object file: No such file or directory
libibverbs: Warning: couldn't load driver 'libmana-rdmav34.so': libmana-rdmav34.so: cannot open shared object file: No such file or directory
libibverbs: Warning: couldn't load driver 'libcxgb4-rdmav34.so': libcxgb4-rdmav34.so: cannot open shared object file: No such file or directory
libibverbs: Warning: couldn't load driver 'libqedr-rdmav34.so': libqedr-rdmav34.so: cannot open shared object file: No such file or directory
libibverbs: Warning: couldn't load driver 'libmthca-rdmav34.so': libmthca-rdmav34.so: cannot open shared object file: No such file or directory
libibverbs: Warning: couldn't load driver 'libefa-rdmav34.so': libefa-rdmav34.so: cannot open shared object file: No such file or directory
libibverbs: Warning: couldn't load driver 'liberdma-rdmav34.so': liberdma-rdmav34.so: cannot open shared object file: No such file or directory
libibverbs: Warning: couldn't load driver 'libmana-rdmav34.so': libmana-rdmav34.so: cannot open shared object file: No such file or directory
libibverbs: Warning: couldn't load driver 'libvmw_pvrdma-rdmav34.so': libvmw_pvrdma-rdmav34.so: cannot open shared object file: No such file or directory
libibverbs: Warning: couldn't load driver 'libipathverbs-rdmav34.so': libipathverbs-rdmav34.so: cannot open shared object file: No such file or directory
libibverbs: Warning: couldn't load driver 'libcxgb4-rdmav34.so': libcxgb4-rdmav34.so: cannot open shared object file: No such file or directory
libibverbs: Warning: couldn't load driver 'libmthca-rdmav34.so': libmthca-rdmav34.so: cannot open shared object file: No such file or directory
libibverbs: Warning: couldn't load driver 'libefa-rdmav34.so': libefa-rdmav34.so: cannot open shared object file: No such file or directory
libibverbs: Warning: couldn't load driver 'liberdma-rdmav34.so': liberdma-rdmav34.so: cannot open shared object file: No such file or directory
libibverbs: Warning: couldn't load driver 'libmana-rdmav34.so': libmana-rdmav34.so: cannot open shared object file: No such file or directory
libibverbs: Warning: couldn't load driver 'libhfi1verbs-rdmav34.so': libhfi1verbs-rdmav34.so: cannot open shared object file: No such file or directory
libibverbs: Warning: couldn't load driver 'libmlx4-rdmav34.so': libmlx4-rdmav34.so: cannot open shared object file: No such file or directory
libibverbs: Warning: couldn't load driver 'libirdma-rdmav34.so': libirdma-rdmav34.so: cannot open shared object file: No such file or directory
libibverbs: Warning: couldn't load driver 'libocrdma-rdmav34.so': libocrdma-rdmav34.so: cannot open shared object file: No such file or directory
libibverbs: Warning: couldn't load driver 'libsiw-rdmav34.so': libsiw-rdmav34.so: cannot open shared object file: No such file or directory
libibverbs: Warning: couldn't load driver 'librxe-rdmav34.so': librxe-rdmav34.so: cannot open shared object file: No such file or directory
libibverbs: Warning: couldn't load driver 'libbnxt_re-rdmav34.so': libbnxt_re-rdmav34.so: cannot open shared object file: No such file or directory
libibverbs: Warning: couldn't load driver 'libhns-rdmav34.so': libhns-rdmav34.so: cannot open shared object file: No such file or directory
libibverbs: Warning: couldn't load driver 'libqedr-rdmav34.so': libqedr-rdmav34.so: cannot open shared object file: No such file or directory
libibverbs: Warning: couldn't load driver 'libhfi1verbs-rdmav34.so': libhfi1verbs-rdmav34.so: cannot open shared object file: No such file or directory
libibverbs: Warning: couldn't load driver 'libmlx4-rdmav34.so': libmlx4-rdmav34.so: cannot open shared object file: No such file or directory
libibverbs: Warning: couldn't load driver 'libhfi1verbs-rdmav34.so': libhfi1verbs-rdmav34.so: cannot open shared object file: No such file or directory
libibverbs: Warning: couldn't load driver 'libirdma-rdmav34.so': libirdma-rdmav34.so: cannot open shared object file: No such file or directory
libibverbs: Warning: couldn't load driver 'libmlx4-rdmav34.so': libmlx4-rdmav34.so: cannot open shared object file: No such file or directory
libibverbs: Warning: couldn't load driver 'libocrdma-rdmav34.so': libocrdma-rdmav34.so: cannot open shared object file: No such file or directory
libibverbs: Warning: couldn't load driver 'libvmw_pvrdma-rdmav34.so': libvmw_pvrdma-rdmav34.so: cannot open shared object file: No such file or directory
libibverbs: Warning: couldn't load driver 'libirdma-rdmav34.so': libirdma-rdmav34.so: cannot open shared object file: No such file or directory
libibverbs: Warning: couldn't load driver 'libsiw-rdmav34.so': libsiw-rdmav34.so: cannot open shared object file: No such file or directory
libibverbs: Warning: couldn't load driver 'libipathverbs-rdmav34.so': libipathverbs-rdmav34.so: cannot open shared object file: No such file or directory
libibverbs: Warning: couldn't load driver 'libocrdma-rdmav34.so': libocrdma-rdmav34.so: cannot open shared object file: No such file or directory
libibverbs: Warning: couldn't load driver 'libhfi1verbs-rdmav34.so': libhfi1verbs-rdmav34.so: cannot open shared object file: No such file or directory
libibverbs: Warning: couldn't load driver 'librxe-rdmav34.so': librxe-rdmav34.so: cannot open shared object file: No such file or directory
libibverbs: Warning: couldn't load driver 'libcxgb4-rdmav34.so': libcxgb4-rdmav34.so: cannot open shared object file: No such file or directory
libibverbs: Warning: couldn't load driver 'libsiw-rdmav34.so': libsiw-rdmav34.so: cannot open shared object file: No such file or directory
libibverbs: Warning: couldn't load driver 'libmlx4-rdmav34.so': libmlx4-rdmav34.so: cannot open shared object file: No such file or directory
libibverbs: Warning: couldn't load driver 'libbnxt_re-rdmav34.so': libbnxt_re-rdmav34.so: cannot open shared object file: No such file or directory
libibverbs: Warning: couldn't load driver 'libmthca-rdmav34.so': libmthca-rdmav34.so: cannot open shared object file: No such file or directory
libibverbs: Warning: couldn't load driver 'librxe-rdmav34.so': librxe-rdmav34.so: cannot open shared object file: No such file or directory
libibverbs: Warning: couldn't load driver 'libirdma-rdmav34.so': libirdma-rdmav34.so: cannot open shared object file: No such file or directory
libibverbs: Warning: couldn't load driver 'libhns-rdmav34.so': libhns-rdmav34.so: cannot open shared object file: No such file or directory
libibverbs: Warning: couldn't load driver 'libefa-rdmav34.so': libefa-rdmav34.so: cannot open shared object file: No such file or directory
libibverbs: Warning: couldn't load driver 'libbnxt_re-rdmav34.so': libbnxt_re-rdmav34.so: cannot open shared object file: No such file or directory
libibverbs: Warning: couldn't load driver 'libocrdma-rdmav34.so': libocrdma-rdmav34.so: cannot open shared object file: No such file or directory
libibverbs: Warning: couldn't load driver 'libqedr-rdmav34.so': libqedr-rdmav34.so: cannot open shared object file: No such file or directory
libibverbs: Warning: couldn't load driver 'liberdma-rdmav34.so': liberdma-rdmav34.so: cannot open shared object file: No such file or directory
libibverbs: Warning: couldn't load driver 'libhns-rdmav34.so': libhns-rdmav34.so: cannot open shared object file: No such file or directory
libibverbs: Warning: couldn't load driver 'libsiw-rdmav34.so': libsiw-rdmav34.so: cannot open shared object file: No such file or directory
libibverbs: Warning: couldn't load driver 'libqedr-rdmav34.so': libqedr-rdmav34.so: cannot open shared object file: No such file or directory
libibverbs: Warning: couldn't load driver 'libmana-rdmav34.so': libmana-rdmav34.so: cannot open shared object file: No such file or directory
libibverbs: Warning: couldn't load driver 'librxe-rdmav34.so': librxe-rdmav34.so: cannot open shared object file: No such file or directory
libibverbs: Warning: couldn't load driver 'libbnxt_re-rdmav34.so': libbnxt_re-rdmav34.so: cannot open shared object file: No such file or directory
libibverbs: Warning: couldn't load driver 'libhns-rdmav34.so': libhns-rdmav34.so: cannot open shared object file: No such file or directory
libibverbs: Warning: couldn't load driver 'libvmw_pvrdma-rdmav34.so': libvmw_pvrdma-rdmav34.so: cannot open shared object file: No such file or directory
libibverbs: Warning: couldn't load driver 'libqedr-rdmav34.so': libqedr-rdmav34.so: cannot open shared object file: No such file or directory
libibverbs: Warning: couldn't load driver 'libipathverbs-rdmav34.so': libipathverbs-rdmav34.so: cannot open shared object file: No such file or directory
libibverbs: Warning: couldn't load driver 'libvmw_pvrdma-rdmav34.so': libvmw_pvrdma-rdmav34.so: cannot open shared object file: No such file or directory
libibverbs: Warning: couldn't load driver 'libcxgb4-rdmav34.so': libcxgb4-rdmav34.so: cannot open shared object file: No such file or directory
libibverbs: Warning: couldn't load driver 'libipathverbs-rdmav34.so': libipathverbs-rdmav34.so: cannot open shared object file: No such file or directory
libibverbs: Warning: couldn't load driver 'libmthca-rdmav34.so': libmthca-rdmav34.so: cannot open shared object file: No such file or directory
libibverbs: Warning: couldn't load driver 'libcxgb4-rdmav34.so': libcxgb4-rdmav34.so: cannot open shared object file: No such file or directory
libibverbs: Warning: couldn't load driver 'libefa-rdmav34.so': libefa-rdmav34.so: cannot open shared object file: No such file or directory
libibverbs: Warning: couldn't load driver 'libmthca-rdmav34.so': libmthca-rdmav34.so: cannot open shared object file: No such file or directory
libibverbs: Warning: couldn't load driver 'libvmw_pvrdma-rdmav34.so': libvmw_pvrdma-rdmav34.so: cannot open shared object file: No such file or directory
libibverbs: Warning: couldn't load driver 'liberdma-rdmav34.so': liberdma-rdmav34.so: cannot open shared object file: No such file or directory
libibverbs: Warning: couldn't load driver 'libmana-rdmav34.so': libmana-rdmav34.so: cannot open shared object file: No such file or directory
libibverbs: Warning: couldn't load driver 'libefa-rdmav34.so': libefa-rdmav34.so: cannot open shared object file: No such file or directory
libibverbs: Warning: couldn't load driver 'libipathverbs-rdmav34.so': libipathverbs-rdmav34.so: cannot open shared object file: No such file or directory
libibverbs: Warning: couldn't load driver 'liberdma-rdmav34.so': liberdma-rdmav34.so: cannot open shared object file: No such file or directory
libibverbs: Warning: couldn't load driver 'libcxgb4-rdmav34.so': libcxgb4-rdmav34.so: cannot open shared object file: No such file or directory
libibverbs: Warning: couldn't load driver 'libmana-rdmav34.so': libmana-rdmav34.so: cannot open shared object file: No such file or directory
libibverbs: Warning: couldn't load driver 'libmthca-rdmav34.so': libmthca-rdmav34.so: cannot open shared object file: No such file or directory
libibverbs: Warning: couldn't load driver 'libefa-rdmav34.so': libefa-rdmav34.so: cannot open shared object file: No such file or directory
libibverbs: Warning: couldn't load driver 'liberdma-rdmav34.so': liberdma-rdmav34.so: cannot open shared object file: No such file or directory
libibverbs: Warning: couldn't load driver 'libmana-rdmav34.so': libmana-rdmav34.so: cannot open shared object file: No such file or directory
libibverbs: Warning: couldn't load driver 'libhfi1verbs-rdmav34.so': libhfi1verbs-rdmav34.so: cannot open shared object file: No such file or directory
libibverbs: Warning: couldn't load driver 'libmlx4-rdmav34.so': libmlx4-rdmav34.so: cannot open shared object file: No such file or directory
libibverbs: Warning: couldn't load driver 'libirdma-rdmav34.so': libirdma-rdmav34.so: cannot open shared object file: No such file or directory
libibverbs: Warning: couldn't load driver 'libocrdma-rdmav34.so': libocrdma-rdmav34.so: cannot open shared object file: No such file or directory
libibverbs: Warning: couldn't load driver 'libsiw-rdmav34.so': libsiw-rdmav34.so: cannot open shared object file: No such file or directory
libibverbs: Warning: couldn't load driver 'librxe-rdmav34.so': librxe-rdmav34.so: cannot open shared object file: No such file or directory
libibverbs: Warning: couldn't load driver 'libbnxt_re-rdmav34.so': libbnxt_re-rdmav34.so: cannot open shared object file: No such file or directory
libibverbs: Warning: couldn't load driver 'libhns-rdmav34.so': libhns-rdmav34.so: cannot open shared object file: No such file or directory
libibverbs: Warning: couldn't load driver 'libqedr-rdmav34.so': libqedr-rdmav34.so: cannot open shared object file: No such file or directory
libibverbs: Warning: couldn't load driver 'libvmw_pvrdma-rdmav34.so': libvmw_pvrdma-rdmav34.so: cannot open shared object file: No such file or directory
libibverbs: Warning: couldn't load driver 'libipathverbs-rdmav34.so': libipathverbs-rdmav34.so: cannot open shared object file: No such file or directory
libibverbs: Warning: couldn't load driver 'libcxgb4-rdmav34.so': libcxgb4-rdmav34.so: cannot open shared object file: No such file or directory
libibverbs: Warning: couldn't load driver 'libmthca-rdmav34.so': libmthca-rdmav34.so: cannot open shared object file: No such file or directory
libibverbs: Warning: couldn't load driver 'libefa-rdmav34.so': libefa-rdmav34.so: cannot open shared object file: No such file or directory
libibverbs: Warning: couldn't load driver 'liberdma-rdmav34.so': liberdma-rdmav34.so: cannot open shared object file: No such file or directory
libibverbs: Warning: couldn't load driver 'libmana-rdmav34.so': libmana-rdmav34.so: cannot open shared object file: No such file or directory
LAMMPS (29 Aug 2024 - Update 3)
  using 1 OpenMP thread(s) per MPI task
Reading data file ...
  orthogonal box = (0 0 0) to (44.3022 44.3022 44.3022)
  3 by 4 by 4 MPI processor grid
  reading atoms ...
  3700 atoms
  scanning bonds ...
  3 = max bonds/atom
  scanning angles ...
  6 = max angles/atom
  scanning dihedrals ...
  12 = max dihedrals/atom
  orthogonal box = (0 0 0) to (44.3022 44.3022 44.3022)
  3 by 4 by 4 MPI processor grid
  reading bonds ...
  4892 bonds
  reading angles ...
  8968 angles
  reading dihedrals ...
  15912 dihedrals
Finding 1-2 1-3 1-4 neighbors ...
  special bond factors lj:    0        0        0       
  special bond factors coul:  0        0        0       
     4 = max # of 1-2 neighbors
     6 = max # of 1-3 neighbors
    17 = max # of 1-4 neighbors
    14 = max # of special neighbors
  special bonds CPU = 0.006 seconds
  read_data CPU = 0.137 seconds
Finding 1-2 1-3 1-4 neighbors ...
  special bond factors lj:    0        0        1       
  special bond factors coul:  0        0        0       
     4 = max # of 1-2 neighbors
     6 = max # of 1-3 neighbors
    17 = max # of 1-4 neighbors
    14 = max # of special neighbors
  special bonds CPU = 0.004 seconds
Generated 0 of 3 mixed pair_coeff terms from geometric mixing rule
Neighbor list info ...
  update: every = 1 steps, delay = 0 steps, check = yes
  max neighbors/atom: 2000, page size: 100000
  master list distance cutoff = 14
  ghost atom cutoff = 14
  binsize = 7, bins = 7 7 7
  1 neighbor lists, perpetual/occasional/extra = 1 0 0
  (1) pair table, perpetual
      attributes: half, newton on
      pair build: half/bin/newton
      stencil: half/bin/3d
      bin: standard
Setting up cg style minimization ...
  Unit style    : real
  Current step  : 0
WARNING: Inconsistent image flags (src/domain.cpp:1051)
Per MPI rank memory allocation (min/avg/max) = 13.78 | 13.78 | 13.79 Mbytes
   Step         Volume          Temp          Press          PotEng         KinEng         TotEng         E_vdwl         E_coul         E_bond        E_angle        E_dihed        E_impro        Density    
         0   86951.26       0              27670.256      30293.355      0              30293.355      17320.214      0              1445.6121      3487.3842      8040.1455      0              0.87172924   
        26   86951.26       0              4859.2807      21787.795      0              21787.795      13336.865      0              677.26018      1931.7769      5841.8926      0              0.87172924   
Loop time of 0.0417519 on 48 procs for 26 steps with 3700 atoms

98.3% CPU use with 48 MPI tasks x 1 OpenMP threads

Minimization stats:
  Stopping criterion = energy tolerance
  Energy initial, next-to-last, final = 
      30293.3554396666     21789.84585528   21787.7945268937
  Force two-norm initial, final = 3874.4001 453.6679
  Force max component initial, final = 509.80277 78.000072
  Final line search alpha, max atom move = 0.0014906605 0.11627162
  Iterations, force evaluations = 26 51

MPI task timing breakdown:
Section |  min time  |  avg time  |  max time  |%varavg| %total
---------------------------------------------------------------
Pair    | 0.0073115  | 0.020125   | 0.028588   |   3.1 | 48.20
Bond    | 0.0014403  | 0.003086   | 0.0041618  |   0.9 |  7.39
Neigh   | 0          | 0          | 0          |   0.0 |  0.00
Comm    | 0.0060725  | 0.015397   | 0.029813   |   3.9 | 36.88
Output  | 0          | 0          | 0          |   0.0 |  0.00
Modify  | 0          | 0          | 0          |   0.0 |  0.00
Other   |            | 0.003144   |            |       |  7.53

Nlocal:        77.0833 ave          97 max          39 min
Histogram: 1 0 2 2 5 5 13 11 3 6
Nghost:        2682.33 ave        2760 max        2613 min
Histogram: 5 4 5 6 5 7 4 6 4 2
Neighs:        18653.6 ave       26336 max        6841 min
Histogram: 1 0 2 3 8 11 8 8 3 4

Total # of neighbors = 895372
Ave neighs/atom = 241.99243
Ave special neighs/atom = 11.898378
Neighbor list builds = 0
Dangerous builds = 0
Generated 0 of 3 mixed pair_coeff terms from geometric mixing rule
Setting up fire style minimization ...
  Unit style    : real
  Current step  : 26
  Parameters for fire:
    dmax  delaystep dtgrow dtshrink alpha0 alphashrink tmax tmin   integrator   halfstepback   abcfire  
     0.1     20      1.1     0.5     0.25     0.99      10  0.02 eulerimplicit      yes          no     
WARNING: Inconsistent image flags (src/domain.cpp:1051)
Per MPI rank memory allocation (min/avg/max) = 13.92 | 13.92 | 13.93 Mbytes
   Step         Volume          Temp          Press          PotEng         KinEng         TotEng         E_vdwl         E_coul         E_bond        E_angle        E_dihed        E_impro        Density    
        26   86951.26       0              4859.2807      21787.795      0              21787.795      13336.865      0              677.26018      1931.7769      5841.8926      0              0.87172924   
        85   86951.26       2.2790226      3711.4426      21431.546      25.12854       21456.674      13075.213      0              681.96703      1932.282       5742.0834      0              0.87172924   
Loop time of 0.0414496 on 48 procs for 59 steps with 3700 atoms

99.7% CPU use with 48 MPI tasks x 1 OpenMP threads

Minimization stats:
  Stopping criterion = energy tolerance
  Energy initial, next-to-last, final = 
      21787.7945268937   21433.6847736541     21431.54561015
  Force two-norm initial, final = 453.6679 85.824152
  Force max component initial, final = 78.000072 51.098542
  Final line search alpha, max atom move = 0 0
  Iterations, force evaluations = 59 61

MPI task timing breakdown:
Section |  min time  |  avg time  |  max time  |%varavg| %total
---------------------------------------------------------------
Pair    | 0.0075402  | 0.022029   | 0.030769   |   3.0 | 53.15
Bond    | 0.0014929  | 0.0033681  | 0.0042078  |   0.9 |  8.13
Neigh   | 0          | 0          | 0          |   0.0 |  0.00
Comm    | 0.0032275  | 0.012726   | 0.028986   |   4.4 | 30.70
Output  | 0          | 0          | 0          |   0.0 |  0.00
Modify  | 0          | 0          | 0          |   0.0 |  0.00
Other   |            | 0.003327   |            |       |  8.03

Nlocal:        77.0833 ave          97 max          38 min
Histogram: 1 0 1 2 6 5 13 9 4 7
Nghost:        2683.35 ave        2779 max        2606 min
Histogram: 5 4 6 5 7 8 7 2 2 2
Neighs:        18648.2 ave       25586 max        6664 min
Histogram: 1 0 0 4 6 10 9 9 4 5

Total # of neighbors = 895116
Ave neighs/atom = 241.92324
Ave special neighs/atom = 11.898378
Neighbor list builds = 0
Dangerous builds = 0
System init for write_data ...
Generated 0 of 3 mixed pair_coeff terms from geometric mixing rule
Generated 0 of 3 mixed pair_coeff terms from geometric mixing rule
Setting up Verlet run ...
  Unit style    : real
  Current step  : 85
  Time step     : 0.05
WARNING: Inconsistent image flags (src/domain.cpp:1051)
Per MPI rank memory allocation (min/avg/max) = 13.92 | 13.92 | 13.93 Mbytes
   Step         Volume          Temp          Press          PotEng         KinEng         TotEng         E_vdwl         E_coul         E_bond        E_angle        E_dihed        E_impro        Density    
        85   86951.26       2.2790226      3711.4426      21431.546      25.12854       21456.674      13075.213      0              681.96703      1932.282       5742.0834      0              0.87172924   
      1085   86951.26       18.117382      2716.3816      21278.995      199.76255      21478.758      12873.239      0              718.62166      1957.0645      5730.0699      0              0.87172924   
Loop time of 0.458983 on 48 procs for 1000 steps with 3700 atoms

Performance: 9.412 ns/day, 2.550 hours/ns, 2178.728 timesteps/s, 8.061 Matom-step/s
99.9% CPU use with 48 MPI tasks x 1 OpenMP threads

MPI task timing breakdown:
Section |  min time  |  avg time  |  max time  |%varavg| %total
---------------------------------------------------------------
Pair    | 0.083045   | 0.24642    | 0.33854    |  10.3 | 53.69
Bond    | 0.021059   | 0.047753   | 0.06042    |   3.6 | 10.40
Neigh   | 0          | 0          | 0          |   0.0 |  0.00
Comm    | 0.056712   | 0.1574     | 0.34599    |  14.6 | 34.29
Output  | 5.1398e-05 | 5.3554e-05 | 6.0876e-05 |   0.0 |  0.01
Modify  | 0.0005488  | 0.00093352 | 0.0011388  |   0.0 |  0.20
Other   |            | 0.006425   |            |       |  1.40

Nlocal:        77.0833 ave          97 max          38 min
Histogram: 1 0 1 2 7 4 12 11 3 7
Nghost:        2684.17 ave        2778 max        2610 min
Histogram: 5 6 4 5 6 9 7 2 2 2
Neighs:        18647.6 ave       25379 max        6677 min
Histogram: 1 0 0 4 6 10 8 9 5 5

Total # of neighbors = 895087
Ave neighs/atom = 241.91541
Ave special neighs/atom = 11.898378
Neighbor list builds = 0
Dangerous builds = 0
System init for write_data ...
Generated 0 of 3 mixed pair_coeff terms from geometric mixing rule
Generated 0 of 3 mixed pair_coeff terms from geometric mixing rule
Setting up Verlet run ...
  Unit style    : real
  Current step  : 1085
  Time step     : 0.1
WARNING: Inconsistent image flags (src/domain.cpp:1051)
Per MPI rank memory allocation (min/avg/max) = 13.92 | 13.92 | 13.93 Mbytes
   Step         Volume          Temp          Press          PotEng         KinEng         TotEng         E_vdwl         E_coul         E_bond        E_angle        E_dihed        E_impro        Density    
      1085   86951.26       600            6089.34        21278.995      6615.6098      27894.605      12873.239      0              718.62166      1957.0645      5730.0699      0              0.87172924   
     10000   86951.26       592.54964      5104.835       26936.846      6533.462       33470.308      12370.256      0              2628.3084      4084.8388      7853.4425      0              0.87172924   
     20000   86951.26       613.10086      6089.8012      26988.08       6760.0601      33748.14       11913.132      0              2790.9428      4287.8865      7996.1189      0              0.87172924   
     30000   86951.26       602.45043      4414.1913      26342.353      6642.6283      32984.981      11312.128      0              2784.1894      4251.6086      7994.4268      0              0.87172924   
     40000   86951.26       598.48368      4271.0806      26061.149      6598.8908      32660.04       11033.877      0              2776.6319      4311.2611      7939.3787      0              0.87172924   
     50000   86951.26       595.14671      3898.851       26143.263      6562.0974      32705.361      10974.589      0              2892.4728      4257.6767      8018.5248      0              0.87172924   
     60000   86951.26       607.09918      5526.2499      26080.532      6693.8855      32774.417      10831.858      0              2871.8937      4258.2967      8118.4834      0              0.87172924   
     70000   86951.26       601.7791       4334.8668      25871.935      6635.2262      32507.162      10732.95       0              2861.3084      4296.1003      7981.5768      0              0.87172924   
     80000   86951.26       587.05541      5705.968       25914.2        6472.8825      32387.083      10747.143      0              2879.1829      4310.3013      7977.5733      0              0.87172924   
     90000   86951.26       596.34833      4939.6747      25894.008      6575.3465      32469.354      10823.092      0              2910.6088      4186.5234      7973.7837      0              0.87172924   
    100000   86951.26       618.73863      3892.0591      26003.844      6822.2222      32826.066      10707.836      0              2927.09        4410.8041      7958.1137      0              0.87172924   
    110000   86951.26       596.74289      3815.6583      26048.774      6579.6969      32628.471      10517.682      0              2995.7911      4453.7159      8081.5852      0              0.87172924   
    120000   86951.26       588.48985      5245.502       25875.026      6488.6987      32363.725      10679.527      0              2893.4215      4360.1626      7941.9151      0              0.87172924   
    130000   86951.26       590.01766      5451.5712      26027.062      6505.5444      32532.606      10637.626      0              2918.97        4370.489       8099.9763      0              0.87172924   
    140000   86951.26       600.52485      4737.5981      25680.222      6621.3968      32301.619      10555.894      0              2806.1414      4324.1843      7994.0025      0              0.87172924   
    150000   86951.26       606.032        6165.6504      25961.222      6682.1188      32643.34       10699.115      0              2867.5081      4287.9311      8106.6671      0              0.87172924   
    160000   86951.26       608.27391      4363.7943      26127.345      6706.8381      32834.183      10641.555      0              2947.06        4404.5772      8134.153       0              0.87172924   
    170000   86951.26       611.58362      4872.1102      25857.888      6743.331       32601.219      10590.58       0              2869.5812      4338.3006      8059.4263      0              0.87172924   
    180000   86951.26       598.33291      4799.6997      25874.953      6597.2284      32472.182      10495.105      0              2971.8723      4329.4013      8078.5743      0              0.87172924   
    190000   86951.26       600.55357      5549.8495      25819.804      6621.7135      32441.517      10514.436      0              2925.921       4326.7876      8052.6589      0              0.87172924   
    200000   86951.26       602.95106      3887.7548      25621.667      6648.1483      32269.816      10334.134      0              2947.2541      4250.767       8089.5129      0              0.87172924   
    210000   86951.26       595.43635      2849.9329      25785.169      6565.2909      32350.46       10239.336      0              3065.1549      4351.36        8129.3189      0              0.87172924   
    220000   86951.26       595.31677      3305.7992      25778.923      6563.9724      32342.895      10243.638      0              3022.8564      4397.4697      8114.9592      0              0.87172924   
    230000   86951.26       608.81624      4409.5117      25835.909      6712.8178      32548.727      10444.1        0              3000.15        4338.6002      8053.0595      0              0.87172924   
    240000   86951.26       591.66752      4739.6331      25622.978      6523.7357      32146.713      10282.831      0              2956.2328      4244.8674      8139.0467      0              0.87172924   
    250000   86951.26       603.98901      5554.5213      25676.305      6659.5927      32335.898      10416.372      0              2859.5684      4296.2049      8104.1592      0              0.87172924   
    260000   86951.26       605.31188      4891.1922      25556.506      6674.1787      32230.685      10357.777      0              2834.6336      4294.3024      8069.7932      0              0.87172924   
    270000   86951.26       593.53702      4883.8769      25891.692      6544.349       32436.041      10521.057      0              3005.1133      4313.8578      8051.664       0              0.87172924   
    280000   86951.26       598.24177      3863.1775      25687.634      6596.2236      32283.857      10313.733      0              2930.6091      4376.5186      8066.7728      0              0.87172924   
    290000   86951.26       589.73577      3882.7276      25651.164      6502.4363      32153.601      10161.132      0              2981.4138      4410.2958      8098.3227      0              0.87172924   
    300000   86951.26       600.29864      4661.5782      25822.941      6618.9027      32441.844      10424.518      0              2946.3928      4382.1791      8069.8513      0              0.87172924   
    310000   86951.26       606.28897      2851.5712      25684.558      6684.9521      32369.51       10222.128      0              3025.887       4316.5259      8120.0178      0              0.87172924   
    320000   86951.26       607.96856      5098.1229      25788.214      6703.4713      32491.686      10381.328      0              2947.8978      4337.5571      8121.4313      0              0.87172924   
    330000   86951.26       606.99915      5404.275       25713.381      6692.7826      32406.164      10370.545      0              2972.0616      4316.5577      8054.2165      0              0.87172924   
    340000   86951.26       599.51269      5496.177       25628.33       6610.2368      32238.567      10277.854      0              2837.5225      4388.4835      8124.4701      0              0.87172924   
    350000   86951.26       605.07053      4265.736       25623.546      6671.5176      32295.064      10454.695      0              2852.5229      4307.1541      8009.1738      0              0.87172924   
    360000   86951.26       591.56794      3753.1083      25755.532      6522.6378      32278.17       10382.646      0              2977.9273      4302.7057      8092.2532      0              0.87172924   
    370000   86951.26       593.55412      4825.9835      25612.125      6544.5374      32156.662      10347.711      0              2866.2448      4298.6636      8099.5056      0              0.87172924   
    380000   86951.26       607.66425      3897.1529      25678.033      6700.116       32378.149      10235.135      0              2970.174       4369.2504      8103.4733      0              0.87172924   
    390000   86951.26       602.45171      3835.8326      25646.006      6642.6424      32288.648      10393.068      0              2909.6522      4307.0587      8036.2269      0              0.87172924   
    400000   86951.26       594.49715      5556.617       25670.453      6554.9354      32225.389      10375.308      0              2913.2714      4359.6658      8022.208       0              0.87172924   
    410000   86951.26       603.78011      4941.2418      25548.292      6657.2893      32205.581      10415.85       0              2893.7798      4271.5326      7967.1294      0              0.87172924   
    420000   86951.26       601.25995      4090.4553      25663.399      6629.5021      32292.901      10333.593      0              2998.6226      4356.2169      7974.9669      0              0.87172924   
    430000   86951.26       600.45514      4895.5335      25816.494      6620.6282      32437.122      10299.453      0              2986.6484      4410.218       8120.1744      0              0.87172924   
    440000   86951.26       596.90235      4729.278       25849.332      6581.455       32430.787      10360.952      0              2877.6222      4444.4339      8166.3232      0              0.87172924   
    450000   86951.26       587.85857      5593.963       25710.432      6481.7382      32192.171      10478.963      0              2871.8502      4371.1437      7988.4758      0              0.87172924   
    460000   86951.26       603.21469      4782.0218      25747.118      6651.055       32398.173      10450.648      0              2867.3963      4312.3742      8116.6989      0              0.87172924   
    470000   86951.26       604.55598      6052.3833      25547.559      6665.8442      32213.404      10241.362      0              2869.1463      4328.2422      8108.809       0              0.87172924   
    480000   86951.26       611.99737      3995.6881      25750.472      6747.893       32498.365      10347.66       0              3010.4649      4301.1354      8091.2119      0              0.87172924   
    490000   86951.26       612.52911      5970.691       25658.247      6753.756       32412.003      10354.415      0              2885.0439      4325.4712      8093.3169      0              0.87172924   
    500000   86951.26       599.09335      4275.4392      25612.475      6605.6131      32218.089      10277.001      0              2925.2372      4297.868       8112.3697      0              0.87172924   
    501085   86951.26       588.80159      5596.9445      25481.478      6492.1359      31973.614      10229.569      0              2772.3424      4399.8566      8079.7092      0              0.87172924   
Loop time of 277.61 on 48 procs for 500000 steps with 3700 atoms

Performance: 15.561 ns/day, 1.542 hours/ns, 1801.087 timesteps/s, 6.664 Matom-step/s
99.9% CPU use with 48 MPI tasks x 1 OpenMP threads

MPI task timing breakdown:
Section |  min time  |  avg time  |  max time  |%varavg| %total
---------------------------------------------------------------
Pair    | 73.937     | 138.97     | 199.97     | 226.3 | 50.06
Bond    | 13.524     | 25.747     | 34.515     |  81.9 |  9.27
Neigh   | 0.83072    | 0.83463    | 0.83871    |   0.3 |  0.30
Comm    | 37.128     | 106.58     | 183.4      | 291.2 | 38.39
Output  | 0.023537   | 0.043902   | 0.063002   |   5.2 |  0.02
Modify  | 2.3139     | 3.1325     | 3.9875     |  21.7 |  1.13
Other   |            | 2.301      |            |       |  0.83

Nlocal:        77.0833 ave         102 max          40 min
Histogram: 1 0 2 2 6 16 12 1 4 4
Nghost:         2697.4 ave        2762 max        2604 min
Histogram: 1 2 3 2 8 7 8 9 5 3
Neighs:        18595.5 ave       25705 max        9087 min
Histogram: 1 0 5 2 7 13 7 6 3 4

Total # of neighbors = 892585
Ave neighs/atom = 241.23919
Ave special neighs/atom = 11.898378
Neighbor list builds = 834
Dangerous builds = 0
Generated 0 of 3 mixed pair_coeff terms from geometric mixing rule
Setting up Verlet run ...
  Unit style    : real
  Current step  : 501085
  Time step     : 0.1
WARNING: Inconsistent image flags (src/domain.cpp:1051)
Per MPI rank memory allocation (min/avg/max) = 13.92 | 13.94 | 14.39 Mbytes
   Step         Volume          Temp          Press          PotEng         KinEng         TotEng         E_vdwl         E_coul         E_bond        E_angle        E_dihed        E_impro        Density    
    501085   86951.26       308            3969.2415      25481.478      3396.013       28877.491      10229.569      0              2772.3424      4399.8566      8079.7092      0              0.87172924   
    510000   86951.26       309.32192      5035.3388      22334.746      3410.5885      25745.334      9843.323       0              1850.0539      3318.0474      7323.3214      0              0.87172924   
    520000   86951.26       304.32195      4792.0104      22351.764      3355.4588      25707.222      9807.5615      0              1890.4386      3314.3289      7339.4347      0              0.87172924   
    530000   86951.26       310.56896      4989.9183      22193.386      3424.3385      25617.724      9784.3944      0              1846.6386      3284.2788      7278.0739      0              0.87172924   
    540000   86951.26       310.50239      4747.2084      22218.556      3423.6045      25642.16       9785.3228      0              1784.4077      3329.3993      7319.426       0              0.87172924   
    550000   86951.26       315.18563      5215.0078      22199.489      3475.2419      25674.731      9762.0932      0              1834.9289      3317.2808      7285.1857      0              0.87172924   
    560000   86951.26       309.38451      5574.7635      22251.691      3411.2787      25662.97       9737.8686      0              1857.0414      3382.9248      7273.8562      0              0.87172924   
    570000   86951.26       309.63744      4289.7718      22228.989      3414.0674      25643.056      9813.3428      0              1905.7989      3265.9807      7243.8664      0              0.87172924   
    580000   86951.26       311.7062       3667.5066      22273.522      3436.8776      25710.399      9743.731       0              1943.1874      3277.565       7309.0381      0              0.87172924   
    590000   86951.26       310.79338      5657.8214      22234.819      3426.8129      25661.632      9767.1614      0              1854.8214      3350.2769      7262.5591      0              0.87172924   
    600000   86951.26       304.57163      5827.3437      22212.602      3358.2118      25570.814      9843.5793      0              1798.9592      3264.8597      7305.2037      0              0.87172924   
    610000   86951.26       303.62887      5312.3751      22214.245      3347.8168      25562.062      9881.1785      0              1811.6229      3266.4453      7254.9984      0              0.87172924   
    620000   86951.26       319.94192      4251.5317      22188.289      3527.6849      25715.974      9741.8915      0              1830.813       3345.9404      7269.6438      0              0.87172924   
    630000   86951.26       310.42106      4505.6651      22345.189      3422.7076      25767.896      9880.6634      0              1830.883       3331.9349      7301.7074      0              0.87172924   
    640000   86951.26       305.11364      4343.4622      22249.062      3364.1879      25613.25       9756.052       0              1935.7762      3288.2343      7268.9998      0              0.87172924   
    650000   86951.26       310.17636      4585.1126      22310.746      3420.0096      25730.755      9737.5817      0              1892.5488      3340.4419      7340.1732      0              0.87172924   
    660000   86951.26       310.53111      4711.4571      22197.931      3423.9211      25621.852      9757.3684      0              1854.118       3331.7516      7254.6932      0              0.87172924   
    670000   86951.26       302.31907      5023.2124      22240.264      3333.375       25573.639      9781.542       0              1842.0711      3362.8991      7253.7519      0              0.87172924   
    680000   86951.26       303.74842      4166.7529      22181.384      3349.1351      25530.52       9791.2823      0              1875.0636      3299.4156      7215.623       0              0.87172924   
    690000   86951.26       312.09204      5488.3425      22228.597      3441.1319      25669.729      9834.9665      0              1851.4356      3313.2274      7228.9672      0              0.87172924   
    700000   86951.26       305.94623      4191.5019      22271.36       3373.3681      25644.728      9780.1494      0              1895.3417      3318.6311      7277.2381      0              0.87172924   
    710000   86951.26       306.77307      5289.3205      22372.14       3382.4849      25754.625      9852.7531      0              1892.6541      3352.8126      7273.9201      0              0.87172924   
    720000   86951.26       310.50764      4616.0647      22346.333      3423.6623      25769.995      9718.8583      0              1919.3276      3396.5516      7311.5952      0              0.87172924   
    730000   86951.26       300.39689      4881.6193      22206.322      3312.181       25518.503      9868.3739      0              1873.1295      3235.9829      7228.8361      0              0.87172924   
    740000   86951.26       309.43359      5554.2013      22274.642      3411.8199      25686.462      9815.4757      0              1886.5625      3295.0452      7277.5583      0              0.87172924   
    750000   86951.26       312.53491      5016.6624      22180.031      3446.015       25626.046      9765.7189      0              1836.5352      3304.4297      7273.3467      0              0.87172924   
    760000   86951.26       311.94843      5401.3343      22217.994      3439.5485      25657.543      9823.2422      0              1807.4673      3283.3116      7303.9731      0              0.87172924   
    770000   86951.26       296.93837      4562.4687      22168.853      3274.0473      25442.901      9650.2313      0              1928.3887      3302.2773      7287.956       0              0.87172924   
    780000   86951.26       301.08585      4859.5033      22195.36       3319.7775      25515.138      9727.9239      0              1878.6662      3278.9739      7309.7963      0              0.87172924   
    790000   86951.26       314.09043      4921.9638      22153.819      3463.1662      25616.985      9746.9372      0              1884.4312      3281.2894      7241.1611      0              0.87172924   
    800000   86951.26       304.69672      5459.2072      22198.866      3359.5911      25558.457      9681.5824      0              1893.4916      3359.2356      7264.5566      0              0.87172924   
    810000   86951.26       304.64196      5062.2256      22229.104      3358.9873      25588.091      9755.8588      0              1905.5081      3315.8187      7251.9185      0              0.87172924   
    820000   86951.26       312.19721      6030.2107      22160.057      3442.2915      25602.349      9844.0982      0              1782.8848      3288.3942      7244.6799      0              0.87172924   
    830000   86951.26       309.09724      4943.1293      22281.591      3408.1112      25689.702      9771.4433      0              1879.8593      3353.5074      7276.781       0              0.87172924   
    840000   86951.26       313.66392      5644.0833      22256.492      3458.4635      25714.955      9802.9581      0              1829.774       3384.2072      7239.5526      0              0.87172924   
    850000   86951.26       309.99608      4594.2571      22152.986      3418.0218      25571.008      9688.8009      0              1869.0958      3333.8022      7261.2871      0              0.87172924   
    860000   86951.26       311.53464      4821.6373      22229.887      3434.9861      25664.873      9776.5707      0              1867.6812      3304.8322      7280.8026      0              0.87172924   
    870000   86951.26       308.37503      5163.9683      22342.202      3400.1482      25742.35       9793.4693      0              1903.1045      3369.4434      7276.185       0              0.87172924   
    880000   86951.26       312.74236      4795.5262      22318.261      3448.3024      25766.563      9823.0176      0              1870.9203      3318.9704      7305.3527      0              0.87172924   
    890000   86951.26       315.15351      5204.6543      22269.172      3474.8878      25744.06       9851.3719      0              1845.8669      3285.6148      7286.3189      0              0.87172924   
    900000   86951.26       301.53266      6154.7595      22106.024      3324.7041      25430.728      9745.7659      0              1801.5428      3310.2166      7248.4987      0              0.87172924   
    910000   86951.26       305.74237      5769.4151      22138.604      3371.1204      25509.724      9739.4161      0              1850.8982      3319.446       7228.8436      0              0.87172924   
    920000   86951.26       313.0411       4923.1519      22196.102      3451.5963      25647.699      9784.0795      0              1897.4642      3313.1046      7201.4541      0              0.87172924   
    930000   86951.26       310.50482      4558.9225      22192.108      3423.6312      25615.739      9774.2685      0              1860.339       3299.5004      7258           0              0.87172924   
    940000   86951.26       308.45925      4567.1419      22171.884      3401.0768      25572.961      9796.9807      0              1842.6288      3291.8175      7240.4572      0              0.87172924   
    950000   86951.26       309.62087      4702.4765      22197.233      3413.8847      25611.118      9736.7744      0              1867.3094      3343.776       7249.3735      0              0.87172924   
    960000   86951.26       309.30326      4291.5508      22210.209      3410.3828      25620.592      9751.3566      0              1847.0269      3340.8408      7270.9847      0              0.87172924   
    970000   86951.26       312.91613      5483.5901      22271.88       3450.2184      25722.098      9807.9311      0              1854.2845      3353.7811      7255.8829      0              0.87172924   
    980000   86951.26       304.41387      5586.7548      22282.402      3356.4723      25638.875      9860.6278      0              1878.3585      3335.6567      7207.7593      0              0.87172924   
    990000   86951.26       307.15322      5986.8671      22210.585      3386.6764      25597.261      9849.0837      0              1792.6223      3328.3542      7240.5244      0              0.87172924   
   1000000   86951.26       306.30003      5930.6764      22221.08       3377.2692      25598.349      9808.5307      0              1828.2501      3286.8036      7297.4952      0              0.87172924   
   1001085   86951.26       304.30546      4294.3733      22149.778      3355.277       25505.055      9667.7588      0              1884.9966      3371.5064      7225.5161      0              0.87172924   
Loop time of 269.208 on 48 procs for 500000 steps with 3700 atoms

Performance: 16.047 ns/day, 1.496 hours/ns, 1857.303 timesteps/s, 6.872 Matom-step/s
99.9% CPU use with 48 MPI tasks x 1 OpenMP threads

MPI task timing breakdown:
Section |  min time  |  avg time  |  max time  |%varavg| %total
---------------------------------------------------------------
Pair    | 65.383     | 138.53     | 202.47     | 260.1 | 51.46
Bond    | 11.915     | 25.538     | 35.473     |  90.7 |  9.49
Neigh   | 0.45985    | 0.4623     | 0.46438    |   0.2 |  0.17
Comm    | 30.705     | 99.125     | 185.11     | 344.8 | 36.82
Output  | 0.02168    | 0.039954   | 0.056848   |   4.9 |  0.01
Modify  | 2.3318     | 3.2441     | 4.1497     |  23.0 |  1.21
Other   |            | 2.267      |            |       |  0.84

Nlocal:        77.0833 ave         108 max          41 min
Histogram: 1 1 2 7 7 16 6 2 4 2
Nghost:        2692.44 ave        2770 max        2614 min
Histogram: 4 0 5 8 6 5 11 5 1 3
Neighs:        18602.6 ave       27664 max        9559 min
Histogram: 3 1 3 11 8 5 6 5 4 2

Total # of neighbors = 892926
Ave neighs/atom = 241.33135
Ave special neighs/atom = 11.898378
Neighbor list builds = 483
Dangerous builds = 0
Generated 0 of 3 mixed pair_coeff terms from geometric mixing rule
Setting up Verlet run ...
  Unit style    : real
  Current step  : 1001085
  Time step     : 0.1
WARNING: Inconsistent image flags (src/domain.cpp:1051)
Per MPI rank memory allocation (min/avg/max) = 13.92 | 13.94 | 14.39 Mbytes
   Step         Volume          Temp          Press          PotEng         KinEng         TotEng         E_vdwl         E_coul         E_bond        E_angle        E_dihed        E_impro        Density    
   1001085   86951.26       308            4315.7892      22149.778      3396.013       25545.791      9667.7588      0              1884.9966      3371.5064      7225.5161      0              0.87172924   
   1010000   94426.464      304.53843      1320.4795      21733.944      3357.8457      25091.789      9439.3439      0              1891.7336      3296.2494      7106.6169      0              0.80271942   
   1020000   94196.218      305.45329      1254.0745      21897.893      3367.933       25265.826      9496.5429      0              1923.966       3332.9763      7144.4081      0              0.80468152   
   1030000   94113.528      312.39575      249.74586      21836.25       3444.4806      25280.731      9473.1191      0              1940.3702      3356.9249      7065.8359      0              0.80538853   
   1040000   94623.539      312.31258      946.29804      21766.346      3443.5636      25209.91       9429.8685      0              1959.515       3240.6261      7136.3363      0              0.80104757   
   1050000   95751.699      313.96938      1450.4879      21716.381      3461.8316      25178.212      9453.551       0              1891.2118      3274.6627      7096.9553      0              0.79160951   
   1060000   95147.51       305.77866      938.27864      21816.183      3371.5205      25187.704      9425.6821      0              1969.8234      3305.0137      7115.6641      0              0.79663625   
   1070000   95372.229      310.79555      990.81311      21719.335      3426.8368      25146.172      9403.9257      0              1911.537       3326.2212      7077.6508      0              0.7947592    
   1080000   95549.857      310.66205      232.58654      21774.593      3425.3648      25199.958      9372.9551      0              2001.154       3286.5194      7113.9645      0              0.79328173   
   1090000   95811.648      320.51563      1435.9194      21845.55       3534.0105      25379.561      9455.4289      0              1880.7586      3347.8719      7161.4909      0              0.7911142    
   1100000   95345.179      308.55108      1783.1972      21846.491      3402.0892      25248.58       9451.38        0              1890.1299      3344.9298      7160.0509      0              0.79498468   
   1110000   95654.945      306.49452      766.86557      21694.831      3379.4136      25074.245      9363.7404      0              1932.9069      3339.2622      7058.922       0              0.79241022   
   1120000   95560.772      305.33801     -112.54156      21833.693      3366.6619      25200.355      9360.7038      0              2030.0384      3341.5754      7101.3754      0              0.79319112   
   1130000   94604.021      305.41492      747.91247      21791.661      3367.5099      25159.17       9400.3729      0              1975.0221      3301.2533      7115.0123      0              0.80121283   
   1140000   95626.944      306.33113      970.75067      21813.843      3377.6121      25191.455      9436.9059      0              1937.3006      3340.2972      7099.3389      0              0.79264225   
   1150000   95567.663      315.98081      868.10684      21708.457      3484.0096      25192.466      9412.9812      0              1928.7933      3308.4336      7058.2488      0              0.79313393   
   1160000   95313.437      309.26925      1429.4887      21679.728      3410.0079      25089.736      9353.5764      0              1906.2114      3332.049       7087.8916      0              0.79524942   
   1170000   95375.269      313.43388      454.66975      21830.666      3455.9271      25286.593      9401.3433      0              1990.043       3345.4579      7093.8217      0              0.79473386   
   1180000   95573.811      310.26793      879.64851      21772.236      3421.0193      25193.255      9400.5539      0              1937.1166      3337.3781      7097.1876      0              0.79308291   
   1190000   95934.967      311.16304      1235.4005      21797.923      3430.8888      25228.812      9341.6911      0              1946.7701      3370.1546      7139.3076      0              0.79009727   
   1200000   95905.737      313.4733       658.61896      21758.721      3456.3617      25215.083      9408.1165      0              1946.5999      3330.3339      7073.6711      0              0.79033808   
   1210000   95666.487      310.3008       1191.503       21684.043      3421.3817      25105.424      9417.5497      0              1869.178       3307.5204      7089.7946      0              0.79231461   
   1220000   95235.849      305.80941      1592.8061      21706.032      3371.8595      25077.892      9402.3081      0              1856.3932      3370.5568      7076.7741      0              0.79589731   
   1230000   95851.202      312.71284      311.07705      21919.428      3447.9768      25367.405      9455.4392      0              1987.2044      3359.8456      7116.9386      0              0.79078774   
   1240000   95533.185      311.68749      861.29129      21767.831      3436.6714      25204.503      9376.3984      0              1895.9051      3341.4826      7154.0451      0              0.79342017   
   1250000   95826.669      305.71295      673.28356      21755.097      3370.796       25125.893      9432.2174      0              1961.2759      3270.7333      7090.8707      0              0.7909902    
   1260000   95577.522      299.47241      1090.5324      21874.362      3301.9878      25176.349      9493.6133      0              1982.3687      3309.6882      7088.6913      0              0.79305211   
   1270000   95644.052      316.7523       580.07689      21778.313      3492.516       25270.829      9417.2118      0              1949.2485      3306.5687      7105.2843      0              0.79250047   
   1280000   95555.58       310.3591       2039.6732      21745.775      3422.0245      25167.799      9436.1558      0              1875.0308      3329.4085      7105.1797      0              0.79323422   
   1290000   95477.831      310.51509      497.11012      21766.038      3423.7444      25189.783      9368.8983      0              1956.4122      3330.8971      7109.8307      0              0.79388016   
   1300000   95171.34       308.72289      1362.7712      21783.476      3403.9836      25187.46       9422.4827      0              1924.6558      3321.0257      7115.3117      0              0.79643679   
   1310000   95447.244      306.28503      1136.66        21828.327      3377.1037      25205.43       9424.7529      0              1936.3009      3336.4046      7130.8681      0              0.79413457   
   1320000   95720.618      308.50999     -329.99241      21728.258      3401.6362      25129.895      9244.183       0              1980.833       3338.5756      7164.6667      0              0.79186655   
   1330000   95007.27       304.88002      803.37821      21853.328      3361.612       25214.941      9494.193       0              1920.6116      3297.4247      7141.0991      0              0.79781217   
   1340000   95542.8        306.45096      1456.6569      21794.723      3378.9334      25173.656      9419.5111      0              1936.5633      3301.378       7137.27        0              0.79334032   
   1350000   95579.919      305.50245      200.9884       21899.261      3368.475       25267.736      9509.1856      0              1983.0664      3295.2359      7111.773       0              0.79303222   
   1360000   95473.807      315.15892      683.45421      21690.33       3474.9474      25165.277      9379.0882      0              1934.0643      3291.2636      7085.9138      0              0.79391362   
   1370000   96139.913      307.20995      717.56148      21719.649      3387.3019      25106.95       9377.374       0              1917.0587      3300.8894      7124.3264      0              0.78841298   
   1380000   95536.387      303.7399       1056.7463      21734.332      3349.0411      25083.373      9404.893       0              1932.5441      3336.6534      7060.2415      0              0.79339358   
   1390000   94988.607      308.16927      1584.771       21722.733      3397.8794      25120.612      9403.279       0              1837.8006      3306.407       7175.2465      0              0.79796892   
   1400000   96298.503      312.28302      311.73885      21709.115      3443.2377      25152.353      9303.1456      0              1913.5535      3355.3084      7137.1076      0              0.78711458   
   1410000   95677.329      305.90332      1353.3565      21725.07       3372.895       25097.965      9405.7417      0              1894.4356      3310.5164      7114.3763      0              0.79222484   
   1420000   95336.905      297.54633      1455.1231      21763.948      3280.7507      25044.699      9344.8905      0              1908.9689      3357.2653      7152.8235      0              0.79505367   
   1430000   95979.097      311.45219      1005.0751      21801.234      3434.077       25235.311      9407.5443      0              1941.0866      3362.9259      7089.6773      0              0.789734     
   1440000   95823.576      309.29486      948.28903      21726.722      3410.2902      25137.012      9366.9471      0              1929.1733      3339.0563      7091.5451      0              0.79101573   
   1450000   95401.69       307.37207      1715.7227      21810.708      3389.0895      25199.798      9442.5418      0              1922.0682      3317.5187      7128.5794      0              0.79451377   
   1460000   96442.49       300.82494      179.69866      21730.49       3316.9007      25047.391      9261.5393      0              1943.8825      3382.5606      7142.5081      0              0.78593944   
   1470000   95776.08       303.24199      784.23747      21718.292      3343.5511      25061.843      9437.4738      0              1892.0821      3337.1416      7051.5944      0              0.791408     
   1480000   95422.878      307.86137      327.87604      21697.318      3394.4846      25091.802      9403.9938      0              1941.4052      3296.5186      7055.4004      0              0.79433735   
   1490000   95877.097      304.87044      913.26971      21896.518      3361.5065      25258.025      9487.6905      0              1963.2775      3338.7546      7106.7958      0              0.79057417   
   1500000   95119.798      307.61782      1142.9426      21723.151      3391.7992      25114.95       9455.1043      0              1889.8574      3330.2274      7047.9622      0              0.79686834   
   1501085   95427.459      305.02252      1123.7978      21806.711      3363.1832      25169.894      9362.3426      0              1951.0102      3356.9097      7136.4484      0              0.79429922   
Loop time of 279.291 on 48 procs for 500000 steps with 3700 atoms

Performance: 15.468 ns/day, 1.552 hours/ns, 1790.246 timesteps/s, 6.624 Matom-step/s
99.9% CPU use with 48 MPI tasks x 1 OpenMP threads

MPI task timing breakdown:
Section |  min time  |  avg time  |  max time  |%varavg| %total
---------------------------------------------------------------
Pair    | 52.137     | 130.33     | 194.45     | 275.3 | 46.67
Bond    | 13.955     | 30.365     | 44.308     | 109.6 | 10.87
Neigh   | 0.49403    | 0.49663    | 0.49908    |   0.2 |  0.18
Comm    | 35.676     | 106.72     | 200.65     | 353.6 | 38.21
Output  | 0.021232   | 0.038993   | 0.055484   |   4.8 |  0.01
Modify  | 8.082      | 8.8147     | 9.6782     |  10.8 |  3.16
Other   |            | 2.525      |            |       |  0.90

Nlocal:        77.0833 ave         114 max          37 min
Histogram: 1 1 2 5 13 12 7 4 2 1
Nghost:        2526.71 ave        2628 max        2406 min
Histogram: 3 2 2 5 7 6 13 4 2 4
Neighs:        17009.1 ave       26326 max        7352 min
Histogram: 1 1 6 5 11 12 3 2 6 1

Total # of neighbors = 816439
Ave neighs/atom = 220.65919
Ave special neighs/atom = 11.898378
Neighbor list builds = 532
Dangerous builds = 0
Generated 0 of 3 mixed pair_coeff terms from geometric mixing rule
Setting up Verlet run ...
  Unit style    : real
  Current step  : 1501085
  Time step     : 0.1
WARNING: Inconsistent image flags (src/domain.cpp:1051)
Per MPI rank memory allocation (min/avg/max) = 13.92 | 13.95 | 14.39 Mbytes
   Step         Volume          Temp          Press          PotEng         KinEng         TotEng         E_vdwl         E_coul         E_bond        E_angle        E_dihed        E_impro        Density    
   1501085   95427.459      600            2681.7961      21806.711      6615.6098      28422.321      9362.3426      0              1951.0102      3356.9097      7136.4484      0              0.79429922   
   1510000   95427.459      587.74439      700.43392      25052.509      6480.4792      31532.988      9826.572       0              3033.8799      4278.2536      7913.8033      0              0.79429922   
   1520000   95427.459      618.60262      859.84664      25125.963      6820.7227      31946.686      9767.9062      0              3064.6846      4378.2525      7915.1197      0              0.79429922   
   1530000   95427.459      594.94467      585.18862      25024.981      6559.8697      31584.851      9716.6849      0              3043.8813      4268.5224      7995.8923      0              0.79429922   
   1540000   95427.459      595.73591      2150.0751      25285.993      6568.5938      31854.587      9922.6999      0              3022.2111      4321.651       8019.4309      0              0.79429922   
   1550000   95427.459      590.79241      1338.595       25165.849      6514.0868      31679.935      9743.511       0              3128.9904      4267.0687      8026.2784      0              0.79429922   
   1560000   95427.459      603.38963      836.80547      25248.287      6652.9839      31901.271      9966.4271      0              3057.3673      4252.5448      7971.9482      0              0.79429922   
   1570000   95427.459      605.46681      185.26456      25179.976      6675.887       31855.863      9705.0014      0              3079.4645      4387.1491      8008.361       0              0.79429922   
   1580000   95427.459      582.174        1172.0179      25199.658      6419.0601      31618.718      9767.2215      0              2972.2894      4359.1154      8101.032       0              0.79429922   
   1590000   95427.459      595.32896      1912.4191      25128.413      6564.1069      31692.52       9684.2513      0              2962.0351      4376.0623      8106.0642      0              0.79429922   
   1600000   95427.459      622.14815      2831.1654      25145.628      6859.8157      32005.444      9899.3609      0              2976.475       4270.9543      7998.8376      0              0.79429922   
   1610000   95427.459      597.70922      897.5359       25031.801      6590.3516      31622.153      9647.3584      0              3077.8511      4262.4385      8044.1531      0              0.79429922   
   1620000   95427.459      614.95491      2582.7172      25213.72       6780.5029      31994.223      9958.0666      0              2947.8948      4348.4504      7959.308       0              0.79429922   
   1630000   95427.459      598.88037      1190.3596      24872.312      6603.2648      31475.577      9618.2834      0              2975.7738      4261.6476      8016.6071      0              0.79429922   
   1640000   95427.459      587.71533      1967.5328      25078.856      6480.1588      31559.015      9852.9002      0              2955.2729      4261.7582      8008.9245      0              0.79429922   
   1650000   95427.459      587.65557      1865.1274      25077.669      6479.4999      31557.169      9792.3274      0              2974.6676      4282.9092      8027.7651      0              0.79429922   
   1660000   95427.459      593.45765      801.39983      25124.96       6543.4738      31668.434      9735.8288      0              2971.6131      4377.4759      8040.0421      0              0.79429922   
   1670000   95427.459      591.13521      2003.668       24940.316      6517.8665      31458.182      9861.1587      0              2885.2362      4224.9055      7969.0153      0              0.79429922   
   1680000   95427.459      589.45637      2413.5498      24974.938      6499.3556      31474.294      9837.0963      0              2900.0222      4257.3922      7980.4273      0              0.79429922   
   1690000   95427.459      598.68634      2307.6674      25171.293      6601.1254      31772.418      9852.4272      0              3030.6406      4270.3656      8017.8594      0              0.79429922   
   1700000   95427.459      599.99297      1585.3372      25106.965      6615.5323      31722.497      9733.8096      0              2997.1035      4376.1736      7999.8781      0              0.79429922   
   1710000   95427.459      601.95782      2766.8859      24935.563      6637.1968      31572.76       9750.0694      0              2934.0858      4316.9585      7934.4494      0              0.79429922   
   1720000   95427.459      592.24732      1958.5223      24874.061      6530.1287      31404.189      9672.5044      0              2959.9408      4280.534       7961.0813      0              0.79429922   
   1730000   95427.459      605.75083      1174.8234      25262.605      6679.0186      31941.623      9730.0592      0              3029.7086      4399.9744      8102.8626      0              0.79429922   
   1740000   95427.459      596.39519      2137.5985      25060.933      6575.8632      31636.797      9679.0979      0              2950.0183      4426.5398      8005.2774      0              0.79429922   
   1750000   95427.459      613.21077      1181.5911      25220.79       6761.272       31982.062      9621.5478      0              3086.1973      4374.7388      8138.3059      0              0.79429922   
   1760000   95427.459      609.27282      2187.7269      25022.225      6717.8521      31740.077      9757.036       0              2894.0141      4361.0912      8010.0832      0              0.79429922   
   1770000   95427.459      601.45185      1828.3815      25140.044      6631.618       31771.662      9808.1921      0              3016.4986      4384.2765      7931.0768      0              0.79429922   
   1780000   95427.459      602.30705      1366.352       24961.842      6641.0474      31602.889      9762.5465      0              3009.5436      4246.0004      7943.7515      0              0.79429922   
   1790000   95427.459      606.68005      884.52105      25146.014      6689.2642      31835.279      9701.6958      0              3039.3471      4369.5552      8035.4163      0              0.79429922   
   1800000   95427.459      601.71286      1861.9359      25154.115      6634.4959      31788.61       9865.4564      0              2994.0004      4308.3242      7986.3336      0              0.79429922   
   1810000   95427.459      599.12857      1133.8754      25023.058      6606.0015      31629.06       9702.6697      0              3009.0412      4329.6804      7981.6671      0              0.79429922   
   1820000   95427.459      612.76465      2186.558       24887.675      6756.353       31644.028      9779.3181      0              2805.3567      4352.4294      7950.5704      0              0.79429922   
   1830000   95427.459      595.52868      1983.3175      25007.952      6566.309       31574.261      9831.1013      0              2889.5486      4262.0749      8025.2269      0              0.79429922   
   1840000   95427.459      597.56264      430.59821      25164.044      6588.7355      31752.78       9815.546       0              3008.5643      4372.7041      7967.2298      0              0.79429922   
   1850000   95427.459      594.97634      1925.5283      24965.992      6560.2189      31526.211      9775.5773      0              2948.9434      4306.5695      7934.9023      0              0.79429922   
   1860000   95427.459      593.77154      1615.2035      24936.837      6546.9347      31483.772      9755.271       0              2989.9166      4285.4504      7906.1995      0              0.79429922   
   1870000   95427.459      607.55658      1947.7529      24970.431      6698.9288      31669.36       9740.2892      0              2990.4102      4271.9603      7967.771       0              0.79429922   
   1880000   95427.459      599.73881      402.63304      25059.823      6612.7299      31672.553      9734.2875      0              3057.6452      4300.0457      7967.8449      0              0.79429922   
   1890000   95427.459      613.68496      3209.631       24794.09       6766.5004      31560.59       9665.4167      0              2851.6481      4323.2791      7953.7457      0              0.79429922   
   1900000   95427.459      607.55795      1134.2214      25052.374      6698.9439      31751.318      9678.3436      0              2976.9705      4338.983       8058.0768      0              0.79429922   
   1910000   95427.459      601.60375      2081.882       24872.234      6633.2928      31505.527      9664.5298      0              2938.3082      4374.159       7895.2369      0              0.79429922   
   1920000   95427.459      602.58943      1840.7013      25158.427      6644.1609      31802.588      9650.3265      0              2976.3199      4480.8037      8050.9772      0              0.79429922   
   1930000   95427.459      595.72968      1898.6166      25063.679      6568.5252      31632.204      9903.4745      0              2849.3546      4303.8056      8007.044       0              0.79429922   
   1940000   95427.459      595.18576      2216.3268      25091.431      6562.5279      31653.959      9729.2934      0              3015.7755      4401.6008      7944.7616      0              0.79429922   
   1950000   95427.459      597.45813      2693.5463      25082.049      6587.5832      31669.633      9690.5047      0              2950.7665      4394.8123      8045.9659      0              0.79429922   
   1960000   95427.459      601.59754      740.53158      24906.718      6633.2244      31539.942      9546.901       0              3014.3531      4337.8043      8007.6597      0              0.79429922   
   1970000   95427.459      592.89991      1471.6625      25071.726      6537.3242      31609.051      9717.6053      0              3029.233       4287.5601      8037.3281      0              0.79429922   
   1980000   95427.459      608.73024      2932.3904      25185.756      6711.8696      31897.625      9905.0325      0              2883.226       4349.9295      8047.5677      0              0.79429922   
   1990000   95427.459      593.16209      2284.6892      25049.47       6540.2149      31589.685      9738.3651      0              2965.1025      4326.8848      8019.118       0              0.79429922   
   2000000   95427.459      604.53852      1339.9504      25080.085      6665.6517      31745.736      9547.8868      0              3070.6714      4421.9208      8039.6057      0              0.79429922   
   2001085   95427.459      592.81914      1922.0748      24909.064      6536.4335      31445.498      9612.9992      0              2953.882       4369.6623      7972.5206      0              0.79429922   
Loop time of 256.08 on 48 procs for 500000 steps with 3700 atoms

Performance: 16.870 ns/day, 1.423 hours/ns, 1952.515 timesteps/s, 7.224 Matom-step/s
99.9% CPU use with 48 MPI tasks x 1 OpenMP threads

MPI task timing breakdown:
Section |  min time  |  avg time  |  max time  |%varavg| %total
---------------------------------------------------------------
Pair    | 48.063     | 125.39     | 180.69     | 259.7 | 48.97
Bond    | 12.312     | 25.344     | 34.418     |  86.9 |  9.90
Neigh   | 0.76027    | 0.76393    | 0.76767    |   0.3 |  0.30
Comm    | 36.245     | 99.381     | 189.33     | 327.6 | 38.81
Output  | 0.021244   | 0.038899   | 0.054949   |   4.7 |  0.02
Modify  | 2.2113     | 2.9491     | 3.6037     |  18.4 |  1.15
Other   |            | 2.209      |            |       |  0.86

Nlocal:        77.0833 ave         111 max          39 min
Histogram: 2 1 1 6 8 17 5 6 1 1
Nghost:        2540.67 ave        2621 max        2432 min
Histogram: 2 2 1 4 6 9 10 5 7 2
Neighs:        16987.1 ave       25605 max        7606 min
Histogram: 1 2 3 7 9 12 7 1 4 2

Total # of neighbors = 815383
Ave neighs/atom = 220.37378
Ave special neighs/atom = 11.898378
Neighbor list builds = 822
Dangerous builds = 0
Generated 0 of 3 mixed pair_coeff terms from geometric mixing rule
Setting up Verlet run ...
  Unit style    : real
  Current step  : 2001085
  Time step     : 0.1
WARNING: Inconsistent image flags (src/domain.cpp:1051)
Per MPI rank memory allocation (min/avg/max) = 13.92 | 13.95 | 14.39 Mbytes
   Step         Volume          Temp          Press          PotEng         KinEng         TotEng         E_vdwl         E_coul         E_bond        E_angle        E_dihed        E_impro        Density    
   2001085   95427.459      308            417.73034      24909.064      3396.013       28305.077      9612.9992      0              2953.882       4369.6623      7972.5206      0              0.79429922   
   2010000   95427.459      312.14205      1441.0128      21708.305      3441.6834      25149.989      9454.7347      0              1894.5918      3277.7156      7081.2631      0              0.79429922   
   2020000   95427.459      307.00425      893.36783      21855.195      3385.0339      25240.229      9355.3513      0              1972.9459      3308.5933      7218.3047      0              0.79429922   
   2030000   95427.459      313.38358      1581.1915      21673.317      3455.3725      25128.69       9321.5701      0              1956.2466      3283.3096      7112.1909      0              0.79429922   
   2040000   95427.459      313.62972      2378.8312      21664.111      3458.0865      25122.197      9405.3875      0              1898.7296      3237.5642      7122.4293      0              0.79429922   
   2050000   95427.459      308.06807      1600.2029      21684.982      3396.7636      25081.746      9329.1534      0              1900.7042      3308.0741      7147.0505      0              0.79429922   
   2060000   95427.459      307.978        1468.5117      21778.476      3395.7705      25174.246      9355.2359      0              1942.6583      3336.4428      7144.1386      0              0.79429922   
   2070000   95427.459      311.35309      770.09865      21502.691      3432.9843      24935.675      9245.558       0              1962.7364      3242.334       7052.0621      0              0.79429922   
   2080000   95427.459      307.1          1046.3611      21659.277      3386.0896      25045.367      9286.9047      0              1958.2791      3255.0471      7159.0462      0              0.79429922   
   2090000   95427.459      309.18785      1544.3872      21710.706      3409.1103      25119.817      9308.0534      0              1885.7005      3360.7495      7156.2027      0              0.79429922   
   2100000   95427.459      307.05539      1838.0534      21674.347      3385.5977      25059.945      9404.7207      0              1861.244       3272.5555      7135.8268      0              0.79429922   
   2110000   95427.459      304.42171      1816.3717      21743.473      3356.5588      25100.032      9470.4743      0              1878.6349      3266.4503      7127.9134      0              0.79429922   
   2120000   95427.459      305.83896      1079.3606      21663.077      3372.1854      25035.263      9313.044       0              1933.7202      3316.9151      7099.398       0              0.79429922   
   2130000   95427.459      311.40312      1598.8398      21666.062      3433.5359      25099.598      9380.1814      0              1855.8267      3290.9192      7139.1345      0              0.79429922   
   2140000   95427.459      306.95833      798.55227      21641.23       3384.5276      25025.758      9321.9156      0              1907.3138      3297.9058      7114.0951      0              0.79429922   
   2150000   95427.459      305.20305      1172.9397      21790.992      3365.1738      25156.166      9371.2244      0              1986.2337      3299.2818      7134.2525      0              0.79429922   
   2160000   95427.459      307.69808      668.75663      21672.25       3392.684       25064.934      9234.1517      0              1921.0008      3364.364       7152.7338      0              0.79429922   
   2170000   95427.459      308.3347       1337.3991      21663.401      3399.7034      25063.105      9383.9291      0              1927.1837      3263.7421      7088.5463      0              0.79429922   
   2180000   95427.459      307.60886      1577.9366      21647.447      3391.7003      25039.147      9338.746       0              1868.7655      3309.5673      7130.3682      0              0.79429922   
   2190000   95427.459      306.2334       1037.1634      21714.55       3376.5345      25091.085      9366.7214      0              1929.9536      3311.8274      7106.0477      0              0.79429922   
   2200000   95427.459      311.32798      1455.1109      21553.934      3432.7074      24986.641      9331.9086      0              1937.1546      3238.3461      7046.5242      0              0.79429922   
   2210000   95427.459      305.12226      1714.2514      21576.139      3364.283       24940.422      9353.7794      0              1890.1677      3259.1132      7073.0782      0              0.79429922   
   2220000   95427.459      307.22459      568.24074      21782.355      3387.4634      25169.818      9295.9405      0              1958.7216      3369.3601      7158.3327      0              0.79429922   
   2230000   95427.459      313.72848      1232.1726      21696.371      3459.1754      25155.546      9403.9728      0              1972.6642      3254.9256      7064.8085      0              0.79429922   
   2240000   95427.459      312.71691      1940.7167      21693.952      3448.0217      25141.974      9388.4119      0              1890.6399      3269.2562      7145.6439      0              0.79429922   
   2250000   95427.459      303.49061      1245.3809      21635.964      3346.2924      24982.256      9263.5524      0              1908.018       3302.2523      7162.1413      0              0.79429922   
   2260000   95427.459      307.49953      1519.9609      21737.75       3390.4948      25128.245      9337.5888      0              1907.0403      3291.215       7201.906       0              0.79429922   
   2270000   95427.459      307.5848       1545.4355      21749.567      3391.4351      25141.002      9371.0497      0              1874.3232      3372.8949      7131.2993      0              0.79429922   
   2280000   95427.459      309.92269      1396.7074      21644.787      3417.2126      25062          9333.2344      0              1869.501       3304.8099      7137.2419      0              0.79429922   
   2290000   95427.459      312.02463      1297.8232      21609.637      3440.3887      25050.026      9256.7308      0              1936.0709      3242.5189      7174.3168      0              0.79429922   
   2300000   95427.459      311.08634      938.39841      21710.202      3430.0431      25140.245      9348.2084      0              1933.2323      3309.4039      7119.3577      0              0.79429922   
   2310000   95427.459      313.10381      1574.1171      21745.823      3452.2877      25198.11       9414.5858      0              1905.6261      3265.0932      7160.5177      0              0.79429922   
   2320000   95427.459      311.01852      1380.2489      21725.975      3429.2953      25155.271      9377.9731      0              1874.129       3352.8183      7121.055       0              0.79429922   
   2330000   95427.459      300.23415      1084.1697      21687.293      3310.3867      24997.68       9306.8119      0              1925.3876      3301.5571      7153.5364      0              0.79429922   
   2340000   95427.459      312.51098      1491.72        21608.103      3445.7512      25053.854      9317.0513      0              1871.6238      3289.7549      7129.6731      0              0.79429922   
   2350000   95427.459      302.631        961.77498      21608.893      3336.8143      24945.708      9260.6492      0              1900.2983      3326.0114      7121.9344      0              0.79429922   
   2360000   95427.459      304.64533      602.08915      21745.494      3359.0244      25104.519      9356.8825      0              1986.5185      3271.9728      7130.1205      0              0.79429922   
   2370000   95427.459      306.81788      1035.9225      21676.23       3382.979       25059.209      9340.8967      0              1911.1167      3346.8217      7077.3946      0              0.79429922   
   2380000   95427.459      311.16776      1376.2862      21702.901      3430.9408      25133.842      9264.2448      0              1911.3862      3320.7596      7206.5108      0              0.79429922   
   2390000   95427.459      314.26041      411.43555      21616.768      3465.0405      25081.809      9245.1198      0              1929.2873      3301.9198      7140.4414      0              0.79429922   
   2400000   95427.459      301.18853      2056.8961      21585.072      3320.9097      24905.982      9355.2822      0              1854.4983      3261.8058      7113.4857      0              0.79429922   
   2410000   95427.459      306.35196      1796.0267      21644.72       3377.8417      25022.561      9405.1645      0              1852.7378      3268.9854      7117.8319      0              0.79429922   
   2420000   95427.459      308.65205      1689.4395      21618.823      3403.2025      25022.025      9345.8847      0              1893.6985      3264.5254      7114.7141      0              0.79429922   
   2430000   95427.459      307.43064      1234.7945      21550.917      3389.7353      24940.652      9285.5516      0              1860.0418      3298.5864      7106.737       0              0.79429922   
   2440000   95427.459      310.60006      1675.4246      21714.327      3424.6814      25139.009      9374.3887      0              1901.2031      3330.6125      7108.123       0              0.79429922   
   2450000   95427.459      307.26831      1261.6648      21734.663      3387.9454      25122.609      9294.2512      0              1887.0037      3401.1317      7152.2767      0              0.79429922   
   2460000   95427.459      305.16345      597.59927      21704.507      3364.7372      25069.244      9391.212       0              1952.8215      3219.3914      7141.082       0              0.79429922   
   2470000   95427.459      302.21353      2249.3777      21728.145      3332.2114      25060.357      9389.9305      0              1884.1123      3314.1006      7140.0021      0              0.79429922   
   2480000   95427.459      318.02075      1935.7304      21728.093      3506.502       25234.595      9393.634       0              1884.5338      3329.3119      7120.6134      0              0.79429922   
   2490000   95427.459      313.03547      2554.0464      21716.461      3451.5343      25167.995      9415.5089      0              1887.2897      3308.835       7104.8276      0              0.79429922   
   2500000   95427.459      296.19808      1234.132       21682.173      3265.8849      24948.058      9331.0208      0              1873.9982      3303.5105      7173.6431      0              0.79429922   
   2510000   95427.459      306.74984      2082.7374      21659.866      3382.2287      25042.095      9330.6797      0              1909.3961      3304.3874      7115.4029      0              0.79429922   
   2520000   95427.459      306.67104      1349.2415      21792.816      3381.36        25174.175      9393.9391      0              1928.3765      3321.833       7148.6669      0              0.79429922   
   2530000   95427.459      305.3981       1693.6188      21634.31       3367.3244      25001.634      9300.7054      0              1892.8932      3351.218       7089.4932      0              0.79429922   
   2540000   95427.459      308.96909      1680.7678      21642.832      3406.6983      25049.53       9312.8999      0              1927.0463      3260.5304      7142.3552      0              0.79429922   
   2550000   95427.459      299.84488      1707.4336      21739.912      3306.0945      25046.007      9431.076       0              1885.3618      3321.5235      7101.9508      0              0.79429922   
   2560000   95427.459      309.985        1614.2557      21701.29       3417.8997      25119.189      9419.1177      0              1863.8652      3291.5793      7126.7274      0              0.79429922   
   2570000   95427.459      312.05071      1768.4972      21653.879      3440.6762      25094.556      9399.6267      0              1851.8498      3293.5204      7108.8824      0              0.79429922   
   2580000   95427.459      308.22064      1213.1809      21703.014      3398.4459      25101.46       9315.1509      0              1893.611       3347.8597      7146.3921      0              0.79429922   
   2590000   95427.459      313.94528      2126.4         21670.403      3461.5658      25131.969      9319.8145      0              1865.992       3341.5283      7143.0687      0              0.79429922   
   2600000   95427.459      302.27109      993.99567      21764.232      3332.8459      25097.078      9374.981       0              1956.6973      3351.0585      7081.4955      0              0.79429922   
   2610000   95427.459      304.47592      2120.1149      21682.155      3357.1565      25039.312      9413.2604      0              1807.9218      3286.1607      7174.8125      0              0.79429922   
   2620000   95427.459      305.49656      1249.2097      21615.538      3368.4101      24983.948      9333.3202      0              1891.9024      3280.6892      7109.6259      0              0.79429922   
   2630000   95427.459      311.23728      1707.81        21711.405      3431.7073      25143.113      9426.0907      0              1868.5828      3304.709       7112.0227      0              0.79429922   
   2640000   95427.459      310.96543      1395.4495      21703.06       3428.71        25131.77       9344.1055      0              1906.1749      3326.947       7125.8329      0              0.79429922   
   2650000   95427.459      305.06016      1513.5887      21749.705      3363.5984      25113.304      9369.404       0              1913.1571      3303.9453      7163.1989      0              0.79429922   
   2660000   95427.459      304.32111      2021.3976      21654.645      3355.4496      25010.095      9373.8049      0              1885.2988      3272.7588      7122.7829      0              0.79429922   
   2670000   95427.459      307.03816      1023.0131      21803.337      3385.4077      25188.745      9361.3443      0              1964.126       3292.9037      7184.9632      0              0.79429922   
   2680000   95427.459      300.38898      861.81354      21669.277      3312.0938      24981.37       9327.7876      0              1980.6485      3225.9267      7134.9137      0              0.79429922   
   2690000   95427.459      310.11918      1720.0488      21681.793      3419.3792      25101.172      9387.2332      0              1912.1632      3286.1282      7096.2686      0              0.79429922   
   2700000   95427.459      306.44779      1013.289       21639.014      3378.8983      25017.913      9323.3655      0              1896.1551      3324.4309      7095.0626      0              0.79429922   
   2710000   95427.459      306.4409       1601.0667      21655.483      3378.8224      25034.305      9369.0532      0              1880.4594      3278.2474      7127.7225      0              0.79429922   
   2720000   95427.459      306.80078      1729.7388      21716.071      3382.7904      25098.861      9392.5558      0              1924.9056      3308.7858      7089.8233      0              0.79429922   
   2730000   95427.459      307.61219      788.46861      21685.555      3391.737       25077.292      9274.2598      0              1960.0582      3309.7611      7141.4755      0              0.79429922   
   2740000   95427.459      306.60929      731.35109      21732.648      3380.679       25113.327      9299.4885      0              1975.6475      3346.0573      7111.4547      0              0.79429922   
   2750000   95427.459      306.81076      1952.2302      21697.981      3382.9004      25080.881      9343.5256      0              1938.339       3286.9586      7129.1575      0              0.79429922   
   2760000   95427.459      310.57385      1352.92        21691.9        3424.3924      25116.293      9349.0238      0              1913.8239      3309.018       7120.0346      0              0.79429922   
   2770000   95427.459      315.09321      1569.9908      21676.514      3474.2229      25150.737      9352.9756      0              1899.3254      3293.0885      7131.1249      0              0.79429922   
   2780000   95427.459      318.67751      2337.6501      21726.775      3513.7435      25240.519      9413.5515      0              1911.6824      3312.6889      7088.8525      0              0.79429922   
   2790000   95427.459      312.19986      1043.2148      21726.225      3442.3208      25168.545      9409.0655      0              1915.3341      3308.9688      7092.8563      0              0.79429922   
   2800000   95427.459      307.92254      1084.305       21564.639      3395.159       24959.798      9278.7126      0              1928.4588      3294.1555      7063.3124      0              0.79429922   
   2810000   95427.459      309.09523      1893.5622      21683.09       3408.089       25091.179      9353.8348      0              1867.2518      3315.2774      7146.7262      0              0.79429922   
   2820000   95427.459      313.55026      1679.9565      21746.957      3457.2103      25204.168      9367.2218      0              1901.0443      3331.453       7147.2383      0              0.79429922   
   2830000   95427.459      300.88179      1683.0616      21665.691      3317.5276      24983.219      9358.6984      0              1863.3374      3330.2465      7113.4088      0              0.79429922   
   2840000   95427.459      307.03971      2382.3469      21734.533      3385.4249      25119.958      9371.366       0              1858.3088      3348.7581      7156.1002      0              0.79429922   
   2850000   95427.459      305.82009      1071.7383      21789.323      3371.9774      25161.3        9419.8636      0              1977.7941      3269.4073      7122.2575      0              0.79429922   
   2860000   95427.459      306.34036      1167.9432      21683.416      3377.7139      25061.13       9366.0809      0              1928.2396      3286.0707      7103.0245      0              0.79429922   
   2870000   95427.459      310.8665       1892.0732      21728.874      3427.6191      25156.493      9369.2833      0              1929.1177      3274.9694      7155.5038      0              0.79429922   
   2880000   95427.459      312.05935      1986.4034      21727.731      3440.7715      25168.502      9359.5807      0              1901.5157      3311.0982      7155.5361      0              0.79429922   
   2890000   95427.459      306.74947      1377.8291      21619.866      3382.2247      25002.09       9337.9901      0              1921.3069      3258.3048      7102.2639      0              0.79429922   
   2900000   95427.459      306.4155       1314.2365      21707.385      3378.5424      25085.927      9342.2588      0              1928.1338      3266.6551      7170.3369      0              0.79429922   
   2910000   95427.459      308.05505      635.88469      21761.566      3396.62        25158.186      9355.5102      0              1955.2179      3344.6808      7106.1574      0              0.79429922   
   2920000   95427.459      305.8187       1526.8853      21726.83       3371.962       25098.792      9408.7706      0              1894.3358      3259.355       7164.3685      0              0.79429922   
   2930000   95427.459      309.20951      1677.9381      21571.425      3409.3491      24980.774      9304.3005      0              1830.6105      3321.2795      7115.2348      0              0.79429922   
   2940000   95427.459      303.82875      694.75685      21627.303      3350.0207      24977.324      9306.8275      0              1945.5081      3285.7672      7089.2006      0              0.79429922   
   2950000   95427.459      306.53229      988.18285      21615.88       3379.8301      24995.711      9270.2711      0              1903.5424      3283.3194      7158.7475      0              0.79429922   
   2960000   95427.459      305.05744      1535.3565      21708.069      3363.5683      25071.638      9270.2006      0              1932.5509      3357.8675      7147.4503      0              0.79429922   
   2970000   95427.459      310.37389      1799.6071      21680.6        3422.1876      25102.787      9245.7163      0              1923.6563      3317.2946      7193.9323      0              0.79429922   
   2980000   95427.459      314.57863      2060.1908      21579.553      3468.5491      25048.102      9321.0155      0              1857.2718      3315.8306      7085.4348      0              0.79429922   
   2990000   95427.459      310.19229      330.49326      21671.511      3420.1853      25091.696      9325.6541      0              1932.3925      3268.9006      7144.5636      0              0.79429922   
   3000000   95427.459      305.52419      1275.4101      21710.728      3368.7147      25079.443      9207.0784      0              1929.9125      3391.7555      7181.9817      0              0.79429922   
   3001085   95427.459      318.44668      714.74795      21661.001      3511.1983      25172.199      9219.3595      0              1988.6038      3346.1066      7106.9309      0              0.79429922   
Loop time of 498.334 on 48 procs for 1000000 steps with 3700 atoms

Performance: 17.338 ns/day, 1.384 hours/ns, 2006.685 timesteps/s, 7.425 Matom-step/s
99.9% CPU use with 48 MPI tasks x 1 OpenMP threads

MPI task timing breakdown:
Section |  min time  |  avg time  |  max time  |%varavg| %total
---------------------------------------------------------------
Pair    | 95.239     | 251.07     | 360.05     | 370.6 | 50.38
Bond    | 25.07      | 50.479     | 69.969     | 123.4 | 10.13
Neigh   | 0.91433    | 0.91857    | 0.9225     |   0.3 |  0.18
Comm    | 60.943     | 185.7      | 366.05     | 483.4 | 37.26
Output  | 0.041714   | 0.076776   | 0.10889    |   6.6 |  0.02
Modify  | 4.2489     | 5.7077     | 7.1157     |  27.8 |  1.15
Other   |            | 4.383      |            |       |  0.88

Nlocal:        77.0833 ave         102 max          33 min
Histogram: 1 0 2 1 3 14 8 10 6 3
Nghost:        2526.31 ave        2597 max        2424 min
Histogram: 2 2 1 3 7 7 11 6 7 2
Neighs:        16994.6 ave       24419 max        6143 min
Histogram: 1 0 2 6 5 11 6 10 3 4

Total # of neighbors = 815740
Ave neighs/atom = 220.47027
Ave special neighs/atom = 11.898378
Neighbor list builds = 996
Dangerous builds = 0
Generated 0 of 3 mixed pair_coeff terms from geometric mixing rule
Setting up Verlet run ...
  Unit style    : real
  Current step  : 3001085
  Time step     : 0.1
WARNING: Inconsistent image flags (src/domain.cpp:1051)
Per MPI rank memory allocation (min/avg/max) = 13.92 | 13.95 | 14.39 Mbytes
   Step         Volume          Temp          Press          PotEng         KinEng         TotEng         E_vdwl         E_coul         E_bond        E_angle        E_dihed        E_impro        Density    
   3001085   95427.459      308            659.57119      21661.001      3396.013       25057.014      9219.3595      0              1988.6038      3346.1066      7106.9309      0              0.79429922   
   3010000   62700.69       307.73157      29469.109      26464.764      3393.0533      29857.817      13213.906      0              1473.0016      3414.8072      8363.0485      0              1.2088855    
   3020000   61849.243      307.40349      30192.487      26529.533      3389.4359      29918.969      12967.09       0              1619.7523      3492.7036      8449.9866      0              1.2255276    
   3030000   61605.113      303.68499      30497.095      26561.515      3348.4356      29909.951      12878.655      0              1703.082       3538.6915      8441.087       0              1.2303842    
   3040000   61102.494      314.22553      29115.985      26670.032      3464.6558      30134.688      12809.314      0              1772.3069      3598.6538      8489.7582      0              1.2405051    
   3050000   61040.223      304.88972      30402.476      26598.683      3361.719       29960.402      12735.807      0              1773.5814      3577.4048      8511.8897      0              1.2417706    
   3060000   60612.805      305.24047      29520.802      26749.035      3365.5864      30114.622      12720.601      0              1853.3717      3624.7172      8550.3457      0              1.2505271    
   3070000   60814.712      307.60739      30507.916      26656.074      3391.6841      30047.759      12685.224      0              1799.7112      3610.1367      8561.0023      0              1.2463753    
   3080000   60698.833      305.63529      30875.741      26689.293      3369.9397      30059.232      12802.143      0              1744.2297      3658.4124      8484.507       0              1.2487547    
   3090000   60725.883      310.83278      31622.813      26527.167      3427.2473      29954.414      12715.193      0              1676.8437      3588.1561      8546.9739      0              1.2481985    
   3100000   60585.031      311.66165      29947.4        26673.766      3436.3865      30110.153      12699.876      0              1777.1752      3624.5608      8572.1547      0              1.2511004    
   3110000   60797.157      302.36345      29161.646      26623.212      3333.8644      29957.076      12612.13       0              1847.9972      3656.0355      8507.0496      0              1.2467352    
   3120000   60677.783      309.15743      29364.755      26636.179      3408.7749      30044.953      12663.305      0              1789.4841      3628.3256      8555.0643      0              1.249188     
   3130000   60512.248      308.10959      31165.082      26801.058      3397.2213      30198.279      12763.068      0              1828.5152      3581.7847      8627.6897      0              1.2526052    
   3140000   60566.593      307.89462      29741.654      26730.478      3394.8511      30125.329      12626.323      0              1817.2975      3683.6542      8603.2029      0              1.2514813    
   3150000   60638.979      307.9133       29805.061      26594.833      3395.0571      29989.891      12668.232      0              1803.114       3599.8665      8523.6212      0              1.2499873    
   3160000   60705.781      305.16017      29802.729      26745.018      3364.7011      30109.719      12745.809      0              1790.7635      3657.236       8551.2097      0              1.2486118    
   3170000   60556.365      308.08872      30106.068      26641.004      3396.9913      30037.995      12665.059      0              1795.4083      3554.8519      8625.6847      0              1.2516926    
   3180000   60762.942      307.34165      28642.507      26631.499      3388.7541      30020.253      12567.703      0              1829.4703      3646.3008      8588.0253      0              1.2474372    
   3190000   60643.288      300.82076      29784.459      26679.505      3316.8546      29996.36       12681.39       0              1803.2379      3604.2284      8590.6484      0              1.2498985    
   3200000   60398.293      307.33862      29732.552      26746.329      3388.7207      30135.05       12790.392      0              1849.371       3538.1049      8568.4608      0              1.2549685    
   3210000   60715.107      311.64806      29937.097      26646.128      3436.2367      30082.365      12644.892      0              1789.8485      3639.0528      8572.335       0              1.24842      
   3220000   60701.584      307.13564      30069.113      26664.66       3386.4826      30051.143      12657.777      0              1788.8242      3617.1871      8600.8717      0              1.2486982    
   3230000   60415.274      306.19522      30194.579      26704.476      3376.1135      30080.589      12738.412      0              1775.9418      3585.2203      8604.9015      0              1.2546158    
   3240000   60649.554      308.9456       28771.89       26564.794      3406.4392      29971.233      12475.501      0              1805.7045      3626.592       8656.9957      0              1.2497694    
   3250000   60738.084      309.97529      29208.896      26528.465      3417.7927      29946.258      12552.13       0              1803.0091      3613.1668      8560.1598      0              1.2479478    
   3260000   60429.979      312.05807      30299.465      26669.532      3440.7574      30110.29       12705.63       0              1767.4198      3628.6748      8567.8075      0              1.2543105    
   3270000   60441.818      306.98724      29809.915      26564.303      3384.8463      29949.149      12545.671      0              1820.44        3568.1085      8630.0835      0              1.2540648    
   3280000   60417.434      311.9071       29164.999      26662.743      3439.0928      30101.836      12574.261      0              1808.4465      3641.8189      8638.2174      0              1.2545709    
   3290000   60216.583      307.13638      31174.628      26853.074      3386.4908      30239.564      12687.714      0              1806.1455      3670.5777      8688.6363      0              1.2587555    
   3300000   60498.685      312.48516      28944.76       26707.784      3445.4665      30153.251      12695.716      0              1868.4509      3594.1885      8549.4292      0              1.252886     
   3310000   60439.667      309.5352       29538.249      26583.961      3412.9401      29996.901      12558.05       0              1787.3413      3637.2747      8601.2951      0              1.2541094    
   3320000   60176.61       302.00936      29864.421      26664.329      3329.9601      29994.289      12668.223      0              1807.7884      3605.5433      8582.774       0              1.2595917    
   3330000   60375.509      315.4776       29427.48       26618.677      3478.4612      30097.138      12480.057      0              1841.4252      3685.8253      8611.3697      0              1.2554421    
   3340000   60346.627      309.07894      31193.768      26667.816      3407.9095      30075.726      12688.077      0              1783.3187      3594.3699      8602.0508      0              1.256043     
   3350000   60355.56       303.55628      29152.996      26662.753      3347.0165      30009.769      12617.449      0              1788.219       3655.979       8601.1055      0              1.255857     
   3360000   60510.268      308.86969      30205.534      26545.187      3405.6022      29950.789      12636.567      0              1793.6088      3592.7507      8522.2601      0              1.2526462    
   3370000   60563.544      299.59355      29769.62       26647.835      3303.3234      29951.158      12563.399      0              1810.938       3666.3305      8607.1671      0              1.2515443    
   3380000   60427.61       313.94985      29497.924      26596.128      3461.6162      30057.744      12707.152      0              1777.0463      3554.9541      8556.9759      0              1.2543597    
   3390000   60449.014      306.30104      29464.265      26556.94       3377.2803      29934.221      12571.516      0              1839.6939      3604.1094      8541.6213      0              1.2539155    
   3400000   60248.613      314.11694      30445.805      26583.045      3463.4585      30046.504      12648.951      0              1840.5102      3588.3606      8505.2233      0              1.2580863    
   3410000   60239.555      313.18674      29787.619      26602.249      3453.2021      30055.451      12544.129      0              1813.002       3701.4537      8543.6644      0              1.2582755    
   3420000   60109.413      310.8727       30703.387      26663.059      3427.6875      30090.746      12592.376      0              1823.4522      3691.2273      8556.0039      0              1.2609998    
   3430000   60223.158      317.91612      31004.021      26531.168      3505.3484      30036.516      12559.653      0              1787.1358      3636.7724      8547.6071      0              1.2586181    
   3440000   60206.051      314.07373      29803.144      26592.573      3462.9821      30055.555      12505.031      0              1791.5594      3688.4192      8607.564       0              1.2589757    
   3450000   60214.725      305.50475      29342.926      26649.16       3368.5003      30017.66       12537.189      0              1863.9368      3658.8034      8589.23        0              1.2587943    
   3460000   60148.062      310.30491      29930.259      26480.414      3421.4271      29901.841      12355.074      0              1801.9         3698.9582      8624.4812      0              1.2601895    
   3470000   60122.237      306.33426      30526.767      26647.306      3377.6465      30024.953      12509.68       0              1844.0712      3682.3669      8611.1884      0              1.2607308    
   3480000   60087.259      303.7729       31072.021      26541.977      3349.405       29891.382      12537.561      0              1779.4342      3642.2         8582.7821      0              1.2614647    
   3490000   60162.983      308.62383      29764.876      26747.19       3402.8914      30150.081      12667.371      0              1851.1449      3687.1751      8541.499       0              1.259877     
   3500000   59963.571      308.01337      30481.409      26724.988      3396.1604      30121.149      12721.491      0              1807.6636      3696.0274      8499.806       0              1.2640667    
   3501085   60076.074      305.66765      31404.487      26744.479      3370.2965      30114.776      12698.725      0              1779.1348      3709.57        8557.0492      0              1.2616995    
Loop time of 341.497 on 48 procs for 500000 steps with 3700 atoms

Performance: 12.650 ns/day, 1.897 hours/ns, 1464.140 timesteps/s, 5.417 Matom-step/s
99.9% CPU use with 48 MPI tasks x 1 OpenMP threads

MPI task timing breakdown:
Section |  min time  |  avg time  |  max time  |%varavg| %total
---------------------------------------------------------------
Pair    | 166.4      | 207.11     | 245.82     | 135.6 | 60.65
Bond    | 24.204     | 31.034     | 37.649     |  53.4 |  9.09
Neigh   | 0.51274    | 0.51496    | 0.51639    |   0.1 |  0.15
Comm    | 47.28      | 89.983     | 134.88     | 229.0 | 26.35
Output  | 0.021483   | 0.039249   | 0.055418   |   4.7 |  0.01
Modify  | 8.9264     | 9.6992     | 10.415     |  11.5 |  2.84
Other   |            | 3.114      |            |       |  0.91

Nlocal:        77.0833 ave          91 max          63 min
Histogram: 2 1 8 8 3 10 4 7 2 3
Nghost:        3542.71 ave        3591 max        3500 min
Histogram: 3 1 7 8 8 9 4 4 2 2
Neighs:        26931.3 ave       34200 max       21366 min
Histogram: 3 5 6 9 9 4 6 3 2 1

Total # of neighbors = 1292703
Ave neighs/atom = 349.37919
Ave special neighs/atom = 11.898378
Neighbor list builds = 439
Dangerous builds = 0
Generated 0 of 3 mixed pair_coeff terms from geometric mixing rule
Setting up Verlet run ...
  Unit style    : real
  Current step  : 3501085
  Time step     : 0.1
WARNING: Inconsistent image flags (src/domain.cpp:1051)
Per MPI rank memory allocation (min/avg/max) = 13.93 | 13.97 | 14.4 Mbytes
   Step         Volume          Temp          Press          PotEng         KinEng         TotEng         E_vdwl         E_coul         E_bond        E_angle        E_dihed        E_impro        Density    
   3501085   60076.074      600            33873.867      26744.479      6615.6098      33360.089      12698.725      0              1779.1348      3709.57        8557.0492      0              1.2616995    
   3510000   60076.074      598.03069      31736.661      29943.327      6593.8961      36537.223      13013.181      0              2813.9654      4640.9833      9475.1969      0              1.2616995    
   3520000   60076.074      615.46208      32192.376      29863.091      6786.095       36649.186      12995.918      0              2818.3252      4646.7506      9402.0967      0              1.2616995    
   3530000   60076.074      595.59105      29184.441      29869.915      6566.9967      36436.911      13009.619      0              2935.1699      4586.2999      9338.8254      0              1.2616995    
   3540000   60076.074      597.19843      30836.686      30076.737      6584.7197      36661.457      12896.858      0              2909.1856      4833.8138      9436.8791      0              1.2616995    
   3550000   60076.074      592.88945      32338.099      30031.105      6537.2088      36568.314      12930.69       0              2909.1785      4682.5033      9508.7333      0              1.2616995    
   3560000   60076.074      598.05629      30927.337      30080.11       6594.1785      36674.289      13032.135      0              2902.7845      4642.6352      9502.5553      0              1.2616995    
   3570000   60076.074      595.3974       31240.377      30101.547      6564.8615      36666.408      13022.903      0              2917.7905      4637.4823      9523.3716      0              1.2616995    
   3580000   60076.074      594.76783      29384.782      29998.262      6557.9199      36556.182      12836.705      0              2842.6082      4772.5551      9546.3932      0              1.2616995    
   3590000   60076.074      593.40409      30585.486      30029.538      6542.8833      36572.421      12875.249      0              2961.317       4675.514       9517.4581      0              1.2616995    
   3600000   60076.074      613.72125      30074.458      29888.983      6766.9006      36655.884      12900.543      0              2816.5088      4646.8256      9525.1054      0              1.2616995    
   3610000   60076.074      598.83899      32248.449      29872.241      6602.8085      36475.05       12851.557      0              2774.2146      4810.9202      9435.5497      0              1.2616995    
   3620000   60076.074      603.50004      30279.331      29929.941      6654.2013      36584.142      12900.834      0              2898.2838      4575.0385      9555.7845      0              1.2616995    
   3630000   60076.074      598.73644      31279.143      29912.353      6601.6778      36514.031      12985.289      0              2906.9405      4665.7717      9354.352       0              1.2616995    
   3640000   60076.074      611.3653       30702.433      29986.49       6740.9238      36727.414      13012.303      0              2905.4181      4767.3392      9301.4294      0              1.2616995    
   3650000   60076.074      606.68379      29275.194      30025.15       6689.3054      36714.455      12844.536      0              2886.9203      4702.9753      9590.7182      0              1.2616995    
   3660000   60076.074      595.14948      30220.535      29950.968      6562.1279      36513.096      12985.86       0              2858.7225      4627.4165      9478.9696      0              1.2616995    
   3670000   60076.074      596.98944      30072.335      29890.208      6582.4153      36472.623      12899.182      0              2829.1443      4686.7642      9475.1175      0              1.2616995    
   3680000   60076.074      604.28933      30601.361      30090.766      6662.9041      36753.67       13115.613      0              2868.8775      4661.3202      9444.9551      0              1.2616995    
   3690000   60076.074      598.15161      29655.192      29869.935      6595.2294      36465.164      12900.264      0              2848.3546      4656.8399      9464.4763      0              1.2616995    
   3700000   60076.074      593.49949      29725.533      29971.779      6543.9351      36515.714      12903.66       0              2929.4922      4679.8046      9458.8224      0              1.2616995    
   3710000   60076.074      604.74438      29460.809      29693.21       6667.9215      36361.131      12820.688      0              2807.7311      4633.7351      9431.0554      0              1.2616995    
   3720000   60076.074      606.66416      29176.052      30053.749      6689.089       36742.838      12995.811      0              2902.2659      4611.7295      9543.942       0              1.2616995    
   3730000   60076.074      603.07726      29766.888      29888.842      6649.5397      36538.382      12845.324      0              2866.615       4666.7086      9510.1946      0              1.2616995    
   3740000   60076.074      609.49314      30706.518      30084.44       6720.2813      36804.721      12913.072      0              2963.9556      4750.4203      9456.992       0              1.2616995    
   3750000   60076.074      586.15663      31422.578      29882.766      6462.9726      36345.738      12872.061      0              2828.4598      4729.73        9452.5152      0              1.2616995    
   3760000   60076.074      597.25401      30506.152      30056.027      6585.3324      36641.359      12937.778      0              2930.1825      4691.6863      9496.3805      0              1.2616995    
   3770000   60076.074      588.28538      27876.875      30102.841      6486.4442      36589.285      12894.391      0              3022.2657      4679.688       9506.4961      0              1.2616995    
   3780000   60076.074      600.31146      29807.848      29970.78       6619.044       36589.824      12925.294      0              2822.6694      4688.1892      9534.6274      0              1.2616995    
   3790000   60076.074      588.17655      30198.875      30051.705      6485.2443      36536.949      12886.428      0              2920.3797      4718.6621      9526.2348      0              1.2616995    
   3800000   60076.074      590.30873      30116.759      29852.078      6508.7537      36360.832      12991.874      0              2780.0234      4679.9687      9400.2116      0              1.2616995    
   3810000   60076.074      604.63887      31877.319      29979.292      6666.7581      36646.05       12920.207      0              2872.5736      4669.9082      9516.6035      0              1.2616995    
   3820000   60076.074      589.87084      29639.697      30156.131      6503.9255      36660.056      12894.721      0              2875.5537      4795.8168      9590.0396      0              1.2616995    
   3830000   60076.074      598.62588      30616.304      30050.257      6600.4587      36650.716      13004.81       0              2841.1903      4763.6489      9440.6084      0              1.2616995    
   3840000   60076.074      605.47547      31439.114      30030.372      6675.9825      36706.355      12936.181      0              2782.3866      4756.9488      9554.8565      0              1.2616995    
   3850000   60076.074      594.82427      30961.428      30159.264      6558.5422      36717.806      13057.635      0              2841.3856      4725.1907      9535.0525      0              1.2616995    
   3860000   60076.074      602.34884      29817.535      29923.925      6641.5081      36565.434      13084.887      0              2825.4161      4570.9296      9442.6929      0              1.2616995    
   3870000   60076.074      591.25301      29558.237      29904.157      6519.1654      36423.322      12849.078      0              2835.2491      4779.9864      9439.8429      0              1.2616995    
   3880000   60076.074      611.19415      30490.745      29686.503      6739.0367      36425.54       12780.769      0              2800.7001      4705.2169      9399.8173      0              1.2616995    
   3890000   60076.074      608.18093      29000.221      29791.686      6705.8129      36497.499      12954.669      0              2721.3804      4693.9075      9421.7301      0              1.2616995    
   3900000   60076.074      586.61563      30104.681      30036.182      6468.0335      36504.216      13064.135      0              2907.6764      4603.1831      9461.1878      0              1.2616995    
   3910000   60076.074      615.27641      31042.116      30165.97       6784.0478      36950.018      13077.846      0              2967.8579      4721.1796      9399.0869      0              1.2616995    
   3920000   60076.074      608.79364      30950.724      29812.297      6712.5686      36524.866      12940.562      0              2712.7483      4707.1975      9451.7891      0              1.2616995    
   3930000   60076.074      596.20284      29453.524      29876.014      6573.7423      36449.757      12821.587      0              2950.455       4662.9505      9441.0222      0              1.2616995    
   3940000   60076.074      604.79763      29122.154      30045.324      6668.5086      36713.833      12958.769      0              2936.5821      4703.7492      9446.2244      0              1.2616995    
   3950000   60076.074      594.89239      27022.923      30095.85       6559.2932      36655.144      12891.061      0              2941.971       4736.1562      9526.6628      0              1.2616995    
   3960000   60076.074      609.71443      28971.38       29970.641      6722.7213      36693.363      12957.296      0              2874.5077      4704.7535      9434.084       0              1.2616995    
   3970000   60076.074      599.59676      30894.033      29835.017      6611.1637      36446.181      12986.806      0              2835.6536      4627.6038      9384.9531      0              1.2616995    
   3980000   60076.074      602.97902      28025.995      29924.535      6648.4565      36572.991      12957.49       0              2890.9358      4650.9982      9425.1109      0              1.2616995    
   3990000   60076.074      592.59234      28787.426      29908.336      6533.9329      36442.269      12994.885      0              2872.2534      4658.5426      9382.6547      0              1.2616995    
   4000000   60076.074      588.79052      31513.897      29968.018      6492.0139      36460.032      12768.695      0              2890.2813      4769.6091      9539.4324      0              1.2616995    
   4001085   60076.074      593.05246      29967.951      29918.926      6539.0061      36457.932      12692.698      0              2957.0542      4718.6322      9550.5417      0              1.2616995    
Loop time of 321.031 on 48 procs for 500000 steps with 3700 atoms

Performance: 13.457 ns/day, 1.784 hours/ns, 1557.482 timesteps/s, 5.763 Matom-step/s
99.9% CPU use with 48 MPI tasks x 1 OpenMP threads

MPI task timing breakdown:
Section |  min time  |  avg time  |  max time  |%varavg| %total
---------------------------------------------------------------
Pair    | 169.81     | 203.64     | 246.34     | 127.6 | 63.43
Bond    | 19.884     | 25.896     | 30.608     |  42.3 |  8.07
Neigh   | 0.88662    | 0.88986    | 0.89303    |   0.2 |  0.28
Comm    | 41.762     | 84.966     | 124.44     | 213.1 | 26.47
Output  | 0.021602   | 0.039265   | 0.055174   |   4.6 |  0.01
Modify  | 2.5186     | 3.1626     | 3.8555     |  20.0 |  0.99
Other   |            | 2.437      |            |       |  0.76

Nlocal:        77.0833 ave          92 max          62 min
Histogram: 1 5 4 4 9 6 9 5 2 3
Nghost:        3535.73 ave        3563 max        3513 min
Histogram: 6 2 7 7 6 3 5 4 5 3
Neighs:        26965.6 ave       32553 max       21333 min
Histogram: 3 3 7 6 4 2 9 8 5 1

Total # of neighbors = 1294347
Ave neighs/atom = 349.82351
Ave special neighs/atom = 11.898378
Neighbor list builds = 748
Dangerous builds = 0
Generated 0 of 3 mixed pair_coeff terms from geometric mixing rule
Setting up Verlet run ...
  Unit style    : real
  Current step  : 4001085
  Time step     : 0.1
WARNING: Inconsistent image flags (src/domain.cpp:1051)
Per MPI rank memory allocation (min/avg/max) = 13.93 | 13.97 | 14.4 Mbytes
   Step         Volume          Temp          Press          PotEng         KinEng         TotEng         E_vdwl         E_coul         E_bond        E_angle        E_dihed        E_impro        Density    
   4001085   60076.074      308            27576.427      29918.926      3396.013       33314.939      12692.698      0              2957.0542      4718.6322      9550.5417      0              1.2616995    
   4010000   60076.074      306.09199      27667.64       26383.881      3374.9753      29758.856      12236.657      0              1831.7638      3639.5116      8675.948       0              1.2616995    
   4020000   60076.074      307.78022      27584.56       26267.903      3393.5898      29661.493      12033.015      0              1805.9895      3725.2378      8703.6608      0              1.2616995    
   4030000   60076.074      311.88582      27861.616      26340.884      3438.8581      29779.742      12171.738      0              1851.0591      3681.6915      8636.3957      0              1.2616995    
   4040000   60076.074      313.61251      27260.916      26205.857      3457.8967      29663.753      12146.032      0              1765.9692      3704.9674      8588.8882      0              1.2616995    
   4050000   60076.074      308.19333      28934.983      26194.415      3398.1447      29592.56       12019.351      0              1769.9087      3731.7074      8673.4475      0              1.2616995    
   4060000   60076.074      305.08242      28685.483      26258.986      3363.8438      29622.829      12225.794      0              1826.3213      3652.446       8554.4246      0              1.2616995    
   4070000   60076.074      308.72431      27983.115      26161.479      3403.9993      29565.478      11967.489      0              1879.711       3727.709       8586.57        0              1.2616995    
   4080000   60076.074      309.25325      27771.937      26290.662      3409.8314      29700.493      11989.569      0              1915.9788      3724.4654      8660.6485      0              1.2616995    
   4090000   60076.074      309.14069      27394.982      26262.571      3408.5904      29671.162      12028.027      0              1899.7558      3707.3646      8627.424       0              1.2616995    
   4100000   60076.074      312.49968      26451.762      26243.87       3445.6266      29689.497      12060.687      0              1914.2856      3721.8701      8547.0275      0              1.2616995    
   4110000   60076.074      306.46281      26484.631      26251.218      3379.064       29630.282      12056.955      0              1834.0119      3768.7184      8591.5328      0              1.2616995    
   4120000   60076.074      310.33082      27631.74       26170.107      3421.7127      29591.819      12013.542      0              1851.5078      3727.8208      8577.2367      0              1.2616995    
   4130000   60076.074      310.27712      27233.23       26111.926      3421.1206      29533.046      12054.795      0              1785.8913      3713.3886      8557.8508      0              1.2616995    
   4140000   60076.074      312.1328       27903.95       26093.342      3441.5813      29534.923      11987.597      0              1853.1248      3676.7219      8575.8976      0              1.2616995    
   4150000   60076.074      307.57629      27530.811      26171.072      3391.3412      29562.413      12053.155      0              1898.8092      3665.5815      8553.5267      0              1.2616995    
   4160000   60076.074      311.961        27645.744      26080.413      3439.6871      29520.1        11986.411      0              1845.3114      3712.3682      8536.3219      0              1.2616995    
   4170000   60076.074      310.49271      28660.694      26132.359      3423.4978      29555.857      12060.777      0              1793.659       3729.8284      8548.0943      0              1.2616995    
   4180000   60076.074      310.29304      29211.842      26168.962      3421.2961      29590.258      12137.007      0              1810.4113      3684.1283      8537.4156      0              1.2616995    
   4190000   60076.074      318.79252      27137.002      26202.332      3515.0115      29717.343      12042.07       0              1867.5247      3701.4737      8591.2638      0              1.2616995    
   4200000   60076.074      299.20851      28495.674      26161.223      3299.0779      29460.301      12003.501      0              1844.1734      3716.0209      8597.5273      0              1.2616995    
   4210000   60076.074      310.26943      27763.111      26134.912      3421.0358      29555.948      12038.857      0              1898.8223      3667.4376      8529.7948      0              1.2616995    
   4220000   60076.074      304.83243      29035.754      26137.739      3361.0874      29498.827      11993.317      0              1885.9233      3731.089       8527.4098      0              1.2616995    
   4230000   60076.074      306.90724      29508.521      26005.358      3383.9642      29389.322      12114.099      0              1792.6284      3611.8309      8486.7997      0              1.2616995    
   4240000   60076.074      302.90888      29034.567      26108.557      3339.8783      29448.435      12112.524      0              1800.6221      3678.5977      8516.813       0              1.2616995    
   4250000   60076.074      309.2457       28252.112      26143.243      3409.7482      29552.991      11999.985      0              1837.1492      3768.8758      8537.233       0              1.2616995    
   4260000   60076.074      312.55956      28895.842      26112.306      3446.2868      29558.592      12094.54       0              1853.0227      3663.6232      8501.1201      0              1.2616995    
   4270000   60076.074      304.6705       29792.604      26144.063      3359.302       29503.365      12052.186      0              1862.0613      3688.1036      8541.7115      0              1.2616995    
   4280000   60076.074      307.59523      28670.786      26073.518      3391.5501      29465.068      12059.693      0              1857.1005      3640.3324      8516.3921      0              1.2616995    
   4290000   60076.074      308.69456      28205.047      26031.424      3403.6712      29435.096      12079.703      0              1839.1629      3647.9422      8464.6166      0              1.2616995    
   4300000   60076.074      317.03591      30639.545      26012.558      3495.6432      29508.202      12078.896      0              1810.9598      3635.6622      8487.04        0              1.2616995    
   4310000   60076.074      308.16123      27399.104      26053.765      3397.7908      29451.556      12003.617      0              1861.8243      3697.0179      8491.3058      0              1.2616995    
   4320000   60076.074      304.08346      29986.456      26111.638      3352.8292      29464.468      12219.952      0              1839.1128      3603.4883      8449.0848      0              1.2616995    
   4330000   60076.074      314.56976      26625.515      26005.882      3468.4514      29474.333      11887.336      0              1863.969       3707.1828      8547.394       0              1.2616995    
   4340000   60076.074      323.52195      30255.297      25999.148      3567.1583      29566.306      11968.817      0              1761.1698      3680.93        8588.2308      0              1.2616995    
   4350000   60076.074      314.68094      27826.971      26150.092      3469.6772      29619.769      11999.772      0              1846.2885      3724.2259      8579.8058      0              1.2616995    
   4360000   60076.074      308.24194      29580.165      26055.003      3398.6807      29453.684      12049.788      0              1789.5808      3657.8143      8557.8196      0              1.2616995    
   4370000   60076.074      309.76564      28413.635      26105.74       3415.481       29521.221      12066.811      0              1817.1168      3693.5654      8528.2465      0              1.2616995    
   4380000   60076.074      307.69743      28348.748      26088.663      3392.677       29481.34       12009.284      0              1833.823       3653.0181      8592.5373      0              1.2616995    
   4390000   60076.074      319.13983      29447.757      26099.686      3518.841       29618.527      11995.89       0              1799.7726      3679.1004      8624.9224      0              1.2616995    
   4400000   60076.074      316.66714      27907.22       26111.649      3491.5771      29603.226      12039.178      0              1859.7376      3714.5754      8498.1579      0              1.2616995    
   4410000   60076.074      308.36753      29497.062      26141.559      3400.0654      29541.624      12091.88       0              1851.0212      3710.1723      8488.4855      0              1.2616995    
   4420000   60076.074      309.92388      29490.122      26081.804      3417.2258      29499.03       12051.403      0              1822.7435      3700.9186      8506.7393      0              1.2616995    
   4430000   60076.074      306.01593      29988.972      26063.166      3374.1367      29437.303      12036.727      0              1823.4376      3659.633       8543.3689      0              1.2616995    
   4440000   60076.074      301.9996       28886.268      26097.36       3329.8525      29427.212      12014.918      0              1835.2418      3656.9653      8590.2342      0              1.2616995    
   4450000   60076.074      301.71357      29875.737      26060.369      3326.6988      29387.068      12067.722      0              1823.6386      3653.963       8515.0455      0              1.2616995    
   4460000   60076.074      306.12664      29694.21       26075.79       3375.3574      29451.147      12063.053      0              1883.6086      3630.2013      8498.9268      0              1.2616995    
   4470000   60076.074      298.99126      29690.86       26103.021      3296.6825      29399.703      12022.541      0              1789.7784      3715.4868      8575.2149      0              1.2616995    
   4480000   60076.074      297.03945      29375.988      26134.172      3275.1618      29409.334      12135.337      0              1837.7459      3611.3617      8549.7283      0              1.2616995    
   4490000   60076.074      312.65487      28433.931      26044.54       3447.3377      29491.878      12039.614      0              1864.5031      3631.5078      8508.9151      0              1.2616995    
   4500000   60076.074      305.67088      28837.295      26071.241      3370.3322      29441.574      12009.862      0              1803.7811      3705.1963      8552.4022      0              1.2616995    
   4510000   60076.074      308.09605      30312.84       26084.443      3397.072       29481.515      12117.795      0              1811.5885      3625.4498      8529.6091      0              1.2616995    
   4520000   60076.074      311.50587      29125.551      26163.129      3434.6688      29597.798      12134.896      0              1836.3998      3645.6257      8546.2071      0              1.2616995    
   4530000   60076.074      302.91684      28745.26       26112.958      3339.966       29452.924      12128.577      0              1795.4894      3641.4788      8547.4123      0              1.2616995    
   4540000   60076.074      304.04564      27939.319      26030.034      3352.4122      29382.447      11981.238      0              1848.576       3679.6156      8520.6049      0              1.2616995    
   4550000   60076.074      310.05608      28273.105      26144.28       3418.6835      29562.964      12028.388      0              1872.5721      3677.2771      8566.0435      0              1.2616995    
   4560000   60076.074      317.14902      27954.2        26026.93       3496.8902      29523.82       11920.406      0              1841.9461      3681.8193      8582.7587      0              1.2616995    
   4570000   60076.074      308.4168       29104.41       26121.96       3400.6087      29522.569      12050.859      0              1859.9073      3688.9374      8522.256       0              1.2616995    
   4580000   60076.074      310.42391      28891.157      26113.134      3422.7392      29535.873      12064.049      0              1818.0954      3723.4916      8507.4979      0              1.2616995    
   4590000   60076.074      304.25089      27973.985      26059.344      3354.6753      29414.019      11965.416      0              1838.1528      3695.6873      8560.0882      0              1.2616995    
   4600000   60076.074      308.64605      29107.834      26038.842      3403.1364      29441.978      12087.745      0              1821.1271      3619.3882      8510.5818      0              1.2616995    
   4610000   60076.074      299.98639      29350.934      26138.08       3307.6549      29445.735      12004.967      0              1855.6096      3743.873       8533.6295      0              1.2616995    
   4620000   60076.074      312.12967      28651.248      26078.351      3441.5469      29519.897      11900.609      0              1871.8614      3755.1746      8550.7053      0              1.2616995    
   4630000   60076.074      304.92922      29823.884      26127.854      3362.1545      29490.008      12036.838      0              1835.5356      3755.9718      8499.5079      0              1.2616995    
   4640000   60076.074      305.73358      27904.907      26078.727      3371.0235      29449.751      11831.176      0              1908.9959      3687.5448      8651.0102      0              1.2616995    
   4650000   60076.074      308.77827      29541.289      26001.995      3404.5942      29406.589      12102.3        0              1823.346       3604.4015      8471.9476      0              1.2616995    
   4660000   60076.074      311.36842      29994.438      26137.131      3433.1533      29570.284      12041.83       0              1832.4159      3716.6262      8546.259       0              1.2616995    
   4670000   60076.074      308.62205      29358.335      26056.5        3402.8718      29459.372      12001.818      0              1818.2485      3681.2053      8555.2285      0              1.2616995    
   4680000   60076.074      298.23466      29165.786      26034.365      3288.3403      29322.706      11989.125      0              1804.1174      3673.9379      8567.1852      0              1.2616995    
   4690000   60076.074      300.68818      28820.567      26031.903      3315.3928      29347.296      11942.191      0              1867.7891      3722.4446      8499.478       0              1.2616995    
   4700000   60076.074      305.62553      30316.951      26121.212      3369.8321      29491.044      12009.782      0              1833.1925      3688.1431      8590.0943      0              1.2616995    
   4710000   60076.074      303.29363      29929.093      26097.126      3344.1205      29441.247      12099.236      0              1787.5609      3664.4856      8545.8439      0              1.2616995    
   4720000   60076.074      309.74168      29819.683      26149.121      3415.2168      29564.338      11941.276      0              1893.5191      3730.8489      8583.4767      0              1.2616995    
   4730000   60076.074      308.8726       29281.537      26106.831      3405.6343      29512.466      12045.94       0              1837.7432      3641.8287      8581.3197      0              1.2616995    
   4740000   60076.074      311.28691      27778.806      26113.341      3432.2546      29545.596      11978.207      0              1885.032       3697.4145      8552.6879      0              1.2616995    
   4750000   60076.074      306.05274      28805.159      26001.982      3374.5425      29376.524      11855.218      0              1846.3046      3749.4214      8551.0376      0              1.2616995    
   4760000   60076.074      298.81382      29318.83       26050.759      3294.726       29345.485      12000.805      0              1841.0486      3628.2732      8580.6318      0              1.2616995    
   4770000   60076.074      307.23401      28166.106      26134.034      3387.5672      29521.601      11951.857      0              1881.8979      3685.3055      8614.9734      0              1.2616995    
   4780000   60076.074      308.11058      29263.299      26064.34       3397.2323      29461.572      11947.589      0              1860.938       3701.5315      8554.2815      0              1.2616995    
   4790000   60076.074      310.78154      28698.907      26086.882      3426.6823      29513.564      11933.57       0              1937.2873      3665.2869      8550.7377      0              1.2616995    
   4800000   60076.074      309.90996      29175.385      26136.558      3417.0723      29553.63       12038.937      0              1828.5078      3726.4396      8542.6734      0              1.2616995    
   4810000   60076.074      299.5999       29346.123      26099.246      3303.3934      29402.64       12029.421      0              1839.5521      3650.9025      8579.3709      0              1.2616995    
   4820000   60076.074      311.61668      29905.555      26050.655      3435.8906      29486.546      11981.772      0              1827.8917      3682.7487      8558.2426      0              1.2616995    
   4830000   60076.074      315.09004      29548.354      26036.655      3474.1879      29510.843      12118.601      0              1822.9407      3576.6882      8518.4251      0              1.2616995    
   4840000   60076.074      311.56045      29647.749      26066.02       3435.2707      29501.29       12068.76       0              1868.4087      3580.0051      8548.846       0              1.2616995    
   4850000   60076.074      307.34383      29035.581      26151.351      3388.7781      29540.13       12017.62       0              1900.1033      3615.4448      8618.1836      0              1.2616995    
   4860000   60076.074      299.73947      28656.319      26133.423      3304.9324      29438.356      12043.459      0              1868.521       3677.0493      8544.3938      0              1.2616995    
   4870000   60076.074      310.97851      29726.151      26043.047      3428.8541      29471.901      11967.554      0              1869.8181      3687.2428      8518.4321      0              1.2616995    
   4880000   60076.074      307.53428      28689.887      26143.899      3390.878       29534.777      12054.673      0              1867.0456      3691.013       8531.168       0              1.2616995    
   4890000   60076.074      309.25246      29657.292      26133.232      3409.8227      29543.055      12151.528      0              1743.3302      3692.458       8545.9159      0              1.2616995    
   4900000   60076.074      304.69332      29005.275      26107.852      3359.5536      29467.406      12058.616      0              1841.4093      3693.1092      8514.7176      0              1.2616995    
   4910000   60076.074      305.51744      29005.459      26106.467      3368.6403      29475.107      12045.551      0              1875.065       3638.8174      8547.0336      0              1.2616995    
   4920000   60076.074      305.78634      30253.432      26120.789      3371.6052      29492.394      12085.119      0              1769.2123      3675.3389      8591.1192      0              1.2616995    
   4930000   60076.074      310.42607      29517.28       26033.166      3422.7629      29455.929      12040.839      0              1838.8962      3633.4309      8519.9995      0              1.2616995    
   4940000   60076.074      309.22496      27745.351      26067.407      3409.5194      29476.927      11982.181      0              1845.4668      3716.9694      8522.7901      0              1.2616995    
   4950000   60076.074      298.06349      28642.13       26055.086      3286.4529      29341.539      12038.759      0              1813.9421      3651.0952      8551.2892      0              1.2616995    
   4960000   60076.074      303.67295      28765.56       26078.34       3348.3029      29426.643      11977.295      0              1880.5531      3674.4198      8546.0726      0              1.2616995    
   4970000   60076.074      312.94854      29129.505      26151.02       3450.5758      29601.595      12139.888      0              1815.0406      3662.4776      8533.6135      0              1.2616995    
   4980000   60076.074      301.29552      28558.441      26113.376      3322.0894      29435.465      12000.843      0              1895.1209      3680.7929      8536.6191      0              1.2616995    
   4990000   60076.074      299.08796      29277.52       26014.307      3297.7487      29312.056      11966.208      0              1786.2662      3723.245       8538.5877      0              1.2616995    
   5000000   60076.074      314.11487      28937.285      26069.178      3463.4357      29532.613      12040.942      0              1864.3527      3643.3062      8520.577       0              1.2616995    
   5001085   60076.074      311.4193       28841.329      26067.096      3433.7143      29500.81       12061.324      0              1843.6152      3599.9202      8562.2363      0              1.2616995    
Loop time of 657.981 on 48 procs for 1000000 steps with 3700 atoms

Performance: 13.131 ns/day, 1.828 hours/ns, 1519.800 timesteps/s, 5.623 Matom-step/s
99.9% CPU use with 48 MPI tasks x 1 OpenMP threads

MPI task timing breakdown:
Section |  min time  |  avg time  |  max time  |%varavg| %total
---------------------------------------------------------------
Pair    | 329.98     | 408.39     | 487.82     | 193.0 | 62.07
Bond    | 38.537     | 51.582     | 61.681     |  65.8 |  7.84
Neigh   | 0.87885    | 0.88236    | 0.8852     |   0.2 |  0.13
Comm    | 84.844     | 171.04     | 252.12     | 322.5 | 25.99
Output  | 0.042848   | 14.67      | 15.013     |  55.7 |  2.23
Modify  | 4.8598     | 6.2048     | 7.6017     |  27.2 |  0.94
Other   |            | 5.212      |            |       |  0.79

Nlocal:        77.0833 ave          88 max          61 min
Histogram: 1 1 4 5 5 6 8 10 3 5
Nghost:        3542.31 ave        3568 max        3524 min
Histogram: 1 6 10 7 10 5 4 1 3 1
Neighs:        26958.6 ave       32967 max       20641 min
Histogram: 1 4 3 7 9 5 7 7 3 2

Total # of neighbors = 1294012
Ave neighs/atom = 349.73297
Ave special neighs/atom = 11.898378
Neighbor list builds = 741
Dangerous builds = 0
Generated 0 of 3 mixed pair_coeff terms from geometric mixing rule
Setting up Verlet run ...
  Unit style    : real
  Current step  : 5001085
  Time step     : 0.1
WARNING: Inconsistent image flags (src/domain.cpp:1051)
Per MPI rank memory allocation (min/avg/max) = 13.93 | 13.97 | 14.4 Mbytes
   Step         Volume          Temp          Press          PotEng         KinEng         TotEng         E_vdwl         E_coul         E_bond        E_angle        E_dihed        E_impro        Density    
   5001085   60076.074      308            28812.641      26067.096      3396.013       29463.109      12061.324      0              1843.6152      3599.9202      8562.2363      0              1.2616995    
   5010000   54951.038      312.99225      51629.17       28968.594      3451.0577      32419.652      14259.341      0              1822.9484      3741.703       9144.6015      0              1.3793726    
   5020000   55075.435      307.44452      49764.248      28810.822      3389.8883      32200.71       14102.545      0              1776.0076      3844.3991      9087.8707      0              1.3762571    
   5030000   55044.421      309.37644      50466.27       28876.568      3411.1897      32287.758      14226.087      0              1739.5172      3813.5992      9097.3642      0              1.3770325    
   5040000   55142.35       307.29304      50449.73       28840.469      3388.2181      32228.687      14061.501      0              1803.9155      3811.8065      9163.2461      0              1.374587     
   5050000   54931.134      298.94807      50393.312      28859.417      3296.2063      32155.624      14113.687      0              1786.827       3807.1536      9151.75        0              1.3798724    
   5060000   54973.027      307.84273      50317.463      28901.455      3394.279       32295.734      14154.053      0              1838.7919      3805.3999      9103.2103      0              1.3788209    
   5070000   54953.612      310.93388      50878.149      28902.638      3428.3621      32331          14082.518      0              1785.7494      3861.8436      9172.5268      0              1.379308     
   5080000   54938.372      299.80351      49830.097      28891.589      3305.6385      32197.228      14125.572      0              1846.4027      3798.0656      9121.5488      0              1.3796906    
   5090000   54930.543      313.64803      49910.411      28816.362      3458.2884      32274.65       14049.051      0              1797.3362      3887.3809      9082.5945      0              1.3798872    
   5100000   54951.165      306.17644      49396.664      28771.142      3375.9064      32147.048      13994.497      0              1841.3899      3893.1212      9042.1336      0              1.3793694    
   5110000   54943.84       311.59631      49436.148      28899.884      3435.666       32335.55       14095.441      0              1832.4784      3876.0162      9095.9487      0              1.3795533    
   5120000   54913.196      309.81067      50166.415      28900.295      3415.9775      32316.272      14127.337      0              1818.2409      3837.7858      9116.9307      0              1.3803231    
   5130000   54785.94       312.2576       49955.68       28870.009      3442.9574      32312.967      14084.094      0              1820.519       3869.3244      9096.0723      0              1.3835294    
   5140000   54777.252      309.70136      51017.125      28982.103      3414.7723      32396.875      14283.825      0              1773.2397      3788.036       9137.0014      0              1.3837488    
   5150000   54851.959      306.95925      50051.138      28944.876      3384.5378      32329.414      14176.206      0              1788.7339      3794.0975      9185.8388      0              1.3818641    
   5160000   54857.665      312.0579       48729.587      29009.366      3440.7555      32450.122      14200.086      0              1847.9609      3810.3557      9150.9635      0              1.3817204    
   5170000   54922.615      304.33613      48786.83       28949.904      3355.6151      32305.519      14214.103      0              1853.6667      3795.7035      9086.43        0              1.3800864    
   5180000   54729.295      308.88974      50144.409      29046.254      3405.8233      32452.077      14144.06       0              1856.9978      3863.4824      9181.7134      0              1.3849613    
   5190000   54850.182      302.45962      50422.647      28986.642      3334.9247      32321.567      14160.671      0              1850.541       3798.9225      9176.5076      0              1.3819089    
   5200000   54688.97       311.4793       50717.804      29123.813      3434.3759      32558.189      14231.085      0              1826.5732      3842.9027      9223.2522      0              1.3859825    
   5210000   54795.139      306.55939      49716.309      29055.459      3380.1288      32435.587      14194.104      0              1861.7811      3850.0624      9149.5113      0              1.3832971    
   5220000   54879.642      306.68189      49864.392      28993.806      3381.4795      32375.286      14107.606      0              1824.7207      3881.5497      9179.9299      0              1.3811671    
   5230000   54824.553      310.27689      49197.609      28944.433      3421.1181      32365.551      14179.639      0              1853.5403      3817.3175      9093.9362      0              1.3825549    
   5240000   54956.156      306.15724      49334.032      28998.054      3375.6948      32373.749      14164.993      0              1903.3314      3823.1352      9106.5942      0              1.3792441    
   5250000   54793.153      301.49259      50482.198      28945.324      3324.2622      32269.586      14145.653      0              1896.4663      3820.582       9082.6227      0              1.3833472    
   5260000   54851.007      314.01477      49579.732      29003.848      3462.332       32466.18       14266.486      0              1807.9088      3848.9122      9080.5413      0              1.3818881    
   5270000   54838.427      310.1955       49098.027      28991.987      3420.2207      32412.208      14139.951      0              1863.8606      3822.7019      9165.4734      0              1.3822052    
   5280000   54835.547      303.56343      49611.595      28913.576      3347.0953      32260.671      14178.611      0              1846.196       3775.8065      9112.962       0              1.3822777    
   5290000   54692.062      312.68382      50345.079      29141.03       3447.6569      32588.687      14145.777      0              1890.3562      3873.2888      9231.6082      0              1.3859042    
   5300000   54682.751      305.89019      51455.997      29063.839      3372.7503      32436.589      14134.332      0              1879.1317      3818.2868      9232.0891      0              1.3861401    
   5310000   54743.11       306.51873      49513.705      29071.578      3379.6805      32451.258      14251.355      0              1861.7363      3846.7648      9111.7216      0              1.3846118    
   5320000   54857.153      306.6974       48016.552      28944.635      3381.6506      32326.286      14205.788      0              1806.0365      3798.6658      9134.1447      0              1.3817333    
   5330000   54726.508      305.48122      51696.835      28991.586      3368.2409      32359.827      14207.661      0              1859.2086      3783.5547      9141.161       0              1.3850318    
   5340000   54733.295      304.27332      49604.373      28952.939      3354.9226      32307.861      14156.074      0              1867.2691      3797.076       9132.5199      0              1.3848601    
   5350000   54903.092      299.87416      49922.782      28992.051      3306.4174      32298.469      14136.234      0              1892.4959      3813.2406      9150.0806      0              1.3805772    
   5360000   54717.636      299.93326      50198.242      29190.906      3307.069       32497.975      14234.243      0              1883.4738      3835.7055      9237.4834      0              1.3852564    
   5370000   54855.405      312.25342      49194.552      28913.677      3442.9114      32356.588      14017.457      0              1807.7652      3806.0671      9282.3872      0              1.3817773    
   5380000   54879.243      316.27491      49779.047      28980.166      3487.2523      32467.419      14126.646      0              1837.4792      3850.8495      9165.1913      0              1.3811771    
   5390000   54878.134      311.0406       49483.009      28964.102      3429.5388      32393.641      14111.967      0              1863.2551      3811.6557      9177.2239      0              1.3812051    
   5400000   54790.537      310.39281      49760.956      28894.093      3422.3962      32316.489      14202.602      0              1794.8075      3732.0007      9164.6829      0              1.3834133    
   5410000   54945.023      305.98834      49784.33       28790.713      3373.8324      32164.546      14086.518      0              1757.9089      3827.865       9118.4218      0              1.3795236    
   5420000   54901.022      305.37616      49106.53       29010.006      3367.0825      32377.089      14189.387      0              1850.4274      3823.307       9146.885       0              1.3806292    
   5430000   54944.737      298.647        48625.719      28852.826      3292.8868      32145.713      14060.615      0              1812.2239      3764.6895      9215.2974      0              1.3795308    
   5440000   54783.252      310.86376      49758.295      29048.196      3427.5889      32475.785      14165.994      0              1828.2535      3901.8999      9152.0495      0              1.3835972    
   5450000   54817.921      306.24275      49427.173      28898.542      3376.6375      32275.179      14053.343      0              1885.557       3842.3514      9117.2906      0              1.3827222    
   5460000   54871.922      311.69326      50435.037      28913.956      3436.735       32350.691      14126.252      0              1759.9164      3887.179       9140.609       0              1.3813614    
   5470000   54917.3        310.79698      50496.57       28717.625      3426.8526      32144.478      13928.655      0              1868.5964      3799.444       9120.93        0              1.38022      
   5480000   54763.323      307.42596      50253.827      29051.105      3389.6837      32440.788      14094.038      0              1872.6677      3908.2456      9176.153       0              1.3841007    
   5490000   54749.691      301.99687      49601.806      28982.293      3329.8225      32312.116      14114.834      0              1834.9669      3827.9671      9204.5258      0              1.3844454    
   5500000   54927.214      312.08972      49470.267      28938.582      3441.1064      32379.688      14040.966      0              1864.1132      3847.1247      9186.3785      0              1.3799709    
   5501085   54849.206      306.04007      49843.63       28933.297      3374.4028      32307.7        14096.031      0              1861.2905      3811.5504      9164.4254      0              1.3819335    
Loop time of 364.773 on 48 procs for 500000 steps with 3700 atoms

Performance: 11.843 ns/day, 2.027 hours/ns, 1370.714 timesteps/s, 5.072 Matom-step/s
99.9% CPU use with 48 MPI tasks x 1 OpenMP threads

MPI task timing breakdown:
Section |  min time  |  avg time  |  max time  |%varavg| %total
---------------------------------------------------------------
Pair    | 196.17     | 230.6      | 268.98     | 121.0 | 63.22
Bond    | 25.829     | 31.193     | 37.342     |  46.7 |  8.55
Neigh   | 0.41162    | 0.41316    | 0.41452    |   0.1 |  0.11
Comm    | 49.241     | 89.015     | 127.77     | 213.5 | 24.40
Output  | 0.021398   | 0.039189   | 0.055371   |   4.7 |  0.01
Modify  | 9.9131     | 10.485     | 11.12      |   9.6 |  2.87
Other   |            | 3.026      |            |       |  0.83

Nlocal:        77.0833 ave          86 max          68 min
Histogram: 3 1 10 2 8 5 8 4 3 4
Nghost:        3777.54 ave        3804 max        3750 min
Histogram: 4 3 8 5 0 5 6 9 5 3
Neighs:        29579.8 ave       34283 max       25056 min
Histogram: 5 3 6 5 4 9 5 6 1 4

Total # of neighbors = 1419829
Ave neighs/atom = 383.73757
Ave special neighs/atom = 11.898378
Neighbor list builds = 334
Dangerous builds = 0
Generated 0 of 3 mixed pair_coeff terms from geometric mixing rule
Setting up Verlet run ...
  Unit style    : real
  Current step  : 5501085
  Time step     : 0.1
WARNING: Inconsistent image flags (src/domain.cpp:1051)
Per MPI rank memory allocation (min/avg/max) = 13.94 | 13.97 | 14.41 Mbytes
   Step         Volume          Temp          Press          PotEng         KinEng         TotEng         E_vdwl         E_coul         E_bond        E_angle        E_dihed        E_impro        Density    
   5501085   54849.206      600            52544.908      28933.297      6615.6098      35548.907      14096.031      0              1861.2905      3811.5504      9164.4254      0              1.3819335    
   5510000   54849.206      608.4868       51910.151      32359.54       6709.1854      39068.725      14540.833      0              2939.0428      4917.5014      9962.1625      0              1.3819335    
   5520000   54849.206      590.09085      51580.097      32273.829      6506.3514      38780.18       14618.473      0              2872.0337      4802.1888      9981.1336      0              1.3819335    
   5530000   54849.206      600.98129      54011.21       32389.046      6626.4295      39015.475      14556.337      0              2989.5174      4855.0921      9988.0993      0              1.3819335    
   5540000   54849.206      609.82411      53615.265      32240.834      6723.9306      38964.764      14373.21       0              2870.2623      4926.1151      10071.246      0              1.3819335    
   5550000   54849.206      600.13603      50726.177      32068.27       6617.1097      38685.379      14285.146      0              2942.031       4866.3765      9974.7162      0              1.3819335    
   5551085   54849.206      614.3234       49499.31       32145.568      6773.5399      38919.108      14326.674      0              2919.1103      4814.9956      10084.788      0              1.3819335    
Loop time of 34.0771 on 48 procs for 50000 steps with 3700 atoms

Performance: 12.677 ns/day, 1.893 hours/ns, 1467.260 timesteps/s, 5.429 Matom-step/s
99.9% CPU use with 48 MPI tasks x 1 OpenMP threads

MPI task timing breakdown:
Section |  min time  |  avg time  |  max time  |%varavg| %total
---------------------------------------------------------------
Pair    | 18.907     | 22.431     | 26.133     |  37.7 | 65.82
Bond    | 2.1483     | 2.6048     | 3.0592     |  12.8 |  7.64
Neigh   | 0.0836     | 0.083899   | 0.08412    |   0.1 |  0.25
Comm    | 4.5237     | 8.3837     | 11.998     |  66.2 | 24.60
Output  | 0.0021959  | 0.0039749  | 0.0056022  |   1.5 |  0.01
Modify  | 0.24926    | 0.31863    | 0.39248    |   6.3 |  0.94
Other   |            | 0.2513     |            |       |  0.74

Nlocal:        77.0833 ave          88 max          64 min
Histogram: 2 2 4 2 8 9 8 9 1 3
Nghost:        3776.81 ave        3802 max        3752 min
Histogram: 2 4 5 5 7 8 6 4 4 3
Neighs:        29571.9 ave       36713 max       24230 min
Histogram: 4 5 2 10 11 5 8 1 1 1

Total # of neighbors = 1419449
Ave neighs/atom = 383.63486
Ave special neighs/atom = 11.898378
Neighbor list builds = 67
Dangerous builds = 0
Generated 0 of 3 mixed pair_coeff terms from geometric mixing rule
Setting up Verlet run ...
  Unit style    : real
  Current step  : 5551085
  Time step     : 0.1
WARNING: Inconsistent image flags (src/domain.cpp:1051)
Per MPI rank memory allocation (min/avg/max) = 13.94 | 13.97 | 14.41 Mbytes
   Step         Volume          Temp          Press          PotEng         KinEng         TotEng         E_vdwl         E_coul         E_bond        E_angle        E_dihed        E_impro        Density    
   5551085   54849.206      308            46684.42       32145.568      3396.013       35541.581      14326.674      0              2919.1103      4814.9956      10084.788      0              1.3819335    
   5560000   54849.206      304.43335      47753.82       28793.907      3356.6871      32150.594      13832.894      0              1820.6199      3939.3028      9201.0897      0              1.3819335    
   5570000   54849.206      309.01663      48093.544      28746.212      3407.2224      32153.434      13786.658      0              1876.6125      3883.9751      9198.9657      0              1.3819335    
   5580000   54849.206      308.1312       49342.048      28756.916      3397.4596      32154.375      13990.649      0              1835.3923      3810.5215      9120.3534      0              1.3819335    
   5590000   54849.206      303.82203      48524.538      28901.555      3349.9467      32251.502      13918.232      0              1846.074       3867.6728      9269.5763      0              1.3819335    
   5600000   54849.206      305.78224      48949.759      28798.815      3371.56        32170.375      13814.048      0              1809.5801      3916.1995      9258.9877      0              1.3819335    
   5601085   54849.206      313.39692      48625.868      28871.151      3455.5196      32326.67       13914.26       0              1811.3084      3892.6441      9252.9385      0              1.3819335    
Loop time of 34.4945 on 48 procs for 50000 steps with 3700 atoms

Performance: 12.524 ns/day, 1.916 hours/ns, 1449.506 timesteps/s, 5.363 Matom-step/s
99.9% CPU use with 48 MPI tasks x 1 OpenMP threads

MPI task timing breakdown:
Section |  min time  |  avg time  |  max time  |%varavg| %total
---------------------------------------------------------------
Pair    | 18.308     | 22.415     | 27.343     |  38.6 | 64.98
Bond    | 2.111      | 2.5943     | 2.9894     |  12.5 |  7.52
Neigh   | 0.038538   | 0.038704   | 0.038854   |   0.0 |  0.11
Comm    | 3.8242     | 8.8705     | 13.109     |  65.5 | 25.72
Output  | 0.0022359  | 0.0039945  | 0.0056162  |   1.4 |  0.01
Modify  | 0.22316    | 0.32106    | 0.4195     |   7.6 |  0.93
Other   |            | 0.2506     |            |       |  0.73

Nlocal:        77.0833 ave          88 max          68 min
Histogram: 4 2 6 6 8 9 2 7 1 3
Nghost:         3770.4 ave        3797 max        3747 min
Histogram: 3 4 6 9 6 4 6 3 1 6
Neighs:        29567.2 ave       37234 max       24319 min
Histogram: 2 6 7 11 5 12 2 2 0 1

Total # of neighbors = 1419224
Ave neighs/atom = 383.57405
Ave special neighs/atom = 11.898378
Neighbor list builds = 31
Dangerous builds = 0
Generated 0 of 3 mixed pair_coeff terms from geometric mixing rule
Setting up Verlet run ...
  Unit style    : real
  Current step  : 5601085
  Time step     : 0.1
WARNING: Inconsistent image flags (src/domain.cpp:1051)
Per MPI rank memory allocation (min/avg/max) = 13.94 | 13.97 | 14.41 Mbytes
   Step         Volume          Temp          Press          PotEng         KinEng         TotEng         E_vdwl         E_coul         E_bond        E_angle        E_dihed        E_impro        Density    
   5601085   54849.206      308            48576.274      28871.151      3396.013       32267.164      13914.26       0              1811.3084      3892.6441      9252.9385      0              1.3819335    
   5610000   61077.074      309.86784      24706.275      25835.17       3416.6078      29251.778      11797.507      0              1881.4992      3680.7705      8475.3936      0              1.2410214    
   5620000   61262.713      312.40692      24826.354      25476.408      3444.6038      28921.012      11557.993      0              1859.7915      3627.5722      8431.0513      0              1.2372608    
   5630000   61432.711      310.64588      23808.433      25603.515      3425.1866      29028.701      11554.253      0              1888.1814      3677.5001      8483.5798      0              1.2338371    
   5640000   61159.139      307.51105      25246.458      25609.084      3390.6219      28999.706      11555.022      0              1889.6344      3684.9716      8479.456       0              1.2393562    
   5650000   61039.275      301.14289      26446.211      25667.506      3320.4065      28987.912      11639.107      0              1873.0022      3661.9071      8493.4898      0              1.2417899    
   5660000   61366.316      308.4654       24086.836      25515.251      3401.1446      28916.396      11558.791      0              1887.1784      3681.4572      8387.8247      0              1.235172     
   5670000   61168.341      304.50224      24724.669      25544.825      3357.4467      28902.272      11543.28       0              1816.829       3680.7369      8503.9787      0              1.2391697    
   5680000   61272.18       310.3464       25139.605      25579.966      3421.8845      29001.85       11661.923      0              1832.2677      3679.9887      8405.7865      0              1.2370697    
   5690000   60976.735      300.60119      25195.976      25675.215      3314.4336      28989.649      11676.706      0              1833.7187      3695.491       8469.2993      0              1.2430635    
   5700000   61021.953      303.83772      25292.324      25533.775      3350.1197      28883.895      11600.36       0              1843.0429      3650.0204      8440.352       0              1.2421424    
   5701085   60871.209      303.64054      25874.459      25759.191      3347.9456      29107.137      11642.367      0              1869.5716      3746.4786      8500.7737      0              1.2452185    
Loop time of 68.1838 on 48 procs for 100000 steps with 3700 atoms

Performance: 12.672 ns/day, 1.894 hours/ns, 1466.625 timesteps/s, 5.427 Matom-step/s
99.9% CPU use with 48 MPI tasks x 1 OpenMP threads

MPI task timing breakdown:
Section |  min time  |  avg time  |  max time  |%varavg| %total
---------------------------------------------------------------
Pair    | 32.778     | 41.42      | 49.037     |  62.6 | 60.75
Bond    | 4.9155     | 6.1909     | 7.3602     |  23.7 |  9.08
Neigh   | 0.10305    | 0.10343    | 0.10378    |   0.1 |  0.15
Comm    | 9.5074     | 17.931     | 26.9       | 104.8 | 26.30
Output  | 0.0042932  | 0.0078653  | 0.011127   |   2.1 |  0.01
Modify  | 1.7852     | 1.9089     | 2.0508     |   4.8 |  2.80
Other   |            | 0.6217     |            |       |  0.91

Nlocal:        77.0833 ave          89 max          63 min
Histogram: 1 5 3 6 4 8 7 5 6 3
Nghost:        3502.52 ave        3532 max        3467 min
Histogram: 1 2 2 7 6 8 12 5 2 3
Neighs:        26515.8 ave       31744 max       20300 min
Histogram: 1 2 6 5 6 8 5 7 6 2

Total # of neighbors = 1272760
Ave neighs/atom = 343.98919
Ave special neighs/atom = 11.898378
Neighbor list builds = 87
Dangerous builds = 0
Generated 0 of 3 mixed pair_coeff terms from geometric mixing rule
Setting up Verlet run ...
  Unit style    : real
  Current step  : 5701085
  Time step     : 0.1
WARNING: Inconsistent image flags (src/domain.cpp:1051)
Per MPI rank memory allocation (min/avg/max) = 13.94 | 13.97 | 14.41 Mbytes
   Step         Volume          Temp          Press          PotEng         KinEng         TotEng         E_vdwl         E_coul         E_bond        E_angle        E_dihed        E_impro        Density    
   5701085   60871.209      600            28328.368      25759.191      6615.6098      32374.801      11642.367      0              1869.5716      3746.4786      8500.7737      0              1.2452185    
   5710000   60871.209      610.19269      29262.606      29026.481      6727.9945      35754.476      12292.982      0              2884.4438      4604.4502      9244.6055      0              1.2452185    
   5720000   60871.209      595.9836       27849.102      28987.829      6571.3249      35559.154      12037.889      0              2884.7921      4684.676       9380.4721      0              1.2452185    
   5730000   60871.209      595.66147      27503.86       29066.291      6567.7732      35634.064      12259.684      0              2811.9614      4691.1799      9303.4657      0              1.2452185    
   5740000   60871.209      591.99168      25152.284      28958.655      6527.31        35485.965      12132.019      0              2854.2563      4678.5181      9293.8612      0              1.2452185    
   5750000   60871.209      597.29499      26508.404      29064.037      6585.7844      35649.821      12045.359      0              2886.1712      4749.9337      9382.5728      0              1.2452185    
   5751085   60871.209      601.03271      27600.32       29149.42       6626.9965      35776.416      12220.612      0              2932.2401      4731.5356      9265.032       0              1.2452185    
Loop time of 31.9213 on 48 procs for 50000 steps with 3700 atoms

Performance: 13.533 ns/day, 1.773 hours/ns, 1566.355 timesteps/s, 5.796 Matom-step/s
99.9% CPU use with 48 MPI tasks x 1 OpenMP threads

MPI task timing breakdown:
Section |  min time  |  avg time  |  max time  |%varavg| %total
---------------------------------------------------------------
Pair    | 16.121     | 20.186     | 24.057     |  44.3 | 63.24
Bond    | 2.0269     | 2.5842     | 3.0931     |  15.0 |  8.10
Neigh   | 0.088181   | 0.088509   | 0.088794   |   0.1 |  0.28
Comm    | 4.3135     | 8.5074     | 12.697     |  73.9 | 26.65
Output  | 0.0021271  | 0.0038744  | 0.0054646  |   1.5 |  0.01
Modify  | 0.24577    | 0.30688    | 0.37525    |   5.9 |  0.96
Other   |            | 0.2442     |            |       |  0.76

Nlocal:        77.0833 ave          88 max          65 min
Histogram: 2 2 3 10 6 7 7 1 5 5
Nghost:        3501.79 ave        3528 max        3475 min
Histogram: 1 3 4 7 8 9 9 1 2 4
Neighs:        26592.4 ave       31781 max       22364 min
Histogram: 6 6 4 5 7 7 3 4 2 4

Total # of neighbors = 1276435
Ave neighs/atom = 344.98243
Ave special neighs/atom = 11.898378
Neighbor list builds = 74
Dangerous builds = 0
Generated 0 of 3 mixed pair_coeff terms from geometric mixing rule
Setting up Verlet run ...
  Unit style    : real
  Current step  : 5751085
  Time step     : 0.1
WARNING: Inconsistent image flags (src/domain.cpp:1051)
Per MPI rank memory allocation (min/avg/max) = 13.94 | 13.97 | 14.41 Mbytes
   Step         Volume          Temp          Press          PotEng         KinEng         TotEng         E_vdwl         E_coul         E_bond        E_angle        E_dihed        E_impro        Density    
   5751085   60871.209      308            25173.957      29149.42       3396.013       32545.433      12220.612      0              2932.2401      4731.5356      9265.032       0              1.2452185    
   5760000   60871.209      305.82945      26380.337      25677.334      3372.0805      29049.414      11696.449      0              1822.2619      3726.0948      8432.5276      0              1.2452185    
   5770000   60871.209      301.33456      24989.897      25750.929      3322.5198      29073.449      11736.454      0              1900.566       3691.098       8422.8113      0              1.2452185    
   5780000   60871.209      305.47024      26513.218      25659.085      3368.1199      29027.205      11658.127      0              1851.6338      3691.2491      8458.0756      0              1.2452185    
   5790000   60871.209      318.80694      26183.551      25707.584      3515.1705      29222.754      11666.679      0              1865.654       3721.5677      8453.6832      0              1.2452185    
   5800000   60871.209      317.97086      26739.56       25749.494      3505.9519      29255.446      11670.639      0              1846.7881      3705.3088      8526.758       0              1.2452185    
   5801085   60871.209      305.17001      25768.31       25673.645      3364.8095      29038.454      11629.763      0              1839.0283      3744.669       8460.1841      0              1.2452185    
Loop time of 31.796 on 48 procs for 50000 steps with 3700 atoms

Performance: 13.587 ns/day, 1.766 hours/ns, 1572.523 timesteps/s, 5.818 Matom-step/s
99.9% CPU use with 48 MPI tasks x 1 OpenMP threads

MPI task timing breakdown:
Section |  min time  |  avg time  |  max time  |%varavg| %total
---------------------------------------------------------------
Pair    | 16.55      | 20.18      | 24.187     |  45.5 | 63.47
Bond    | 2.0227     | 2.574      | 3.0725     |  15.3 |  8.10
Neigh   | 0.042848   | 0.043052   | 0.043216   |   0.0 |  0.14
Comm    | 4.2081     | 8.4426     | 12.4       |  76.0 | 26.55
Output  | 0.0021526  | 0.0039486  | 0.0055867  |   1.5 |  0.01
Modify  | 0.24418    | 0.3074     | 0.38073    |   6.1 |  0.97
Other   |            | 0.2449     |            |       |  0.77

Nlocal:        77.0833 ave          91 max          62 min
Histogram: 1 3 2 11 8 6 5 5 5 2
Nghost:        3508.12 ave        3540 max        3481 min
Histogram: 5 3 3 10 6 6 5 8 1 1
Neighs:        26611.7 ave       32682 max       20864 min
Histogram: 1 6 5 5 9 8 5 2 4 3

Total # of neighbors = 1277363
Ave neighs/atom = 345.23324
Ave special neighs/atom = 11.898378
Neighbor list builds = 36
Dangerous builds = 0
Generated 0 of 3 mixed pair_coeff terms from geometric mixing rule
Setting up Verlet run ...
  Unit style    : real
  Current step  : 5801085
  Time step     : 0.1
WARNING: Inconsistent image flags (src/domain.cpp:1051)
Per MPI rank memory allocation (min/avg/max) = 13.94 | 13.97 | 14.41 Mbytes
   Step         Volume          Temp          Press          PotEng         KinEng         TotEng         E_vdwl         E_coul         E_bond        E_angle        E_dihed        E_impro        Density    
   5801085   60871.209      308            25791.743      25673.645      3396.013       29069.658      11629.763      0              1839.0283      3744.669       8460.1841      0              1.2452185    
   5810000   76718.481      309.4275       5298.0353      22954.807      3411.7527      26366.559      10055.096      0              1812.9815      3413.542       7673.1872      0              0.98800126   
   5820000   78149.506      305.21986      4627.1424      22816.787      3365.3592      26182.146      9966.1613      0              1947.5523      3371.0356      7532.0374      0              0.9699096    
   5830000   79096.212      297.60277      4987.0392      22611.922      3281.373       25893.295      9850.7347      0              1834.8493      3403.6382      7522.6998      0              0.9583007    
   5840000   78879.182      313.85418      5765.3962      22716.473      3460.5613      26177.034      9889.2856      0              1871.4339      3441.2021      7514.5512      0              0.9609374    
   5850000   78997.61       310.21899      4829.768       22618.8        3420.4796      26039.28       9835.8376      0              1890.5801      3392.6274      7499.755       0              0.95949682   
   5860000   79381.377      308.23707      4864.2596      22534.772      3398.627       25933.399      9860.9339      0              1876.7876      3386.0161      7411.0346      0              0.95485816   
   5870000   79555.907      307.55107      4411.1525      22549.955      3391.0631      25941.018      9779.5218      0              1901.482       3358.7384      7510.2126      0              0.95276339   
   5880000   78994.445      305.63736      5431.725       22633.467      3369.9626      26003.43       9837.2244      0              1903.044       3432.1057      7461.0933      0              0.95953527   
   5890000   79263.719      309.84911      5553.013       22532.02       3416.4013      25948.421      9720.9224      0              1851.6947      3472.2727      7487.1297      0              0.95627554   
   5900000   79412.601      307.19231      5331.4163      22408.555      3387.1075      25795.663      9653.0863      0              1856.5102      3407.8665      7491.0925      0              0.95448273   
   5901085   79273.428      295.36278      5592.8766      22537.12       3256.6749      25793.795      9762.0222      0              1853.9054      3397.2611      7523.9311      0              0.95615842   
Loop time of 59.3951 on 48 procs for 100000 steps with 3700 atoms

Performance: 14.547 ns/day, 1.650 hours/ns, 1683.642 timesteps/s, 6.229 Matom-step/s
99.9% CPU use with 48 MPI tasks x 1 OpenMP threads

MPI task timing breakdown:
Section |  min time  |  avg time  |  max time  |%varavg| %total
---------------------------------------------------------------
Pair    | 20.801     | 31.791     | 41.021     |  88.1 | 53.52
Bond    | 4.0157     | 6.1048     | 7.3886     |  29.1 | 10.28
Neigh   | 0.11538    | 0.11608    | 0.11669    |   0.1 |  0.20
Comm    | 8.7986     | 19.109     | 32.168     | 127.0 | 32.17
Output  | 0.0041569  | 0.0076765  | 0.010885   |   2.1 |  0.01
Modify  | 1.6225     | 1.7551     | 1.8882     |   4.4 |  2.95
Other   |            | 0.5117     |            |       |  0.86

Nlocal:        77.0833 ave          95 max          59 min
Histogram: 3 2 2 9 10 8 3 4 4 3
Nghost:        2865.15 ave        2920 max        2824 min
Histogram: 7 5 5 8 5 4 5 3 3 3
Neighs:        20330.8 ave       26593 max       13873 min
Histogram: 2 2 7 5 12 4 6 2 2 6

Total # of neighbors = 975878
Ave neighs/atom = 263.75081
Ave special neighs/atom = 11.898378
Neighbor list builds = 120
Dangerous builds = 0
Generated 0 of 3 mixed pair_coeff terms from geometric mixing rule
Setting up Verlet run ...
  Unit style    : real
  Current step  : 5901085
  Time step     : 0.1
WARNING: Inconsistent image flags (src/domain.cpp:1051)
Per MPI rank memory allocation (min/avg/max) = 13.93 | 13.97 | 14.4 Mbytes
   Step         Volume          Temp          Press          PotEng         KinEng         TotEng         E_vdwl         E_coul         E_bond        E_angle        E_dihed        E_impro        Density    
   5901085   79273.428      600            7529.7749      22537.12       6615.6098      29152.73       9762.0222      0              1853.9054      3397.2611      7523.9311      0              0.95615842   
   5910000   79273.428      602.91442      5511.0028      25722.262      6647.7443      32370.006      10211.923      0              2861.2963      4327.0983      8321.9441      0              0.95615842   
   5920000   79273.428      596.60885      5280.9926      26054.318      6578.219       32632.537      10319.382      0              3010.6725      4439.0997      8285.1641      0              0.95615842   
   5930000   79273.428      607.72125      6169.5274      26227.956      6700.7445      32928.7        10237.254      0              3028.6265      4513.2753      8448.7997      0              0.95615842   
   5940000   79273.428      600.7607       6578.1695      25991.187      6623.9973      32615.184      10189.739      0              2959.6975      4482.1074      8359.6431      0              0.95615842   
   5950000   79273.428      587.59591      5198.7302      25821.757      6478.8422      32300.599      10084.975      0              2942.663       4411.9931      8382.1255      0              0.95615842   
   5951085   79273.428      596.39624      4731.5985      26013.585      6575.8747      32589.459      10132.3        0              2965.7672      4451.9808      8463.5371      0              0.95615842   
Loop time of 26.8687 on 48 procs for 50000 steps with 3700 atoms

Performance: 16.078 ns/day, 1.493 hours/ns, 1860.902 timesteps/s, 6.885 Matom-step/s
99.9% CPU use with 48 MPI tasks x 1 OpenMP threads

MPI task timing breakdown:
Section |  min time  |  avg time  |  max time  |%varavg| %total
---------------------------------------------------------------
Pair    | 10.26      | 15.116     | 19.877     |  60.0 | 56.26
Bond    | 1.682      | 2.5425     | 3.1222     |  18.4 |  9.46
Neigh   | 0.076285   | 0.076682   | 0.077056   |   0.1 |  0.29
Comm    | 3.5327     | 8.6066     | 14.186     |  87.6 | 32.03
Output  | 0.0021203  | 0.0039165  | 0.005504   |   1.5 |  0.01
Modify  | 0.23085    | 0.29597    | 0.35103    |   5.4 |  1.10
Other   |            | 0.2265     |            |       |  0.84

Nlocal:        77.0833 ave          96 max          52 min
Histogram: 1 1 1 4 10 11 8 6 4 2
Nghost:        2883.67 ave        2944 max        2845 min
Histogram: 8 5 5 7 6 5 8 2 0 2
Neighs:        20398.2 ave       26478 max       13797 min
Histogram: 2 3 5 7 6 4 7 5 5 4

Total # of neighbors = 979113
Ave neighs/atom = 264.62514
Ave special neighs/atom = 11.898378
Neighbor list builds = 82
Dangerous builds = 0
Generated 0 of 3 mixed pair_coeff terms from geometric mixing rule
Setting up Verlet run ...
  Unit style    : real
  Current step  : 5951085
  Time step     : 0.1
WARNING: Inconsistent image flags (src/domain.cpp:1051)
Per MPI rank memory allocation (min/avg/max) = 13.93 | 13.97 | 14.4 Mbytes
   Step         Volume          Temp          Press          PotEng         KinEng         TotEng         E_vdwl         E_coul         E_bond        E_angle        E_dihed        E_impro        Density    
   5951085   79273.428      308            2897.9612      26013.585      3396.013       29409.598      10132.3        0              2965.7672      4451.9808      8463.5371      0              0.95615842   
   5960000   79273.428      313.96903      5776.3235      22553.988      3461.8277      26015.815      9844.5959      0              1835.2115      3447.6124      7426.5678      0              0.95615842   
   5970000   79273.428      303.58894      4838.1671      22524.477      3347.3766      25871.853      9791.649       0              1897.55        3360.2429      7475.0347      0              0.95615842   
   5980000   79273.428      315.10598      5033.3872      22540.778      3474.3637      26015.142      9773.8576      0              1937.791       3375.862       7453.2674      0              0.95615842   
   5990000   79273.428      308.86213      5273.4589      22724.604      3405.5189      26130.123      9789.2166      0              1990.2318      3434.1788      7510.9765      0              0.95615842   
   6000000   79273.428      306.09085      4733.2741      22634.111      3374.9628      26009.073      9786.2518      0              1921.2829      3434.6951      7491.8809      0              0.95615842   
   6001085   79273.428      309.97625      4866.747       22560.284      3417.8032      25978.088      9723.84        0              1945.4002      3425.9585      7465.0858      0              0.95615842   
Loop time of 26.8871 on 48 procs for 50000 steps with 3700 atoms

Performance: 16.067 ns/day, 1.494 hours/ns, 1859.626 timesteps/s, 6.881 Matom-step/s
99.9% CPU use with 48 MPI tasks x 1 OpenMP threads

MPI task timing breakdown:
Section |  min time  |  avg time  |  max time  |%varavg| %total
---------------------------------------------------------------
Pair    | 9.6169     | 15.146     | 20.199     |  64.0 | 56.33
Bond    | 1.6717     | 2.5352     | 3.0496     |  19.7 |  9.43
Neigh   | 0.045507   | 0.045761   | 0.046005   |   0.1 |  0.17
Comm    | 3.1507     | 8.6269     | 14.973     |  93.7 | 32.09
Output  | 0.0021309  | 0.0039096  | 0.0054844  |   1.5 |  0.01
Modify  | 0.23546    | 0.30367    | 0.40325    |   6.9 |  1.13
Other   |            | 0.2252     |            |       |  0.84

Nlocal:        77.0833 ave          94 max          54 min
Histogram: 1 1 1 5 11 8 7 3 7 4
Nghost:         2877.5 ave        2940 max        2812 min
Histogram: 2 3 5 9 2 10 3 8 4 2
Neighs:        20387.7 ave       27041 max       13978 min
Histogram: 3 5 4 9 6 3 6 5 5 2

Total # of neighbors = 978608
Ave neighs/atom = 264.48865
Ave special neighs/atom = 11.898378
Neighbor list builds = 49
Dangerous builds = 0
Generated 0 of 3 mixed pair_coeff terms from geometric mixing rule
Setting up Verlet run ...
  Unit style    : real
  Current step  : 6001085
  Time step     : 0.1
WARNING: Inconsistent image flags (src/domain.cpp:1051)
Per MPI rank memory allocation (min/avg/max) = 13.93 | 13.97 | 14.4 Mbytes
   Step         Volume          Temp          Press          PotEng         KinEng         TotEng         E_vdwl         E_coul         E_bond        E_angle        E_dihed        E_impro        Density    
   6001085   79273.428      308            4854.1819      22560.284      3396.013       25956.298      9723.84        0              1945.4002      3425.9585      7465.0858      0              0.95615842   
   6010000   87713.201      307.10756      814.23363      22221.71       3386.173       25607.883      9611.1042      0              1960.7833      3362.0493      7287.7729      0              0.86415676   
   6020000   90742.396      306.16168      91.562049      22202.46       3375.7437      25578.204      9640.7732      0              1969.0376      3374.8405      7217.809       0              0.83530918   
   6030000   94360.25       303.82256      852.31584      22059.081      3349.9526      25409.033      9546.2187      0              1896.183       3347.3378      7269.341       0              0.80328269   
   6040000   98035.141      313.56269      1056.1191      21751.796      3457.3473      25209.144      9386.5135      0              1859.2963      3279.8117      7226.1748      0              0.77317129   
   6050000   101036.58      315.52692     -599.38009      21905.035      3479.005       25384.04       9218.5051      0              2057.6324      3380.4092      7248.4888      0              0.75020313   
   6060000   102224.27      300.42829      637.84297      21650.527      3312.5273      24963.054      9169.5641      0              1904.0178      3315.7968      7261.1483      0              0.74148692   
   6070000   103891.54      304.33777     -148.37159      21558.137      3355.6332      24913.771      9158.946       0              1933.6087      3267.8431      7197.7395      0              0.72958737   
   6080000   104246.32      306.00356      1560.6055      21468.783      3374.0002      24842.784      9145.2418      0              1815.3695      3302.18        7205.9921      0              0.72710439   
   6090000   104814.32      301.66422      1191.543       21565.72       3326.1546      24891.874      9094.8543      0              1927.6249      3379.3926      7163.8481      0              0.72316413   
   6100000   104872.82      314.3287       851.68916      21585.172      3465.7934      25050.965      9137.2945      0              1971.0773      3371.0392      7105.7609      0              0.72276076   
   6101085   104731.4       308.73183     -1.2274823      21414.382      3404.0822      24818.465      9061.5433      0              1937.6159      3284.2133      7131.0099      0              0.72373665   
Loop time of 54.1606 on 48 procs for 100000 steps with 3700 atoms

Performance: 15.953 ns/day, 1.504 hours/ns, 1846.360 timesteps/s, 6.832 Matom-step/s
99.9% CPU use with 48 MPI tasks x 1 OpenMP threads

MPI task timing breakdown:
Section |  min time  |  avg time  |  max time  |%varavg| %total
---------------------------------------------------------------
Pair    | 13.339     | 25.371     | 36.363     | 113.5 | 46.84
Bond    | 3.6894     | 6.0464     | 8.3871     |  41.0 | 11.16
Neigh   | 0.10611    | 0.10674    | 0.10739    |   0.1 |  0.20
Comm    | 7.9859     | 20.428     | 34.804     | 145.3 | 37.72
Output  | 0.004138   | 0.0076247  | 0.0108     |   2.1 |  0.01
Modify  | 1.5877     | 1.7275     | 1.839      |   4.6 |  3.19
Other   |            | 0.4736     |            |       |  0.87

Nlocal:        77.0833 ave         111 max          42 min
Histogram: 2 2 6 3 10 5 11 5 3 1
Nghost:        2337.81 ave        2472 max        2251 min
Histogram: 6 6 7 6 7 8 4 1 1 2
Neighs:        15458.2 ave       23308 max        6469 min
Histogram: 1 4 5 5 6 7 7 5 5 3

Total # of neighbors = 741992
Ave neighs/atom = 200.53838
Ave special neighs/atom = 11.898378
Neighbor list builds = 120
Dangerous builds = 0
Generated 0 of 3 mixed pair_coeff terms from geometric mixing rule
Setting up Verlet run ...
  Unit style    : real
  Current step  : 6101085
  Time step     : 0.1
WARNING: Inconsistent image flags (src/domain.cpp:1051)
Per MPI rank memory allocation (min/avg/max) = 13.93 | 13.97 | 14.4 Mbytes
   Step         Volume          Temp          Press          PotEng         KinEng         TotEng         E_vdwl         E_coul         E_bond        E_angle        E_dihed        E_impro        Density    
   6101085   104731.4       600            1400.5129      21414.382      6615.6098      28029.992      9061.5433      0              1937.6159      3284.2133      7131.0099      0              0.72373665   
   6110000   104731.4       590.47015     -524.22482      24849.106      6510.5335      31359.639      9499.6754      0              3065.2598      4304.6362      7979.5342      0              0.72373665   
   6120000   104731.4       600.65946      1056.9666      24684.837      6622.881       31307.718      9364.3504      0              2877.3116      4368.6583      8074.5166      0              0.72373665   
   6130000   104731.4       600.30409      1286.0466      24778.361      6618.9627      31397.324      9523.2312      0              2950.5063      4295.7025      8008.9214      0              0.72373665   
   6140000   104731.4       601.4307       1408.8417      24589.578      6631.3847      31220.963      9380.0241      0              2942.7102      4315.5874      7951.2563      0              0.72373665   
   6150000   104731.4       595.27376      294.60024      24742.436      6563.4982      31305.934      9233.292       0              3106.9397      4337.6935      8064.5104      0              0.72373665   
   6151085   104731.4       601.31235      1252.1879      24771.65       6630.0798      31401.73       9397.8872      0              3003.6847      4355.773       8014.3053      0              0.72373665   
Loop time of 24.3709 on 48 procs for 50000 steps with 3700 atoms

Performance: 17.726 ns/day, 1.354 hours/ns, 2051.625 timesteps/s, 7.591 Matom-step/s
99.9% CPU use with 48 MPI tasks x 1 OpenMP threads

MPI task timing breakdown:
Section |  min time  |  avg time  |  max time  |%varavg| %total
---------------------------------------------------------------
Pair    | 4.4394     | 11.338     | 18.019     |  96.6 | 46.52
Bond    | 1.3996     | 2.519      | 3.569      |  31.8 | 10.34
Neigh   | 0.074026   | 0.074608   | 0.075025   |   0.1 |  0.31
Comm    | 2.8446     | 9.9236     | 17.883     | 116.7 | 40.72
Output  | 0.0021721  | 0.0039518  | 0.0055418  |   1.5 |  0.02
Modify  | 0.20529    | 0.29704    | 0.40409    |   8.3 |  1.22
Other   |            | 0.2145     |            |       |  0.88

Nlocal:        77.0833 ave         106 max          45 min
Histogram: 3 4 4 6 4 7 4 5 8 3
Nghost:        2332.15 ave        2484 max        2241 min
Histogram: 4 7 11 8 6 4 3 2 2 1
Neighs:          15459 ave       22894 max        7140 min
Histogram: 2 4 4 7 6 6 2 6 6 5

Total # of neighbors = 742031
Ave neighs/atom = 200.54892
Ave special neighs/atom = 11.898378
Neighbor list builds = 85
Dangerous builds = 0
Generated 0 of 3 mixed pair_coeff terms from geometric mixing rule
Setting up Verlet run ...
  Unit style    : real
  Current step  : 6151085
  Time step     : 0.1
WARNING: Inconsistent image flags (src/domain.cpp:1051)
Per MPI rank memory allocation (min/avg/max) = 13.93 | 13.97 | 14.4 Mbytes
   Step         Volume          Temp          Press          PotEng         KinEng         TotEng         E_vdwl         E_coul         E_bond        E_angle        E_dihed        E_impro        Density    
   6151085   104731.4       308           -159.39021      24771.65       3396.013       28167.663      9397.8872      0              3003.6847      4355.773       8014.3053      0              0.72373665   
   6160000   104731.4       306.45923      489.07273      21450.396      3379.0245      24829.421      9018.5402      0              1949.665       3358.4825      7123.7087      0              0.72373665   
   6170000   104731.4       308.02295      410.07555      21305.334      3396.2661      24701.6        8926.0418      0              1927.0061      3335.2471      7117.0389      0              0.72373665   
   6180000   104731.4       314.32814      333.79684      21451.078      3465.7873      24916.865      9003.6172      0              1955.7561      3339.2457      7152.4591      0              0.72373665   
   6190000   104731.4       302.44577      115.31137      21256.261      3334.772       24591.033      8916.6043      0              1900.8301      3351.4942      7087.3322      0              0.72373665   
   6200000   104731.4       307.01316      405.12116      21331.089      3385.1321      24716.222      9000.8347      0              1944.7519      3307.638       7077.8649      0              0.72373665   
   6210000   104731.4       315.86358      982.03907      21281.415      3482.717       24764.132      8906.1833      0              1913.7039      3341.4529      7120.075       0              0.72373665   
   6220000   104731.4       317.77525      450.62447      21382.186      3503.7951      24885.981      8968.7222      0              1963.5552      3304.5645      7145.3438      0              0.72373665   
   6230000   104731.4       302.85085      362.55409      21341.784      3339.2385      24681.022      8830.215       0              1972.0884      3402.8697      7136.6108      0              0.72373665   
   6240000   104731.4       304.39801     -83.387907      21339.036      3356.2974      24695.333      8922.3369      0              1956.0953      3345.3534      7115.2501      0              0.72373665   
   6250000   104731.4       304.66509     -134.17388      21162.518      3359.2423      24521.76       8869.9497      0              1900.2362      3302.6958      7089.636       0              0.72373665   
   6251085   104731.4       305.8332      -355.27911      21354.76       3372.1219      24726.882      8869.0117      0              2009.1581      3338.732       7137.8582      0              0.72373665   
Loop time of 48.7826 on 48 procs for 100000 steps with 3700 atoms

Performance: 17.711 ns/day, 1.355 hours/ns, 2049.912 timesteps/s, 7.585 Matom-step/s
99.9% CPU use with 48 MPI tasks x 1 OpenMP threads

MPI task timing breakdown:
Section |  min time  |  avg time  |  max time  |%varavg| %total
---------------------------------------------------------------
Pair    | 8.8348     | 22.728     | 36.72      | 139.8 | 46.59
Bond    | 2.7694     | 5.0249     | 7.1089     |  45.2 | 10.30
Neigh   | 0.085666   | 0.086349   | 0.086901   |   0.1 |  0.18
Comm    | 5.1529     | 19.912     | 35.909     | 168.3 | 40.82
Output  | 0.0041788  | 0.0077019  | 0.010935   |   2.1 |  0.02
Modify  | 0.41039    | 0.59688    | 0.84244    |  13.2 |  1.22
Other   |            | 0.4265     |            |       |  0.87

Nlocal:        77.0833 ave         104 max          39 min
Histogram: 2 1 3 6 5 7 3 11 6 4
Nghost:         2322.4 ave        2465 max        2229 min
Histogram: 2 6 8 12 4 10 1 2 1 2
Neighs:          15491 ave       23898 max        6307 min
Histogram: 2 2 7 4 10 2 8 7 3 3

Total # of neighbors = 743567
Ave neighs/atom = 200.96405
Ave special neighs/atom = 11.898378
Neighbor list builds = 100
Dangerous builds = 0
Generated 0 of 3 mixed pair_coeff terms from geometric mixing rule
Setting up Verlet run ...
  Unit style    : real
  Current step  : 6251085
  Time step     : 0.1
WARNING: Inconsistent image flags (src/domain.cpp:1051)
Per MPI rank memory allocation (min/avg/max) = 13.93 | 13.97 | 14.4 Mbytes
   Step         Volume          Temp          Press          PotEng         KinEng         TotEng         E_vdwl         E_coul         E_bond        E_angle        E_dihed        E_impro        Density    
   6251085   104731.4       308           -344.85129      21354.76       3396.013       24750.773      8869.0117      0              2009.1581      3338.732       7137.8582      0              0.72373665   
   6260000   106418.4       310.37717     -391.65549      21167.596      3422.2238      24589.819      8839.0573      0              1976.936       3271.5595      7080.0427      0              0.71226365   
   6270000   106743.17      301.67237      790.62398      21271.187      3326.2445      24597.432      8963.5459      0              1937.9908      3290.5514      7079.0989      0              0.71009655   
   6280000   106660.07      305.32495      126.10122      21204.437      3366.5179      24570.955      8859.6101      0              1909.4284      3310.3635      7125.0347      0              0.71064978   
   6290000   107343.34      312.53406      26.042892      21210.074      3446.0057      24656.079      8870.7475      0              1948.913       3328.3394      7062.0739      0              0.70612627   
   6300000   107254.04      307.89964     -134.36008      21221.331      3394.9064      24616.237      8864.9655      0              1941.4674      3351.7857      7063.1124      0              0.70671424   
   6310000   106612.38      310.158        447.67808      21315.458      3419.8072      24735.265      9006.8048      0              1890.3396      3343.0641      7075.2492      0              0.71096766   
   6320000   107306.91      314.73841     -765.86195      21246.658      3470.3109      24716.969      8834.8822      0              1953.7285      3337.2634      7120.7842      0              0.70636601   
   6330000   107417.13      318.55153      45.893418      21214.469      3512.3544      24726.823      8888.7011      0              1963.6274      3300.7097      7061.4306      0              0.70564123   
   6340000   106682.32      305.95582     -957.81473      21406.969      3373.4739      24780.443      8942.2025      0              2013.7798      3351.209       7099.778       0              0.71050157   
   6350000   106892.36      308.16345     -377.31257      21187.395      3397.8152      24585.21       8788.6749      0              1990.5327      3361.232       7046.9553      0              0.70910549   
   6360000   106905.01      306.06139     -55.327518      21202.198      3374.6379      24576.836      8834.4683      0              1953.8674      3338.0861      7075.776       0              0.70902153   
   6370000   107446.96      307.90164     -276.9286       21244.795      3394.9286      24639.723      8848.7256      0              1961.2886      3357.4256      7077.3552      0              0.70544533   
   6380000   106238.49      307.55047     -385.56843      21293.862      3391.0565      24684.919      8867.3732      0              1983.2894      3352.8918      7090.308       0              0.71346982   
   6390000   107765.17      310.23998     -534.58874      21126.199      3420.7111      24546.91       8822.3062      0              1914.4586      3352.4428      7036.9912      0              0.7033623    
   6400000   107243.35      309.87011      144.58039      21279.775      3416.6329      24696.408      8985.8509      0              1903.4576      3331.4513      7059.0149      0              0.70678464   
   6410000   106716.84      304.77077     -249.59473      21166.126      3360.4076      24526.533      8831.3212      0              1939.2034      3354.4699      7041.1313      0              0.71027172   
   6420000   107221.17      299.50982     -207.9894       21300.514      3302.4002      24602.914      8919.6589      0              1959.8109      3349.7011      7071.3431      0              0.70693085   
   6430000   107978.97      307.7209      -114.31317      21377.12       3392.9357      24770.056      8966.404       0              1984.852       3385.7721      7040.0919      0              0.7019696    
   6440000   108207.48      307.42745     -525.35408      21227.453      3389.7001      24617.153      8813.8978      0              1957.5526      3410.5182      7045.484       0              0.70048723   
   6450000   107954.24      304.87249     -429.23329      21198.493      3361.529       24560.022      8875.3838      0              1950.6536      3334.8913      7037.5646      0              0.70213044   
   6460000   108732.21      303.64699     -96.133972      21287.128      3348.0167      24635.144      8877.8473      0              1972.2319      3341.4879      7095.5606      0              0.69710672   
   6470000   108639.88      302.89409      330.97615      21293.451      3339.7152      24633.166      8820.8574      0              1974.6713      3380.8571      7117.065       0              0.69769917   
   6480000   109470.11      310.1218      -248.72687      21201.458      3419.4081      24620.866      8803.5947      0              1968.2871      3329.1439      7100.4319      0              0.69240778   
   6490000   108361.54      311.58277      161.71011      21220.082      3435.5168      24655.599      8914.3618      0              1936.1664      3328.0899      7041.4639      0              0.6994913    
   6500000   108842.19      309.72656      623.52049      21287.956      3415.0501      24703.006      8972.1837      0              1888.7247      3316.6412      7110.4067      0              0.69640233   
   6510000   108361.92      304.04829      367.82254      21279.605      3352.4414      24632.046      8937.2509      0              1918.5871      3308.2619      7115.5047      0              0.69948887   
   6520000   109517.65      304.03836     -377.75167      21222.258      3352.3319      24574.59       8930.2151      0              1934.2604      3288.1573      7069.6254      0              0.69210719   
   6530000   108725.47      301.94718     -21.954987      21258.039      3329.2745      24587.313      8954.0047      0              1985.2821      3291.6993      7027.0528      0              0.69714995   
   6540000   108864.38      306.87674      395.75031      21261.982      3383.628       24645.61       9006.5884      0              1931.7741      3269.1949      7054.4243      0              0.69626037   
   6550000   109172.91      306.08282     -60.405005      21309.939      3374.8741      24684.813      8874.7744      0              1935.0595      3364.3675      7135.738       0              0.69429273   
   6560000   109298.81      311.20179      380.47141      21317.139      3431.316       24748.455      9010.2395      0              1934.4354      3320.7384      7051.7254      0              0.69349295   
   6570000   108895.18      307.28154     -276.40963      21365.775      3388.0913      24753.867      9003.7262      0              1978.1676      3299.9481      7083.9335      0              0.69606349   
   6580000   108932.46      313.78034      219.7923       21251.636      3459.7471      24711.383      8963.1415      0              1958.6041      3280.4939      7049.3968      0              0.69582525   
   6590000   109865.57      299.52655     -259.91585      21221.736      3302.5847      24524.321      8868.2821      0              1935.6694      3329.1018      7088.6827      0              0.68991548   
   6600000   108790.63      307.81159      595.4388       21275.286      3393.9356      24669.222      8970.5495      0              1882.3977      3322.8114      7099.5276      0              0.69673239   
   6610000   107786.71      309.11173     -226.34303      21279.042      3408.271       24687.313      8916.219       0              1943.7582      3342.4569      7076.608       0              0.70322175   
   6620000   108966.26      305.47124      179.82001      21308.207      3368.1309      24676.338      8921.6725      0              1965.4546      3345.1516      7075.9282      0              0.69560939   
   6630000   108952.7       307.74559     -424.75397      21396.455      3393.2079      24789.663      8914.3655      0              2011.1773      3365.3368      7105.5754      0              0.69569598   
   6640000   108765.09      310.16053     -524.44722      21278.925      3419.8351      24698.76       8857.8688      0              2002.2511      3332.9182      7085.8868      0              0.69689598   
   6650000   108304.77      311.46296      463.74003      21367.571      3434.1957      24801.767      8967.9618      0              1915.34        3368.5743      7115.6952      0              0.69985797   
   6660000   109333.49      311.27234     -8.2786826      21339.329      3432.0939      24771.422      9054.9569      0              1927.9644      3266.9836      7089.4236      0              0.693273     
   6670000   108708.91      308.99808     -739.44852      21313.736      3407.0179      24720.754      8853.9402      0              1932.9841      3363.6341      7163.1781      0              0.69725612   
   6680000   108930.26      307.20873     -695.33751      21311.211      3387.2885      24698.5        8858.5438      0              2015.6103      3378.7009      7058.3562      0              0.69583928   
   6690000   108622.34      309.43407     -45.542645      21359.682      3411.8251      24771.508      8906.3763      0              1960.073       3392.4189      7100.8142      0              0.69781183   
   6700000   108636.41      315.98649      97.95774       21401.107      3484.0722      24885.179      8949.3723      0              1939.201       3410.2794      7102.2544      0              0.69772144   
   6710000   108210.17      302.29741     -280.67692      21355.749      3333.1362      24688.886      8943.3462      0              1980.2681      3308.2544      7123.8807      0              0.7004698    
   6720000   108107.1       311.28335      203.10196      21214.409      3432.2153      24646.624      8947.5779      0              1885.3266      3350.1402      7031.3639      0              0.70113765   
   6730000   109299.18      301.69856      39.780322      21204.495      3326.5332      24531.028      8915.1659      0              1924.1738      3312.0738      7053.0812      0              0.69349059   
   6740000   108909.04      307.44975      197.37238      21248.372      3389.946       24638.318      8951.9416      0              1903.2392      3317.7235      7075.468       0              0.69597491   
   6750000   109634.57      303.44454      33.88426       21335.066      3345.7845      24680.851      8961.169       0              1922.1553      3338.5809      7113.1612      0              0.69136915   
   6760000   108900         305.896       -405.72491      21329.814      3372.8143      24702.628      8925.6972      0              1966.4576      3357.422       7080.2374      0              0.69603265   
   6770000   108965.29      308.78284      228.05564      21389.524      3404.6447      24794.169      9003.2045      0              1945.3933      3314.5673      7126.359       0              0.69561562   
   6780000   108612.13      310.62676      148.72958      21289.177      3424.9757      24714.152      8939.7196      0              1917.2074      3368.7456      7063.504       0              0.69787746   
   6790000   108220.05      312.08513     -423.98452      21293.641      3441.0557      24734.696      8983.9856      0              1945.6477      3296.6327      7067.3745      0              0.70040585   
   6800000   108723.5       306.81175      248.08959      21277.571      3382.9114      24660.483      8894.5309      0              1957.0095      3300.8553      7125.1755      0              0.69716256   
   6810000   108057.2       314.45237     -165.43072      21326.809      3467.157       24793.966      8902.4873      0              1991.4484      3335.5311      7097.3421      0              0.70146139   
   6820000   108868.47      309.29666     -241.38944      21305.147      3410.3101      24715.457      8911.9007      0              1940.4534      3358.4377      7094.3554      0              0.69623424   
   6830000   108936.11      304.47776      103.26199      21384.255      3357.1767      24741.432      9026.5696      0              1946.6831      3340.7056      7070.2969      0              0.69580191   
   6840000   109429.03      303.81402      373.56241      21257.099      3349.8584      24606.957      8852.1027      0              1922.0084      3372.0359      7110.952       0              0.69266774   
   6850000   109313.65      306.60997     -623.20079      21259.91       3380.6865      24640.596      8930.0353      0              1958.72        3331.2744      7039.8799      0              0.69339879   
   6860000   109258.57      312.41127     -483.82987      21388.207      3444.6518      24832.858      8985.9531      0              1954.5871      3345.442       7102.2243      0              0.69374836   
   6870000   108599.66      311.95011     -265.45373      21255.145      3439.567       24694.712      8948.1019      0              1966.6974      3284.767       7055.5783      0              0.69795759   
   6880000   108442.03      307.75394     -80.102061      21313.282      3393.3         24706.582      8975.6792      0              1962.1503      3284.4333      7091.0193      0              0.69897214   
   6890000   108630.15      301.32983      418.56074      21325.276      3322.4677      24647.743      9070.6695      0              1909.9636      3266.5331      7078.1094      0              0.69776171   
   6900000   108597.54      304.01428     -669.63361      21272.654      3352.0664      24624.72       8886.8816      0              1990.7983      3325.8523      7069.1215      0              0.69797121   
   6910000   108123.76      303.61544     -721.83357      21265.539      3347.6688      24613.208      8885.1694      0              1969.9461      3296.2212      7114.2026      0              0.70102959   
   6920000   109091.98      305.09225      249.61219      21353.377      3363.9521      24717.33       9010.5966      0              1960.8435      3300.7846      7081.1528      0              0.69480775   
   6930000   109696.39      306.65411     -419.04         21297.156      3381.1732      24678.329      8965.9253      0              1961.9702      3308.4355      7060.8248      0              0.69097952   
   6940000   108881.23      303.25168      420.04238      21357.385      3343.658       24701.043      9034.4788      0              1918.7619      3324.8009      7079.3435      0              0.69615266   
   6950000   109260.43      305.33547     -276.3893       21401.786      3366.6339      24768.42       8865.3323      0              2030.7634      3384.5731      7121.1173      0              0.6937366    
   6960000   108704.24      303.67125     -138.86154      21363.808      3348.2841      24712.093      8957.1982      0              1952.1643      3352.7562      7101.6898      0              0.69728608   
   6970000   109326.69      305.72842     -155.0131       21384.931      3370.9665      24755.898      8916.0541      0              1958.0053      3376.6891      7134.1826      0              0.69331611   
   6980000   108499.69      309.78835     -275.30129      21362.274      3415.7314      24778.005      8992.6044      0              1997.8823      3298.2815      7073.506       0              0.6986007    
   6990000   108876.46      311.36025      204.92532      21346.355      3433.0632      24779.418      8956.2706      0              1981.2425      3358.2962      7050.5453      0              0.69618312   
   7000000   108880.92      312.41414     -358.41874      21344.245      3444.6834      24788.928      8901.7859      0              2049.4488      3302.4905      7090.5197      0              0.69615463   
   7010000   108556.54      315.13362     -230.97584      21287.097      3474.6685      24761.765      8896.8215      0              1925.3617      3382.9149      7081.9985      0              0.69823485   
   7020000   108326.5       302.86663      557.93412      21379.724      3339.4124      24719.136      9001.0409      0              1918.2586      3343.3734      7117.0507      0              0.69971759   
   7030000   109504.41      305.86431     -54.996079      21290.591      3372.4649      24663.056      8929.0645      0              1949.1338      3336.1522      7076.2402      0              0.69219091   
   7040000   108503.82      303.90237      332.2374       21317.995      3350.8325      24668.827      9016.8966      0              1906.4667      3297.3214      7097.3101      0              0.69857405   
   7050000   109018.6       305.86641     -255.40307      21320.622      3372.488       24693.11       8992.1573      0              1954.9725      3293.5374      7079.9546      0              0.69527543   
   7060000   109028.24      309.1623      -304.19467      21319.399      3408.8286      24728.228      8890.026       0              1975.2588      3329.6669      7124.4476      0              0.695214     
   7070000   108978.66      303.72212      477.58341      21322.387      3348.845       24671.232      8955.277       0              1913.3523      3346.7184      7107.0394      0              0.69553024   
   7080000   108066.26      307.2302       601.50015      21412.54       3387.5252      24800.066      9043.2333      0              1890.6806      3353.1957      7125.4308      0              0.7014026    
   7090000   109735.63      302.69674      49.871906      21402.289      3337.5392      24739.828      8983.6233      0              1923.5246      3385.9293      7109.2118      0              0.6907324    
   7100000   109311.55      308.45474     -137.87986      21371.36       3401.027       24772.387      8949.1077      0              1947.8932      3331.4377      7142.921       0              0.69341216   
   7110000   107885.15      303.184        27.586522      21307.701      3342.9118      24650.612      8984.6799      0              1894.4679      3356.5613      7071.9914      0              0.70258005   
   7120000   109115.02      301.60751      15.596642      21326.664      3325.5293      24652.193      8991.6243      0              1944.0075      3304.8738      7086.1586      0              0.69466109   
   7130000   108248.29      302.43526      119.38629      21510.535      3334.6562      24845.191      9028.3902      0              1995.2426      3326.3079      7160.5939      0              0.70022314   
   7140000   108417.92      314.90702     -203.67823      21326.874      3472.1699      24799.044      8893.4926      0              1978.7217      3356.3531      7098.3071      0              0.69912754   
   7150000   108443.79      305.74341     -713.85541      21437.006      3371.1318      24808.138      8978.9425      0              2037.614       3363.9456      7056.5043      0              0.69896079   
   7160000   108863.12      303.85549      135.58263      21357.074      3350.3156      24707.39       8917.4892      0              1980.8512      3390.1649      7068.5687      0              0.69626848   
   7170000   108689.15      304.41643     -658.32887      21362.399      3356.5006      24718.899      8939.1037      0              1998.3825      3355.7647      7069.148       0              0.69738289   
   7180000   108311.02      305.15749     -240.65256      21377.118      3364.6715      24741.79       8938.3399      0              2008.8723      3329.0835      7100.8223      0              0.69981761   
   7190000   108510.7       306.23479     -91.214874      21305.764      3376.5498      24682.314      8927.0038      0              1975.2759      3300.7718      7102.7123      0              0.69852981   
   7200000   108793.67      312.21981      101.8795       21344.405      3442.5408      24786.946      8881.4265      0              1984.8979      3342.0981      7135.983       0              0.6967129    
   7210000   108213.89      308.36412     -334.056        21386.946      3400.0278      24786.974      9056.1718      0              1985.4554      3302.1195      7043.1997      0              0.70044573   
   7220000   107730.64      309.12484      19.233879      21221.608      3408.4155      24630.024      8882.9974      0              1916.5365      3318.9395      7103.1351      0              0.70358775   
   7230000   107556.56      308.45465     -479.01885      21304.769      3401.026       24705.795      8830.1345      0              2020.2485      3338.728       7115.6582      0              0.70472646   
   7240000   108765.55      310.47303      49.567825      21309.224      3423.2807      24732.505      8868.4137      0              1950.6856      3375.619       7114.5057      0              0.69689305   
   7250000   108370.31      301.51605      549.6663       21403.076      3324.5209      24727.597      9012.2067      0              1935.7363      3350.2509      7104.8823      0              0.6994347    
   7260000   108151.51      312.51154     -483.08649      21380.832      3445.7574      24826.589      8956.8476      0              2033.4437      3317.1674      7073.3732      0              0.70084971   
   7270000   108012.53      305.92406      82.801182      21448.168      3373.1236      24821.291      9000.8745      0              1968.3876      3350.5858      7128.32        0              0.70175151   
   7280000   108367.61      312.96205     -381.71364      21361.038      3450.7247      24811.763      8947.9719      0              1996.3749      3342.934       7073.7573      0              0.69945214   
   7290000   109534.45      306.64651     -372.577        21328.706      3381.0895      24709.795      8941.9123      0              1959.1988      3400.306       7027.2889      0              0.69200107   
   7300000   109280.04      303.03178      141.30056      21299.276      3341.2334      24640.509      8956.0371      0              1900.2104      3315.477       7127.551       0              0.69361206   
   7310000   108047.93      300.94192      8.0129516      21303.031      3318.1905      24621.222      8988.9255      0              1889.9193      3337.9835      7086.2032      0              0.70152156   
   7320000   108942.85      312.23285      690.49228      21180.696      3442.6845      24623.38       8927.8859      0              1906.7462      3298.4756      7047.5882      0              0.69575886   
   7330000   110171.04      312.71042     -416.92281      21379.001      3447.9502      24826.951      8966.5081      0              2015.0277      3312.5334      7084.9314      0              0.68800255   
   7340000   109924.09      304.71647      87.291822      21370.581      3359.8088      24730.39       9003.5783      0              1950.5812      3317.7458      7098.676       0              0.68954819   
   7350000   109731.38      308.62127      143.2079       21310.69       3402.8632      24713.553      8999.6685      0              1885.3574      3343.0289      7082.6348      0              0.69075916   
   7360000   109407.24      305.92258     -299.74136      21395.279      3373.1074      24768.386      9017.1516      0              1990.3915      3354.5484      7033.1875      0              0.69280565   
   7370000   109163.3       309.50805     -239.59938      21307.155      3412.6409      24719.796      9021.9458      0              1953.8369      3318.6543      7012.7177      0              0.69435382   
   7380000   109410.43      306.03466     -462.4331       21293.465      3374.3432      24667.808      8919.5069      0              1948.2509      3362.2308      7063.4762      0              0.69278548   
   7390000   109522.29      311.73552      356.57779      21291.775      3437.2009      24728.976      8990.0199      0              1931.31        3326.3098      7044.1356      0              0.6920779    
   7400000   110659.17      304.26381      571.78235      21399.32       3354.8178      24754.138      8957.4737      0              1954.0059      3407.2555      7080.585       0              0.68496771   
   7410000   109882.21      316.55345      257.61936      21411.587      3490.3235      24901.911      8955.0998      0              1968.6819      3329.3628      7158.4429      0              0.68981097   
   7420000   109549.22      306.19577     -387.53421      21336.34       3376.1196      24712.46       8906.8795      0              1974.1757      3364.7585      7090.5266      0              0.69190779   
   7430000   108833.25      305.72277      452.23893      21293.952      3370.9042      24664.857      8912.1053      0              1932.8556      3320.265       7128.7265      0              0.69645954   
   7440000   109166.94      312.14717      981.81189      21358.296      3441.7398      24800.036      9003.9163      0              1927.9059      3335.1383      7091.3356      0              0.69433069   
   7450000   109406.98      308.30863      109.45103      21379.794      3399.416       24779.21       9043.1311      0              1978.1931      3293.3448      7065.1247      0              0.69280731   
   7460000   110275.5       301.89742      111.67923      21423.045      3328.7259      24751.77       8978.8143      0              1979.4679      3367.2146      7097.5478      0              0.68735084   
   7470000   109537.95      313.37409     -281.92998      21277.06       3455.2679      24732.328      8934.419       0              1905.4279      3343.0144      7094.1987      0              0.69197896   
   7480000   109084.32      303.71748     -11.323071      21362.473      3348.7939      24711.267      8949.2914      0              1983.9089      3337.6706      7091.6023      0              0.69485659   
   7490000   109524.86      306.12127     -441.20553      21325.502      3375.2981      24700.8        8949.6533      0              1958.172       3334.4948      7083.1821      0              0.69206166   
   7500000   110152.76      303.80188     -382.45567      21321.396      3349.7245      24671.12       8922.3563      0              1959.7647      3365.9111      7073.3634      0              0.68811675   
   7510000   109995.21      312.30918      158.33987      21366.48       3443.5261      24810.006      8979.8371      0              1956.28        3343.8627      7086.5002      0              0.6891023    
   7520000   109754.6       315.18172     -529.6274       21295.71       3475.1988      24770.908      8920.9418      0              1996.4542      3334.5391      7043.7744      0              0.69061304   
   7530000   109965.94      303.81676     -169.0474       21268.055      3349.8886      24617.943      8964.228       0              1909.9075      3288.4831      7105.4361      0              0.68928574   
   7540000   108603.83      308.62947      77.777783      21464.301      3402.9536      24867.255      9011.8416      0              1964.4529      3390.4667      7097.5401      0              0.69793077   
   7550000   108858.84      306.62699      292.26357      21315.045      3380.8742      24695.919      8993.2631      0              1878.4137      3345.3579      7098.0099      0              0.69629584   
   7560000   109518.67      307.62316     -39.243098      21245.553      3391.858       24637.411      8898.3413      0              1912.4818      3343.1338      7091.5961      0              0.69210077   
   7570000   109198.06      307.53809     -12.121036      21334.152      3390.92        24725.072      8937.5881      0              1893.1768      3382.3692      7121.0175      0              0.69413282   
   7580000   108900.06      317.27953      271.86612      21265.485      3498.3293      24763.815      8916.0946      0              1889.7785      3338.4784      7121.1338      0              0.69603229   
   7590000   109032.42      318.45283     -342.12256      21368.091      3511.2661      24879.357      8934.6667      0              1943.8979      3347.6855      7141.8406      0              0.69518731   
   7600000   108939.44      313.76259      128.87188      21276.552      3459.5514      24736.103      8892.3382      0              1939.3913      3308.5326      7136.2899      0              0.69578064   
   7610000   109412.4       306.2511       571.85295      21310.633      3376.7297      24687.362      8979.6585      0              1940.9548      3261.0062      7129.0132      0              0.69277301   
   7620000   109274.23      310.2952      -49.762659      21281.933      3421.32        24703.253      8893.4206      0              1929.3464      3349.2621      7109.904       0              0.69364896   
   7630000   108086.24      311.96527      412.38525      21266.34       3439.7342      24706.074      8905.4363      0              1906.952       3360.9673      7092.9846      0              0.70127297   
   7640000   109768.13      314.24807      123.34433      21228.993      3464.9043      24693.898      8828.4019      0              1944.4039      3352.1288      7104.0586      0              0.69052787   
   7650000   109867.16      307.64712     -364.96687      21179.881      3392.1222      24572.003      8812.8658      0              1978.9268      3284.7396      7103.3483      0              0.68990549   
   7660000   109249.7       312.04383      240.10465      21307.966      3440.6004      24748.566      9013.5701      0              1933.0471      3311.9913      7049.3572      0              0.69380473   
   7670000   109122.6       307.64613      40.236549      21191.659      3392.1113      24583.77       8892.0907      0              1952.5982      3319.116       7027.8537      0              0.69461284   
   7680000   110209.16      303.38325     -755.29327      21230.249      3345.1087      24575.358      8740.9262      0              2002.7118      3338.8271      7147.7841      0              0.68776454   
   7690000   108743.57      302.36979     -567.95363      21390.767      3333.9342      24724.702      8911.8202      0              2032.5617      3321.0817      7125.3039      0              0.69703389   
   7700000   108826.98      313.14599      51.906436      21353.137      3452.7528      24805.889      8889.1688      0              1920.1664      3412.6553      7131.1462      0              0.69649968   
   7710000   108511.87      307.58035      149.39077      21304.717      3391.386       24696.103      8925.075       0              1897.3853      3355.0301      7127.2269      0              0.69852224   
   7720000   108823.53      311.44489      545.61444      21323.151      3433.9965      24757.148      8923.8866      0              1905.8237      3313.2394      7180.2015      0              0.69652178   
   7730000   109190.83      305.61215     -139.45375      21359.333      3369.6845      24729.018      8926.2076      0              1977.0875      3344.873       7111.1651      0              0.69417875   
   7740000   109134.95      301.15443      53.092842      21242.672      3320.5336      24563.205      8892.4129      0              1937.4547      3323.6745      7089.1296      0              0.69453419   
   7750000   109148.37      303.3044      -793.66506      21225.93       3344.2393      24570.169      8820.7655      0              2027.449       3308.4453      7069.2701      0              0.69444881   
   7760000   108297.5       313.67051      255.83406      21272.226      3458.5362      24730.762      8947.2023      0              1965.8429      3308.4739      7050.7065      0              0.69990492   
   7770000   109050.32      314.12712      170.04         21298.945      3463.5708      24762.516      8966.9003      0              1904.6452      3301.4839      7125.9159      0              0.69507321   
   7780000   109074.1       310.55923      457.8094       21149.706      3424.2311      24573.937      8880.5699      0              1907.0766      3312.24        7049.8193      0              0.69492168   
   7790000   109029.18      304.50511     -165.49081      21286.828      3357.4783      24644.306      8933.2474      0              1981.0505      3316.9168      7055.6129      0              0.69520795   
   7800000   108070.55      304.50571      294.41719      21333.267      3357.4849      24690.752      8913.5097      0              1959.4996      3342.8381      7117.4201      0              0.70137474   
   7810000   110529.84      307.71375     -45.4685        21349.22       3392.8569      24742.076      8949.4708      0              1967.0009      3338.9851      7093.7628      0              0.68576917   
   7820000   109434.8       311.08235     -521.61605      21241.23       3429.9991      24671.229      8851.1579      0              1966.7793      3363.2742      7060.0182      0              0.69263119   
   7830000   109213.57      311.1047      -285.28646      21238.475      3430.2455      24668.72       8878.6061      0              1953.5235      3331.7887      7074.5567      0              0.69403421   
   7840000   109163.15      306.50839     -156.55357      21194.694      3379.5666      24574.26       8854.4304      0              1914.5663      3364.0098      7061.6869      0              0.69435481   
   7850000   110111.29      312.62391     -572.05649      21281.514      3446.9964      24728.51       8941.5927      0              1928.783       3281.5911      7129.5468      0              0.68837586   
   7860000   110131.52      308.91411      387.93623      21288.224      3406.092       24694.316      8925.2934      0              1897.8202      3350.5931      7114.5171      0              0.68824942   
   7870000   109073.79      310.92098      1063.4713      21387.048      3428.2198      24815.268      8991.213       0              1924.2578      3375.0491      7096.5279      0              0.69492362   
   7880000   109462.42      308.92752     -242.50385      21345.874      3406.2399      24752.114      8914.0916      0              1978.8513      3309.6779      7143.2531      0              0.6924564    
   7890000   108629.14      308.6273       534.63771      21255.654      3402.9296      24658.584      8934.0815      0              1904.0548      3332.6154      7084.9023      0              0.69776815   
   7900000   109317.58      307.30356      190.47985      21310.997      3388.3341      24699.331      8952.6731      0              1908.5356      3380.4533      7069.3353      0              0.69337391   
   7910000   108414.55      311.3559       214.98107      21322.98       3433.0153      24755.995      8884.7283      0              1975.8499      3332.739       7129.6623      0              0.69914929   
   7920000   109156.2       303.93744     -74.944949      21332.886      3351.2192      24684.106      8942.6659      0              1929.1504      3343.2855      7117.7847      0              0.69439901   
   7930000   109429.65      310.34442     -40.142433      21336.121      3421.8626      24757.984      8878.8017      0              1972.2109      3372.5609      7112.5474      0              0.69266381   
   7940000   109504.25      310.9193      -522.19233      21375.436      3428.2013      24803.637      8922.1102      0              1993.1269      3377.2095      7082.9895      0              0.6921919    
   7950000   109599.86      310.54977     -1190.4224      21320.505      3424.1268      24744.632      8851.6737      0              2089.4668      3278.7308      7100.6339      0              0.69158808   
   7960000   109724.74      298.0915       200.85782      21221.627      3286.7618      24508.389      8893.389       0              1902.4761      3322.6672      7103.0947      0              0.69080094   
   7970000   109227.75      311.10785      117.7502       21339.435      3430.2802      24769.715      8931.8687      0              1973.8582      3293.8617      7139.8464      0              0.69394414   
   7980000   108938.73      309.68151     -257.30408      21220.366      3414.5534      24634.92       8804.0798      0              1922.9285      3383.8846      7109.4732      0              0.69578523   
   7990000   109106.94      304.83982      542.4995       21260.329      3361.1688      24621.497      8897.4774      0              1900.582       3329.5221      7132.7472      0              0.69471248   
   8000000   109373.49      303.21711     -120.11492      21272.463      3343.2769      24615.74       8870.1051      0              1927.6538      3326.1835      7148.5211      0              0.69301946   
   8010000   109832.23      309.52732     -167.83891      21402.106      3412.8533      24814.959      8874.4326      0              2013.9342      3346.3749      7167.364       0              0.69012492   
   8020000   109840.72      303.77259      58.839229      21341.678      3349.4015      24691.079      8931.4571      0              1888.1263      3387.2766      7134.8177      0              0.69007153   
   8030000   109522.08      308.36169      348.61552      21381.79       3400.001       24781.791      8934.1423      0              1939.518       3353.1373      7154.9925      0              0.6920792    
   8040000   109910.88      309.3158      -292.67858      21299.937      3410.521       24710.458      8926.7648      0              1945.3626      3346.6779      7081.1319      0              0.68963104   
   8050000   108759.13      307.99453     -435.97131      21359.354      3395.9527      24755.307      8922.6799      0              1998.4199      3348.0463      7090.2083      0              0.69693419   
   8060000   109274.92      310.06804     -611.58873      21350.393      3418.8153      24769.208      8845.376       0              1986.5712      3404.0086      7114.4371      0              0.69364458   
   8070000   109561.52      310.61094     -218.15008      21356.919      3424.8013      24781.72       8907.5818      0              1953.4372      3306.5913      7189.3084      0              0.69183006   
   8080000   110093.21      308.50842      93.472725      21420.434      3401.6189      24822.053      8893.8358      0              2000.9385      3380.7021      7144.9578      0              0.68848894   
   8090000   108781.33      305.34301      631.09102      21394.077      3366.7171      24760.795      8960.9781      0              1910.9768      3345.0547      7177.0678      0              0.69679197   
   8100000   108592.34      306.28031      666.05916      21287.729      3377.0517      24664.781      8958.2229      0              1911.1135      3362.9539      7055.4389      0              0.69800464   
   8110000   109461.86      294.68998     -285.39403      21340.486      3249.2565      24589.743      8972.8309      0              1954.768       3298.5305      7114.3567      0              0.69245995   
   8120000   109321.72      311.6049       212.26385      21312.738      3435.7607      24748.499      8941.5802      0              1918.9927      3364.7823      7087.3827      0              0.69334764   
   8130000   109221.61      306.84387      21.179824      21304.319      3383.2655      24687.585      8856.7098      0              1943.0634      3399.2394      7105.3067      0              0.69398312   
   8140000   108766.54      310.07342      143.00507      21355.369      3418.8746      24774.244      8924.0268      0              1948.9415      3378.3128      7104.0879      0              0.6968867    
   8150000   109169.88      311.26737     -522.12631      21294.299      3432.0391      24726.338      8893.5184      0              2004.0051      3342.6721      7054.1034      0              0.69431201   
   8160000   109733.67      308.71864     -231.54882      21255.07       3403.9367      24659.006      8782.627       0              1981.471       3336.8574      7154.1143      0              0.69074476   
   8170000   109201         305.64207      398.82313      21246.183      3370.0145      24616.197      8938.6995      0              1862.3867      3334.5581      7110.5382      0              0.69411414   
   8180000   109189.43      305.15333      16.425443      21338.197      3364.6256      24702.823      8892.2732      0              1955.7045      3393.8138      7096.4057      0              0.69418769   
   8190000   109965.17      304.54273     -1402.0842      21310.279      3357.8932      24668.172      8827.9602      0              2025.3609      3358.7127      7098.2454      0              0.68929055   
   8200000   109155.18      311.16333     -795.5517       21271.862      3430.8919      24702.754      8864.5669      0              1997.6477      3307.9477      7101.6995      0              0.69440551   
   8210000   109402.23      302.04583     -611.46793      21289.006      3330.3623      24619.369      8888.4015      0              1954.6087      3370.1183      7075.8778      0              0.69283738   
   8220000   108758.52      305.72637      74.758357      21381.456      3370.9439      24752.4        8964.9698      0              1987.8223      3346.8497      7081.8145      0              0.69693811   
   8230000   109685.01      304.06082      453.88905      21241.205      3352.5796      24593.784      8923.5141      0              1937.4315      3364.1171      7016.1419      0              0.69105116   
   8240000   109263.03      306.15955     -90.957525      21373.702      3375.7202      24749.422      8947.9866      0              1978.6225      3336.9478      7110.1452      0              0.69372004   
   8250000   109967.11      310.6179       114.94449      21311.392      3424.8781      24736.27       8887.0048      0              1928.2294      3407.1973      7088.9606      0              0.68927843   
   8260000   109664         313.01969      310.82997      21260.846      3451.3602      24712.206      8963.4576      0              1892.6023      3308.8078      7095.9783      0              0.69118357   
   8270000   108945.32      306.87285     -356.32455      21323.02       3383.5851      24706.605      8942.5597      0              1936.529       3351.1552      7092.7763      0              0.69574309   
   8280000   108845.75      308.49231      223.61861      21284.77       3401.4412      24686.211      8895.1013      0              1924.4955      3345.6014      7119.5719      0              0.69637956   
   8290000   109007.67      310.12822     -240.51386      21369.554      3419.4789      24789.033      8875.1511      0              1973.7907      3348.4455      7172.1668      0              0.69534513   
   8300000   108675.79      302.24421     -194.3736       21360.387      3332.5496      24692.937      8908.2386      0              1915.3174      3410.7714      7126.0598      0              0.69746868   
   8310000   109632.98      302.6542       16.66795       21277.616      3337.0702      24614.687      8860.3038      0              1937.0688      3378.962       7101.2819      0              0.69137913   
   8320000   109723.27      303.77062     -187.84842      21341.535      3349.3798      24690.915      8895.0633      0              1979.7865      3384.0357      7082.6492      0              0.69081023   
   8330000   109926.34      306.68433     -308.72768      21374.024      3381.5065      24755.53       8946.4256      0              1994.4237      3326.3756      7106.7989      0              0.68953408   
   8340000   108946.41      304.17728     -130.79743      21288.397      3353.8637      24642.261      8853.6014      0              1958.3798      3346.3486      7130.0677      0              0.69573614   
   8350000   108927.64      313.55188      375.79964      21365.764      3457.2281      24822.992      8918.8153      0              1970.1103      3368.909       7107.9293      0              0.69585601   
   8360000   109093.93      312.29689     -538.79614      21385.981      3443.3906      24829.372      8932.0003      0              1996.355       3353.8861      7103.7399      0              0.69479539   
   8370000   109625.54      309.19681     -340.65658      21363.569      3409.2091      24772.778      8861.8479      0              1981.8703      3354.2395      7165.6114      0              0.69142604   
   8380000   109110.53      300.11827     -619.06342      21215.848      3309.1089      24524.957      8782.7745      0              1988.0667      3305.2791      7139.7277      0              0.69468963   
   8390000   109744.55      305.25946      303.33638      21355.487      3365.7958      24721.283      8955.2649      0              1975.4955      3316.7083      7108.0183      0              0.69067629   
   8400000   109253.43      313.62549     -447.59775      21368.939      3458.0397      24826.979      8876.6568      0              1996.1206      3386.6432      7109.5184      0              0.69378104   
   8410000   108935.18      303.68572      263.44821      21276.904      3348.4437      24625.348      8917.1806      0              1907.2532      3372.7697      7079.701       0              0.69580785   
   8420000   110014.12      311.94862      53.580472      21365.243      3439.5506      24804.793      8895.9427      0              2005.739       3353.5756      7109.9855      0              0.68898391   
   8430000   109346.6       306.23851     -55.87224       21345.35       3376.5908      24721.941      8836.708       0              1987.4826      3388.7707      7132.389       0              0.6931899    
   8440000   109249.65      310.89272     -415.50621      21432.359      3427.9082      24860.268      8954.3427      0              1994.4426      3362.2423      7121.3318      0              0.69380505   
   8450000   109743.4       312.46141      101.21586      21265.491      3445.2046      24710.696      8870.8872      0              1955.4103      3375.5426      7063.6509      0              0.69068351   
   8460000   109234.92      305.14816      97.36457       21352.931      3364.5686      24717.5        8995.9596      0              1986.2713      3321.9395      7048.7611      0              0.69389859   
   8470000   109046.9       305.32538      12.92782       21275.372      3366.5226      24641.895      8921.5003      0              1949.1993      3334.7072      7069.9656      0              0.69509499   
   8480000   109289.49      303.24261      129.23955      21358.04       3343.558       24701.598      8942.154       0              1969.9113      3354.9541      7091.0202      0              0.69355208   
   8490000   109724.63      313.19728     -319.67272      21327.869      3453.3183      24781.187      8876.008       0              1962.0412      3359.9707      7129.8491      0              0.69080165   
   8500000   109235.5       312.84962      864.95038      21330.567      3449.4851      24780.052      8976.166       0              1930.0653      3319.0007      7105.335       0              0.69389488   
   8510000   109334.91      309.05734     -268.27001      21271.54       3407.6713      24679.211      8788.1956      0              1960.1422      3383.4599      7139.7421      0              0.69326396   
   8520000   108338.91      311.3681       178.2453       21462.402      3433.1498      24895.552      8978.2686      0              1982.8502      3390.974       7110.3093      0              0.69963739   
   8530000   110322.25      314.8493      -228.97295      21277.149      3471.5335      24748.682      8858.5586      0              2003.9656      3312.9379      7101.6865      0              0.68705954   
   8540000   109866.56      304.84869      294.91505      21302.075      3361.2667      24663.342      8885.105       0              1962.4508      3317.8635      7136.6559      0              0.68990922   
   8550000   109867.58      312.03147      154.11775      21342.684      3440.4641      24783.148      8940.8056      0              1919.4178      3361.2722      7121.1879      0              0.68990282   
   8560000   109688.65      310.55273     -486.57197      21331.406      3424.1595      24755.565      8868.9895      0              2006.6559      3353.4067      7102.3537      0              0.69102825   
   8570000   110365.13      310.01329     -554.23866      21359.164      3418.2116      24777.376      8891.5644      0              2039.1883      3351.8805      7076.5308      0              0.68679262   
   8580000   109875.8       308.84058      579.39377      21336.769      3405.2813      24742.051      9020.7949      0              1922.7911      3325.3224      7067.8609      0              0.68985122   
   8590000   108572.94      311.5349      -169.55965      21354.403      3434.9889      24789.392      8959.3295      0              1954.3201      3362.8829      7077.8703      0              0.69812935   
   8600000   109733.14      317.05876      160.08152      21227.716      3495.895       24723.611      8884.4554      0              1914.8882      3333.3881      7094.9841      0              0.69074806   
   8610000   109085.67      305.39031      36.920945      21318.173      3367.2385      24685.412      8952.4611      0              1988.4358      3302.2753      7075.0009      0              0.69484796   
   8620000   109292.54      310.39273     -28.076795      21321.757      3422.3953      24744.153      8950.8477      0              1930.9421      3315.2541      7124.7133      0              0.69353273   
   8630000   109699.29      314.93176      272.40665      21267.354      3472.4427      24739.797      8912.9483      0              1918.6398      3336.4325      7099.3335      0              0.69096121   
   8640000   109248.51      315.1391      -419.49172      21237.831      3474.7289      24712.56       8894.6485      0              1906.9502      3346.1009      7090.1318      0              0.69381228   
   8650000   110029.2       305.07362      92.663744      21394.557      3363.7468      24758.303      8952.7005      0              1953.6641      3381.9204      7106.2717      0              0.68888948   
   8660000   109992.96      300.80028      116.29645      21293.814      3316.6288      24610.443      8903.2284      0              1898.7861      3406.4081      7085.3912      0              0.68911641   
   8670000   109227.43      317.53739      896.0709       21253.314      3501.1725      24754.487      8936.3512      0              1915.5016      3376.1643      7025.2969      0              0.69394618   
   8680000   109668.86      301.70618      978.93162      21346.985      3326.6172      24673.602      8916.9143      0              1909.5686      3344.0309      7176.4708      0              0.69115297   
   8690000   110081.52      293.87013     -807.92401      21216.174      3240.2169      24456.391      8798.9624      0              2000.3511      3353.6636      7063.1969      0              0.68856204   
   8700000   110045.7       306.77545      94.811529      21228.189      3382.5111      24610.7        8910.6618      0              1903.0612      3344.4591      7070.0072      0              0.68878615   
   8710000   109526.42      308.68817     -251.84806      21260.505      3403.6008      24664.106      8851.7564      0              1991.4923      3361.1667      7056.0899      0              0.69205178   
   8720000   109698.39      305.41612      310.95871      21287.449      3367.5231      24654.972      8904.2615      0              1945.6827      3334.1381      7103.3662      0              0.6909669    
   8730000   110017.01      304.811        123.35846      21330.308      3360.8511      24691.159      8978.474       0              1922.9811      3365.3044      7063.5482      0              0.6889658    
   8740000   109781.23      306.91076      259.33049      21218.135      3384.003       24602.138      8883.8474      0              1895.0417      3330.8262      7108.4198      0              0.69044548   
   8750000   108772.71      301.2709       640.62919      21328.659      3321.8179      24650.477      8983.3547      0              1912.1879      3333.8495      7099.2673      0              0.69684719   
   8760000   109592.19      306.65386      138.57413      21349.006      3381.1705      24730.177      8926.6555      0              1947.8224      3388.0201      7086.5082      0              0.69163649   
   8770000   110419.41      301.86057     -606.10325      21379.021      3328.3196      24707.34       8960.0157      0              1974.1657      3335.6725      7109.1666      0              0.686455     
   8780000   109495.57      305.76876      300.72534      21401.201      3371.4114      24772.612      9021.1305      0              1920.5863      3335.9299      7123.554       0              0.69224678   
   8790000   109598.19      313.81273     -570.04348      21303.35       3460.1042      24763.454      8846.0957      0              1998.4663      3360.9922      7097.7956      0              0.69159864   
   8800000   110264.69      306.02123     -413.02089      21308.86       3374.1951      24683.055      8926.1894      0              1920.5702      3290.0609      7172.0391      0              0.68741819   
   8810000   110206.72      314.94005     -644.08726      21284.738      3472.5341      24757.272      8835.9784      0              2020.7737      3355.0697      7072.9163      0              0.68777982   
   8820000   109814.99      301.59509      187.73632      21229.406      3325.3924      24554.798      8879.7613      0              1901.1281      3348.8632      7099.6533      0              0.69023326   
   8830000   109328.74      306.39356      351.0592       21280.349      3378.3005      24658.65       8919.8853      0              1935.7481      3312.1055      7112.6105      0              0.69330311   
   8840000   109939.22      305.14492     -869.42973      21351.077      3364.5329      24715.61       8857.0831      0              2071.503       3340.2966      7082.194       0              0.68945325   
   8850000   110203.41      303.52348      364.49886      21417.486      3346.6549      24764.141      8974.9682      0              1940.4655      3318.5302      7183.5223      0              0.68780045   
   8860000   110312.41      305.66592     -44.088532      21378.372      3370.2775      24748.65       8907.8973      0              1951.7862      3422.6201      7096.0686      0              0.68712083   
   8870000   110663.57      308.74448      305.38053      21230.92       3404.2216      24635.141      8861.6643      0              1939.1335      3350.5419      7079.58        0              0.68494043   
   8880000   109866.58      305.92053     -75.354574      21381.305      3373.0847      24754.39       8920.003       0              1929.1054      3426.4742      7105.7223      0              0.68990913   
   8890000   109376.42      311.61747     -256.03376      21372.071      3435.8994      24807.97       9012.0214      0              1937.4655      3321.8098      7100.7739      0              0.6930009    
   8900000   109428.25      311.78098     -239.88823      21301.989      3437.7022      24739.691      8936.8172      0              1902.5284      3328.8839      7133.7597      0              0.69267262   
   8910000   109625.36      313.16404      54.218154      21274.014      3452.9518      24726.965      8921.0707      0              1933.8356      3318.4195      7100.6879      0              0.69142719   
   8920000   109163.95      302.18439      619.41833      21354.768      3331.89        24686.658      8948.0546      0              1961.36        3370.6897      7074.6636      0              0.69434968   
   8930000   109806.04      305.41858      841.5447       21342.36       3367.5503      24709.911      8981.9131      0              1960.3807      3363.9639      7036.1026      0              0.69028947   
   8940000   109585.13      306.89517      557.99601      21259.161      3383.8312      24642.993      8986.5167      0              1855.64        3315.266       7101.7385      0              0.69168102   
   8950000   109306.49      317.73233      157.67062      21418.796      3503.3219      24922.118      8998.9746      0              1945.8366      3350.0064      7123.9783      0              0.69344423   
   8960000   109661.17      303.49776      229.86985      21445.863      3346.3713      24792.234      9069.5998      0              1941.4235      3306.1504      7128.6892      0              0.69120142   
   8970000   109096.04      308.56267      586.18808      21229.324      3402.217       24631.541      8926.2375      0              1889.5203      3331.5417      7082.0244      0              0.69478194   
   8980000   109570.29      313.12135     -335.24774      21409.305      3452.4812      24861.786      8936.0349      0              1979.022       3357.3442      7136.9038      0              0.69177473   
   8990000   109323.37      305.16345     -288.58777      21290.306      3364.7372      24655.043      8985.9043      0              1953.3591      3296.2136      7054.8291      0              0.69333719   
   9000000   109726.5       308.72674      217.15636      21324.281      3404.0261      24728.307      8985.8618      0              1940.1022      3314.703       7083.6136      0              0.6907899    
   9010000   110536.31      307.22245     -90.681796      21288.933      3387.4398      24676.373      8940.5595      0              1944.8661      3289.1272      7114.3805      0              0.68572903   
   9020000   109004.99      306.42098      218.64658      21305.68       3378.6027      24684.282      8920.3829      0              1974.8432      3333.2855      7077.168       0              0.69536226   
   9030000   109166.86      306.86964      379.80433      21265.636      3383.5497      24649.186      8987.3924      0              1906.9578      3309.4682      7061.8179      0              0.6943312    
   9040000   110313.43      313.68155      750.9001       21286.488      3458.658       24745.146      8912.0211      0              1903.6387      3366.8038      7104.0241      0              0.68711449   
   9050000   109089.91      309.17502      480.69938      21295.97       3408.9688      24704.939      8948.7545      0              1902.2566      3366.9206      7078.0383      0              0.69482097   
   9060000   109929.49      311.43104      864.66755      21332.691      3433.8438      24766.535      8971.9271      0              1905.0846      3348.8821      7106.7976      0              0.68951429   
   9070000   109878.07      311.19639     -114.02743      21219.421      3431.2565      24650.678      8866.0195      0              2021.6499      3324.0864      7007.6656      0              0.68983695   
   9080000   111292.23      300.11496     -719.04557      21322.527      3309.0725      24631.599      8845.0154      0              2038.1558      3307.4214      7131.9343      0              0.6810714    
   9090000   110538.52      309.40641      247.26453      21248.945      3411.5201      24660.465      8903.8873      0              1989.8041      3301.7484      7053.5056      0              0.68571531   
   9100000   110652.76      305.51973     -459.53657      21256.551      3368.6656      24625.217      8852.2837      0              1995.7899      3303.45        7105.0274      0              0.68500734   
   9110000   110134.41      310.94533     -209.92249      21290.075      3428.4883      24718.564      8945.1513      0              1927.2388      3301.6873      7115.9979      0              0.68823135   
   9120000   110279.22      314.13602      85.22757       21241.02       3463.6689      24704.689      8871.6088      0              1925.1153      3339.3388      7104.9574      0              0.68732766   
   9130000   110363         305.84529      255.26234      21239.506      3372.2551      24611.761      8947.7135      0              1917.5214      3304.8331      7069.4381      0              0.68680584   
   9140000   109764.48      318.70365      808.2661       21327.749      3514.0317      24841.781      8965.3479      0              1894.7808      3363.2865      7104.3338      0              0.69055087   
   9150000   110586.75      306.77022     -228.51092      21379.466      3382.4535      24761.919      8891.9937      0              1982.6719      3397.4369      7107.3633      0              0.68541625   
   9160000   109657.75      307.23175     -87.182545      21242.088      3387.5423      24629.63       8846.3416      0              1941.3361      3353.2111      7101.199       0              0.69122294   
   9170000   109203.13      302.6142       119.30799      21311.604      3336.6291      24648.233      8878.9749      0              1969.8792      3378.8753      7083.8746      0              0.69410059   
   9180000   110066.34      308.02432      50.862194      21325.438      3396.2812      24721.719      8982.2211      0              1939.2789      3345.2663      7058.6716      0              0.688657     
   9190000   110817.45      308.10341      37.653815      21253.953      3397.1532      24651.106      8839.9059      0              1922.7529      3369.7036      7121.5908      0              0.68398933   
   9200000   110021.16      320.45568      559.56222      21215.537      3533.3496      24748.886      8872.1517      0              1898.4908      3360.6079      7084.2863      0              0.68893982   
   9210000   110177.91      303.65814     -1113.0095      21201.323      3348.1396      24549.463      8808.5781      0              1975.5125      3338.0421      7079.1905      0              0.68795962   
   9220000   110049.99      306.73151      150.3347       21143.112      3382.0266      24525.139      8818.1969      0              1869.6255      3334.1052      7121.1845      0              0.68875929   
   9230000   108877.17      305.83727      498.19913      21300.687      3372.1668      24672.854      8884.0406      0              1945.0509      3324.958       7146.638       0              0.69617858   
   9240000   109955.34      309.66228      511.58137      21353.217      3414.3414      24767.559      8961.6707      0              1962.1475      3304.9906      7124.4085      0              0.68935218   
   9250000   109422.09      306.09519      336.72215      21361.631      3375.0105      24736.642      8942.2292      0              1926.7734      3345.5788      7147.05        0              0.69271164   
   9260000   109565.13      307.51882      198.97537      21313.519      3390.7075      24704.227      8958.6062      0              1927.0154      3337.2873      7090.6106      0              0.6918073    
   9270000   109615.3       313.39442      20.905234      21242.911      3455.4921      24698.403      8884.1722      0              1945.6246      3336.4384      7076.6753      0              0.69149063   
   9280000   109004.44      306.82679      277.51231      21213.045      3383.0772      24596.122      8907.5947      0              1911.4266      3349.8142      7044.2096      0              0.69536577   
   9290000   109801.14      308.22939      165.9543       21342.97       3398.5423      24741.512      9015.1651      0              1929.3705      3360.9904      7037.444       0              0.69032027   
   9300000   109443.18      308.79547      405.85035      21290.207      3404.7839      24694.991      8979.2052      0              1880.1954      3323.4175      7107.3892      0              0.69257813   
   9310000   110192.77      308.5302      -104.78456      21303.46       3401.8591      24705.319      8890.4051      0              1945.7085      3352.3454      7115.0007      0              0.68786687   
   9320000   109944.32      305.20096      389.22923      21231.411      3365.1508      24596.562      8963.1262      0              1899.845       3331.0378      7037.4019      0              0.68942132   
   9330000   110288.87      309.69943      414.22968      21279.507      3414.7509      24694.258      8944.9805      0              1915.8221      3356.9522      7061.7522      0              0.68726752   
   9340000   109601.44      303.18609     -99.074379      21185.383      3342.9348      24528.317      8947.1176      0              1874.6558      3308.5365      7055.0728      0              0.6915781    
   9350000   110423.66      309.33009      540.23921      21273.964      3410.6786      24684.643      8945.847       0              1885.6096      3306.9888      7135.5189      0              0.68642858   
   9360000   109873.33      303.53571      108.37926      21276.365      3346.7897      24623.154      8903.4874      0              1960.0751      3340.9845      7071.8175      0              0.68986676   
   9370000   109611.06      303.426        432.34413      21258.564      3345.5801      24604.144      8943.1723      0              1842.5814      3347.2081      7125.6025      0              0.6915174    
   9380000   110685.73      308.50234      161.69101      21369.224      3401.5519      24770.776      9017.3584      0              1924.2725      3317.3476      7110.2455      0              0.6848033    
   9390000   110488.91      310.65286      107.50323      21336.863      3425.2635      24762.127      8941.4457      0              1945.9589      3352.6998      7096.759       0              0.68602323   
   9400000   110885.25      297.21906     -255.33856      21314.635      3277.1422      24591.777      8953.5753      0              1956.2312      3337.9926      7066.8356      0              0.68357112   
   9410000   110363.16      302.79541     -55.72208       21357.2        3338.6272      24695.827      8991.8954      0              1928.0627      3372.0176      7065.2241      0              0.6868049    
   9420000   110461.72      308.60559     -347.96284      21194.726      3402.6903      24597.416      8800.5893      0              1953.2137      3315.049       7125.8739      0              0.68619204   
   9430000   111054.08      300.55891     -306.05938      21150.275      3313.9675      24464.242      8848.0176      0              1932.6939      3293.4365      7076.1267      0              0.68253195   
   9440000   110402.81      300.64003      424.49952      21223.357      3314.8619      24538.219      8948.4866      0              1884.3834      3337.6766      7052.8107      0              0.68655823   
   9450000   110738.87      313.00945     -637.33214      21352.952      3451.2473      24804.199      8845.0857      0              2008.8022      3342.2043      7156.8595      0              0.68447473   
   9460000   110234.28      310.92673      398.92445      21462.911      3428.2832      24891.194      8963.5325      0              1988.6544      3419.7955      7090.9287      0              0.68760786   
   9470000   110377.61      307.59401      12.231627      21357.271      3391.5366      24748.807      8974.1603      0              1965.3744      3320.657       7097.079       0              0.68671495   
   9480000   110142.96      306.73471      166.68972      21196.691      3382.062       24578.753      8923.6527      0              1921.4214      3283.3696      7068.247       0              0.68817793   
   9490000   110022.53      309.2963       490.38671      21271.597      3410.3061      24681.903      8933.8549      0              1946.4369      3301.4337      7089.8714      0              0.68893119   
   9500000   110566.11      310.9235      -402.45271      21356.452      3428.2476      24784.699      8942.044       0              1975.0713      3358.5772      7080.7591      0              0.68554419   
   9510000   110916.78      306.2413      -61.08235       21336.467      3376.6216      24713.089      8934.1695      0              1929.7212      3382.9351      7089.6413      0              0.68337684   
   9520000   110394.28      302.68775     -451.6381       21356.675      3337.4401      24694.115      8938.7766      0              1940.095       3394.3918      7083.4118      0              0.68661126   
   9530000   109562.09      301.8727       63.996129      21397.673      3328.4533      24726.126      9052.0341      0              1958.1235      3310.1936      7077.3215      0              0.69182649   
   9540000   109541.64      302.68926      118.51824      21299.672      3337.4568      24637.129      9015.9188      0              1948.0319      3306.3198      7029.4017      0              0.69195566   
   9550000   109869.35      312.34352      37.808623      21318.819      3443.9047      24762.724      9017.3279      0              1918.4755      3328.9888      7054.0273      0              0.68989174   
   9560000   109599.85      307.61688     -16.263995      21371.321      3391.7888      24763.11       8971.1932      0              1951.0069      3399.8131      7049.3076      0              0.69158815   
   9570000   109110.28      311.89861      624.96189      21284.528      3438.9992      24723.527      8967.9054      0              1886.3937      3317.8816      7112.3469      0              0.69469125   
   9580000   109795.11      307.06244      180.77297      21369.429      3385.6755      24755.105      8900.3119      0              1967.3388      3376.9909      7124.7875      0              0.6903582    
   9590000   109851.31      303.57533     -349.04208      21467.631      3347.2266      24814.857      8972.543       0              1967.0264      3405.1028      7122.9584      0              0.690005     
   9600000   109515.98      307.28974      589.17018      21200.489      3388.1817      24588.671      8927.944       0              1886.8832      3284.6733      7100.9887      0              0.69211778   
   9610000   109360.49      311.03632     -13.573508      21273.043      3429.4916      24702.534      8894.5945      0              1961.519       3349.3674      7067.5619      0              0.69310186   
   9620000   109357.77      307.05672     -239.22391      21294.436      3385.6124      24680.049      8964.9574      0              1995.1365      3256.3782      7077.9643      0              0.69311909   
   9630000   110350.26      312.39328     -136.44578      21348.221      3444.4534      24792.674      8928.2269      0              1961.3562      3394.2667      7064.3708      0              0.68688516   
   9640000   110561.46      301.89836     -309.8115       21267.734      3328.7363      24596.47       8985.0018      0              1897.1745      3332.6681      7052.8895      0              0.68557301   
   9650000   109986.3       310.20298     -391.81913      21268.187      3420.3032      24688.49       8848.4511      0              1970.9763      3334.6424      7114.117       0              0.68915815   
   9660000   109626.07      314.049        77.07608       21242.126      3462.7095      24704.835      8930.4597      0              1903.7591      3344.5632      7063.3436      0              0.69142272   
   9670000   109595.1       313.59395     -170.05268      21261.661      3457.692       24719.353      8888.3821      0              1948.5401      3330.0784      7094.6603      0              0.69161812   
   9680000   110331.95      305.04216     -58.11011       21335.879      3363.3999      24699.278      8978.9911      0              1919.5255      3389.729       7047.633       0              0.68699915   
   9690000   110575.34      304.58512      34.624568      21167.859      3358.3605      24526.219      8820.6149      0              1924.46        3343.9529      7078.8308      0              0.68548699   
   9700000   111763.71      310.75744     -302.58191      21166.713      3426.4166      24593.13       8823.7186      0              1912.6971      3385.9235      7044.374       0              0.67819829   
   9710000   111692.27      312.60734      433.81537      21293.352      3446.8136      24740.166      8979.8605      0              1869.9667      3344.8115      7098.7134      0              0.67863204   
   9720000   112514.74      306.98614     -168.86424      21300.139      3384.8342      24684.973      8939.8597      0              1935.7815      3312.8177      7111.6797      0              0.67367137   
   9730000   112955.85      300.17843     -91.370943      21283.102      3309.7723      24592.874      8873.5781      0              1972.1649      3368.1313      7069.2278      0              0.67104055   
   9740000   112669.38      305.96724      47.940648      21320.006      3373.5998      24693.606      9016.5894      0              1906.8262      3311.6528      7084.9377      0              0.67274674   
   9750000   112506.21      299.32976     -25.127155      21335.393      3300.4148      24635.807      8915.4983      0              1938.1127      3336.938       7144.8436      0              0.67372242   
   9760000   113283.41      298.22568     -18.336871      21268.058      3288.2412      24556.3        9004.77        0              1872.0098      3336.1385      7055.1401      0              0.66910025   
   9770000   113142.22      312.54457     -191.22733      21279.974      3446.1216      24726.096      8915.5626      0              1965.0979      3322.3357      7076.9781      0              0.66993519   
   9780000   113189.12      305.8435      -485.79789      21176.78       3372.2355      24549.015      8901.8357      0              1914.0198      3311.7233      7049.2012      0              0.66965759   
   9790000   112510.37      312.93473      423.30194      21217.988      3450.4235      24668.412      8937.6732      0              1901.758       3320.3192      7058.2378      0              0.67369752   
   9800000   112644.7       306.31385      540.11079      21332.142      3377.4215      24709.564      9005.9834      0              1944.1648      3326.5718      7055.4223      0              0.67289412   
   9810000   112188.22      311.97313     -579.36931      21302.367      3439.8209      24742.188      8942.647       0              1948.0832      3329.95        7081.6865      0              0.67563201   
   9820000   112018.11      297.67552      131.34404      21297.47       3282.1751      24579.645      8917.8918      0              1933.6169      3365.8129      7080.1481      0              0.67665802   
   9830000   112732.46      305.01668      46.834649      21309.56       3363.1189      24672.679      8950.8274      0              1935.9865      3367.9034      7054.8431      0              0.67237027   
   9840000   112929.56      307.39008     -707.87246      21277.435      3389.2881      24666.723      8883.5811      0              1932.7961      3337.562       7123.4955      0              0.67119676   
   9850000   113429.46      314.71735      298.95742      21370.703      3470.0787      24840.782      8913.137       0              1945.0161      3415.034       7097.5162      0              0.66823871   
   9860000   114393.57      312.93508     -142.4684       21296.778      3450.4273      24747.205      8987.138       0              1953.0978      3275.4528      7081.089       0              0.6626068    
   9870000   114286.98      300.25537     -346.28788      21321.572      3310.6207      24632.193      8925.783       0              1966.7928      3357.4388      7071.5577      0              0.66322475   
   9880000   114336.6       308.6657      -23.214971      21265.91       3403.3531      24669.263      8931.7138      0              1927.8107      3319.6992      7086.6865      0              0.66293695   
   9890000   114079.12      302.60959     -417.93781      21328.655      3336.5783      24665.233      9004.5411      0              1983.8761      3323.2258      7017.0121      0              0.66443322   
   9900000   115188.35      304.5504      -345.4413       21237.957      3357.9777      24595.935      8926.1466      0              1902.5435      3327.0985      7082.1687      0              0.6580349    
   9910000   114600.11      304.04842      441.31844      21252.903      3352.4429      24605.346      8903.8318      0              1926.7947      3355.1958      7067.0811      0              0.66141258   
   9920000   115157.16      306.95019      631.104        21350.921      3384.4378      24735.359      8999.6608      0              1868.8542      3394.2927      7088.1132      0              0.65821316   
   9930000   114565.46      312.05995      445.49304      21302.674      3440.7781      24743.452      9054.3267      0              1916.8596      3285.7228      7045.7652      0              0.66161263   
   9940000   114740.07      310.33351      419.73019      21356.623      3421.7424      24778.366      9027.9252      0              1909.7012      3345.3596      7073.6376      0              0.66060578   
   9950000   114791.95      303.85206     -3.5418755      21281.964      3350.2778      24632.242      8870.851       0              1972.2106      3356.2591      7082.6437      0              0.66030723   
   9960000   115503.36      313.03149      161.23478      21285.291      3451.4903      24736.781      8944.6068      0              1928.7415      3320.8165      7091.1257      0              0.65624026   
   9970000   115595.06      310.90263      548.31465      21358.851      3428.0175      24786.869      9090.7256      0              1848.426       3333.1119      7086.5876      0              0.65571966   
   9980000   117364.54      304.52854      629.74345      21249.44       3357.7366      24607.177      8964.6798      0              1858.7322      3327.9109      7098.1173      0              0.64583354   
   9990000   118237.56      310.51424     -671.55573      21331.356      3423.735       24755.091      9041.8072      0              1998.2089      3244.6635      7046.6759      0              0.64106495   
  10000000   118002.14      305.01193      846.8367       21280.336      3363.0665      24643.403      9056.8743      0              1850.3504      3300.8697      7072.2421      0              0.64234393   
  10010000   118642.96      313.15554      146.11032      21303.523      3452.8581      24756.381      8984.558       0              1971.5089      3351.9643      6995.492       0              0.63887443   
  10020000   118481.76      313.40148      461.33303      21278.374      3455.5698      24733.944      8942.4494      0              1913.038       3345.8813      7077.0055      0              0.63974369   
  10030000   117761.07      313.00005      138.3292       21322.897      3451.1437      24774.041      8983.129       0              1936.2203      3371.2347      7032.3133      0              0.64365883   
  10040000   118138.33      307.56226     -25.63121       21286.834      3391.1865      24678.021      9003.0821      0              1926.1252      3334.4434      7023.1835      0              0.64160342   
  10050000   116913.76      306.42739      220.37271      21283.607      3378.6734      24662.281      8986.2366      0              1924.042       3350.5954      7022.7332      0              0.64832368   
  10060000   116908.46      312.05854      490.74419      21225.499      3440.7625      24666.262      9018.5897      0              1910.6148      3258.106       7038.1887      0              0.64835305   
  10070000   116889.54      310.04856      506.46734      21365.858      3418.6005      24784.458      9029.6346      0              1967.0673      3296.9094      7072.2465      0              0.64845799   
  10080000   117331.8       305.01707      783.09142      21385.633      3363.1233      24748.756      8998.2482      0              1932.47        3346.558       7108.3569      0              0.64601375   
  10090000   118505.93      301.60369      137.68363      21304.956      3325.4872      24630.443      8984.2112      0              1917.3421      3341.621       7061.7818      0              0.6396132    
  10100000   117554.4       313.09396      292.16113      21266.394      3452.1791      24718.573      8989.2414      0              1912.6507      3286.1664      7078.3354      0              0.64479047   
  10110000   116750.91      309.7895      -140.70375      21276.537      3415.7441      24692.281      8975.5548      0              1934.0572      3314.0805      7052.8444      0              0.64922794   
  10120000   116015.09      308.06083      646.60609      21229.436      3396.6837      24626.119      8951.2599      0              1866.3304      3286.2212      7125.6244      0              0.65334565   
  10130000   116393.24      305.64991     -207.9382       21264.043      3370.1009      24634.144      8934.9631      0              1914.5791      3364.8792      7049.6212      0              0.65122299   
  10140000   116708.51      312.14589      584.97893      21278.762      3441.7257      24720.487      9011.7521      0              1916.7731      3291.6835      7058.553       0              0.64946384   
  10150000   117523.84      304.21089     -51.864447      21264.403      3354.2343      24618.637      8927.9314      0              1957.3804      3319.7056      7059.3853      0              0.64495813   
  10160000   117710.67      305.503       -51.110903      21177.654      3368.4811      24546.136      8939.3552      0              1891.4597      3340.4538      7006.3858      0              0.64393445   
  10170000   117572.77      310.99526      597.6966       21216.574      3429.0388      24645.613      8934.71        0              1944.0904      3313.9369      7023.8371      0              0.64468972   
  10180000   118810.04      316.54009     -153.30494      21270.845      3490.1762      24761.021      8941.9467      0              1909.1796      3364.7571      7054.9611      0              0.63797599   
  10190000   118887.62      311.08104     -209.74409      21186.693      3429.9846      24616.677      8894.1357      0              1914.5873      3315.1196      7062.8499      0              0.63755971   
  10200000   118837.27      297.15022     -223.86694      21152.014      3276.3832      24428.397      8977.0512      0              1849.4948      3275.1647      7050.3034      0              0.63782982   
  10210000   120268.75      310.32637     -6.7242004      21148.171      3421.6637      24569.835      8901.3408      0              1914.9287      3284.7215      7047.1804      0              0.63023814   
  10220000   121179.05      306.92779      26.663991      21189.025      3384.1908      24573.216      8974.8854      0              1923.6923      3281.0109      7009.4366      0              0.62550379   
  10230000   120679.04      307.37637      192.52121      21116.417      3389.1368      24505.553      9014.5016      0              1890.3895      3233.6933      6977.8322      0              0.62809545   
  10240000   121333.1       306.80306      24.78927       21293.648      3382.8156      24676.464      9011.0249      0              1939.6129      3360.9707      6982.0395      0              0.62470963   
  10250000   121177.2       314.80236     -543.51346      21204.146      3471.016       24675.162      8998.8143      0              1905.3429      3314.6564      6985.3323      0              0.62551333   
  10260000   122788.5       303.9656       151.361        21162.62       3351.5297      24514.149      8942.4378      0              1890.3623      3301.8847      7027.9348      0              0.61730502   
  10270000   121335.12      308.25804     -187.89051      21069.476      3398.8582      24468.334      8893.3056      0              1900.6783      3302.3211      6973.1709      0              0.62469925   
  10280000   121703.94      309.15633      847.58116      21072.242      3408.7628      24481.005      8989.3135      0              1854.4428      3267.2173      6961.2683      0              0.62280612   
  10290000   121503.74      310.87311      196.9196       21169.197      3427.692       24596.889      8956.1383      0              1905.3643      3303.8625      7003.832       0              0.62383231   
  10300000   121445.81      306.67979      322.29594      21303.423      3381.4564      24684.879      9061.3459      0              1910.5924      3303.0238      7028.4609      0              0.62412986   
  10310000   122296.49      305.9014      -728.88901      21185.796      3372.8738      24558.669      8867.01        0              1977.2426      3325.2598      7016.2833      0              0.61978848   
  10320000   121215.97      304.55261     -670.75788      21183.3        3358.0021      24541.302      8916.8732      0              1942.37        3318.1838      7005.8734      0              0.62531331   
  10330000   121249.42      309.04682     -135.36608      21167.903      3407.5553      24575.458      8903.7078      0              1945.5634      3314.7021      7003.9294      0              0.62514079   
  10340000   121426.35      313.68353      417.42259      21128.647      3458.6797      24587.327      8974.2231      0              1868.0257      3294.812       6991.5862      0              0.6242299    
  10350000   120849.74      309.43862     -205.79794      21144.448      3411.8752      24556.323      8941.1481      0              1888.6482      3279.8764      7034.7749      0              0.62720828   
  10360000   121887.88      313.16027     -118.96135      21168.404      3452.9102      24621.314      8967.4197      0              1911.8488      3295.0643      6994.0707      0              0.62186624   
  10370000   121604.9       309.78146      255.71897      21093.094      3415.6555      24508.749      8947.8542      0              1899.3548      3239.4845      7006.4002      0              0.62331332   
  10380000   119892.62      299.12892      50.664614      21285.533      3298.2004      24583.733      9002.881       0              1947.3361      3325.2257      7010.0898      0              0.63221537   
  10390000   121786.84      302.98896     -0.6857099      21231.634      3340.7612      24572.395      8896.3243      0              1958.3671      3315.2641      7061.6784      0              0.62238213   
  10400000   121225.98      306.96274      98.60831       21079.638      3384.5762      24464.214      8870.2742      0              1926.9125      3286.5985      6995.8528      0              0.62526162   
  10410000   121990.97      312.95275     -882.74462      21079.206      3450.6222      24529.829      8796.3482      0              1970.1589      3294.1973      7018.502       0              0.62134071   
  10420000   121135.51      311.9168       827.19159      21257.602      3439.1997      24696.802      9028.9371      0              1906.3375      3273.3246      7049.0028      0              0.62572864   
  10430000   121986.86      308.01825     -390.10545      21164.954      3396.2143      24561.169      8950.0371      0              1962.1295      3305.9096      6946.8784      0              0.62136166   
  10440000   123895.82      307.79713     -890.38242      21147.624      3393.7762      24541.4        8856.238       0              2002.2869      3295.5464      6993.5522      0              0.61178785   
  10450000   122059.82      315.47795      123.40538      21123.94       3478.465       24602.405      8982.2281      0              1885.2882      3273.0876      6983.3364      0              0.62099024   
  10460000   122656.7       307.49673     -154.35074      21255.946      3390.464       24646.41       8956.4559      0              1947.9502      3332.6263      7018.9134      0              0.61796833   
  10470000   122279.61      305.8284      -112.46973      21181.661      3372.069       24553.73       8913.7897      0              1958.1006      3312.1237      6997.6466      0              0.61987405   
  10480000   122150.85      311.31386      415.12417      21179.641      3432.5517      24612.192      8974.765       0              1926.7951      3336.4154      6941.6652      0              0.62052746   
  10490000   122515.82      312.05628     -26.743694      21169.716      3440.7377      24610.454      8994.7437      0              1928.1272      3296.1905      6950.6551      0              0.61867892   
  10500000   122321.78      311.1218       507.46227      21160.56       3430.4341      24590.995      8959.7755      0              1849.5929      3344.1416      7007.0504      0              0.61966034   
  10510000   122635.86      306.22409     -290.0571       21251.196      3376.4318      24627.628      8981.7986      0              1974.2544      3367.1453      6927.9976      0              0.61807334   
  10520000   121347.96      306.18273      35.5371        21306.506      3375.9758      24682.481      9058.2884      0              1959.0046      3306.7679      6982.4447      0              0.62463311   
  10530000   121536.4       315.11726      796.3621       21141.017      3474.488       24615.505      9044.9162      0              1878.1109      3283.2872      6934.7024      0              0.62366463   
  10540000   121718.72      306.82625      236.70631      21052.451      3383.0712      24435.523      8943.9631      0              1890.8664      3282.8208      6934.8011      0              0.62273047   
  10550000   122286.65      299.22177      256.22816      21130.226      3299.2242      24429.45       8905.9956      0              1970.635       3298.6106      6954.9844      0              0.61983838   
  10560000   123121.59      308.68187      237.7759       21104.055      3403.5313      24507.586      8954.3066      0              1900.4243      3293.0991      6956.2246      0              0.61563499   
  10570000   121849.41      306.70046      255.08508      21043.703      3381.6843      24425.387      8879.2716      0              1893.0869      3283.602       6987.7425      0              0.62206257   
  10580000   121889.34      307.58689      170.88773      21167.63       3391.4581      24559.088      8957.645       0              1925.4958      3335.7727      6948.7161      0              0.62185878   
  10590000   121403.37      306.8979      -23.382672      21152.715      3383.8613      24536.576      9012.7315      0              1905.5409      3288.5364      6945.9057      0              0.62434803   
  10600000   122096.54      306.08774     -223.4926       21183.975      3374.9284      24558.904      8922.0506      0              1962.571       3298.2947      7001.0591      0              0.62080347   
  10610000   122176.97      307.64683      479.57294      21113.436      3392.119       24505.555      8926.2454      0              1855.0067      3389.6805      6942.5034      0              0.62039481   
  10620000   120675.01      303.22403     -66.422217      21181.059      3343.3531      24524.412      8928.1003      0              1972.2724      3328.9942      6951.6917      0              0.6281164    
  10630000   122403.71      304.26621      373.26095      21137.777      3354.8442      24492.621      8953.9719      0              1876.6065      3336.4666      6970.7318      0              0.61924559   
  10640000   122119.64      303.00751      555.79055      21190.171      3340.9658      24531.136      8969.0939      0              1904.966       3351.3421      6964.7687      0              0.62068603   
  10650000   121735.73      307.61543      146.87841      21227.293      3391.7728      24619.066      9049.4664      0              1937.6313      3326.7062      6913.489       0              0.62264344   
  10660000   121942.51      309.4908      -75.800823      21128.018      3412.4506      24540.468      8987.0693      0              1949.4988      3261.7458      6929.7038      0              0.62158761   
  10670000   122571.13      303.82212      179.67082      21044.398      3349.9477      24394.346      8909.6133      0              1880.7689      3288.5861      6965.43        0              0.61839975   
  10680000   122632.02      306.33576     -920.40355      21290.373      3377.6631      24668.036      8899.1731      0              2025.6815      3381.7413      6983.7775      0              0.61809271   
  10690000   122576.66      311.64613     -451.99055      21091.752      3436.2154      24527.967      8881.5685      0              1965.5522      3315.1031      6929.5279      0              0.61837187   
  10700000   121273.45      305.88847     -290.2948       21087.188      3372.7313      24459.919      8955.5688      0              1940.4874      3273.1662      6917.9656      0              0.62501691   
  10710000   121277.52      306.01396      121.23003      21210.692      3374.115       24584.807      8976.1584      0              1928.5697      3286.9705      7018.993       0              0.6249959    
  10720000   122960.39      315.58746     -289.84523      21008.67       3479.6725      24488.342      8813.4878      0              1952.7919      3317.1943      6925.1959      0              0.61644208   
  10730000   122805.92      304.2903      -30.04766       21065.749      3355.1098      24420.858      8933.2252      0              1913.4584      3269.3874      6949.6775      0              0.61721745   
  10740000   122053.89      306.80403      370.8558       21226.277      3382.8262      24609.103      9033.4395      0              1897.8344      3293.6449      7001.3584      0              0.6210204    
  10750000   122263.52      303.96057     -328.76532      21199.705      3351.4742      24551.18       8944.1807      0              1971.3089      3298.8345      6985.3813      0              0.61995563   
  10760000   121871.86      305.76255     -2.3456426      21172.847      3371.3429      24544.19       8985.4243      0              1906.7452      3317.7794      6962.8984      0              0.62194796   
  10770000   122711.77      306.55097     -460.27324      21227.842      3380.0361      24607.878      8958.1403      0              1954.1156      3288.2732      7027.3132      0              0.617691     
  10780000   122562.23      304.60071     -249.51223      21177.918      3358.5325      24536.45       8952.9751      0              1910.4907      3299.9413      7014.5105      0              0.61844465   
  10790000   123010.72      307.53425      639.5422       21147.146      3390.8777      24538.024      8977.3528      0              1878.9152      3317.6313      6973.2468      0              0.61618983   
  10800000   122719.82      314.04562     -422.81754      21194.835      3462.6721      24657.507      8904.1158      0              1986.5699      3340.5512      6963.5979      0              0.61765046   
  10810000   122349.71      312.30771     -601.15154      21111.897      3443.5099      24555.407      8848.4677      0              1984.5971      3269.9401      7008.8923      0              0.61951891   
  10820000   122108.89      313.58581     -84.158999      21225.298      3457.6023      24682.9        9064.1589      0              1953.0547      3260.117       6947.9673      0              0.62074067   
  10830000   122490.67      314.8634      -197.01785      21124.798      3471.689       24596.487      8907.2822      0              1918.4582      3295.1227      7003.9345      0              0.61880596   
  10840000   122220.73      305.07981     -408.74996      21066.081      3363.8149      24429.896      8875.2524      0              1948.8761      3285.5023      6956.45        0              0.62017264   
  10850000   122143.57      313.08088     -76.468086      21167.682      3452.0349      24619.717      8961.8451      0              1915.8002      3310.6468      6979.3901      0              0.62056443   
  10860000   121496.26      312.74544      500.03722      21247.654      3448.3364      24695.99       8962.5891      0              1943.8197      3298.2746      7042.9707      0              0.62387072   
  10870000   121632.11      306.9037      -289.03032      21064.516      3383.9252      24448.441      8864.0992      0              1913.0935      3315.6403      6971.6831      0              0.6231739    
  10880000   121874.66      306.88873      250.86913      21152.579      3383.7602      24536.339      8936.3707      0              1940.836       3294.3532      6981.019       0              0.6219337    
  10890000   121528.44      313.30084     -743.7274       21117.437      3454.4602      24571.897      8909.9572      0              1988.9566      3280.5242      6937.9986      0              0.62370547   
  10900000   122622.16      304.53679     -214.38498      21165.599      3357.8277      24523.427      8874.5522      0              1960.4161      3355.2936      6975.3374      0              0.61814239   
  10910000   122260.9       308.94901      379.32653      21005.791      3406.4769      24412.267      8883.6517      0              1864.6988      3298.9463      6958.4938      0              0.61996891   
  10920000   121368.56      310.466        98.255624      21245.073      3423.2032      24668.276      9021.1764      0              1954.2789      3306.45        6963.1673      0              0.62452712   
  10930000   121240.28      311.13423      366.52927      21130.981      3430.5711      24561.552      9058.7116      0              1832.833       3260.536       6978.9005      0              0.62518792   
  10940000   121735         310.32294      287.87726      21144.904      3421.6258      24566.53       8954.6195      0              1970.7262      3265.2808      6954.2779      0              0.62264718   
  10950000   121963.96      307.05535      427.5827       21105.602      3385.5973      24491.199      8962.0289      0              1917.502       3253.5019      6972.5687      0              0.6214783    
  10960000   122023.06      304.48933      1.272923       21120.634      3357.3044      24477.938      8953.3636      0              1928.0124      3296.5599      6942.6982      0              0.62117729   
  10970000   123243.91      310.39192     -194.53402      21158.18       3422.3864      24580.567      8888.4897      0              1986.3296      3279.218       7004.1432      0              0.61502393   
  10980000   121503.67      311.44477      6.0203753      21154.796      3433.9951      24588.791      8888.8741      0              1958.6405      3325.4598      6981.8213      0              0.62383263   
  10990000   121902.63      308.62069      141.58358      21080.645      3402.8568      24483.502      8903.482       0              1894.8376      3276.2088      7006.1169      0              0.62179099   
  11000000   121912.21      306.44508      581.93182      21106.068      3378.8685      24484.937      8987.0996      0              1852.8969      3263.8079      7002.2639      0              0.62174212   
  11010000   121625.02      308.64348     -267.95793      21128.908      3403.1081      24532.016      8914.54        0              1920.5745      3311.3477      6982.4459      0              0.62321021   
  11020000   121758.18      310.3052       364.78027      21083.589      3421.4302      24505.019      8955.4656      0              1912.3957      3259.1389      6956.5885      0              0.62252865   
  11030000   121546.23      303.98633     -59.507827      21166.716      3351.7582      24518.474      8963.5208      0              1938.9083      3311.658       6952.6286      0              0.6236142    
  11040000   122308.07      311.15756     -250.01727      21045.35       3430.8283      24476.178      8889.4431      0              1928.5339      3263.4822      6963.8909      0              0.61972982   
  11050000   121431.49      307.80482     -321.93996      21186.459      3393.861       24580.32       8952.5747      0              1972.3987      3299.2106      6962.2746      0              0.62420344   
  11060000   122100.77      304.30365      186.51919      21110.643      3355.257       24465.9        8927.7048      0              1909.9672      3306.0709      6966.9002      0              0.62078197   
  11070000   121758.39      315.60359      337.66279      21170.444      3479.8503      24650.294      8946.7593      0              1914.3141      3312.1867      6997.1835      0              0.62252757   
  11080000   121905.6       307.84076     -321.02224      21203.485      3394.2573      24597.742      8917.7641      0              1988.3146      3332.6517      6964.7547      0              0.62177583   
  11090000   120496.44      311.07337      123.16237      21133.142      3429.9001      24563.042      8973.2736      0              1961.1562      3269.9052      6928.8072      0              0.62904729   
  11100000   121266.59      311.01056     -209.32403      21232.883      3429.2075      24662.09       9015.4181      0              1905.8177      3308.0798      7003.5669      0              0.62505226   
  11110000   122135.32      306.88396      306.11084      21128.825      3383.7076      24512.532      8959.5003      0              1907.8862      3327.3223      6934.1161      0              0.62060633   
  11120000   122642.32      309.32314      55.907774      21123.959      3410.602       24534.561      8890.3203      0              1934.013       3265.471       7034.1545      0              0.61804077   
  11130000   122198.1       300.93539     -409.60389      21146.048      3318.1185      24464.166      8873.1372      0              1953.3525      3332.0668      6987.491       0              0.62028753   
  11140000   122432.72      304.98424      549.73862      21075.994      3362.7612      24438.755      8953.3087      0              1852.6845      3298.337       6971.6633      0              0.61909886   
  11150000   122143.09      310.77581      83.282822      21179.048      3426.6191      24605.667      8988.2361      0              1978.1005      3284.6383      6928.0728      0              0.6205669    
  11160000   122106.55      305.3851      -157.23597      21242.136      3367.1811      24609.317      8945.874       0              1929.2332      3375.0998      6991.929       0              0.62075259   
  11170000   122282.23      308.54883      221.95196      21177.951      3402.0645      24580.015      8961.2716      0              1919.5097      3357.8891      6939.2803      0              0.61986075   
  11180000   123019.12      312.53432     -316.81974      21132.56       3446.0086      24578.569      8867.7053      0              1959.2075      3311.8971      6993.7504      0              0.61614775   
  11190000   122702.57      307.921        55.89555       21173.434      3395.142       24568.576      8907.2857      0              2001.856       3258.5387      7005.7536      0              0.61773731   
  11200000   121482.58      306.51101     -675.38586      21126.293      3379.5954      24505.888      8823.5409      0              2005.9281      3329.4589      6967.3651      0              0.62394096   
  11210000   121903.29      308.18549      73.712062      21133.539      3398.0583      24531.597      8953.7255      0              1920.7946      3306.0162      6953.0026      0              0.62178762   
  11220000   121418.89      313.44773      580.82139      21233.697      3456.0798      24689.777      9063.6275      0              1932.0401      3269.4421      6968.5874      0              0.62426822   
  11230000   122200.28      306.66535      183.11177      21193.409      3381.2971      24574.706      8997.9357      0              1932.5379      3265.5825      6997.3532      0              0.62027647   
  11240000   121906.17      308.79514     -250.38348      21234.756      3404.7802      24639.536      8925.5798      0              1957.8774      3332.9273      7018.3716      0              0.62177294   
  11250000   121987.1       307.88848     -359.14007      21122.09       3394.7834      24516.873      8865.0658      0              1947.0999      3309.8315      7000.0927      0              0.62136045   
  11260000   121442.07      303.06709     -235.66071      21231.174      3341.6227      24572.797      8967.1752      0              1953.7549      3331.1068      6979.137       0              0.62414906   
  11270000   121787.22      310.32503      185.15353      21165.606      3421.6489      24587.255      8984.5692      0              1861.0822      3331.0492      6988.9058      0              0.6223802    
  11280000   121682.46      311.49935      53.715435      21099.26       3434.5969      24533.856      8883.9821      0              1892.1192      3307.5584      7015.5998      0              0.62291603   
  11290000   122268.78      308.10297     -518.19537      21037.487      3397.1484      24434.636      8809.8565      0              1960.8402      3295.4796      6971.311       0              0.61992897   
  11300000   121803.66      309.60515      332.78085      21117.571      3413.7114      24531.283      8980.6241      0              1925.0102      3248.6865      6963.2505      0              0.62229622   
  11310000   122065.75      315.34552      110.20274      21082.768      3477.0049      24559.773      8874.1536      0              1923.2447      3313.0419      6972.3279      0              0.62096008   
  11320000   122220.49      306.72946      377.00701      21076.806      3382.004       24458.81       8882.0312      0              1924.6514      3318.001       6952.1229      0              0.62017389   
  11330000   122036.59      305.97002      210.0744       21174.075      3373.6304      24547.705      8960.4539      0              1921.9828      3342.6032      6949.0349      0              0.62110842   
  11340000   122689.43      300.8997       343.93619      21100.012      3317.725       24417.737      8955.6386      0              1916.4284      3267.8275      6960.1176      0              0.61780347   
  11350000   121132.84      310.06237      259.43513      21199.292      3418.7527      24618.045      9042.5462      0              1902.8146      3329.8738      6924.0577      0              0.62574241   
  11360000   123026.21      308.60225     -418.5217       21101.927      3402.6534      24504.581      8935.6675      0              1936.0089      3294.3869      6935.8642      0              0.61611228   
  11370000   122023.97      301.02935      272.52147      21147.385      3319.1545      24466.54       8889.6058      0              1926.8914      3311.0582      7019.8297      0              0.62117268   
  11380000   122100.96      312.46822      42.341154      21104.326      3445.2797      24549.605      8842.705       0              1923.671       3358.2179      6979.7316      0              0.62078098   
  11390000   121864.87      309.05544      331.34909      21159.734      3407.6503      24567.384      8879.7864      0              1927.6078      3315.2138      7037.1257      0              0.62198363   
  11400000   122430.72      306.02442     -401.67275      21160.931      3374.2303      24535.162      8948.1617      0              1962.9744      3325.2627      6924.5327      0              0.61910895   
  11410000   122412.61      307.21243      490.06461      21166.864      3387.3293      24554.193      8946.5986      0              1923.5755      3363.3084      6933.3817      0              0.61920055   
  11420000   122656.52      306.89564      298.45533      21174.502      3383.8364      24558.338      9008.8754      0              1899.1559      3300.5786      6965.8921      0              0.61796921   
  11430000   123415.38      302.97077     -596.13053      21110.769      3340.5607      24451.33       8842.1823      0              1926.8097      3361.7004      6980.0765      0              0.61416944   
  11440000   121657.11      307.12512      689.06807      21226.6        3386.3666      24612.967      8972.1662      0              1889.1454      3341.0773      7024.2112      0              0.62304585   
  11450000   122500.55      310.6274       175.2397       21189.032      3424.9828      24614.015      8927.8488      0              1913.3395      3357.4881      6990.3557      0              0.61875604   
  11460000   123130.35      305.17089      418.6142       21141.964      3364.8192      24506.783      9005.2889      0              1866.1873      3323.9772      6946.5106      0              0.61559116   
  11470000   122824.74      303.10575      182.10499      21131.192      3342.049       24473.241      8908.5081      0              1901.7608      3375.6144      6945.3084      0              0.61712286   
  11480000   121971.49      306.78766      431.65151      21101.897      3382.6458      24484.542      8930.6335      0              1869.8692      3318.1777      6983.2161      0              0.62143996   
  11490000   122366.04      305.38732      374.60795      21089.872      3367.2055      24457.077      8953.4219      0              1869.0412      3300.0842      6967.3246      0              0.61943621   
  11500000   122054.62      305.51435      74.043589      21095.217      3368.6062      24463.823      8906.5199      0              1895.8632      3293.1169      6999.7173      0              0.62101671   
  11510000   121877.36      305.41269      231.42973      21202.914      3367.4853      24570.399      8990.8937      0              1936.4228      3273.3393      7002.2577      0              0.62191993   
  11520000   122822.83      312.58792     -631.69277      21146.8        3446.5995      24593.4        8905.8598      0              1992.4682      3292.5144      6955.9577      0              0.61713245   
  11530000   122240.35      304.09953     -104.77856      21224.976      3353.0064      24577.983      8956.8895      0              1952.1384      3336.1303      6979.818       0              0.62007312   
  11540000   121844.51      313.50663     -287.57575      21126.126      3456.7292      24582.855      8896.5507      0              1968.2192      3309.9232      6951.4325      0              0.62208758   
  11550000   121479.06      306.48077      321.06276      21176.332      3379.262       24555.594      8989.9934      0              1868.8398      3347.8751      6969.6233      0              0.62395904   
  11560000   122199.6       308.87238      142.07404      21172.888      3405.6319      24578.52       8901.0231      0              1881.5731      3362.0959      7028.196       0              0.62027989   
  11570000   122150.62      309.04903      213.57642      21230.574      3407.5796      24638.153      9009.812       0              1953.7786      3315.2271      6951.756       0              0.62052861   
  11580000   122420.78      311.00486     -65.726954      21127.375      3429.1447      24556.52       8916.0507      0              1906.726       3293.1097      7011.4885      0              0.61915921   
  11590000   122720.13      305.07881     -105.65926      21239.743      3363.8039      24603.546      8965.1218      0              1937.5519      3313.2741      7023.7948      0              0.61764892   
  11600000   121477.06      309.07528     -242.26398      21093.837      3407.8691      24501.706      8930.0805      0              1953.5779      3281.3383      6928.8406      0              0.62396928   
  11610000   121534.48      304.49499      210.1693       21193.381      3357.3667      24550.747      8958.7613      0              1915.022       3336.1188      6983.4785      0              0.6236745    
  11620000   121438.2       309.97051      5.2683591      21161.092      3417.7399      24578.832      8961.4821      0              1906.4204      3321.8694      6971.3199      0              0.62416895   
  11630000   121424.67      304.03975     -0.76039477     21212.088      3352.3472      24564.435      8978.9843      0              1927.6154      3334.8917      6970.5963      0              0.62423854   
  11640000   122150.61      307.65926      249.88536      21054.671      3392.2561      24446.927      8876.2342      0              1910.407       3247.7244      7020.3058      0              0.62052868   
  11650000   121155.75      303.55066      368.83407      21247.019      3346.9546      24593.973      9007.5064      0              1900.7434      3353.7703      6984.9988      0              0.62562411   
  11660000   121807.34      302.41024      370.30497      21193.958      3334.3803      24528.338      9071.4847      0              1914.304       3234.3596      6973.8095      0              0.62227743   
  11670000   121163.95      309.13562      568.2691       21082.82       3408.5344      24491.355      8937.889       0              1883.1429      3296.3168      6965.4716      0              0.62558176   
  11680000   121019.03      311.59701     -53.978659      21097.732      3435.6737      24533.406      8887.1469      0              1964.3134      3288.6841      6957.5881      0              0.62633087   
  11690000   121549.93      304.88129     -265.32928      21092.546      3361.6261      24454.172      8851.7552      0              1936.2395      3312.01        6992.5413      0              0.62359523   
  11700000   122765.77      305.22961      323.89161      21184.881      3365.4666      24550.347      8884.7793      0              1962.5757      3349.0255      6988.5001      0              0.61741929   
  11710000   122389.34      310.13017     -268.64749      21141.141      3419.5004      24560.641      8874.5646      0              1912.0885      3314.8802      7039.6075      0              0.61931829   
  11720000   121533.34      305.89187     -367.8571       21101.897      3372.7688      24474.666      8886.7606      0              1952.9221      3282.1997      6980.0145      0              0.62368036   
  11730000   121983.33      306.39422     -505.80447      21084.751      3378.3076      24463.058      8856.0997      0              1973.2606      3304.1413      6951.2491      0              0.62137964   
  11740000   122420.39      298.97402      76.365036      21034.865      3296.4924      24331.358      8925.0974      0              1891.8453      3249.6085      6968.3142      0              0.61916121   
  11750000   121328.57      304.25434      322.91979      21028.846      3354.7134      24383.559      8887.5524      0              1901.6973      3295.6398      6943.9562      0              0.62473297   
  11760000   123156.09      301.68738      276.19415      21088.142      3326.4099      24414.552      8958.3602      0              1880.3796      3289.176       6960.2262      0              0.6154625    
  11770000   122587.11      302.38889     -227.12134      21254.355      3334.1449      24588.499      9006.5504      0              1918.7045      3325.5673      7003.5324      0              0.61831911   
  11780000   121668.12      303.05919     -11.41348       21110.173      3341.5356      24451.709      8973.1752      0              1914.5185      3248.8032      6973.6763      0              0.62298947   
  11790000   122299.4       306.61063     -437.93636      21174.556      3380.6938      24555.25       8978.8738      0              1927.5321      3260.8385      7007.3118      0              0.61977374   
  11800000   121947.74      307.12992      265.66375      21087.725      3386.4195      24474.145      8879.3605      0              1868.5718      3368.8628      6970.9302      0              0.62156096   
  11810000   122907.38      315.41008     -382.86193      21103.162      3477.7168      24580.879      8866.2566      0              1938.7736      3322.8471      6975.2846      0              0.61670791   
  11820000   122488         304.77664      495.81542      21216.967      3360.4723      24577.439      9005.0853      0              1882.2116      3333.5141      6996.1556      0              0.61881946   
  11830000   122229.55      316.73247     -315.92181      21115.102      3492.2974      24607.4        8916.4299      0              1912.6088      3296.2344      6989.8293      0              0.62012794   
  11840000   122336.39      307.483       -89.099022      21178.905      3390.3126      24569.217      8976.9947      0              1925.7222      3272.5113      7003.6766      0              0.61958633   
  11850000   122255.35      312.95734     -31.795316      21193.115      3450.6728      24643.788      8988.9217      0              1986.285       3284.7815      6933.1266      0              0.61999703   
  11860000   121554.64      306.76166     -70.764444      21149.93       3382.359       24532.289      8918.4634      0              1909.7133      3335.5672      6986.186       0              0.62357107   
  11870000   122072.42      307.06479     -168.90635      21230.316      3385.7014      24616.018      8959.0041      0              1972.884       3322.126       6976.3022      0              0.62092614   
  11880000   121931.14      297.63089      417.75493      21174.928      3281.683       24456.611      9057.3316      0              1918.4131      3279.8058      6919.3771      0              0.62164559   
  11890000   122084.42      311.42865      405.87737      21154.597      3433.8174      24588.414      9059.1394      0              1835.2533      3297.2424      6962.9616      0              0.62086512   
  11900000   122315.13      305.95142      125.50407      21105.071      3373.4254      24478.496      8984.6636      0              1918.4943      3284.9287      6916.9843      0              0.61969402   
  11910000   123319.17      301.78454     -408.60155      21151.262      3327.4813      24478.743      8931.2239      0              1959.5602      3258.5083      7001.9697      0              0.61464863   
  11920000   122236.13      310.66635     -328.65683      21176.352      3425.4122      24601.765      8845.6096      0              1925.4797      3360.4072      7044.856       0              0.62009452   
  11930000   121907.21      303.04581      57.297534      21102.957      3341.3881      24444.345      8880.7153      0              1948.7973      3312.0927      6961.3513      0              0.62176763   
  11940000   122305.77      308.97217     -174.92535      21106.887      3406.7322      24513.619      8829.1472      0              1945.0077      3290.2693      7042.4631      0              0.61974147   
  11950000   122360.85      301.29453     -217.45522      21082.533      3322.0784      24404.611      8919.2484      0              1900.7552      3291.2983      6971.2309      0              0.61946249   
  11960000   122465.51      309.30049      203.81101      21092.334      3410.3522      24502.686      8989.1571      0              1952.8225      3217.497       6932.8576      0              0.61893311   
  11970000   123029.95      305.88533      155.64014      21103.765      3372.6967      24476.462      8940.379       0              1863.4813      3321.0927      6978.8123      0              0.61609352   
  11980000   121932.1       307.76535     -51.345582      21178.653      3393.4258      24572.079      8986.7419      0              1946.1971      3256.6589      6989.0554      0              0.62164071   
  11990000   122431.29      308.45446      283.65558      21145.113      3401.0239      24546.137      8976.8911      0              1912.2205      3308.5188      6947.4826      0              0.61910606   
  12000000   121926.88      306.30714      533.63697      21096.836      3377.3475      24474.183      8942.8977      0              1926.4259      3267.9115      6959.6008      0              0.62166734   
  12010000   121987.99      316.58582      450.42177      21231.293      3490.6804      24721.974      9032.7284      0              1923.8839      3304.2122      6970.4688      0              0.62135589   
  12020000   122250.49      315.74342     -77.434259      21204.675      3481.3921      24686.067      8984.8378      0              1933.1648      3341.7086      6944.9639      0              0.62002171   
  12030000   122192.34      311.76197     -629.52934      21229.639      3437.4926      24667.131      8940.1689      0              1972.7141      3317.3117      6999.4439      0              0.62031673   
  12040000   122028.91      299.82416      61.596948      21156.346      3305.8661      24462.212      8971.0438      0              1909.4364      3305.6623      6970.2032      0              0.62114752   
  12050000   122420.92      311.88845     -128.33297      21219.695      3438.8872      24658.583      8948.7103      0              1942.9645      3314.5597      7013.4609      0              0.61915853   
  12060000   122254.31      307.74562     -134.89524      21151.485      3393.2083      24544.694      8956.8771      0              1922.8315      3309.1017      6962.675       0              0.62000232   
  12070000   122325.11      311.83249     -586.04349      21166.002      3438.2701      24604.273      8944.4662      0              1992.7032      3305.3114      6923.5217      0              0.61964347   
  12080000   122531.55      309.95804     -350.60619      21230.876      3417.6025      24648.478      9010.2355      0              1964.2785      3314.3329      6942.0286      0              0.6185995    
  12090000   122562.43      312.07015     -190.33407      21074.235      3440.8905      24515.126      8918.5597      0              1955.3056      3240.6146      6959.7551      0              0.61844363   
  12100000   121992.24      307.25956      279.055        21193.014      3387.8489      24580.863      8965.6566      0              1923.7636      3303.4896      7000.1046      0              0.62133424   
  12110000   122551.95      316.80479      162.74253      21237.504      3493.0948      24730.598      8935.9503      0              1935.4824      3386.6073      6979.4635      0              0.61849656   
  12120000   122852.01      314.33189      37.461891      21249          3465.8286      24714.829      9059.392       0              1923.143       3311.7002      6954.7649      0              0.61698588   
  12130000   123249.45      307.90633     -441.56423      21143.03       3394.9803      24538.01       8870.1069      0              1955.8733      3366.5206      6950.5293      0              0.61499629   
  12140000   122474.37      310.31521      418.03522      21133.058      3421.5405      24554.598      8948.1634      0              1915.1562      3298.5799      6971.1583      0              0.61888831   
  12150000   123078.93      296.82043     -305.43134      21166.588      3272.7469      24439.335      8927.9742      0              1941.9875      3294.6495      7001.9767      0              0.61584837   
  12160000   122214.91      310.88032      333.4328       21273.783      3427.7714      24701.554      9114.7819      0              1920.5551      3248.4376      6990.0083      0              0.62020218   
  12170000   122530.23      310.2792       163.60204      21062.457      3421.1435      24483.6        8910.5225      0              1900.6463      3280.4737      6970.8144      0              0.61860615   
  12180000   121855.93      312.48        -31.371901      21204.872      3445.4096      24650.282      8906.0449      0              1977.9676      3311.4127      7009.4469      0              0.6220293    
  12190000   123378.65      302.84377     -923.98289      21132.154      3339.1603      24471.314      8878.3333      0              2007.7929      3268.4765      6977.5512      0              0.6143523    
  12200000   122781.98      308.34615      242.73598      21187.51       3399.8297      24587.34       8989.4013      0              1905.9066      3338.1333      6954.0687      0              0.61733781   
  12210000   123139.65      308.32689     -6.6364681      21166.702      3399.6173      24566.319      8914.8385      0              1909.0283      3302.2356      7040.5991      0              0.61554467   
  12220000   122789.57      304.38355      57.658453      21233.431      3356.138       24589.569      9046.7415      0              1908.6007      3269.2727      7008.8165      0              0.61729963   
  12230000   122877.51      305.47164     -587.1439       21114.505      3368.1354      24482.641      8928.5765      0              1945.6663      3264.4226      6975.84        0              0.61685785   
  12240000   122564.97      305.26983     -577.98898      21414.868      3365.9101      24780.778      9020.9052      0              1997.7628      3374.152       7022.048       0              0.61843081   
  12250000   122163.5       307.28893      186.57385      21205.492      3388.1728      24593.665      9062.2783      0              1934.7306      3303.4104      6905.0731      0              0.62046321   
  12260000   122101.6       301.41359      268.65739      21203.632      3323.3912      24527.023      8994.7786      0              1878.0739      3323.0546      7007.7246      0              0.62077775   
  12270000   123223.21      306.49029     -573.31373      21211.886      3379.367       24591.253      8950.9122      0              1959.4136      3295.7842      7005.7757      0              0.61512726   
  12280000   122903.9       307.83902     -111.28266      21132.22       3394.2381      24526.458      8930.1438      0              1879.087       3362.5427      6960.4462      0              0.61672541   
  12290000   122364.37      302.87145     -225.06762      21289.838      3339.4656      24629.303      9046.186       0              1963.9918      3316.8877      6962.7721      0              0.61944464   
  12300000   123149.74      299.55654     -160.84707      21125.854      3302.9154      24428.769      8957.3455      0              1915.3351      3327.1837      6925.9895      0              0.61549423   
  12310000   123708.64      311.71827     -319.97951      21158.283      3437.0108      24595.294      9035.5764      0              1881.0508      3274.8258      6966.83        0              0.61271354   
  12320000   122847.15      306.58683      821.58582      21173.298      3380.4314      24553.729      9000.778       0              1862.5425      3323.9768      6986.0003      0              0.61701031   
  12330000   123731.9       309.18726      213.24774      21193.789      3409.1038      24602.893      8964.2118      0              1891.6937      3337.8918      6999.9919      0              0.61259832   
  12340000   123267.72      307.13131     -313.56602      21158.881      3386.4349      24545.316      8981.7238      0              1906.5643      3300.8382      6969.755       0              0.61490514   
  12350000   123779.92      309.94444     -1059.6401      21154.9        3417.4525      24572.353      8842.5158      0              2025.3961      3293.6199      6993.3686      0              0.61236069   
  12360000   122400.44      304.78857      274.07903      21124.45       3360.6038      24485.054      8932.9019      0              1856.1809      3366.1566      6969.211       0              0.61926212   
  12370000   123079.47      307.52229      259.60331      21045.191      3390.7458      24435.936      8947.7366      0              1873.7632      3265.4505      6958.2402      0              0.61584566   
  12380000   123272.84      313.69115     -318.23309      21154.244      3458.7638      24613.008      8923.6415      0              1948.7248      3324.701       6957.1768      0              0.61487961   
  12390000   123165.56      307.15985      676.1886       21169.351      3386.7495      24556.1        9001.1388      0              1913.9004      3293.4669      6960.8444      0              0.61541517   
  12400000   123595.23      307.01387      282.75723      21091.122      3385.1399      24476.262      8987.9542      0              1866.9003      3315.1245      6921.1426      0              0.61327574   
  12410000   123486.4       307.5881      -516.77489      21168.06       3391.4714      24559.532      8952.6808      0              1961.2387      3306.6497      6947.4912      0              0.61381623   
  12420000   122713.7       308.31081      14.785515      21229.303      3399.4401      24628.743      9062.1871      0              1909.409       3313.6234      6944.0832      0              0.61768128   
  12430000   123517.15      307.0821       75.752018      21177.289      3385.8923      24563.181      8939.5776      0              1957.6366      3339.6927      6940.382       0              0.61366342   
  12440000   123094.31      304.29114     -574.52989      21152.83       3355.119       24507.949      8847.0306      0              1980.6783      3343.3981      6981.723       0              0.61577141   
  12450000   122520.42      303.66578     -19.257409      21240.489      3348.2238      24588.713      8979.9993      0              1931.003       3322.5418      7006.9448      0              0.61865571   
  12460000   122929.86      305.05454      9.5841716      21232.686      3363.5363      24596.222      9003.2146      0              1975.4916      3332.6468      6921.3331      0              0.61659514   
  12470000   122707.1       305.29817      177.83248      21275.413      3366.2226      24641.636      9042.2161      0              1920.9385      3333.9543      6978.3044      0              0.61771449   
  12480000   122749.12      306.37075     -369.7429       21233.785      3378.0489      24611.834      8999.9656      0              1947.2819      3299.7314      6986.8059      0              0.61750305   
  12490000   122493.93      304.00265     -708.57357      21268.604      3351.9382      24620.542      8888.8269      0              2011.1173      3354.8694      7013.7902      0              0.61878949   
  12500000   123530.83      309.15935      276.58255      21059.129      3408.796       24467.925      8917.2914      0              1838.4403      3313.649       6989.7482      0              0.61359548   
  12510000   122283.63      309.1145      -398.48371      21262.284      3408.3015      24670.585      9066.3549      0              1989.1279      3268.428       6938.3732      0              0.61985368   
  12520000   121853.32      310.87305      199.74286      21176.015      3427.6913      24603.706      9011.7069      0              1889.4981      3322.3669      6952.4433      0              0.62204261   
  12530000   122722.95      319.32001      386.54917      21113.68       3520.8276      24634.508      8998.7883      0              1858.3426      3260.8989      6995.6502      0              0.61763472   
  12540000   123981.43      309.62495     -441.37761      21192.176      3413.9298      24606.106      8971.2631      0              1958.5015      3264.3304      6998.0811      0              0.61136538   
  12550000   122506.61      305.08795      393.10146      21103.547      3363.9048      24467.452      8952.9503      0              1901.5537      3264.4926      6984.5502      0              0.61872543   
  12560000   122945.41      309.66818      95.919733      21171.584      3414.4065      24585.99       8963.9798      0              1919.0652      3323.2109      6965.3278      0              0.61651717   
  12570000   123153.26      309.896       -100.86585      21173.696      3416.9184      24590.614      8953.4117      0              1927.7612      3311.6117      6980.9112      0              0.61547664   
  12580000   123470.95      312.48489      108.38837      21122.554      3445.4635      24568.017      8950.8824      0              1915.7203      3309.6394      6946.3118      0              0.61389303   
  12590000   122449.12      308.68269     -261.47047      21248.976      3403.5404      24652.517      9071.1511      0              1967.2921      3243.8068      6966.7264      0              0.61901593   
  12600000   122819.68      305.21746      100.46776      21163.171      3365.3327      24528.504      8965.1656      0              1914.8125      3271.8556      7011.3375      0              0.61714827   
  12610000   121563.1       305.20272      483.90661      21219.414      3365.1701      24584.584      9008.3046      0              1907.0391      3322.2697      6981.8001      0              0.62352766   
  12620000   121505.72      315.39133      539.77855      21105.939      3477.51        24583.449      8967.5231      0              1877.5986      3288.995       6971.822       0              0.6238221    
  12630000   121720.34      307.32097      505.42107      21261.951      3388.5261      24650.477      9023.4681      0              1881.0974      3344.4641      7012.9217      0              0.62272219   
  12640000   121596.63      304.93248      135.48231      21053.147      3362.1905      24415.337      8881.9549      0              1879.3539      3323.7091      6968.1289      0              0.62335571   
  12650000   122278.49      311.5319       515.87966      21212.788      3434.9558      24647.744      9009.456       0              1875.7181      3353.0003      6974.6135      0              0.61987971   
  12660000   121830.85      308.13575     -30.665492      21118.269      3397.5098      24515.779      8992.4653      0              1941.8695      3262.5775      6921.3566      0              0.62215731   
  12670000   122717.57      307.58502     -373.62882      21148.489      3391.4375      24539.926      8917.5317      0              1950.7875      3315.8936      6964.2761      0              0.61766179   
  12680000   121342.9       307.25825     -331.28131      21120.435      3387.8345      24508.269      8865.1417      0              1978.3471      3293.9592      6982.9866      0              0.62465919   
  12690000   121723.9       304.83498      320.99694      21114.537      3361.1155      24475.652      9004.1562      0              1866.4291      3274.5177      6969.4339      0              0.62270399   
  12700000   121597.38      308.56257      57.932055      21196.739      3402.2159      24598.955      8962.2946      0              1903.8212      3332.552       6998.0711      0              0.62335191   
  12710000   121806.74      310.28362     -36.978489      21114.015      3421.1923      24535.207      8882.5954      0              1954.049       3299.1834      6978.187       0              0.62228049   
  12720000   122038.95      306.40456     -72.068089      21023.418      3378.4216      24401.84       8971.7182      0              1883.4966      3234.5234      6933.68        0              0.62109641   
  12730000   122253.26      304.31664     -465.67898      21140.869      3355.4003      24496.269      8938.2366      0              1951.4974      3279.0293      6972.1056      0              0.62000766   
  12740000   122222.48      311.22856     -68.351488      21074.038      3431.6112      24505.649      8860.9245      0              1955.9355      3249.3657      7007.8125      0              0.62016376   
  12750000   122237.38      310.04317      64.219203      21171.454      3418.5411      24589.995      8918.0192      0              1902.2584      3346.7613      7004.415       0              0.62008818   
  12760000   121250         308.18316      618.65863      21014.315      3398.0326      24412.348      8924.319       0              1884.7218      3291.3813      6913.8931      0              0.62513779   
  12770000   122459.9       308.80781      241.8139       21280.991      3404.9199      24685.911      8998.7428      0              1935.6016      3347.2608      6999.386       0              0.61896142   
  12780000   122260.16      300.69423     -795.54396      21123.06       3315.4595      24438.52       8830.3337      0              1956.6045      3342.4007      6993.7215      0              0.61997267   
  12790000   122658.9       310.00711     -415.81505      21198.622      3418.1434      24616.766      8917.2621      0              1972.3327      3317.3084      6991.7192      0              0.61795723   
  12800000   121428.42      310.91909      31.268048      21112.416      3428.199       24540.615      9011.9254      0              1909.8874      3249.7697      6940.8332      0              0.62421925   
  12810000   121585.03      302.86588     -483.60196      21239.86       3339.4042      24579.264      8935.7058      0              1980.8154      3374.8226      6948.5164      0              0.62341519   
  12820000   122361.06      310.46036     -303.88472      21078.243      3423.141       24501.384      8915.6049      0              1973.5819      3274.8711      6914.1852      0              0.6194614    
  12830000   122543.73      309.5751      -97.422619      21082.275      3413.3801      24495.655      8822.5789      0              1942.2165      3370.1998      6947.2796      0              0.61853803   
  12840000   121963.53      303.85533      416.13351      21133.108      3350.3138      24483.422      8987.6582      0              1842.1348      3306.4314      6996.8837      0              0.62148049   
  12850000   122376.17      309.33679      30.07358       21009.517      3410.7525      24420.27       8858.7103      0              1905.1545      3288.7678      6956.8845      0              0.61938495   
  12860000   121117.75      303.60135     -97.463241      21193.657      3347.5134      24541.17       8991.3236      0              1970.7119      3263.6252      6967.996       0              0.62582035   
  12870000   121666.76      311.50587     -18.51068       21164.242      3434.6688      24598.911      8960.8701      0              1908.8339      3257.7195      7036.8183      0              0.62299644   
  12880000   121502.82      305.54089      527.62196      21155.267      3368.8988      24524.166      8935.8935      0              1934.9166      3294.7477      6989.7096      0              0.623837     
  12890000   122860.8       314.58549     -318.5102       21141.848      3468.6248      24610.473      8934.4098      0              1968.9054      3273.4582      6965.0745      0              0.61694173   
  12900000   123297.41      315.59548     -280.88829      21097.103      3479.761       24576.864      8816.8231      0              1936.7231      3311.7565      7031.8007      0              0.61475706   
  12910000   122066.39      308.77924     -189.36368      21124.216      3404.605       24528.821      8937.9621      0              1932.5047      3255.7289      6998.0199      0              0.62095683   
  12920000   122216.97      304.09821      127.33442      21088.426      3352.9919      24441.418      8967.8706      0              1890.5694      3266.6517      6963.3345      0              0.62019173   
  12930000   122555.53      308.13889     -729.0298       21133.262      3397.5445      24530.806      8854.5719      0              1989.4517      3319.7845      6969.4538      0              0.61847846   
  12940000   122601.38      302.87399      492.94305      21178.148      3339.4936      24517.641      8992.0747      0              1870.6         3301.8117      7013.6614      0              0.61824719   
  12950000   122735.7       308.59957     -200.19947      21191.437      3402.6239      24594.061      9006.9989      0              1979.3821      3297.6335      6907.4229      0              0.61757059   
  12960000   122050.31      307.7687       200.22017      21170.492      3393.4627      24563.955      8933.3656      0              1952.521       3321.6024      6963.0031      0              0.62103862   
  12970000   121953.69      307.76663     -411.82693      21203.965      3393.4399      24597.405      8891.0684      0              1939.9979      3313.9285      7058.9705      0              0.62153064   
  12980000   121211.57      314.51704     -181.23747      21201.927      3467.87        24669.797      8984.4897      0              1964.4412      3285.0138      6967.9825      0              0.62533598   
  12990000   122420.96      308.70011     -92.222517      21254.855      3403.7325      24658.587      8995.6714      0              1983.0805      3368.8105      6907.2923      0              0.6191583    
  13000000   122015.33      309.40362      533.4191       21120.838      3411.4894      24532.327      9050.5269      0              1843.6724      3245.1039      6981.5348      0              0.62121664   
  13010000   122520.81      308.28321     -31.836935      21141.985      3399.1358      24541.121      9007.6387      0              1912.7529      3265.0356      6956.5577      0              0.61865373   
  13020000   121764.18      311.26336     -197.49828      21024.777      3431.9949      24456.772      8871.8412      0              1924.1516      3295.3607      6933.4235      0              0.62249798   
  13030000   122184.27      304.53268     -87.242283      21138.972      3357.7824      24496.755      9006.0774      0              1923.9034      3254.8307      6954.161       0              0.6203577    
  13040000   121608.81      307.25149     -274.99896      21153.296      3387.76        24541.056      8947.3847      0              1954.757       3285.17        6965.9845      0              0.62329332   
  13050000   122933.88      312.96084     -454.73885      21101.313      3450.7114      24552.024      8925.98        0              1954.8566      3248.58        6971.8963      0              0.61657501   
  13060000   122487.99      311.73148     -445.00255      21175.371      3437.1564      24612.527      8889.6764      0              1977.8744      3320.2496      6987.5705      0              0.6188195    
  13070000   121942.68      308.75654      652.31067      21160.387      3404.3547      24564.742      8972.0216      0              1872.6946      3346.237       6969.4342      0              0.62158674   
  13080000   122087.51      304.7395      -406.31848      21160.802      3360.0627      24520.865      8870.5055      0              1982.4426      3318.2384      6989.6157      0              0.6208494    
  13090000   121917.03      314.41745     -212.51775      21210.593      3466.7719      24677.365      8933.0569      0              1946.3275      3350.6226      6980.5856      0              0.62171755   
  13100000   122422.57      308.07759      90.114513      21062.483      3396.8685      24459.352      8930.4142      0              1901.8338      3266.5657      6963.6697      0              0.61915019   
  13110000   122580.91      309.13307      278.81781      21170.4        3408.5063      24578.906      8992.2765      0              1871.0075      3362.2826      6944.8334      0              0.6183504    
  13120000   122535.51      303.24339      392.87921      21144.839      3343.5666      24488.405      9038.7806      0              1885.4137      3279.5114      6941.1333      0              0.61857951   
  13130000   122778.2       307.69579      307.41131      21196.355      3392.6588      24589.014      9029.2526      0              1908.9951      3341.6094      6916.498       0              0.61735677   
  13140000   122737.42      303.39443     -158.72879      21304.289      3345.232       24649.521      9018.9278      0              1940.8423      3361.4862      6983.0328      0              0.61756194   
  13150000   123016.25      304.4439      -346.70179      21269.257      3356.8035      24626.06       8971.6         0              1938.8902      3367.1966      6991.5702      0              0.61616214   
  13160000   122955.73      307.56576      28.275116      21146.696      3391.2251      24537.921      8965.6131      0              1930.7984      3312.6476      6937.6372      0              0.61646544   
  13170000   122883.66      308.90441      488.51151      21134.363      3405.9851      24540.348      9002.638       0              1906.7629      3289.8279      6935.1346      0              0.61682696   
  13180000   123892.48      307.3848      -310.63342      21112.012      3389.2298      24501.242      8963.6825      0              1910.1773      3281.5816      6956.5704      0              0.61180434   
  13190000   122647.29      310.60512      87.022141      21162.21       3424.7371      24586.947      8940.7373      0              1894.788       3373.9203      6952.7641      0              0.61801572   
  13200000   123298.62      310.28181      110.20088      21113.597      3421.1724      24534.77       8879.5398      0              1944.6904      3352.0355      6937.3317      0              0.61475103   
  13210000   122194.77      312.77116      135.28572      21254.597      3448.62        24703.217      8999.6085      0              1913.7852      3357.6183      6983.5847      0              0.62030442   
  13220000   121659.98      303.54208      114.06462      21267.124      3346.8599      24613.984      8989.5377      0              1950.5394      3333.195       6993.8523      0              0.62303111   
  13230000   121936.21      311.12906     -142.02423      21218.845      3430.5141      24649.359      8978.7113      0              1955.8776      3287.5517      6996.7044      0              0.62161974   
  13240000   122626.24      310.20711     -174.98345      21104.768      3420.3487      24525.117      8876.1604      0              1925.3939      3323.4958      6979.7181      0              0.61812181   
  13250000   122281.11      308.32814      417.34658      21261.628      3399.6311      24661.259      9011.1207      0              1896.7702      3382.5316      6971.2057      0              0.61986643   
  13260000   121608.25      308.00502      539.32028      21107.747      3396.0684      24503.815      9060.2011      0              1843.1014      3311.9686      6892.4757      0              0.62329615   
  13270000   121252.27      308.9667       474.8401       21192.129      3406.6719      24598.801      8949.4444      0              1874.959       3344.1335      7023.592       0              0.62512606   
  13280000   121993.17      309.14132      447.20711      21138.829      3408.5973      24547.426      8945.5895      0              1879.6054      3310.4289      7003.205       0              0.62132951   
  13290000   122266.43      303.88084     -224.20608      21156.941      3350.5951      24507.537      8973.0247      0              1964.7226      3251.5873      6967.6068      0              0.61994086   
  13300000   122758.28      303.90368     -49.009593      21187.088      3350.847       24537.935      9034.9461      0              1918.8788      3258.7657      6974.4972      0              0.61745699   
  13310000   123094.45      306.79484     -89.350647      21154.589      3382.725       24537.314      8962.4373      0              1977.1824      3274.3877      6940.5817      0              0.61577072   
  13320000   122198.22      305.22284      365.04374      21217.617      3365.392       24583.009      9056.7589      0              1884.2568      3354.6126      6921.9885      0              0.6202869    
  13330000   122882.95      309.86689     -120.63483      21122.907      3416.5974      24539.505      8926.1703      0              1881.2847      3316.746       6998.7065      0              0.61683055   
  13340000   122809.33      306.62144     -291.76905      21160.133      3380.8131      24540.946      8999.7767      0              1957.9507      3282.0856      6920.3202      0              0.61720033   
  13350000   122851.93      305.82498     -303.46903      21176.953      3372.0312      24548.985      8845.4932      0              1987.0523      3371.2177      6973.1903      0              0.61698627   
  13360000   122775.2       307.56152      292.59334      21152.37       3391.1783      24543.548      8916.1972      0              1928.5551      3330.6071      6977.0105      0              0.61737189   
  13370000   121954         312.50114      220.21531      21120.659      3445.6427      24566.301      8859.2833      0              1936.2884      3338.2645      6986.8223      0              0.62152906   
  13380000   122701.87      309.86983     -199.0871       21137.269      3416.6299      24553.899      8895.6526      0              1935.5745      3292.1052      7013.9364      0              0.61774083   
  13390000   122617.41      302.5673       310.44884      21153.206      3336.112       24489.318      8899.7192      0              1906.2215      3330.6984      7016.5666      0              0.61816636   
  13400000   121634.46      309.59294     -296.04823      21208.201      3413.5768      24621.778      8907.633       0              1962.5748      3336.3227      7001.6703      0              0.62316187   
  13410000   122177.97      305.22976      70.350683      21189.856      3365.4684      24555.325      8895.6587      0              1984.4687      3283.0655      7026.6636      0              0.62038974   
  13420000   122267.29      307.8836      -143.85232      21291.492      3394.7296      24686.221      8943.7155      0              1947.7722      3376.1484      7023.8555      0              0.61993651   
  13430000   121774.36      305.34759     -20.062013      21143.663      3366.7675      24510.43       8896.1766      0              1984.5684      3304.183       6958.7347      0              0.62244592   
  13440000   122586.41      304.97224      329.20252      21149.43       3362.629       24512.059      8954.341       0              1920.164       3311.5979      6963.327       0              0.61832264   
  13450000   121673.14      318.91375     -410.12627      21146.813      3516.3483      24663.161      9013.4558      0              1954.1343      3244.0976      6935.1252      0              0.62296377   
  13460000   122339.93      309.59187     -126.44967      21186.76       3413.5651      24600.325      8930.0134      0              1923.6678      3341.4104      6991.6679      0              0.6195684    
  13470000   121932.68      313.36947     -497.35131      21198.306      3455.2169      24653.523      9009.5308      0              1946.6132      3249.1525      6993.0097      0              0.62163774   
  13480000   121989.31      312.15663     -165.94663      21132.369      3441.8441      24574.213      8933.6266      0              1941.1407      3285.5111      6972.0907      0              0.62134915   
  13490000   122017.65      298.84915     -160.75434      21198.407      3295.1157      24493.523      8940.9748      0              1951.9627      3261.5374      7043.9325      0              0.62120486   
  13500000   121866.73      308.27265     -283.70992      21138.109      3399.0192      24537.128      8913.754       0              1919.5651      3301.8486      7002.9414      0              0.62197414   
  13510000   122534.02      309.66985      375.28278      21060.279      3414.4249      24474.704      8911.0287      0              1885.495       3353.3285      6910.4272      0              0.61858703   
  13520000   122116.29      306.12047      319.31665      21274.067      3375.2893      24649.356      9020.8098      0              1961.6112      3328.0724      6963.5735      0              0.62070309   
  13530000   121717.36      311.52971     -97.877845      21226.079      3434.9317      24661.011      9035.6092      0              1943.5237      3305.5969      6941.3496      0              0.62273743   
  13540000   122057.89      309.33957      520.35231      21044.887      3410.7831      24455.67       8929.7662      0              1863.7933      3300.9385      6950.3886      0              0.62100004   
  13550000   122204.72      306.75585      317.82495      21024.563      3382.2951      24406.858      8867.7814      0              1877.4972      3333.4598      6945.8243      0              0.62025392   
  13560000   122508.02      311.47923     -158.56868      21129.087      3434.3751      24563.462      8899.9437      0              1937.4136      3379.4743      6912.2556      0              0.6187183    
  13570000   122181.96      317.6789       608.48163      21187.475      3502.7327      24690.208      9025.1838      0              1899.8112      3284.839       6977.6412      0              0.62036948   
  13580000   121685.98      305.26303      376.03969      21058.341      3365.8352      24424.176      8933.0134      0              1891.9631      3293.2155      6940.1486      0              0.62289802   
  13590000   122778.93      309.42745      287.34317      21050.2        3411.7522      24461.952      8892.5281      0              1875.7667      3291.5074      6990.3978      0              0.61735313   
  13600000   122399.38      311.16977      379.14152      21090.068      3430.963       24521.031      8968.6843      0              1915.5934      3279.6194      6926.171       0              0.61926751   
  13610000   121222.28      304.07067     -132.73055      21074.353      3352.6882      24427.041      8919.3678      0              1940.9281      3312.1396      6901.9171      0              0.62528075   
  13620000   121761.17      308.53559     -37.36407       21110.82       3401.9184      24512.739      8978.8192      0              1909.9588      3282.1056      6939.9369      0              0.62251337   
  13630000   121739.96      306.58471     -66.856851      21162.295      3380.4081      24542.703      8991.1203      0              1909.9491      3297.4488      6963.7771      0              0.62262184   
  13640000   121878.64      305.56075      326.8485       21201.246      3369.1178      24570.364      8970.3326      0              1923.0004      3314.4979      6993.4151      0              0.62191338   
  13650000   122750.01      311.07062      3.5160172      21128.116      3429.8698      24557.985      8961.042       0              1925.9509      3268.3349      6972.7878      0              0.61749857   
  13660000   121940.37      306.70055     -20.561221      21039.683      3381.6853      24421.368      8941.5688      0              1851.8313      3302.4814      6943.8011      0              0.62159852   
  13670000   121814.54      307.36686      474.2432       21251.729      3389.032       24640.761      9015.7728      0              1901.003       3366.8687      6968.0846      0              0.62224062   
  13680000   122586.18      302.77984     -423.4556       21109.098      3338.4555      24447.554      8902.911       0              1933.1358      3293.9706      6979.081       0              0.61832383   
  13690000   122362.99      301.68058     -245.82574      21140.276      3326.335       24466.611      8911.4239      0              1958.0071      3309.5514      6961.2935      0              0.61945165   
  13700000   121992.93      299.54006     -4.1254062      21074.56       3302.7336      24377.294      8924.3636      0              1853.0024      3293.4806      7003.7134      0              0.62133074   
  13710000   121615.04      308.42728     -253.01265      21085.767      3400.7242      24486.491      8873.7779      0              1901.8687      3327.9985      6982.1217      0              0.62326137   
  13720000   121629.85      308.81433      313.17073      21228.021      3404.9919      24633.013      8954.7657      0              1974.4553      3275.168       7023.6317      0              0.62318546   
  13730000   121858.95      304.9045       246.25849      21179.911      3361.882       24541.793      8902.7874      0              1902.903       3375.4217      6998.7984      0              0.62201387   
  13740000   121845.3       305.71517     -553.42109      21080.054      3370.8205      24450.875      8915.083       0              1922.8447      3270.4483      6971.6783      0              0.62208356   
  13750000   121890.18      310.11236      173.08001      21002.221      3419.304       24421.525      8827.9976      0              1933.8711      3264.3332      6976.0194      0              0.62185451   
  13760000   122345.8       307.10241      134.83458      21084.016      3386.1162      24470.132      8905.758       0              1889.1566      3314.5428      6974.5581      0              0.61953868   
  13770000   121797.09      311.97827      348.56313      21146.864      3439.8775      24586.742      9026.4569      0              1913.6071      3272.8742      6933.9258      0              0.62232978   
  13780000   121714.48      298.55699      185.81966      21113.965      3291.8943      24405.859      8924.1656      0              1904.4971      3296.8972      6988.4048      0              0.62275216   
  13790000   121681.11      310.07633     -394.99729      21073.497      3418.9067      24492.404      8956.2762      0              1910.5599      3259.6439      6947.0175      0              0.62292293   
  13800000   121330.3       304.25652     -277.85376      21136.917      3354.7374      24491.655      8877.542       0              1948.678       3326.6818      6984.0156      0              0.62472404   
  13810000   121784.43      305.96035     -378.3009       21159.349      3373.5239      24532.872      8874.5749      0              1958.608       3309.0867      7017.079       0              0.62239448   
  13820000   122019.25      300.05578     -217.21831      21080.702      3308.42        24389.122      8844.0979      0              1916.8099      3329.9205      6989.8737      0              0.62119672   
  13830000   121867.78      309.8041       605.09212      21110.915      3415.9051      24526.82       8920.4974      0              1888.9165      3317.188       6984.3127      0              0.62196882   
  13840000   122171.09      310.79461      378.69567      21261.447      3426.8265      24688.274      8975.8468      0              1979.7888      3336.2209      6969.5908      0              0.62042464   
  13850000   122565.63      302.67886     -377.66137      20996.349      3337.3421      24333.691      8814.797       0              1903.7938      3332.8029      6944.9549      0              0.61842749   
  13860000   122297.92      303.38095      83.472852      21178.634      3345.0833      24523.718      8881.1777      0              1933.6802      3347.3284      7016.4482      0              0.61978122   
  13870000   122344.97      315.39579     -124.59799      21159.513      3477.5592      24637.072      8863.4432      0              1916.6985      3340.4146      7038.9563      0              0.61954288   
  13880000   122056.92      306.0558       660.82764      21144.356      3374.5763      24518.932      8987.6031      0              1897.6228      3289.7395      6969.3906      0              0.62100501   
  13890000   121945.51      301.42938     -550.11552      21057.877      3323.5652      24381.442      8868.2644      0              1987.6299      3246.5289      6955.4535      0              0.62157236   
  13900000   122446.08      315.67193     -9.2788134      21181.836      3480.6038      24662.44       8867.6943      0              1957.6843      3369.3177      6987.1396      0              0.61903128   
  13910000   122134.42      307.88421     -317.09693      21290.515      3394.7363      24685.251      8890.1375      0              1974.419       3373.7491      7052.209       0              0.62061095   
  13920000   121965.15      310.8331       446.41972      21064.824      3427.2508      24492.075      8875.9869      0              1852.8208      3358.8916      6977.1248      0              0.62147225   
  13930000   121366.67      306.84125      300.897        21101.144      3383.2366      24484.381      8983.7459      0              1919.8562      3261.32        6936.222       0              0.62453681   
  13940000   121823.98      306.74776      33.986465      21201.509      3382.2058      24583.715      8937.6567      0              1930.8174      3362.4268      6970.6081      0              0.62219239   
  13950000   122193.65      308.93973     -279.21024      21147.831      3406.3745      24554.206      8903.1126      0              1936.7707      3357.5059      6950.442       0              0.6203101    
  13960000   121852.43      299.44182     -207.48936      21103.37       3301.6505      24405.02       8972.4768      0              1944.0441      3268.656       6918.1929      0              0.62204717   
  13970000   122711.77      312.57644     -199.89738      21084.552      3446.473       24531.025      8947.0031      0              1895.9156      3294.5627      6947.0706      0              0.61769101   
  13980000   121802.35      305.03776     -7.6066349      21152.538      3363.3513      24515.889      8930.6127      0              1905.2991      3300.5069      7016.1192      0              0.62230291   
  13990000   121846.59      304.71531      6.1527352      21181.925      3359.796       24541.721      8989.2087      0              1879.4403      3307.8479      7005.4282      0              0.62207697   
  14000000   122263.34      311.2338      -85.687014      21209.3        3431.669       24640.969      8923.5807      0              1957.0975      3352.7232      6975.8988      0              0.61995651   
  14010000   121890.53      308.30404      18.997926      21180.103      3399.3654      24579.469      9009.2385      0              1950.7913      3315.4145      6904.659       0              0.62185271   
  14020000   122960.51      309.52446     -709.75417      21069.713      3412.8218      24482.534      8906.3016      0              1970.9346      3242.6115      6949.8648      0              0.61644146   
  14030000   122598.69      312.90891     -121.76139      21095.261      3450.1388      24545.4        8901.4902      0              1962.9325      3297.5775      6933.2609      0              0.61826071   
  14040000   122360.44      312.33213      118.63945      21151.107      3443.7792      24594.886      8940.0476      0              1941.2537      3275.4699      6994.3357      0              0.61946456   
  14050000   124690.74      308.59829     -268.57686      21110.443      3402.6098      24513.053      8868.5857      0              1934.4808      3297.2737      7010.1028      0              0.60788762   
  14060000   121006.55      309.19307      227.81573      21035.889      3409.1678      24445.057      8888.584       0              1919.1315      3258.9298      6969.2441      0              0.6263955    
  14070000   121612.09      312.50432      178.96704      21251.988      3445.6778      24697.665      8957.2298      0              1927.3798      3364.8323      7002.5456      0              0.62327651   
  14080000   122216.73      308.1395      -62.810364      21105.33       3397.5512      24502.881      8932.1855      0              1958.8667      3250.1366      6964.1414      0              0.62019296   
  14090000   121991.97      309.38886      207.69521      21113.196      3411.3267      24524.523      8926.6831      0              1906.8848      3292.2195      6987.4084      0              0.62133562   
  14100000   121739.98      302.94786     -148.47799      21244.031      3340.308       24584.339      8959.366       0              1909.6265      3353.8902      7021.1487      0              0.62262172   
  14110000   122797.6       314.07072      86.918272      21056.468      3462.9489      24519.417      8896.0015      0              1893.9839      3324.069       6942.4132      0              0.61725928   
  14120000   121284.03      301.16208     -378.85972      21043.861      3320.618       24364.479      8853.5522      0              1888.7047      3285.6937      7015.9109      0              0.62496237   
  14130000   122044.31      305.89255     -330.69225      21165.68       3372.7763      24538.456      8897.7877      0              1888.4128      3345.9723      7033.5069      0              0.62106915   
  14140000   121126.31      312.99662     -8.6358889      21154.436      3451.1059      24605.542      8960.5715      0              1900.6861      3351.3694      6941.8091      0              0.62577613   
  14150000   122119.12      303.14812     -148.28376      21162.514      3342.5161      24505.03       8971.1325      0              1953.7617      3292.5964      6945.0236      0              0.6206887    
  14160000   121237.34      306.99099     -58.038821      21014.676      3384.8877      24399.563      8903.6135      0              1877.7358      3283.6982      6949.6283      0              0.62520306   
  14170000   121055.79      311.95233      293.48981      21095.577      3439.5915      24535.169      8967.3506      0              1876.7775      3271.0785      6980.3706      0              0.6261407    
  14180000   122472.95      311.10217      296.07498      21051.882      3430.2176      24482.099      8987.4009      0              1876.7704      3220.4691      6967.2411      0              0.61889548   
  14190000   122451.38      297.46139      369.17559      21071.133      3279.8142      24350.947      8994.1139      0              1866.7411      3290.8246      6919.4536      0              0.61900451   
  14200000   121703.2       313.50272      405.73175      21185.213      3456.6861      24641.9        9024.7899      0              1871.6874      3318.9581      6969.778       0              0.62280987   
  14210000   122066.72      303.84346      98.240395      21230.112      3350.183       24580.295      8925.0329      0              1966.6093      3327.1532      7011.3169      0              0.62095514   
  14220000   122493.22      309.23654     -13.911475      21198.4        3409.6472      24608.047      8928.0902      0              1884.4839      3298.7047      7087.1214      0              0.61879305   
  14230000   122969.43      309.87975     -402.23131      21228.519      3416.7392      24645.258      9050.9269      0              1944.8266      3288.5747      6944.1903      0              0.61639674   
  14240000   122230.7       300.05459     -65.804592      21167.959      3308.4069      24476.366      8951.6566      0              1925.136       3319.7554      6971.4109      0              0.62012209   
  14250000   122000.3       307.65367      472.44784      21233.709      3392.1944      24625.903      9002.7556      0              1879.7312      3303.6086      7047.6135      0              0.62129319   
  14251085   121777.46      308.72645      372.44122      21069.468      3404.0228      24473.491      8912.6977      0              1895.9911      3281.933       6978.8464      0              0.62243009   
Loop time of 3993.14 on 48 procs for 8000000 steps with 3700 atoms

Performance: 17.310 ns/day, 1.387 hours/ns, 2003.438 timesteps/s, 7.413 Matom-step/s
99.9% CPU use with 48 MPI tasks x 1 OpenMP threads

MPI task timing breakdown:
Section |  min time  |  avg time  |  max time  |%varavg| %total
---------------------------------------------------------------
Pair    | 672.98     | 1693.9     | 2565.7     |1261.8 | 42.42
Bond    | 228.94     | 480        | 698.33     | 497.1 | 12.02
Neigh   | 6.8451     | 6.895      | 6.9353     |   0.9 |  0.17
Comm    | 635.59     | 1636.3     | 2883.8     |1516.8 | 40.98
Output  | 0.3394     | 0.61596    | 0.86898    |  18.5 |  0.02
Modify  | 125.5      | 137.1      | 147.54     |  47.2 |  3.43
Other   |            | 38.32      |            |       |  0.96

Nlocal:        77.0833 ave         110 max          34 min
Histogram: 1 2 5 6 4 9 4 6 5 6
Nghost:        2080.75 ave        2265 max        1985 min
Histogram: 6 9 5 11 6 6 0 3 1 1
Neighs:        13313.3 ave       21535 max        5438 min
Histogram: 3 5 6 5 7 4 7 3 4 4

Total # of neighbors = 639039
Ave neighs/atom = 172.71324
Ave special neighs/atom = 11.898378
Neighbor list builds = 8507
Dangerous builds = 0
System init for write_data ...
Generated 0 of 3 mixed pair_coeff terms from geometric mixing rule
Total wall time: 2:08:20
