Loading intel/oneapi/compiler/latest
  Loading requirement: intel/oneapi/tbb/latest intel/oneapi/compiler-rt/latest
    intel/oneapi/umf/latest
libibverbs: Warning: couldn't load driver 'librxe-rdmav34.so': librxe-rdmav34.so: cannot open shared object file: No such file or directory
libibverbs: Warning: couldn't load driver 'librxe-rdmav34.so': librxe-rdmav34.so: cannot open shared object file: No such file or directory
libibverbs: Warning: couldn't load driver 'librxe-rdmav34.so': librxe-rdmav34.so: cannot open shared object file: No such file or directory
libibverbs: Warning: couldn't load driver 'librxe-rdmav34.so': librxe-rdmav34.so: cannot open shared object file: No such file or directory
libibverbs: Warning: couldn't load driver 'librxe-rdmav34.so': librxe-rdmav34.so: cannot open shared object file: No such file or directory
libibverbs: Warning: couldn't load driver 'librxe-rdmav34.so': librxe-rdmav34.so: cannot open shared object file: No such file or directory
libibverbs: Warning: couldn't load driver 'libbnxt_re-rdmav34.so': libbnxt_re-rdmav34.so: cannot open shared object file: No such file or directory
libibverbs: Warning: couldn't load driver 'libbnxt_re-rdmav34.so': libbnxt_re-rdmav34.so: cannot open shared object file: No such file or directory
libibverbs: Warning: couldn't load driver 'libbnxt_re-rdmav34.so': libbnxt_re-rdmav34.so: cannot open shared object file: No such file or directory
libibverbs: Warning: couldn't load driver 'libbnxt_re-rdmav34.so': libbnxt_re-rdmav34.so: cannot open shared object file: No such file or directory
libibverbs: Warning: couldn't load driver 'libbnxt_re-rdmav34.so': libbnxt_re-rdmav34.so: cannot open shared object file: No such file or directory
libibverbs: Warning: couldn't load driver 'libbnxt_re-rdmav34.so': libbnxt_re-rdmav34.so: cannot open shared object file: No such file or directory
libibverbs: Warning: couldn't load driver 'libqedr-rdmav34.so': libqedr-rdmav34.so: cannot open shared object file: No such file or directory
libibverbs: Warning: couldn't load driver 'libqedr-rdmav34.so': libqedr-rdmav34.so: cannot open shared object file: No such file or directory
libibverbs: Warning: couldn't load driver 'libqedr-rdmav34.so': libqedr-rdmav34.so: cannot open shared object file: No such file or directory
libibverbs: Warning: couldn't load driver 'libqedr-rdmav34.so': libqedr-rdmav34.so: cannot open shared object file: No such file or directory
libibverbs: Warning: couldn't load driver 'libqedr-rdmav34.so': libqedr-rdmav34.so: cannot open shared object file: No such file or directory
libibverbs: Warning: couldn't load driver 'libqedr-rdmav34.so': libqedr-rdmav34.so: cannot open shared object file: No such file or directory
libibverbs: Warning: couldn't load driver 'libipathverbs-rdmav34.so': libipathverbs-rdmav34.so: cannot open shared object file: No such file or directory
libibverbs: Warning: couldn't load driver 'libipathverbs-rdmav34.so': libipathverbs-rdmav34.so: cannot open shared object file: No such file or directory
libibverbs: Warning: couldn't load driver 'libipathverbs-rdmav34.so': libipathverbs-rdmav34.so: cannot open shared object file: No such file or directory
libibverbs: Warning: couldn't load driver 'libipathverbs-rdmav34.so': libipathverbs-rdmav34.so: cannot open shared object file: No such file or directory
libibverbs: Warning: couldn't load driver 'libipathverbs-rdmav34.so': libipathverbs-rdmav34.so: cannot open shared object file: No such file or directory
libibverbs: Warning: couldn't load driver 'librxe-rdmav34.so': librxe-rdmav34.so: cannot open shared object file: No such file or directory
libibverbs: Warning: couldn't load driver 'libipathverbs-rdmav34.so': libipathverbs-rdmav34.so: cannot open shared object file: No such file or directory
libibverbs: Warning: couldn't load driver 'libbnxt_re-rdmav34.so': libbnxt_re-rdmav34.so: cannot open shared object file: No such file or directory
libibverbs: Warning: couldn't load driver 'libqedr-rdmav34.so': libqedr-rdmav34.so: cannot open shared object file: No such file or directory
libibverbs: Warning: couldn't load driver 'libmlx4-rdmav34.so': libmlx4-rdmav34.so: cannot open shared object file: No such file or directory
libibverbs: Warning: couldn't load driver 'libmlx4-rdmav34.so': libmlx4-rdmav34.so: cannot open shared object file: No such file or directory
libibverbs: Warning: couldn't load driver 'libmlx4-rdmav34.so': libmlx4-rdmav34.so: cannot open shared object file: No such file or directory
libibverbs: Warning: couldn't load driver 'libmlx4-rdmav34.so': libmlx4-rdmav34.so: cannot open shared object file: No such file or directory
libibverbs: Warning: couldn't load driver 'libmlx4-rdmav34.so': libmlx4-rdmav34.so: cannot open shared object file: No such file or directory
libibverbs: Warning: couldn't load driver 'libmlx4-rdmav34.so': libmlx4-rdmav34.so: cannot open shared object file: No such file or directory
libibverbs: Warning: couldn't load driver 'libipathverbs-rdmav34.so': libipathverbs-rdmav34.so: cannot open shared object file: No such file or directory
libibverbs: Warning: couldn't load driver 'libmlx4-rdmav34.so': libmlx4-rdmav34.so: cannot open shared object file: No such file or directory
libibverbs: Warning: couldn't load driver 'libcxgb4-rdmav34.so': libcxgb4-rdmav34.so: cannot open shared object file: No such file or directory
libibverbs: Warning: couldn't load driver 'libcxgb4-rdmav34.so': libcxgb4-rdmav34.so: cannot open shared object file: No such file or directory
libibverbs: Warning: couldn't load driver 'libcxgb4-rdmav34.so': libcxgb4-rdmav34.so: cannot open shared object file: No such file or directory
libibverbs: Warning: couldn't load driver 'libcxgb4-rdmav34.so': libcxgb4-rdmav34.so: cannot open shared object file: No such file or directory
libibverbs: Warning: couldn't load driver 'libcxgb4-rdmav34.so': libcxgb4-rdmav34.so: cannot open shared object file: No such file or directory
libibverbs: Warning: couldn't load driver 'libcxgb4-rdmav34.so': libcxgb4-rdmav34.so: cannot open shared object file: No such file or directory
libibverbs: Warning: couldn't load driver 'libcxgb4-rdmav34.so': libcxgb4-rdmav34.so: cannot open shared object file: No such file or directory
libibverbs: Warning: couldn't load driver 'libocrdma-rdmav34.so': libocrdma-rdmav34.so: cannot open shared object file: No such file or directory
libibverbs: Warning: couldn't load driver 'libocrdma-rdmav34.so': libocrdma-rdmav34.so: cannot open shared object file: No such file or directory
libibverbs: Warning: couldn't load driver 'libocrdma-rdmav34.so': libocrdma-rdmav34.so: cannot open shared object file: No such file or directory
libibverbs: Warning: couldn't load driver 'libocrdma-rdmav34.so': libocrdma-rdmav34.so: cannot open shared object file: No such file or directory
libibverbs: Warning: couldn't load driver 'libocrdma-rdmav34.so': libocrdma-rdmav34.so: cannot open shared object file: No such file or directory
libibverbs: Warning: couldn't load driver 'libocrdma-rdmav34.so': libocrdma-rdmav34.so: cannot open shared object file: No such file or directory
libibverbs: Warning: couldn't load driver 'libocrdma-rdmav34.so': libocrdma-rdmav34.so: cannot open shared object file: No such file or directory
libibverbs: Warning: couldn't load driver 'libsiw-rdmav34.so': libsiw-rdmav34.so: cannot open shared object file: No such file or directory
libibverbs: Warning: couldn't load driver 'libsiw-rdmav34.so': libsiw-rdmav34.so: cannot open shared object file: No such file or directory
libibverbs: Warning: couldn't load driver 'libsiw-rdmav34.so': libsiw-rdmav34.so: cannot open shared object file: No such file or directory
libibverbs: Warning: couldn't load driver 'libsiw-rdmav34.so': libsiw-rdmav34.so: cannot open shared object file: No such file or directory
libibverbs: Warning: couldn't load driver 'libsiw-rdmav34.so': libsiw-rdmav34.so: cannot open shared object file: No such file or directory
libibverbs: Warning: couldn't load driver 'libsiw-rdmav34.so': libsiw-rdmav34.so: cannot open shared object file: No such file or directory
libibverbs: Warning: couldn't load driver 'libsiw-rdmav34.so': libsiw-rdmav34.so: cannot open shared object file: No such file or directory
libibverbs: Warning: couldn't load driver 'liberdma-rdmav34.so': liberdma-rdmav34.so: cannot open shared object file: No such file or directory
libibverbs: Warning: couldn't load driver 'liberdma-rdmav34.so': liberdma-rdmav34.so: cannot open shared object file: No such file or directory
libibverbs: Warning: couldn't load driver 'liberdma-rdmav34.so': liberdma-rdmav34.so: cannot open shared object file: No such file or directory
libibverbs: Warning: couldn't load driver 'liberdma-rdmav34.so': liberdma-rdmav34.so: cannot open shared object file: No such file or directory
libibverbs: Warning: couldn't load driver 'liberdma-rdmav34.so': liberdma-rdmav34.so: cannot open shared object file: No such file or directory
libibverbs: Warning: couldn't load driver 'liberdma-rdmav34.so': liberdma-rdmav34.so: cannot open shared object file: No such file or directory
libibverbs: Warning: couldn't load driver 'liberdma-rdmav34.so': liberdma-rdmav34.so: cannot open shared object file: No such file or directory
libibverbs: Warning: couldn't load driver 'libvmw_pvrdma-rdmav34.so': libvmw_pvrdma-rdmav34.so: cannot open shared object file: No such file or directory
libibverbs: Warning: couldn't load driver 'libvmw_pvrdma-rdmav34.so': libvmw_pvrdma-rdmav34.so: cannot open shared object file: No such file or directory
libibverbs: Warning: couldn't load driver 'libvmw_pvrdma-rdmav34.so': libvmw_pvrdma-rdmav34.so: cannot open shared object file: No such file or directory
libibverbs: Warning: couldn't load driver 'libvmw_pvrdma-rdmav34.so': libvmw_pvrdma-rdmav34.so: cannot open shared object file: No such file or directory
libibverbs: Warning: couldn't load driver 'libvmw_pvrdma-rdmav34.so': libvmw_pvrdma-rdmav34.so: cannot open shared object file: No such file or directory
libibverbs: Warning: couldn't load driver 'libvmw_pvrdma-rdmav34.so': libvmw_pvrdma-rdmav34.so: cannot open shared object file: No such file or directory
libibverbs: Warning: couldn't load driver 'libvmw_pvrdma-rdmav34.so': libvmw_pvrdma-rdmav34.so: cannot open shared object file: No such file or directory
libibverbs: Warning: couldn't load driver 'libhfi1verbs-rdmav34.so': libhfi1verbs-rdmav34.so: cannot open shared object file: No such file or directory
libibverbs: Warning: couldn't load driver 'libhfi1verbs-rdmav34.so': libhfi1verbs-rdmav34.so: cannot open shared object file: No such file or directory
libibverbs: Warning: couldn't load driver 'libhfi1verbs-rdmav34.so': libhfi1verbs-rdmav34.so: cannot open shared object file: No such file or directory
libibverbs: Warning: couldn't load driver 'libhfi1verbs-rdmav34.so': libhfi1verbs-rdmav34.so: cannot open shared object file: No such file or directory
libibverbs: Warning: couldn't load driver 'libhfi1verbs-rdmav34.so': libhfi1verbs-rdmav34.so: cannot open shared object file: No such file or directory
libibverbs: Warning: couldn't load driver 'libhfi1verbs-rdmav34.so': libhfi1verbs-rdmav34.so: cannot open shared object file: No such file or directory
libibverbs: Warning: couldn't load driver 'librxe-rdmav34.so': librxe-rdmav34.so: cannot open shared object file: No such file or directory
libibverbs: Warning: couldn't load driver 'libirdma-rdmav34.so': libirdma-rdmav34.so: cannot open shared object file: No such file or directory
libibverbs: Warning: couldn't load driver 'libhfi1verbs-rdmav34.so': libhfi1verbs-rdmav34.so: cannot open shared object file: No such file or directory
libibverbs: Warning: couldn't load driver 'libirdma-rdmav34.so': libirdma-rdmav34.so: cannot open shared object file: No such file or directory
libibverbs: Warning: couldn't load driver 'librxe-rdmav34.so': librxe-rdmav34.so: cannot open shared object file: No such file or directory
libibverbs: Warning: couldn't load driver 'libbnxt_re-rdmav34.so': libbnxt_re-rdmav34.so: cannot open shared object file: No such file or directory
libibverbs: Warning: couldn't load driver 'libqedr-rdmav34.so': libqedr-rdmav34.so: cannot open shared object file: No such file or directory
libibverbs: Warning: couldn't load driver 'libipathverbs-rdmav34.so': libipathverbs-rdmav34.so: cannot open shared object file: No such file or directory
libibverbs: Warning: couldn't load driver 'libirdma-rdmav34.so': libirdma-rdmav34.so: cannot open shared object file: No such file or directory
libibverbs: Warning: couldn't load driver 'libirdma-rdmav34.so': libirdma-rdmav34.so: cannot open shared object file: No such file or directory
libibverbs: Warning: couldn't load driver 'libirdma-rdmav34.so': libirdma-rdmav34.so: cannot open shared object file: No such file or directory
libibverbs: Warning: couldn't load driver 'libhns-rdmav34.so': libhns-rdmav34.so: cannot open shared object file: No such file or directory
libibverbs: Warning: couldn't load driver 'libirdma-rdmav34.so': libirdma-rdmav34.so: cannot open shared object file: No such file or directory
libibverbs: Warning: couldn't load driver 'libhns-rdmav34.so': libhns-rdmav34.so: cannot open shared object file: No such file or directory
libibverbs: Warning: couldn't load driver 'libirdma-rdmav34.so': libirdma-rdmav34.so: cannot open shared object file: No such file or directory
libibverbs: Warning: couldn't load driver 'libhns-rdmav34.so': libhns-rdmav34.so: cannot open shared object file: No such file or directory
libibverbs: Warning: couldn't load driver 'libbnxt_re-rdmav34.so': libbnxt_re-rdmav34.so: cannot open shared object file: No such file or directory
libibverbs: Warning: couldn't load driver 'libqedr-rdmav34.so': libqedr-rdmav34.so: cannot open shared object file: No such file or directory
libibverbs: Warning: couldn't load driver 'libipathverbs-rdmav34.so': libipathverbs-rdmav34.so: cannot open shared object file: No such file or directory
libibverbs: Warning: couldn't load driver 'libmlx4-rdmav34.so': libmlx4-rdmav34.so: cannot open shared object file: No such file or directory
libibverbs: Warning: couldn't load driver 'libcxgb4-rdmav34.so': libcxgb4-rdmav34.so: cannot open shared object file: No such file or directory
libibverbs: Warning: couldn't load driver 'libhns-rdmav34.so': libhns-rdmav34.so: cannot open shared object file: No such file or directory
libibverbs: Warning: couldn't load driver 'libhns-rdmav34.so': libhns-rdmav34.so: cannot open shared object file: No such file or directory
libibverbs: Warning: couldn't load driver 'libhns-rdmav34.so': libhns-rdmav34.so: cannot open shared object file: No such file or directory
libibverbs: Warning: couldn't load driver 'libhns-rdmav34.so': libhns-rdmav34.so: cannot open shared object file: No such file or directory
libibverbs: Warning: couldn't load driver 'libmlx4-rdmav34.so': libmlx4-rdmav34.so: cannot open shared object file: No such file or directory
libibverbs: Warning: couldn't load driver 'libcxgb4-rdmav34.so': libcxgb4-rdmav34.so: cannot open shared object file: No such file or directory
libibverbs: Warning: couldn't load driver 'libmana-rdmav34.so': libmana-rdmav34.so: cannot open shared object file: No such file or directory
libibverbs: Warning: couldn't load driver 'libmana-rdmav34.so': libmana-rdmav34.so: cannot open shared object file: No such file or directory
libibverbs: Warning: couldn't load driver 'libmana-rdmav34.so': libmana-rdmav34.so: cannot open shared object file: No such file or directory
libibverbs: Warning: couldn't load driver 'libmana-rdmav34.so': libmana-rdmav34.so: cannot open shared object file: No such file or directory
libibverbs: Warning: couldn't load driver 'libmana-rdmav34.so': libmana-rdmav34.so: cannot open shared object file: No such file or directory
libibverbs: Warning: couldn't load driver 'libmana-rdmav34.so': libmana-rdmav34.so: cannot open shared object file: No such file or directory
libibverbs: Warning: couldn't load driver 'libocrdma-rdmav34.so': libocrdma-rdmav34.so: cannot open shared object file: No such file or directory
libibverbs: Warning: couldn't load driver 'libocrdma-rdmav34.so': libocrdma-rdmav34.so: cannot open shared object file: No such file or directory
libibverbs: Warning: couldn't load driver 'libsiw-rdmav34.so': libsiw-rdmav34.so: cannot open shared object file: No such file or directory
libibverbs: Warning: couldn't load driver 'liberdma-rdmav34.so': liberdma-rdmav34.so: cannot open shared object file: No such file or directory
libibverbs: Warning: couldn't load driver 'libvmw_pvrdma-rdmav34.so': libvmw_pvrdma-rdmav34.so: cannot open shared object file: No such file or directory
libibverbs: Warning: couldn't load driver 'libefa-rdmav34.so': libefa-rdmav34.so: cannot open shared object file: No such file or directory
libibverbs: Warning: couldn't load driver 'libefa-rdmav34.so': libefa-rdmav34.so: cannot open shared object file: No such file or directory
libibverbs: Warning: couldn't load driver 'libmana-rdmav34.so': libmana-rdmav34.so: cannot open shared object file: No such file or directory
libibverbs: Warning: couldn't load driver 'libefa-rdmav34.so': libefa-rdmav34.so: cannot open shared object file: No such file or directory
libibverbs: Warning: couldn't load driver 'libefa-rdmav34.so': libefa-rdmav34.so: cannot open shared object file: No such file or directory
libibverbs: Warning: couldn't load driver 'libefa-rdmav34.so': libefa-rdmav34.so: cannot open shared object file: No such file or directory
libibverbs: Warning: couldn't load driver 'libefa-rdmav34.so': libefa-rdmav34.so: cannot open shared object file: No such file or directory
libibverbs: Warning: couldn't load driver 'libefa-rdmav34.so': libefa-rdmav34.so: cannot open shared object file: No such file or directory
libibverbs: Warning: couldn't load driver 'libsiw-rdmav34.so': libsiw-rdmav34.so: cannot open shared object file: No such file or directory
libibverbs: Warning: couldn't load driver 'liberdma-rdmav34.so': liberdma-rdmav34.so: cannot open shared object file: No such file or directory
libibverbs: Warning: couldn't load driver 'libvmw_pvrdma-rdmav34.so': libvmw_pvrdma-rdmav34.so: cannot open shared object file: No such file or directory
libibverbs: Warning: couldn't load driver 'libhfi1verbs-rdmav34.so': libhfi1verbs-rdmav34.so: cannot open shared object file: No such file or directory
libibverbs: Warning: couldn't load driver 'libhfi1verbs-rdmav34.so': libhfi1verbs-rdmav34.so: cannot open shared object file: No such file or directory
libibverbs: Warning: couldn't load driver 'libirdma-rdmav34.so': libirdma-rdmav34.so: cannot open shared object file: No such file or directory
libibverbs: Warning: couldn't load driver 'libhns-rdmav34.so': libhns-rdmav34.so: cannot open shared object file: No such file or directory
libibverbs: Warning: couldn't load driver 'libmana-rdmav34.so': libmana-rdmav34.so: cannot open shared object file: No such file or directory
libibverbs: Warning: couldn't load driver 'libefa-rdmav34.so': libefa-rdmav34.so: cannot open shared object file: No such file or directory
libibverbs: Warning: couldn't load driver 'libmthca-rdmav34.so': libmthca-rdmav34.so: cannot open shared object file: No such file or directory
libibverbs: Warning: couldn't load driver 'libmthca-rdmav34.so': libmthca-rdmav34.so: cannot open shared object file: No such file or directory
libibverbs: Warning: couldn't load driver 'libmthca-rdmav34.so': libmthca-rdmav34.so: cannot open shared object file: No such file or directory
libibverbs: Warning: couldn't load driver 'libmthca-rdmav34.so': libmthca-rdmav34.so: cannot open shared object file: No such file or directory
libibverbs: Warning: couldn't load driver 'libmthca-rdmav34.so': libmthca-rdmav34.so: cannot open shared object file: No such file or directory
libibverbs: Warning: couldn't load driver 'libmthca-rdmav34.so': libmthca-rdmav34.so: cannot open shared object file: No such file or directory
libibverbs: Warning: couldn't load driver 'libmthca-rdmav34.so': libmthca-rdmav34.so: cannot open shared object file: No such file or directory
libibverbs: Warning: couldn't load driver 'libirdma-rdmav34.so': libirdma-rdmav34.so: cannot open shared object file: No such file or directory
libibverbs: Warning: couldn't load driver 'libhns-rdmav34.so': libhns-rdmav34.so: cannot open shared object file: No such file or directory
libibverbs: Warning: couldn't load driver 'libmana-rdmav34.so': libmana-rdmav34.so: cannot open shared object file: No such file or directory
libibverbs: Warning: couldn't load driver 'libefa-rdmav34.so': libefa-rdmav34.so: cannot open shared object file: No such file or directory
libibverbs: Warning: couldn't load driver 'libmthca-rdmav34.so': libmthca-rdmav34.so: cannot open shared object file: No such file or directory
libibverbs: Warning: couldn't load driver 'libmthca-rdmav34.so': libmthca-rdmav34.so: cannot open shared object file: No such file or directory
libibverbs: Warning: couldn't load driver 'librxe-rdmav34.so': librxe-rdmav34.so: cannot open shared object file: No such file or directory
libibverbs: Warning: couldn't load driver 'libbnxt_re-rdmav34.so': libbnxt_re-rdmav34.so: cannot open shared object file: No such file or directory
libibverbs: Warning: couldn't load driver 'libqedr-rdmav34.so': libqedr-rdmav34.so: cannot open shared object file: No such file or directory
libibverbs: Warning: couldn't load driver 'libipathverbs-rdmav34.so': libipathverbs-rdmav34.so: cannot open shared object file: No such file or directory
libibverbs: Warning: couldn't load driver 'libmlx4-rdmav34.so': libmlx4-rdmav34.so: cannot open shared object file: No such file or directory
libibverbs: Warning: couldn't load driver 'libcxgb4-rdmav34.so': libcxgb4-rdmav34.so: cannot open shared object file: No such file or directory
libibverbs: Warning: couldn't load driver 'libocrdma-rdmav34.so': libocrdma-rdmav34.so: cannot open shared object file: No such file or directory
libibverbs: Warning: couldn't load driver 'librxe-rdmav34.so': librxe-rdmav34.so: cannot open shared object file: No such file or directory
libibverbs: Warning: couldn't load driver 'libsiw-rdmav34.so': libsiw-rdmav34.so: cannot open shared object file: No such file or directory
libibverbs: Warning: couldn't load driver 'libbnxt_re-rdmav34.so': libbnxt_re-rdmav34.so: cannot open shared object file: No such file or directory
libibverbs: Warning: couldn't load driver 'librxe-rdmav34.so': librxe-rdmav34.so: cannot open shared object file: No such file or directory
libibverbs: Warning: couldn't load driver 'liberdma-rdmav34.so': liberdma-rdmav34.so: cannot open shared object file: No such file or directory
libibverbs: Warning: couldn't load driver 'libqedr-rdmav34.so': libqedr-rdmav34.so: cannot open shared object file: No such file or directory
libibverbs: Warning: couldn't load driver 'libipathverbs-rdmav34.so': libipathverbs-rdmav34.so: cannot open shared object file: No such file or directory
libibverbs: Warning: couldn't load driver 'libbnxt_re-rdmav34.so': libbnxt_re-rdmav34.so: cannot open shared object file: No such file or directory
libibverbs: Warning: couldn't load driver 'libqedr-rdmav34.so': libqedr-rdmav34.so: cannot open shared object file: No such file or directory
libibverbs: Warning: couldn't load driver 'librxe-rdmav34.so': librxe-rdmav34.so: cannot open shared object file: No such file or directory
libibverbs: Warning: couldn't load driver 'libbnxt_re-rdmav34.so': libbnxt_re-rdmav34.so: cannot open shared object file: No such file or directory
libibverbs: Warning: couldn't load driver 'libqedr-rdmav34.so': libqedr-rdmav34.so: cannot open shared object file: No such file or directory
libibverbs: Warning: couldn't load driver 'librxe-rdmav34.so': librxe-rdmav34.so: cannot open shared object file: No such file or directory
libibverbs: Warning: couldn't load driver 'libbnxt_re-rdmav34.so': libbnxt_re-rdmav34.so: cannot open shared object file: No such file or directory
libibverbs: Warning: couldn't load driver 'libqedr-rdmav34.so': libqedr-rdmav34.so: cannot open shared object file: No such file or directory
libibverbs: Warning: couldn't load driver 'libipathverbs-rdmav34.so': libipathverbs-rdmav34.so: cannot open shared object file: No such file or directory
libibverbs: Warning: couldn't load driver 'libvmw_pvrdma-rdmav34.so': libvmw_pvrdma-rdmav34.so: cannot open shared object file: No such file or directory
libibverbs: Warning: couldn't load driver 'libhfi1verbs-rdmav34.so': libhfi1verbs-rdmav34.so: cannot open shared object file: No such file or directory
libibverbs: Warning: couldn't load driver 'libirdma-rdmav34.so': libirdma-rdmav34.so: cannot open shared object file: No such file or directory
libibverbs: Warning: couldn't load driver 'libmlx4-rdmav34.so': libmlx4-rdmav34.so: cannot open shared object file: No such file or directory
libibverbs: Warning: couldn't load driver 'libcxgb4-rdmav34.so': libcxgb4-rdmav34.so: cannot open shared object file: No such file or directory
libibverbs: Warning: couldn't load driver 'libipathverbs-rdmav34.so': libipathverbs-rdmav34.so: cannot open shared object file: No such file or directory
libibverbs: Warning: couldn't load driver 'libmlx4-rdmav34.so': libmlx4-rdmav34.so: cannot open shared object file: No such file or directory
libibverbs: Warning: couldn't load driver 'libcxgb4-rdmav34.so': libcxgb4-rdmav34.so: cannot open shared object file: No such file or directory
libibverbs: Warning: couldn't load driver 'libipathverbs-rdmav34.so': libipathverbs-rdmav34.so: cannot open shared object file: No such file or directory
libibverbs: Warning: couldn't load driver 'libmlx4-rdmav34.so': libmlx4-rdmav34.so: cannot open shared object file: No such file or directory
libibverbs: Warning: couldn't load driver 'librxe-rdmav34.so': librxe-rdmav34.so: cannot open shared object file: No such file or directory
libibverbs: Warning: couldn't load driver 'libbnxt_re-rdmav34.so': libbnxt_re-rdmav34.so: cannot open shared object file: No such file or directory
libibverbs: Warning: couldn't load driver 'libqedr-rdmav34.so': libqedr-rdmav34.so: cannot open shared object file: No such file or directory
libibverbs: Warning: couldn't load driver 'libipathverbs-rdmav34.so': libipathverbs-rdmav34.so: cannot open shared object file: No such file or directory
libibverbs: Warning: couldn't load driver 'libmlx4-rdmav34.so': libmlx4-rdmav34.so: cannot open shared object file: No such file or directory
libibverbs: Warning: couldn't load driver 'libcxgb4-rdmav34.so': libcxgb4-rdmav34.so: cannot open shared object file: No such file or directory
libibverbs: Warning: couldn't load driver 'libcxgb4-rdmav34.so': libcxgb4-rdmav34.so: cannot open shared object file: No such file or directory
libibverbs: Warning: couldn't load driver 'libmlx4-rdmav34.so': libmlx4-rdmav34.so: cannot open shared object file: No such file or directory
libibverbs: Warning: couldn't load driver 'libcxgb4-rdmav34.so': libcxgb4-rdmav34.so: cannot open shared object file: No such file or directory
libibverbs: Warning: couldn't load driver 'libhns-rdmav34.so': libhns-rdmav34.so: cannot open shared object file: No such file or directory
libibverbs: Warning: couldn't load driver 'libmana-rdmav34.so': libmana-rdmav34.so: cannot open shared object file: No such file or directory
libibverbs: Warning: couldn't load driver 'libefa-rdmav34.so': libefa-rdmav34.so: cannot open shared object file: No such file or directory
libibverbs: Warning: couldn't load driver 'libmthca-rdmav34.so': libmthca-rdmav34.so: cannot open shared object file: No such file or directory
libibverbs: Warning: couldn't load driver 'libocrdma-rdmav34.so': libocrdma-rdmav34.so: cannot open shared object file: No such file or directory
libibverbs: Warning: couldn't load driver 'libsiw-rdmav34.so': libsiw-rdmav34.so: cannot open shared object file: No such file or directory
libibverbs: Warning: couldn't load driver 'libocrdma-rdmav34.so': libocrdma-rdmav34.so: cannot open shared object file: No such file or directory
libibverbs: Warning: couldn't load driver 'libsiw-rdmav34.so': libsiw-rdmav34.so: cannot open shared object file: No such file or directory
libibverbs: Warning: couldn't load driver 'libocrdma-rdmav34.so': libocrdma-rdmav34.so: cannot open shared object file: No such file or directory
libibverbs: Warning: couldn't load driver 'libsiw-rdmav34.so': libsiw-rdmav34.so: cannot open shared object file: No such file or directory
libibverbs: Warning: couldn't load driver 'liberdma-rdmav34.so': liberdma-rdmav34.so: cannot open shared object file: No such file or directory
libibverbs: Warning: couldn't load driver 'libvmw_pvrdma-rdmav34.so': libvmw_pvrdma-rdmav34.so: cannot open shared object file: No such file or directory
libibverbs: Warning: couldn't load driver 'liberdma-rdmav34.so': liberdma-rdmav34.so: cannot open shared object file: No such file or directory
libibverbs: Warning: couldn't load driver 'libvmw_pvrdma-rdmav34.so': libvmw_pvrdma-rdmav34.so: cannot open shared object file: No such file or directory
libibverbs: Warning: couldn't load driver 'libocrdma-rdmav34.so': libocrdma-rdmav34.so: cannot open shared object file: No such file or directory
libibverbs: Warning: couldn't load driver 'libsiw-rdmav34.so': libsiw-rdmav34.so: cannot open shared object file: No such file or directory
libibverbs: Warning: couldn't load driver 'liberdma-rdmav34.so': liberdma-rdmav34.so: cannot open shared object file: No such file or directory
libibverbs: Warning: couldn't load driver 'liberdma-rdmav34.so': liberdma-rdmav34.so: cannot open shared object file: No such file or directory
libibverbs: Warning: couldn't load driver 'libvmw_pvrdma-rdmav34.so': libvmw_pvrdma-rdmav34.so: cannot open shared object file: No such file or directory
libibverbs: Warning: couldn't load driver 'libhfi1verbs-rdmav34.so': libhfi1verbs-rdmav34.so: cannot open shared object file: No such file or directory
libibverbs: Warning: couldn't load driver 'libhfi1verbs-rdmav34.so': libhfi1verbs-rdmav34.so: cannot open shared object file: No such file or directory
libibverbs: Warning: couldn't load driver 'libirdma-rdmav34.so': libirdma-rdmav34.so: cannot open shared object file: No such file or directory
libibverbs: Warning: couldn't load driver 'libhns-rdmav34.so': libhns-rdmav34.so: cannot open shared object file: No such file or directory
libibverbs: Warning: couldn't load driver 'libhfi1verbs-rdmav34.so': libhfi1verbs-rdmav34.so: cannot open shared object file: No such file or directory
libibverbs: Warning: couldn't load driver 'libirdma-rdmav34.so': libirdma-rdmav34.so: cannot open shared object file: No such file or directory
libibverbs: Warning: couldn't load driver 'libhns-rdmav34.so': libhns-rdmav34.so: cannot open shared object file: No such file or directory
libibverbs: Warning: couldn't load driver 'libvmw_pvrdma-rdmav34.so': libvmw_pvrdma-rdmav34.so: cannot open shared object file: No such file or directory
libibverbs: Warning: couldn't load driver 'libhfi1verbs-rdmav34.so': libhfi1verbs-rdmav34.so: cannot open shared object file: No such file or directory
libibverbs: Warning: couldn't load driver 'libirdma-rdmav34.so': libirdma-rdmav34.so: cannot open shared object file: No such file or directory
libibverbs: Warning: couldn't load driver 'libocrdma-rdmav34.so': libocrdma-rdmav34.so: cannot open shared object file: No such file or directory
libibverbs: Warning: couldn't load driver 'libsiw-rdmav34.so': libsiw-rdmav34.so: cannot open shared object file: No such file or directory
libibverbs: Warning: couldn't load driver 'liberdma-rdmav34.so': liberdma-rdmav34.so: cannot open shared object file: No such file or directory
libibverbs: Warning: couldn't load driver 'libvmw_pvrdma-rdmav34.so': libvmw_pvrdma-rdmav34.so: cannot open shared object file: No such file or directory
libibverbs: Warning: couldn't load driver 'libirdma-rdmav34.so': libirdma-rdmav34.so: cannot open shared object file: No such file or directory
libibverbs: Warning: couldn't load driver 'libhns-rdmav34.so': libhns-rdmav34.so: cannot open shared object file: No such file or directory
libibverbs: Warning: couldn't load driver 'libmana-rdmav34.so': libmana-rdmav34.so: cannot open shared object file: No such file or directory
libibverbs: Warning: couldn't load driver 'libmana-rdmav34.so': libmana-rdmav34.so: cannot open shared object file: No such file or directory
libibverbs: Warning: couldn't load driver 'libefa-rdmav34.so': libefa-rdmav34.so: cannot open shared object file: No such file or directory
libibverbs: Warning: couldn't load driver 'libmthca-rdmav34.so': libmthca-rdmav34.so: cannot open shared object file: No such filibibverbs: Warning: couldn't load driver 'libmana-rdmav34.so': libmana-rdmav34.so: cannot open shared object file: No such file or directory
libibverbs: Warning: couldn't load driver 'libefa-rdmav34.so': libefa-rdmav34.so: cannot open shared object file: No such file or directory
libibverbs: Warning: couldn't load driver 'libmthca-rdmav34.so': libmthca-rdmav34.so: cannot open shared object file: No such file or directory
libibverbs: Warning: couldn't load driver 'libhns-rdmav34.so': libhns-rdmav34.so: cannot open shared object file: No such file or directory
libibverbs: Warning: couldn't load driver 'libmana-rdmav34.so': libmana-rdmav34.so: cannot open shared object file: No such file or directory
libibverbs: Warning: couldn't load driver 'libefa-rdmav34.so': libefa-rdmav34.so: cannot open shared object file: No such file or directory
libibverbs: Warning: couldn't load driver 'libhfi1verbs-rdmav34.so': libhfi1verbs-rdmav34.so: cannot open shared object file: No such file or directory
libibverbs: Warning: couldn't load driver 'libirdma-rdmav34.so': libirdma-rdmav34.so: cannot open shared object file: No such file or directory
libibverbs: Warning: couldn't load driver 'libhns-rdmav34.so': libhns-rdmav34.so: cannot open shared object file: No such file or directory
libibverbs: Warning: couldn't load driver 'libefa-rdmav34.so': libefa-rdmav34.so: cannot open shared object file: No such file or directory
libibverbs: Warning: couldn't load driver 'libmthca-rdmav34.so': libmthca-rdmav34.so: cannot open shared object file: No such file or directory
le or directory
libibverbs: Warning: couldn't load driver 'libmthca-rdmav34.so': libmthca-rdmav34.so: cannot open shared object file: No such file or directory
libibverbs: Warning: couldn't load driver 'librxe-rdmav34.so': librxe-rdmav34.so: cannot open shared object file: No such file or directory
libibverbs: Warning: couldn't load driver 'libbnxt_re-rdmav34.so': libbnxt_re-rdmav34.so: cannot open shared object file: No such file or directory
libibverbs: Warning: couldn't load driver 'libqedr-rdmav34.so': libqedr-rdmav34.so: cannot open shared object file: No such file or directory
libibverbs: Warning: couldn't load driver 'libmana-rdmav34.so': libmana-rdmav34.so: cannot open shared object file: No such file or directory
libibverbs: Warning: couldn't load driver 'libefa-rdmav34.so': libefa-rdmav34.so: cannot open shared object file: No such file or directory
libibverbs: Warning: couldn't load driver 'libmthca-rdmav34.so': libmthca-rdmav34.so: cannot open shared object file: No such file or directory
libibverbs: Warning: couldn't load driver 'libipathverbs-rdmav34.so': libipathverbs-rdmav34.so: cannot open shared object file: No such file or directory
libibverbs: Warning: couldn't load driver 'libmlx4-rdmav34.so': libmlx4-rdmav34.so: cannot open shared object file: No such file or directory
libibverbs: Warning: couldn't load driver 'libcxgb4-rdmav34.so': libcxgb4-rdmav34.so: cannot open shared object file: No such file or directory
libibverbs: Warning: couldn't load driver 'librxe-rdmav34.so': librxe-rdmav34.so: cannot open shared object file: No such file or directory
libibverbs: Warning: couldn't load driver 'libbnxt_re-rdmav34.so': libbnxt_re-rdmav34.so: cannot open shared object file: No such file or directory
libibverbs: Warning: couldn't load driver 'libqedr-rdmav34.so': libqedr-rdmav34.so: cannot open shared object file: No such file or directory
libibverbs: Warning: couldn't load driver 'libipathverbs-rdmav34.so': libipathverbs-rdmav34.so: cannot open shared object file: No such file or directory
libibverbs: Warning: couldn't load driver 'libmlx4-rdmav34.so': libmlx4-rdmav34.so: cannot open shared object file: No such file or directory
libibverbs: Warning: couldn't load driver 'libocrdma-rdmav34.so': libocrdma-rdmav34.so: cannot open shared object file: No such file or directory
libibverbs: Warning: couldn't load driver 'libsiw-rdmav34.so': libsiw-rdmav34.so: cannot open shared object file: No such file or directory
libibverbs: Warning: couldn't load driver 'liberdma-rdmav34.so': liberdma-rdmav34.so: cannot open shared object file: No such file or directory
libibverbs: Warning: couldn't load driver 'libvmw_pvrdma-rdmav34.so': libvmw_pvrdma-rdmav34.so: cannot open shared object file: No such file or directory
libibverbs: Warning: couldn't load driver 'libhfi1verbs-rdmav34.so': libhfi1verbs-rdmav34.so: cannot open shared object file: No such file or directory
libibverbs: Warning: couldn't load driver 'libcxgb4-rdmav34.so': libcxgb4-rdmav34.so: cannot open shared object file: No such file or directory
libibverbs: Warning: couldn't load driver 'libirdma-rdmav34.so': libirdma-rdmav34.so: cannot open shared object file: No such file or directory
libibverbs: Warning: couldn't load driver 'libhns-rdmav34.so': libhns-rdmav34.so: cannot open shared object file: No such file or directory
libibverbs: Warning: couldn't load driver 'libmana-rdmav34.so': libmana-rdmav34.so: cannot open shared object file: No such file or directory
libibverbs: Warning: couldn't load driver 'libefa-rdmav34.so': libefa-rdmav34.so: cannot open shared object file: No such file or directory
libibverbs: Warning: couldn't load driver 'libmthca-rdmav34.so': libmthca-rdmav34.so: cannot open shared object file: No such file or directory
libibverbs: Warning: couldn't load driver 'libocrdma-rdmav34.so': libocrdma-rdmav34.so: cannot open shared object file: No such file or directory
libibverbs: Warning: couldn't load driver 'libsiw-rdmav34.so': libsiw-rdmav34.so: cannot open shared object file: No such file or directory
libibverbs: Warning: couldn't load driver 'liberdma-rdmav34.so': liberdma-rdmav34.so: cannot open shared object file: No such file or directory
libibverbs: Warning: couldn't load driver 'libvmw_pvrdma-rdmav34.so': libvmw_pvrdma-rdmav34.so: cannot open shared object file: No such file or directory
libibverbs: Warning: couldn't load driver 'libhfi1verbs-rdmav34.so': libhfi1verbs-rdmav34.so: cannot open shared object file: No such file or directory
libibverbs: Warning: couldn't load driver 'libirdma-rdmav34.so': libirdma-rdmav34.so: cannot open shared object file: No such file or directory
libibverbs: Warning: couldn't load driver 'libhns-rdmav34.so': libhns-rdmav34.so: cannot open shared object file: No such file or directory
libibverbs: Warning: couldn't load driver 'libmana-rdmav34.so': libmana-rdmav34.so: cannot open shared object file: No such file or directory
libibverbs: Warning: couldn't load driver 'librxe-rdmav34.so': librxe-rdmav34.so: cannot open shared object file: No such file or directory
libibverbs: Warning: couldn't load driver 'libbnxt_re-rdmav34.so': libbnxt_re-rdmav34.so: cannot open shared object file: No such file or directory
libibverbs: Warning: couldn't load driver 'libefa-rdmav34.so': libefa-rdmav34.so: cannot open shared object file: No such file or directory
libibverbs: Warning: couldn't load driver 'libmthca-rdmav34.so': libmthca-rdmav34.so: cannot open shared object file: No such file or directory
libibverbs: Warning: couldn't load driver 'libqedr-rdmav34.so': libqedr-rdmav34.so: cannot open shared object file: No such file or directory
libibverbs: Warning: couldn't load driver 'libipathverbs-rdmav34.so': libipathverbs-rdmav34.so: cannot open shared object file: No such file or directory
libibverbs: Warning: couldn't load driver 'libmlx4-rdmav34.so': libmlx4-rdmav34.so: cannot open shared object file: No such file or directory
libibverbs: Warning: couldn't load driver 'libcxgb4-rdmav34.so': libcxgb4-rdmav34.so: cannot open shared object file: No such file or directory
libibverbs: Warning: couldn't load driver 'librxe-rdmav34.so': librxe-rdmav34.so: cannot open shared object file: No such file or directory
libibverbs: Warning: couldn't load driver 'libbnxt_re-rdmav34.so': libbnxt_re-rdmav34.so: cannot open shared object file: No such file or directory
libibverbs: Warning: couldn't load driver 'libqedr-rdmav34.so': libqedr-rdmav34.so: cannot open shared object file: No such file or directory
libibverbs: Warning: couldn't load driver 'libocrdma-rdmav34.so': libocrdma-rdmav34.so: cannot open shared object file: No such file or directory
libibverbs: Warning: couldn't load driver 'libipathverbs-rdmav34.so': libipathverbs-rdmav34.so: cannot open shared object file: No such file or directory
libibverbs: Warning: couldn't load driver 'libmlx4-rdmav34.so': libmlx4-rdmav34.so: cannot open shared object file: No such file or directory
libibverbs: Warning: couldn't load driver 'libsiw-rdmav34.so': libsiw-rdmav34.so: cannot open shared object file: No such file or directory
libibverbs: Warning: couldn't load driver 'liberdma-rdmav34.so': liberdma-rdmav34.so: cannot open shared object file: No such file or directory
libibverbs: Warning: couldn't load driver 'libcxgb4-rdmav34.so': libcxgb4-rdmav34.so: cannot open shared object file: No such file or directory
libibverbs: Warning: couldn't load driver 'libvmw_pvrdma-rdmav34.so': libvmw_pvrdma-rdmav34.so: cannot open shared object file: No such file or directory
libibverbs: Warning: couldn't load driver 'libhfi1verbs-rdmav34.so': libhfi1verbs-rdmav34.so: cannot open shared object file: No such file or directory
libibverbs: Warning: couldn't load driver 'libirdma-rdmav34.so': libirdma-rdmav34.so: cannot open shared object file: No such file or directory
libibverbs: Warning: couldn't load driver 'librxe-rdmav34.so': librxe-rdmav34.so: cannot open shared object file: No such file or directory
libibverbs: Warning: couldn't load driver 'libhns-rdmav34.so': libhns-rdmav34.so: cannot open shared object file: No such file or directory
libibverbs: Warning: couldn't load driver 'libmana-rdmav34.so': libmana-rdmav34.so: cannot open shared object file: No such file or directory
libibverbs: Warning: couldn't load driver 'libbnxt_re-rdmav34.so': libbnxt_re-rdmav34.so: cannot open shared object file: No such file or directory
libibverbs: Warning: couldn't load driver 'libqedr-rdmav34.so': libqedr-rdmav34.so: cannot open shared object file: No such file or directory
libibverbs: Warning: couldn't load driver 'libocrdma-rdmav34.so': libocrdma-rdmav34.so: cannot open shared object file: No such file or directory
libibverbs: Warning: couldn't load driver 'libsiw-rdmav34.so': libsiw-rdmav34.so: cannot open shared object file: No such file or directory
libibverbs: Warning: couldn't load driver 'libefa-rdmav34.so': libefa-rdmav34.so: cannot open shared object file: No such file or directory
libibverbs: Warning: couldn't load driver 'libmthca-rdmav34.so': libmthca-rdmav34.so: cannot open shared object file: No such file or directory
libibverbs: Warning: couldn't load driver 'libipathverbs-rdmav34.so': libipathverbs-rdmav34.so: cannot open shared object file: No such file or directory
libibverbs: Warning: couldn't load driver 'libmlx4-rdmav34.so': libmlx4-rdmav34.so: cannot open shared object file: No such file or directory
libibverbs: Warning: couldn't load driver 'liberdma-rdmav34.so': liberdma-rdmav34.so: cannot open shared object file: No such file or directory
libibverbs: Warning: couldn't load driver 'libvmw_pvrdma-rdmav34.so': libvmw_pvrdma-rdmav34.so: cannot open shared object file: No such file or directory
libibverbs: Warning: couldn't load driver 'libcxgb4-rdmav34.so': libcxgb4-rdmav34.so: cannot open shared object file: No such file or directory
libibverbs: Warning: couldn't load driver 'librxe-rdmav34.so': librxe-rdmav34.so: cannot open shared object file: No such file or directory
libibverbs: Warning: couldn't load driver 'libhfi1verbs-rdmav34.so': libhfi1verbs-rdmav34.so: cannot open shared object file: No such file or directory
libibverbs: Warning: couldn't load driver 'libirdma-rdmav34.so': libirdma-rdmav34.so: cannot open shared object file: No such file or directory
libibverbs: Warning: couldn't load driver 'libbnxt_re-rdmav34.so': libbnxt_re-rdmav34.so: cannot open shared object file: No such file or directory
libibverbs: Warning: couldn't load driver 'libqedr-rdmav34.so': libqedr-rdmav34.so: cannot open shared object file: No such file or directory
libibverbs: Warning: couldn't load driver 'libhns-rdmav34.so': libhns-rdmav34.so: cannot open shared object file: No such file or directory
libibverbs: Warning: couldn't load driver 'libmana-rdmav34.so': libmana-rdmav34.so: cannot open shared object file: No such file or directory
libibverbs: Warning: couldn't load driver 'libefa-rdmav34.so': libefa-rdmav34.so: cannot open shared object file: No such file olibibverbs: Warning: couldn't load driver 'libipathverbs-rdmav34.so': libipathverbs-rdmav34.so: cannot open shared object file: No such file or directory
libibverbs: Warning: couldn't load driver 'libmlx4-rdmav34.so': libmlx4-rdmav34.so: cannot open shared object file: No such file or directory
libibverbs: Warning: couldn't load driver 'libocrdma-rdmav34.so': libocrdma-rdmav34.so: cannot open shared object file: No such file or directory
libibverbs: Warning: couldn't load driver 'libsiw-rdmav34.so': libsiw-rdmav34.so: cannot open shared object file: No such file or directory
r directory
libibverbs: Warning: couldn't load driver 'libmthca-rdmav34.so': libmthca-rdmav34.so: cannot open shared object file: No such file or directory
libibverbs: Warning: couldn't load driver 'liberdma-rdmav34.so': liberdma-rdmav34.so: cannot open shared object file: No such file or directory
libibverbs: Warning: couldn't load driver 'libcxgb4-rdmav34.so': libcxgb4-rdmav34.so: cannot open shared object file: No such file or directory
libibverbs: Warning: couldn't load driver 'libvmw_pvrdma-rdmav34.so': libvmw_pvrdma-rdmav34.so: cannot open shared object file: No such file or directory
libibverbs: Warning: couldn't load driver 'libhfi1verbs-rdmav34.so': libhfi1verbs-rdmav34.so: cannot open shared object file: No such file or directory
libibverbs: Warning: couldn't load driver 'libirdma-rdmav34.so': libirdma-rdmav34.so: cannot open shared object file: No such file or directory
libibverbs: Warning: couldn't load driver 'libhns-rdmav34.so': libhns-rdmav34.so: cannot open shared object file: No such file or directory
libibverbs: Warning: couldn't load driver 'libmana-rdmav34.so': libmana-rdmav34.so: cannot open shared object file: No such file or directory
libibverbs: Warning: couldn't load driver 'libefa-rdmav34.so': libefa-rdmav34.so: cannot open shared object file: No such file or directory
libibverbs: Warning: couldn't load driver 'libocrdma-rdmav34.so': libocrdma-rdmav34.so: cannot open shared object file: No such file or directory
libibverbs: Warning: couldn't load driver 'libmthca-rdmav34.so': libmthca-rdmav34.so: cannot open shared object file: No such file or directory
libibverbs: Warning: couldn't load driver 'librxe-rdmav34.so': librxe-rdmav34.so: cannot open shared object file: No such file or directory
libibverbs: Warning: couldn't load driver 'libbnxt_re-rdmav34.so': libbnxt_re-rdmav34.so: cannot open shared object file: No such file or directory
libibverbs: Warning: couldn't load driver 'libsiw-rdmav34.so': libsiw-rdmav34.so: cannot open shared object file: No such file or directory
libibverbs: Warning: couldn't load driver 'liberdma-rdmav34.so': liberdma-rdmav34.so: cannot open shared object file: No such file or directory
libibverbs: Warning: couldn't load driver 'libqedr-rdmav34.so': libqedr-rdmav34.so: cannot open shared object file: No such file or directory
libibverbs: Warning: couldn't load driver 'libipathverbs-rdmav34.so': libipathverbs-rdmav34.so: cannot open shared object file: No such file or directory
libibverbs: Warning: couldn't load driver 'libvmw_pvrdma-rdmav34.so': libvmw_pvrdma-rdmav34.so: cannot open shared object file: No such file or directory
libibverbs: Warning: couldn't load driver 'libhfi1verbs-rdmav34.so': libhfi1verbs-rdmav34.so: cannot open shared object file: No such file or directory
libibverbs: Warning: couldn't load driver 'libmlx4-rdmav34.so': libmlx4-rdmav34.so: cannot open shared object file: No such file or directory
libibverbs: Warning: couldn't load driver 'libirdma-rdmav34.so': libirdma-rdmav34.so: cannot open shared object file: No such file or directory
libibverbs: Warning: couldn't load driver 'libcxgb4-rdmav34.so': libcxgb4-rdmav34.so: cannot open shared object file: No such file or directory
libibverbs: Warning: couldn't load driver 'libhns-rdmav34.so': libhns-rdmav34.so: cannot open shared object file: No such file or directory
libibverbs: Warning: couldn't load driver 'libmana-rdmav34.so': libmana-rdmav34.so: cannot open shared object file: No such file or directory
libibverbs: Warning: couldn't load driver 'libefa-rdmav34.so': libefa-rdmav34.so: cannot open shared object file: No such file or directory
libibverbs: Warning: couldn't load driver 'libmthca-rdmav34.so': libmthca-rdmav34.so: cannot open shared object file: No such file or directory
libibverbs: Warning: couldn't load driver 'librxe-rdmav34.so': librxe-rdmav34.so: cannot open shared object file: No such file or directory
libibverbs: Warning: couldn't load driver 'libocrdma-rdmav34.so': libocrdma-rdmav34.so: cannot open shared object file: No such file or directory
libibverbs: Warning: couldn't load driver 'libbnxt_re-rdmav34.so': libbnxt_re-rdmav34.so: cannot open shared object file: No such file or directory
libibverbs: Warning: couldn't load driver 'libqedr-rdmav34.so': libqedr-rdmav34.so: cannot open shared object file: No such file or directory
libibverbs: Warning: couldn't load driver 'libsiw-rdmav34.so': libsiw-rdmav34.so: cannot open shared object file: No such file or directory
libibverbs: Warning: couldn't load driver 'liberdma-rdmav34.so': liberdma-rdmav34.so: cannot open shared object file: No such filibibverbs: Warning: couldn't load driver 'libipathverbs-rdmav34.so': libipathverbs-rdmav34.so: cannot open shared object file: No such file or directory
le or directory
libibverbs: Warning: couldn't load driver 'libvmw_pvrdma-rdmav34.so': libvmw_pvrdma-rdmav34.so: cannot open shared object file: No such file or directory
libibverbs: Warning: couldn't load driver 'libmlx4-rdmav34.so': libmlx4-rdmav34.so: cannot open shared object file: No such file or directory
libibverbs: Warning: couldn't load driver 'libcxgb4-rdmav34.so': libcxgb4-rdmav34.so: cannot open shared object file: No such file or directory
libibverbs: Warning: couldn't load driver 'libhfi1verbs-rdmav34.so': libhfi1verbs-rdmav34.so: cannot open shared object file: No such file or directory
libibverbs: Warning: couldn't load driver 'libirdma-rdmav34.so': libirdma-rdmav34.so: cannot open shared object file: No such file or directory
libibverbs: Warning: couldn't load driver 'libhns-rdmav34.so': libhns-rdmav34.so: cannot open shared object file: No such file or directory
libibverbs: Warning: couldn't load driver 'libmana-rdmav34.so': libmana-rdmav34.so: cannot open shared object file: No such file or directory
libibverbs: Warning: couldn't load driver 'libefa-rdmav34.so': libefa-rdmav34.so: cannot open shared object file: No such file or directory
libibverbs: Warning: couldn't load driver 'libocrdma-rdmav34.so': libocrdma-rdmav34.so: cannot open shared object file: No such file or directory
libibverbs: Warning: couldn't load driver 'libmthca-rdmav34.so': libmthca-rdmav34.so: cannot open shared object file: No such file or directory
libibverbs: Warning: couldn't load driver 'libsiw-rdmav34.so': libsiw-rdmav34.so: cannot open shared object file: No such file or directory
libibverbs: Warning: couldn't load driver 'liberdma-rdmav34.so': liberdma-rdmav34.so: cannot open shared object file: No such file or directory
libibverbs: Warning: couldn't load driver 'libvmw_pvrdma-rdmav34.so': libvmw_pvrdma-rdmav34.so: cannot open shared object file: No such file or directory
libibverbs: Warning: couldn't load driver 'libhfi1verbs-rdmav34.so': libhfi1verbs-rdmav34.so: cannot open shared object file: No such file or directory
libibverbs: Warning: couldn't load driver 'libirdma-rdmav34.so': libirdma-rdmav34.so: cannot open shared object file: No such file or directory
libibverbs: Warning: couldn't load driver 'libhns-rdmav34.so': libhns-rdmav34.so: cannot open shared object file: No such file or directory
libibverbs: Warning: couldn't load driver 'libmana-rdmav34.so': libmana-rdmav34.so: cannot open shared object file: No such file or directory
libibverbs: Warning: couldn't load driver 'libefa-rdmav34.so': libefa-rdmav34.so: cannot open shared object file: No such file or directory
libibverbs: Warning: couldn't load driver 'libmthca-rdmav34.so': libmthca-rdmav34.so: cannot open shared object file: No such file or directory
libibverbs: Warning: couldn't load driver 'librxe-rdmav34.so': librxe-rdmav34.so: cannot open shared object file: No such file or directory
libibverbs: Warning: couldn't load driver 'librxe-rdmav34.so': librxe-rdmav34.so: cannot open shared object file: No such file or directory
libibverbs: Warning: couldn't load driver 'libbnxt_re-rdmav34.so': libbnxt_re-rdmav34.so: cannot open shared object file: No such file or directory
libibverbs: Warning: couldn't load driver 'libqedr-rdmav34.so': libqedr-rdmav34.so: cannot open shared object file: No such file or directory
libibverbs: Warning: couldn't load driver 'libbnxt_re-rdmav34.so': libbnxt_re-rdmav34.so: cannot open shared object file: No such file or directory
libibverbs: Warning: couldn't load driver 'libqedr-rdmav34.so': libqedr-rdmav34.so: cannot open shared object file: No such file or directory
libibverbs: Warning: couldn't load driver 'libipathverbs-rdmav34.so': libipathverbs-rdmav34.so: cannot open shared object file: No such file or directory
libibverbs: Warning: couldn't load driver 'libmlx4-rdmav34.so': libmlx4-rdmav34.so: cannot open shared object file: No such file or directory
libibverbs: Warning: couldn't load driver 'libipathverbs-rdmav34.so': libipathverbs-rdmav34.so: cannot open shared object file: No such file or directory
libibverbs: Warning: couldn't load driver 'libmlx4-rdmav34.so': libmlx4-rdmav34.so: cannot open shared object file: No such file or directory
libibverbs: Warning: couldn't load driver 'libcxgb4-rdmav34.so': libcxgb4-rdmav34.so: cannot open shared object file: No such file or directory
libibverbs: Warning: couldn't load driver 'libcxgb4-rdmav34.so': libcxgb4-rdmav34.so: cannot open shared object file: No such file or directory
libibverbs: Warning: couldn't load driver 'libocrdma-rdmav34.so': libocrdma-rdmav34.so: cannot open shared object file: No such file or directory
libibverbs: Warning: couldn't load driver 'libocrdma-rdmav34.so': libocrdma-rdmav34.so: cannot open shared object file: No such file or directory
libibverbs: Warning: couldn't load driver 'libsiw-rdmav34.so': libsiw-rdmav34.so: cannot open shared object file: No such file or directory
libibverbs: Warning: couldn't load driver 'liberdma-rdmav34.so': liberdma-rdmav34.so: cannot open shared object file: No such file or directory
libibverbs: Warning: couldn't load driver 'libsiw-rdmav34.so': libsiw-rdmav34.so: cannot open shared object file: No such file or directory
libibverbs: Warning: couldn't load driver 'liberdma-rdmav34.so': liberdma-rdmav34.so: cannot open shared object file: No such file or directory
libibverbs: Warning: couldn't load driver 'libvmw_pvrdma-rdmav34.so': libvmw_pvrdma-rdmav34.so: cannot open shared object file: No such file or directory
libibverbs: Warning: couldn't load driver 'libhfi1verbs-rdmav34.so': libhfi1verbs-rdmav34.so: cannot open shared object file: No such file or directory
libibverbs: Warning: couldn't load driver 'libvmw_pvrdma-rdmav34.so': libvmw_pvrdma-rdmav34.so: cannot open shared object file: No such file or directory
libibverbs: Warning: couldn't load driver 'libhfi1verbs-rdmav34.so': libhfi1verbs-rdmav34.so: cannot open shared object file: No such file or directory
libibverbs: Warning: couldn't load driver 'libirdma-rdmav34.so': libirdma-rdmav34.so: cannot open shared object file: No such file or directory
libibverbs: Warning: couldn't load driver 'libhns-rdmav34.so': libhns-rdmav34.so: cannot open shared object file: No such file or directory
libibverbs: Warning: couldn't load driver 'libirdma-rdmav34.so': libirdma-rdmav34.so: cannot open shared object file: No such file or directory
libibverbs: Warning: couldn't load driver 'libhns-rdmav34.so': libhns-rdmav34.so: cannot open shared object file: No such file or directory
libibverbs: Warning: couldn't load driver 'libmana-rdmav34.so': libmana-rdmav34.so: cannot open shared object file: No such file or directory
libibverbs: Warning: couldn't load driver 'libmana-rdmav34.so': libmana-rdmav34.so: cannot open shared object file: No such file or directory
libibverbs: Warning: couldn't load driver 'libefa-rdmav34.so': libefa-rdmav34.so: cannot open shared object file: No such file or directory
libibverbs: Warning: couldn't load driver 'libmthca-rdmav34.so': libmthca-rdmav34.so: cannot open shared object file: No such file or directory
libibverbs: Warning: couldn't load driver 'libefa-rdmav34.so': libefa-rdmav34.so: cannot open shared object file: No such file or directory
libibverbs: Warning: couldn't load driver 'libmthca-rdmav34.so': libmthca-rdmav34.so: cannot open shared object file: No such file or directory
libibverbs: Warning: couldn't load driver 'librxe-rdmav34.so': librxe-rdmav34.so: cannot open shared object file: No such file or directory
libibverbs: Warning: couldn't load driver 'libbnxt_re-rdmav34.so': libbnxt_re-rdmav34.so: cannot open shared object file: No such file or directory
libibverbs: Warning: couldn't load driver 'libqedr-rdmav34.so': libqedr-rdmav34.so: cannot open shared object file: No such file or directory
libibverbs: Warning: couldn't load driver 'libipathverbs-rdmav34.so': libipathverbs-rdmav34.so: cannot open shared object file: No such file or directory
libibverbs: Warning: couldn't load driver 'libmlx4-rdmav34.so': libmlx4-rdmav34.so: cannot open shared object file: No such file or directory
libibverbs: Warning: couldn't load driver 'libcxgb4-rdmav34.so': libcxgb4-rdmav34.so: cannot open shared object file: No such file or directory
libibverbs: Warning: couldn't load driver 'libocrdma-rdmav34.so': libocrdma-rdmav34.so: cannot open shared object file: No such file or directory
libibverbs: Warning: couldn't load driver 'libsiw-rdmav34.so': libsiw-rdmav34.so: cannot open shared object file: No such file or directory
libibverbs: Warning: couldn't load driver 'liberdma-rdmav34.so': liberdma-rdmav34.so: cannot open shared object file: No such file or directory
libibverbs: Warning: couldn't load driver 'libvmw_pvrdma-rdmav34.so': libvmw_pvrdma-rdmav34.so: cannot open shared object file: No such file or directory
libibverbs: Warning: couldn't load driver 'libhfi1verbs-rdmav34.so': libhfi1verbs-rdmav34.so: cannot open shared object file: No such file or directory
libibverbs: Warning: couldn't load driver 'libirdma-rdmav34.so': libirdma-rdmav34.so: cannot open shared object file: No such file or directory
libibverbs: Warning: couldn't load driver 'libhns-rdmav34.so': libhns-rdmav34.so: cannot open shared object file: No such file or directory
libibverbs: Warning: couldn't load driver 'libmana-rdmav34.so': libmana-rdmav34.so: cannot open shared object file: No such file or directory
libibverbs: Warning: couldn't load driver 'libefa-rdmav34.so': libefa-rdmav34.so: cannot open shared object file: No such file or directory
libibverbs: Warning: couldn't load driver 'libmthca-rdmav34.so': libmthca-rdmav34.so: cannot open shared object file: No such file or directory
libibverbs: Warning: couldn't load driver 'librxe-rdmav34.so': librxe-rdmav34.so: cannot open shared object file: No such file or directory
libibverbs: Warning: couldn't load driver 'libbnxt_re-rdmav34.so': libbnxt_re-rdmav34.so: cannot open shared object file: No such file or directory
libibverbs: Warning: couldn't load driver 'librxe-rdmav34.so': librxe-rdmav34.so: cannot open shared object file: No such file or directory
libibverbs: Warning: couldn't load driver 'libbnxt_re-rdmav34.so': libbnxt_re-rdmav34.so: cannot open shared object file: No such file or directory
libibverbs: Warning: couldn't load driver 'libqedr-rdmav34.so': libqedr-rdmav34.so: cannot open shared object file: No such file or directory
libibverbs: Warning: couldn't load driver 'libqedr-rdmav34.so': libqedr-rdmav34.so: cannot open shared object file: No such file or directory
libibverbs: Warning: couldn't load driver 'libipathverbs-rdmav34.so': libipathverbs-rdmav34.so: cannot open shared object file: No such file or directory
libibverbs: Warning: couldn't load driver 'libipathverbs-rdmav34.so': libipathverbs-rdmav34.so: cannot open shared object file: No such file or directory
libibverbs: Warning: couldn't load driver 'libmlx4-rdmav34.so': libmlx4-rdmav34.so: cannot open shared object file: No such file or directory
libibverbs: Warning: couldn't load driver 'libmlx4-rdmav34.so': libmlx4-rdmav34.so: cannot open shared object file: No such file or directory
libibverbs: Warning: couldn't load driver 'libcxgb4-rdmav34.so': libcxgb4-rdmav34.so: cannot open shared object file: No such file or directory
libibverbs: Warning: couldn't load driver 'libcxgb4-rdmav34.so': libcxgb4-rdmav34.so: cannot open shared object file: No such file or directory
libibverbs: Warning: couldn't load driver 'libocrdma-rdmav34.so': libocrdma-rdmav34.so: cannot open shared object file: No such file or directory
libibverbs: Warning: couldn't load driver 'libocrdma-rdmav34.so': libocrdma-rdmav34.so: cannot open shared object file: No such file or directory
libibverbs: Warning: couldn't load driver 'libsiw-rdmav34.so': libsiw-rdmav34.so: cannot open shared object file: No such file or directory
libibverbs: Warning: couldn't load driver 'libsiw-rdmav34.so': libsiw-rdmav34.so: cannot open shared object file: No such file or directory
libibverbs: Warning: couldn't load driver 'liberdma-rdmav34.so': liberdma-rdmav34.so: cannot open shared object file: No such file or directory
libibverbs: Warning: couldn't load driver 'liberdma-rdmav34.so': liberdma-rdmav34.so: cannot open shared object file: No such file or directory
libibverbs: Warning: couldn't load driver 'libvmw_pvrdma-rdmav34.so': libvmw_pvrdma-rdmav34.so: cannot open shared object file: No such file or directory
libibverbs: Warning: couldn't load driver 'libvmw_pvrdma-rdmav34.so': libvmw_pvrdma-rdmav34.so: cannot open shared object file: No such file or directory
libibverbs: Warning: couldn't load driver 'libhfi1verbs-rdmav34.so': libhfi1verbs-rdmav34.so: cannot open shared object file: No such file or directory
libibverbs: Warning: couldn't load driver 'libhfi1verbs-rdmav34.so': libhfi1verbs-rdmav34.so: cannot open shared object file: No such file or directory
libibverbs: Warning: couldn't load driver 'libirdma-rdmav34.so': libirdma-rdmav34.so: cannot open shared object file: No such file or directory
libibverbs: Warning: couldn't load driver 'libirdma-rdmav34.so': libirdma-rdmav34.so: cannot open shared object file: No such file or directory
libibverbs: Warning: couldn't load driver 'libhns-rdmav34.so': libhns-rdmav34.so: cannot open shared object file: No such file or directory
libibverbs: Warning: couldn't load driver 'libhns-rdmav34.so': libhns-rdmav34.so: cannot open shared object file: No such file or directory
libibverbs: Warning: couldn't load driver 'libmana-rdmav34.so': libmana-rdmav34.so: cannot open shared object file: No such file or directory
libibverbs: Warning: couldn't load driver 'libmana-rdmav34.so': libmana-rdmav34.so: cannot open shared object file: No such file or directory
libibverbs: Warning: couldn't load driver 'libefa-rdmav34.so': libefa-rdmav34.so: cannot open shared object file: No such file or directory
libibverbs: Warning: couldn't load driver 'libefa-rdmav34.so': libefa-rdmav34.so: cannot open shared object file: No such file or directory
libibverbs: Warning: couldn't load driver 'libmthca-rdmav34.so': libmthca-rdmav34.so: cannot open shared object file: No such file or directory
libibverbs: Warning: couldn't load driver 'libmthca-rdmav34.so': libmthca-rdmav34.so: cannot open shared object file: No such file or directory
libibverbs: Warning: couldn't load driver 'librxe-rdmav34.so': librxe-rdmav34.so: cannot open shared object file: No such file or directory
libibverbs: Warning: couldn't load driver 'libbnxt_re-rdmav34.so': libbnxt_re-rdmav34.so: cannot open shared object file: No such file or directory
libibverbs: Warning: couldn't load driver 'libqedr-rdmav34.so': libqedr-rdmav34.so: cannot open shared object file: No such file or directory
libibverbs: Warning: couldn't load driver 'librxe-rdmav34.so': librxe-rdmav34.so: cannot open shared object file: No such file or directory
libibverbs: Warning: couldn't load driver 'libipathverbs-rdmav34.so': libipathverbs-rdmav34.so: cannot open shared object file: No such file or directory
libibverbs: Warning: couldn't load driver 'libbnxt_re-rdmav34.so': libbnxt_re-rdmav34.so: cannot open shared object file: No such file or directory
libibverbs: Warning: couldn't load driver 'libmlx4-rdmav34.so': libmlx4-rdmav34.so: cannot open shared object file: No such file or directory
libibverbs: Warning: couldn't load driver 'libqedr-rdmav34.so': libqedr-rdmav34.so: cannot open shared object file: No such file or directory
libibverbs: Warning: couldn't load driver 'libcxgb4-rdmav34.so': libcxgb4-rdmav34.so: cannot open shared object file: No such file or directory
libibverbs: Warning: couldn't load driver 'libipathverbs-rdmav34.so': libipathverbs-rdmav34.so: cannot open shared object file: No such file or directory
libibverbs: Warning: couldn't load driver 'librxe-rdmav34.so': librxe-rdmav34.so: cannot open shared object file: No such file or directory
libibverbs: Warning: couldn't load driver 'libmlx4-rdmav34.so': libmlx4-rdmav34.so: cannot open shared object file: No such file or directory
libibverbs: Warning: couldn't load driver 'libcxgb4-rdmav34.so': libcxgb4-rdmav34.so: cannot open shared object file: No such file or directory
libibverbs: Warning: couldn't load driver 'libbnxt_re-rdmav34.so': libbnxt_re-rdmav34.so: cannot open shared object file: No such file or directory
libibverbs: Warning: couldn't load driver 'libqedr-rdmav34.so': libqedr-rdmav34.so: cannot open shared object file: No such file or directory
libibverbs: Warning: couldn't load driver 'libipathverbs-rdmav34.so': libipathverbs-rdmav34.so: cannot open shared object file: No such file or directory
libibverbs: Warning: couldn't load driver 'libocrdma-rdmav34.so': libocrdma-rdmav34.so: cannot open shared object file: No such file or directory
libibverbs: Warning: couldn't load driver 'libmlx4-rdmav34.so': libmlx4-rdmav34.so: cannot open shared object file: No such file or directory
libibverbs: Warning: couldn't load driver 'libcxgb4-rdmav34.so': libcxgb4-rdmav34.so: cannot open shared object file: No such file or directory
libibverbs: Warning: couldn't load driver 'libsiw-rdmav34.so': libsiw-rdmav34.so: cannot open shared object file: No such file or directory
libibverbs: Warning: couldn't load driver 'liberdma-rdmav34.so': liberdma-rdmav34.so: cannot open shared object file: No such file or directory
libibverbs: Warning: couldn't load driver 'libocrdma-rdmav34.so': libocrdma-rdmav34.so: cannot open shared object file: No such file or directory
libibverbs: Warning: couldn't load driver 'libsiw-rdmav34.so': libsiw-rdmav34.so: cannot open shared object file: No such file or directory
libibverbs: Warning: couldn't load driver 'libvmw_pvrdma-rdmav34.so': libvmw_pvrdma-rdmav34.so: cannot open shared object file: No such file or directory
libibverbs: Warning: couldn't load driver 'libhfi1verbs-rdmav34.so': libhfi1verbs-rdmav34.so: cannot open shared object file: No such file or directory
libibverbs: Warning: couldn't load driver 'liberdma-rdmav34.so': liberdma-rdmav34.so: cannot open shared object file: No such file or directory
libibverbs: Warning: couldn't load driver 'libvmw_pvrdma-rdmav34.so': libvmw_pvrdma-rdmav34.so: cannot open shared object file: No such file or directory
libibverbs: Warning: couldn't load driver 'libirdma-rdmav34.so': libirdma-rdmav34.so: cannot open shared object file: No such file or directory
libibverbs: Warning: couldn't load driver 'libhns-rdmav34.so': libhns-rdmav34.so: cannot open shared object file: No such file or directory
libibverbs: Warning: couldn't load driver 'libocrdma-rdmav34.so': libocrdma-rdmav34.so: cannot open shared object file: No such file or directory
libibverbs: Warning: couldn't load driver 'libhfi1verbs-rdmav34.so': libhfi1verbs-rdmav34.so: cannot open shared object file: No such file or directory
libibverbs: Warning: couldn't load driver 'libirdma-rdmav34.so': libirdma-rdmav34.so: cannot open shared object file: No such file or directory
libibverbs: Warning: couldn't load driver 'libmana-rdmav34.so': libmana-rdmav34.so: cannot open shared object file: No such file or directory
libibverbs: Warning: couldn't load driver 'libsiw-rdmav34.so': libsiw-rdmav34.so: cannot open shared object file: No such file or directory
libibverbs: Warning: couldn't load driver 'liberdma-rdmav34.so': liberdma-rdmav34.so: cannot open shared object file: No such file or directory
libibverbs: Warning: couldn't load driver 'libhns-rdmav34.so': libhns-rdmav34.so: cannot open shared object file: No such file or directory
libibverbs: Warning: couldn't load driver 'libmana-rdmav34.so': libmana-rdmav34.so: cannot open shared object file: No such filelibibverbs: Warning: couldn't load driver 'libefa-rdmav34.so': libefa-rdmav34.so: cannot open shared object file: No such file or directory
libibverbs: Warning: couldn't load driver 'libmthca-rdmav34.so': libmthca-rdmav34.so: cannot open shared object file: No such file or directory
libibverbs: Warning: couldn't load driver 'libvmw_pvrdma-rdmav34.so': libvmw_pvrdma-rdmav34.so: cannot open shared object file: No such file or directory
 or directory
libibverbs: Warning: couldn't load driver 'libefa-rdmav34.so': libefa-rdmav34.so: cannot open shared object file: No such file or directory
libibverbs: Warning: couldn't load driver 'libhfi1verbs-rdmav34.so': libhfi1verbs-rdmav34.so: cannot open shared object file: No such file or directory
libibverbs: Warning: couldn't load driver 'libmthca-rdmav34.so': libmthca-rdmav34.so: cannot open shared object file: No such file or directory
libibverbs: Warning: couldn't load driver 'libirdma-rdmav34.so': libirdma-rdmav34.so: cannot open shared object file: No such file or directory
libibverbs: Warning: couldn't load driver 'libhns-rdmav34.so': libhns-rdmav34.so: cannot open shared object file: No such file or directory
libibverbs: Warning: couldn't load driver 'libmana-rdmav34.so': libmana-rdmav34.so: cannot open shared object file: No such file or directory
libibverbs: Warning: couldn't load driver 'libefa-rdmav34.so': libefa-rdmav34.so: cannot open shared object file: No such file or directory
libibverbs: Warning: couldn't load driver 'libmthca-rdmav34.so': libmthca-rdmav34.so: cannot open shared object file: No such file or directory
libibverbs: Warning: couldn't load driver 'librxe-rdmav34.so': librxe-rdmav34.so: cannot open shared object file: No such file or directory
libibverbs: Warning: couldn't load driver 'libbnxt_re-rdmav34.so': libbnxt_re-rdmav34.so: cannot open shared object file: No such file or directory
libibverbs: Warning: couldn't load driver 'libqedr-rdmav34.so': libqedr-rdmav34.so: cannot open shared object file: No such file or directory
libibverbs: Warning: couldn't load driver 'libipathverbs-rdmav34.so': libipathverbs-rdmav34.so: cannot open shared object file: No such file or directory
libibverbs: Warning: couldn't load driver 'libmlx4-rdmav34.so': libmlx4-rdmav34.so: cannot open shared object file: No such file or directory
libibverbs: Warning: couldn't load driver 'libcxgb4-rdmav34.so': libcxgb4-rdmav34.so: cannot open shared object file: No such file or directory
libibverbs: Warning: couldn't load driver 'libocrdma-rdmav34.so': libocrdma-rdmav34.so: cannot open shared object file: No such file or directory
libibverbs: Warning: couldn't load driver 'libsiw-rdmav34.so': libsiw-rdmav34.so: cannot open shared object file: No such file or directory
libibverbs: Warning: couldn't load driver 'liberdma-rdmav34.so': liberdma-rdmav34.so: cannot open shared object file: No such file or directory
libibverbs: Warning: couldn't load driver 'libvmw_pvrdma-rdmav34.so': libvmw_pvrdma-rdmav34.so: cannot open shared object file: No such file or directory
libibverbs: Warning: couldn't load driver 'libhfi1verbs-rdmav34.so': libhfi1verbs-rdmav34.so: cannot open shared object file: No such file or directory
libibverbs: Warning: couldn't load driver 'libirdma-rdmav34.so': libirdma-rdmav34.so: cannot open shared object file: No such file or directory
libibverbs: Warning: couldn't load driver 'libhns-rdmav34.so': libhns-rdmav34.so: cannot open shared object file: No such file or directory
libibverbs: Warning: couldn't load driver 'libmana-rdmav34.so': libmana-rdmav34.so: cannot open shared object file: No such file or directory
libibverbs: Warning: couldn't load driver 'libefa-rdmav34.so': libefa-rdmav34.so: cannot open shared object file: No such file or directory
libibverbs: Warning: couldn't load driver 'libmthca-rdmav34.so': libmthca-rdmav34.so: cannot open shared object file: No such file or directory
libibverbs: Warning: couldn't load driver 'librxe-rdmav34.so': librxe-rdmav34.so: cannot open shared object file: No such file or directory
libibverbs: Warning: couldn't load driver 'libbnxt_re-rdmav34.so': libbnxt_re-rdmav34.so: cannot open shared object file: No such file or directory
libibverbs: Warning: couldn't load driver 'libqedr-rdmav34.so': libqedr-rdmav34.so: cannot open shared object file: No such file or directory
libibverbs: Warning: couldn't load driver 'libipathverbs-rdmav34.so': libipathverbs-rdmav34.so: cannot open shared object file: No such file or directory
libibverbs: Warning: couldn't load driver 'libmlx4-rdmav34.so': libmlx4-rdmav34.so: cannot open shared object file: No such file or directory
libibverbs: Warning: couldn't load driver 'librxe-rdmav34.so': librxe-rdmav34.so: cannot open shared object file: No such file or directory
libibverbs: Warning: couldn't load driver 'libbnxt_re-rdmav34.so': libbnxt_re-rdmav34.so: cannot open shared object file: No such file or directory
libibverbs: Warning: couldn't load driver 'libcxgb4-rdmav34.so': libcxgb4-rdmav34.so: cannot open shared object file: No such file or directory
libibverbs: Warning: couldn't load driver 'libqedr-rdmav34.so': libqedr-rdmav34.so: cannot open shared object file: No such file or directory
libibverbs: Warning: couldn't load driver 'libipathverbs-rdmav34.so': libipathverbs-rdmav34.so: cannot open shared object file: No such file or directory
libibverbs: Warning: couldn't load driver 'libmlx4-rdmav34.so': libmlx4-rdmav34.so: cannot open shared object file: No such file or directory
libibverbs: Warning: couldn't load driver 'libcxgb4-rdmav34.so': libcxgb4-rdmav34.so: cannot open shared object file: No such file or directory
libibverbs: Warning: couldn't load driver 'librxe-rdmav34.so': librxe-rdmav34.so: cannot open shared object file: No such file or directory
libibverbs: Warning: couldn't load driver 'libbnxt_re-rdmav34.so': libbnxt_re-rdmav34.so: cannot open shared object file: No such file or directory
libibverbs: Warning: couldn't load driver 'libocrdma-rdmav34.so': libocrdma-rdmav34.so: cannot open shared object file: No such file or directory
libibverbs: Warning: couldn't load driver 'libqedr-rdmav34.so': libqedr-rdmav34.so: cannot open shared object file: No such file or directory
libibverbs: Warning: couldn't load driver 'libocrdma-rdmav34.so': libocrdma-rdmav34.so: cannot open shared object file: No such file or directory
libibverbs: Warning: couldn't load driver 'libipathverbs-rdmav34.so': libipathverbs-rdmav34.so: cannot open shared object file: No such file or directory
libibverbs: Warning: couldn't load driver 'libsiw-rdmav34.so': libsiw-rdmav34.so: cannot open shared object file: No such file or directory
libibverbs: Warning: couldn't load driver 'libmlx4-rdmav34.so': libmlx4-rdmav34.so: cannot open shared object file: No such file or directory
libibverbs: Warning: couldn't load driver 'liberdma-rdmav34.so': liberdma-rdmav34.so: cannot open shared object file: No such file or directory
libibverbs: Warning: couldn't load driver 'libsiw-rdmav34.so': libsiw-rdmav34.so: cannot open shared object file: No such file or directory
libibverbs: Warning: couldn't load driver 'librxe-rdmav34.so': librxe-rdmav34.so: cannot open shared object file: No such file or directory
libibverbs: Warning: couldn't load driver 'libbnxt_re-rdmav34.so': libbnxt_re-rdmav34.so: cannot open shared object file: No such file or directory
libibverbs: Warning: couldn't load driver 'liberdma-rdmav34.so': liberdma-rdmav34.so: cannot open shared object file: No such file or directory
libibverbs: Warning: couldn't load driver 'libcxgb4-rdmav34.so': libcxgb4-rdmav34.so: cannot open shared object file: No such file or directory
libibverbs: Warning: couldn't load driver 'libvmw_pvrdma-rdmav34.so': libvmw_pvrdma-rdmav34.so: cannot open shared object file: No such file or directory
libibverbs: Warning: couldn't load driver 'libvmw_pvrdma-rdmav34.so': libvmw_pvrdma-rdmav34.so: cannot open shared object file: No such file or directory
libibverbs: Warning: couldn't load driver 'librxe-rdmav34.so': librxe-rdmav34.so: cannot open shared object file: No such file or directory
libibverbs: Warning: couldn't load driver 'libqedr-rdmav34.so': libqedr-rdmav34.so: cannot open shared object file: No such file or directory
libibverbs: Warning: couldn't load driver 'libhfi1verbs-rdmav34.so': libhfi1verbs-rdmav34.so: cannot open shared object file: No such file or directory
libibverbs: Warning: couldn't load driver 'libbnxt_re-rdmav34.so': libbnxt_re-rdmav34.so: cannot open shared object file: No such file or directory
libibverbs: Warning: couldn't load driver 'libipathverbs-rdmav34.so': libipathverbs-rdmav34.so: cannot open shared object file: No such file or directory
libibverbs: Warning: couldn't load driver 'libhfi1verbs-rdmav34.so': libhfi1verbs-rdmav34.so: cannot open shared object file: No such file or directory
libibverbs: Warning: couldn't load driver 'libirdma-rdmav34.so': libirdma-rdmav34.so: cannot open shared object file: No such file or directory
libibverbs: Warning: couldn't load driver 'libqedr-rdmav34.so': libqedr-rdmav34.so: cannot open shared object file: No such file or directory
libibverbs: Warning: couldn't load driver 'libmlx4-rdmav34.so': libmlx4-rdmav34.so: cannot open shared object file: No such file or directory
libibverbs: Warning: couldn't load driver 'libirdma-rdmav34.so': libirdma-rdmav34.so: cannot open shared object file: No such file or directory
libibverbs: Warning: couldn't load driver 'libhns-rdmav34.so': libhns-rdmav34.so: cannot open shared object file: No such file or directory
libibverbs: Warning: couldn't load driver 'libipathverbs-rdmav34.so': libipathverbs-rdmav34.so: cannot open shared object file: No such file or directory
libibverbs: Warning: couldn't load driver 'libmlx4-rdmav34.so': libmlx4-rdmav34.so: cannot open shared object file: No such file or directory
libibverbs: Warning: couldn't load driver 'libcxgb4-rdmav34.so': libcxgb4-rdmav34.so: cannot open shared object file: No such file or directory
libibverbs: Warning: couldn't load driver 'libmana-rdmav34.so': libmana-rdmav34.so: cannot open shared object file: No such file or directory
libibverbs: Warning: couldn't load driver 'librxe-rdmav34.so': librxe-rdmav34.so: cannot open shared object file: No such file or directory
libibverbs: Warning: couldn't load driver 'libocrdma-rdmav34.so': libocrdma-rdmav34.so: cannot open shared object file: No such file or directory
libibverbs: Warning: couldn't load driver 'libsiw-rdmav34.so': libsiw-rdmav34.so: cannot open shared object file: No such file or directory
libibverbs: Warning: couldn't load driver 'libhns-rdmav34.so': libhns-rdmav34.so: cannot open shared object file: No such file or directory
libibverbs: Warning: couldn't load driver 'libmana-rdmav34.so': libmana-rdmav34.so: cannot open shared object file: No such file or directory
libibverbs: Warning: couldn't load driver 'libefa-rdmav34.so': libefa-rdmav34.so: cannot open shared object file: No such file or directory
libibverbs: Warning: couldn't load driver 'libmthca-rdmav34.so': libmthca-rdmav34.so: cannot open shared object file: No such file or directory
libibverbs: Warning: couldn't load driver 'libcxgb4-rdmav34.so': libcxgb4-rdmav34.so: cannot open shared object file: No such file or directory
libibverbs: Warning: couldn't load driver 'libbnxt_re-rdmav34.so': libbnxt_re-rdmav34.so: cannot open shared object file: No such file or directory
libibverbs: Warning: couldn't load driver 'libqedr-rdmav34.so': libqedr-rdmav34.so: cannot open shared object file: No such file or directory
libibverbs: Warning: couldn't load driver 'liberdma-rdmav34.so': liberdma-rdmav34.so: cannot open shared object file: No such file or directory
libibverbs: Warning: couldn't load driver 'libipathverbs-rdmav34.so': libipathverbs-rdmav34.so: cannot open shared object file: No such file or directory
libibverbs: Warning: couldn't load driver 'libvmw_pvrdma-rdmav34.so': libvmw_pvrdma-rdmav34.so: cannot open shared object file: No such file or directory
libibverbs: Warning: couldn't load driver 'libefa-rdmav34.so': libefa-rdmav34.so: cannot open shared object file: No such file or directory
libibverbs: Warning: couldn't load driver 'libmthca-rdmav34.so': libmthca-rdmav34.so: cannot open shared object file: No such file or directory
libibverbs: Warning: couldn't load driver 'librxe-rdmav34.so': librxe-rdmav34.so: cannot open shared object file: No such file or directory
libibverbs: Warning: couldn't load driver 'librxe-rdmav34.so': librxe-rdmav34.so: cannot open shared object file: No such file or directory
libibverbs: Warning: couldn't load driver 'libocrdma-rdmav34.so': libocrdma-rdmav34.so: cannot open shared object file: No such file or directory
libibverbs: Warning: couldn't load driver 'libsiw-rdmav34.so': libsiw-rdmav34.so: cannot open shared object file: No such file or directory
libibverbs: Warning: couldn't load driver 'libmlx4-rdmav34.so': libmlx4-rdmav34.so: cannot open shared object file: No such file or directory
libibverbs: Warning: couldn't load driver 'libcxgb4-rdmav34.so': libcxgb4-rdmav34.so: cannot open shared object file: No such file or directory
libibverbs: Warning: couldn't load driver 'libhfi1verbs-rdmav34.so': libhfi1verbs-rdmav34.so: cannot open shared object file: No such file or directory
libibverbs: Warning: couldn't load driver 'libirdma-rdmav34.so': libirdma-rdmav34.so: cannot open shared object file: No such file or directory
libibverbs: Warning: couldn't load driver 'libocrdma-rdmav34.so': libocrdma-rdmav34.so: cannot open shared object file: No such file or directory
libibverbs: Warning: couldn't load driver 'libbnxt_re-rdmav34.so': libbnxt_re-rdmav34.so: cannot open shared object file: No such file or directory
libibverbs: Warning: couldn't load driver 'libqedr-rdmav34.so': libqedr-rdmav34.so: cannot open shared object file: No such file or directory
libibverbs: Warning: couldn't load driver 'libbnxt_re-rdmav34.so': libbnxt_re-rdmav34.so: cannot open shared object file: No such file or directory
libibverbs: Warning: couldn't load driver 'libqedr-rdmav34.so': libqedr-rdmav34.so: cannot open shared object file: No such file or directory
libibverbs: Warning: couldn't load driver 'liberdma-rdmav34.so': liberdma-rdmav34.so: cannot open shared object file: No such file or directory
libibverbs: Warning: couldn't load driver 'librxe-rdmav34.so': librxe-rdmav34.so: cannot open shared object file: No such file or directory
libibverbs: Warning: couldn't load driver 'libbnxt_re-rdmav34.so': libbnxt_re-rdmav34.so: cannot open shared object file: No such file or directory
libibverbs: Warning: couldn't load driver 'librxe-rdmav34.so': librxe-rdmav34.so: cannot open shared object file: No such file or directory
libibverbs: Warning: couldn't load driver 'librxe-rdmav34.so': librxe-rdmav34.so: cannot open shared object file: No such file or directory
libibverbs: Warning: couldn't load driver 'libbnxt_re-rdmav34.so': libbnxt_re-rdmav34.so: cannot open shared object file: No such file or directory
libibverbs: Warning: couldn't load driver 'libvmw_pvrdma-rdmav34.so': libvmw_pvrdma-rdmav34.so: cannot open shared object file: No such file or directory
libibverbs: Warning: couldn't load driver 'libhns-rdmav34.so': libhns-rdmav34.so: cannot open shared object file: No such file or directory
libibverbs: Warning: couldn't load driver 'libmana-rdmav34.so': libmana-rdmav34.so: cannot open shared object file: No such file or directory
libibverbs: Warning: couldn't load driver 'libqedr-rdmav34.so': libqedr-rdmav34.so: cannot open shared object file: No such file or directory
libibverbs: Warning: couldn't load driver 'libipathverbs-rdmav34.so': libipathverbs-rdmav34.so: cannot open shared object file: No such file or directory
libibverbs: Warning: couldn't load driver 'libsiw-rdmav34.so': libsiw-rdmav34.so: cannot open shared object file: No such file or directory
libibverbs: Warning: couldn't load driver 'liberdma-rdmav34.so': liberdma-rdmav34.so: cannot open shared object file: No such file or directory
libibverbs: Warning: couldn't load driver 'libipathverbs-rdmav34.so': libipathverbs-rdmav34.so: cannot open shared object file: No such file or directory
libibverbs: Warning: couldn't load driver 'libmlx4-rdmav34.so': libmlx4-rdmav34.so: cannot open shared object file: No such file or directory
libibverbs: Warning: couldn't load driver 'libbnxt_re-rdmav34.so': libbnxt_re-rdmav34.so: cannot open shared object file: No such file or directory
libibverbs: Warning: couldn't load driver 'libqedr-rdmav34.so': libqedr-rdmav34.so: cannot open shared object file: No such file or directory
libibverbs: Warning: couldn't load driver 'libipathverbs-rdmav34.so': libipathverbs-rdmav34.so: cannot open shared object file: No such file or directory
libibverbs: Warning: couldn't load driver 'libmlx4-rdmav34.so': libmlx4-rdmav34.so: cannot open shared object file: No such file or directory
libibverbs: Warning: couldn't load driver 'libhfi1verbs-rdmav34.so': libhfi1verbs-rdmav34.so: cannot open shared object file: No such file or directory
libibverbs: Warning: couldn't load driver 'libqedr-rdmav34.so': libqedr-rdmav34.so: cannot open shared object file: No such file or directory
libibverbs: Warning: couldn't load driver 'libefa-rdmav34.so': libefa-rdmav34.so: cannot open shared object file: No such file or directory
libibverbs: Warning: couldn't load driver 'libmthca-rdmav34.so': libmthca-rdmav34.so: cannot open shared object file: No such file or directory
libibverbs: Warning: couldn't load driver 'libmlx4-rdmav34.so': libmlx4-rdmav34.so: cannot open shared object file: No such file or directory
libibverbs: Warning: couldn't load driver 'libcxgb4-rdmav34.so': libcxgb4-rdmav34.so: cannot open shared object file: No such file or directory
libibverbs: Warning: couldn't load driver 'libvmw_pvrdma-rdmav34.so': libvmw_pvrdma-rdmav34.so: cannot open shared object file: No such file or directory
libibverbs: Warning: couldn't load driver 'librxe-rdmav34.so': librxe-rdmav34.so: cannot open shared object file: No such file or directory
libibverbs: Warning: couldn't load driver 'libcxgb4-rdmav34.so': libcxgb4-rdmav34.so: cannot open shared object file: No such file or directory
libibverbs: Warning: couldn't load driver 'libipathverbs-rdmav34.so': libipathverbs-rdmav34.so: cannot open shared object file: No such file or directory
libibverbs: Warning: couldn't load driver 'libmlx4-rdmav34.so': libmlx4-rdmav34.so: cannot open shared object file: No such filelibibverbs: Warning: couldn't load driver 'libcxgb4-rdmav34.so': libcxgb4-rdmav34.so: cannot open shared object file: No such file or directory
libibverbs: Warning: couldn't load driver 'libipathverbs-rdmav34.so': libipathverbs-rdmav34.so: cannot open shared object file: No such file or directory
libibverbs: Warning: couldn't load driver 'libmlx4-rdmav34.so': libmlx4-rdmav34.so: cannot open shared object file: No such file or directory
libibverbs: Warning: couldn't load driver 'libirdma-rdmav34.so': libirdma-rdmav34.so: cannot open shared object file: No such file or directory
libibverbs: Warning: couldn't load driver 'libhns-rdmav34.so': libhns-rdmav34.so: cannot open shared object file: No such file or directory
libibverbs: Warning: couldn't load driver 'libocrdma-rdmav34.so': libocrdma-rdmav34.so: cannot open shared object file: No such file or directory
libibverbs: Warning: couldn't load driver 'libsiw-rdmav34.so': libsiw-rdmav34.so: cannot open shared object file: No such file or directory
libibverbs: Warning: couldn't load driver 'libhfi1verbs-rdmav34.so': libhfi1verbs-rdmav34.so: cannot open shared object file: No such file or directory
libibverbs: Warning: couldn't load driver 'libirdma-rdmav34.so': libirdma-rdmav34.so: cannot open shared object file: No such file or directory
libibverbs: Warning: couldn't load driver 'libbnxt_re-rdmav34.so': libbnxt_re-rdmav34.so: cannot open shared object file: No such file or directory
 or directory
libibverbs: Warning: couldn't load driver 'libcxgb4-rdmav34.so': libcxgb4-rdmav34.so: cannot open shared object file: No such file or directory
libibverbs: Warning: couldn't load driver 'libqedr-rdmav34.so': libqedr-rdmav34.so: cannot open shared object file: No such file or directory
libibverbs: Warning: couldn't load driver 'libcxgb4-rdmav34.so': libcxgb4-rdmav34.so: cannot open shared object file: No such file or directory
libibverbs: Warning: couldn't load driver 'libmana-rdmav34.so': libmana-rdmav34.so: cannot open shared object file: No such file or directory
libibverbs: Warning: couldn't load driver 'libefa-rdmav34.so': libefa-rdmav34.so: cannot open shared object file: No such file or directory
libibverbs: Warning: couldn't load driver 'liberdma-rdmav34.so': liberdma-rdmav34.so: cannot open shared object file: No such file or directory
libibverbs: Warning: couldn't load driver 'libhns-rdmav34.so': libhns-rdmav34.so: cannot open shared object file: No such file or directory
libibverbs: Warning: couldn't load driver 'libvmw_pvrdma-rdmav34.so': libvmw_pvrdma-rdmav34.so: cannot open shared object file: No such file or directory
libibverbs: Warning: couldn't load driver 'libipathverbs-rdmav34.so': libipathverbs-rdmav34.so: cannot open shared object file: No such file or directory
libibverbs: Warning: couldn't load driver 'libmana-rdmav34.so': libmana-rdmav34.so: cannot open shared object file: No such file or directory
libibverbs: Warning: couldn't load driver 'libmthca-rdmav34.so': libmthca-rdmav34.so: cannot open shared object file: No such file or directory
libibverbs: Warning: couldn't load driver 'librxe-rdmav34.so': librxe-rdmav34.so: cannot open shared object file: No such file or directory
libibverbs: Warning: couldn't load driver 'libmlx4-rdmav34.so': libmlx4-rdmav34.so: cannot open shared object file: No such file or directory
libibverbs: Warning: couldn't load driver 'libhfi1verbs-rdmav34.so': libhfi1verbs-rdmav34.so: cannot open shared object file: No such file or directory
libibverbs: Warning: couldn't load driver 'libefa-rdmav34.so': libefa-rdmav34.so: cannot open shared object file: No such file or directory
libibverbs: Warning: couldn't load driver 'libbnxt_re-rdmav34.so': libbnxt_re-rdmav34.so: cannot open shared object file: No such file or directory
libibverbs: Warning: couldn't load driver 'libcxgb4-rdmav34.so': libcxgb4-rdmav34.so: cannot open shared object file: No such file or directory
libibverbs: Warning: couldn't load driver 'libocrdma-rdmav34.so': libocrdma-rdmav34.so: cannot open shared object file: No such file or directory
libibverbs: Warning: couldn't load driver 'libsiw-rdmav34.so': libsiw-rdmav34.so: cannot open shared object file: No such file or directory
libibverbs: Warning: couldn't load driver 'libocrdma-rdmav34.so': libocrdma-rdmav34.so: cannot open shared object file: No such file or directory
libibverbs: Warning: couldn't load driver 'libsiw-rdmav34.so': libsiw-rdmav34.so: cannot open shared object file: No such file or directory
libibverbs: Warning: couldn't load driver 'libirdma-rdmav34.so': libirdma-rdmav34.so: cannot open shared object file: No such file or directory
libibverbs: Warning: couldn't load driver 'libhns-rdmav34.so': libhns-rdmav34.so: cannot open shared object file: No such file or directory
libibverbs: Warning: couldn't load driver 'libocrdma-rdmav34.so': libocrdma-rdmav34.so: cannot open shared object file: No such file or directory
libibverbs: Warning: couldn't load driver 'libsiw-rdmav34.so': libsiw-rdmav34.so: cannot open shared object file: No such file or directory
libibverbs: Warning: couldn't load driver 'liberdma-rdmav34.so': liberdma-rdmav34.so: cannot open shared object file: No such file or directory
libibverbs: Warning: couldn't load driver 'libmthca-rdmav34.so': libmthca-rdmav34.so: cannot open shared object file: No such file or directory
libibverbs: Warning: couldn't load driver 'libqedr-rdmav34.so': libqedr-rdmav34.so: cannot open shared object file: No such file or directory
libibverbs: Warning: couldn't load driver 'libipathverbs-rdmav34.so': libipathverbs-rdmav34.so: cannot open shared object file: No such file or directory
libibverbs: Warning: couldn't load driver 'liberdma-rdmav34.so': liberdma-rdmav34.so: cannot open shared object file: No such file or directory
libibverbs: Warning: couldn't load driver 'libvmw_pvrdma-rdmav34.so': libvmw_pvrdma-rdmav34.so: cannot open shared object file: No such file or directory
libibverbs: Warning: couldn't load driver 'libocrdma-rdmav34.so': libocrdma-rdmav34.so: cannot open shared object file: No such file or directory
libibverbs: Warning: couldn't load driver 'libsiw-rdmav34.so': libsiw-rdmav34.so: cannot open shared object file: No such file or directory
libibverbs: Warning: couldn't load driver 'liberdma-rdmav34.so': liberdma-rdmav34.so: cannot open shared object file: No such file or directory
libibverbs: Warning: couldn't load driver 'libvmw_pvrdma-rdmav34.so': libvmw_pvrdma-rdmav34.so: cannot open shared object file: No such file or directory
libibverbs: Warning: couldn't load driver 'libocrdma-rdmav34.so': libocrdma-rdmav34.so: cannot open shared object file: No such file or directory
libibverbs: Warning: couldn't load driver 'libsiw-rdmav34.so': libsiw-rdmav34.so: cannot open shared object file: No such file or directory
libibverbs: Warning: couldn't load driver 'libmana-rdmav34.so': libmana-rdmav34.so: cannot open shared object file: No such file or directory
libibverbs: Warning: couldn't load driver 'libefa-rdmav34.so': libefa-rdmav34.so: cannot open shared object file: No such file or directory
libibverbs: Warning: couldn't load driver 'libmlx4-rdmav34.so': libmlx4-rdmav34.so: cannot open shared object file: No such file or directory
libibverbs: Warning: couldn't load driver 'libhfi1verbs-rdmav34.so': libhfi1verbs-rdmav34.so: cannot open shared object file: No such file or directory
libibverbs: Warning: couldn't load driver 'libirdma-rdmav34.so': libirdma-rdmav34.so: cannot open shared object file: No such file or directory
libibverbs: Warning: couldn't load driver 'liberdma-rdmav34.so': liberdma-rdmav34.so: cannot open shared object file: No such file or directory
libibverbs: Warning: couldn't load driver 'libvmw_pvrdma-rdmav34.so': libvmw_pvrdma-rdmav34.so: cannot open shared object file: No such file or directory
libibverbs: Warning: couldn't load driver 'libhfi1verbs-rdmav34.so': libhfi1verbs-rdmav34.so: cannot open shared object file: No such file or directory
libibverbs: Warning: couldn't load driver 'libirdma-rdmav34.so': libirdma-rdmav34.so: cannot open shared object file: No such file or directory
libibverbs: Warning: couldn't load driver 'liberdma-rdmav34.so': liberdma-rdmav34.so: cannot open shared object file: No such file or directory
libibverbs: Warning: couldn't load driver 'libvmw_pvrdma-rdmav34.so': libvmw_pvrdma-rdmav34.so: cannot open shared object file: No such file or directory
libibverbs: Warning: couldn't load driver 'libmthca-rdmav34.so': libmthca-rdmav34.so: cannot open shared object file: No such file or directory
libibverbs: Warning: couldn't load driver 'libvmw_pvrdma-rdmav34.so': libvmw_pvrdma-rdmav34.so: cannot open shared object file: No such file or directory
libibverbs: Warning: couldn't load driver 'libhfi1verbs-rdmav34.so': libhfi1verbs-rdmav34.so: cannot open shared object file: No such file or directory
libibverbs: Warning: couldn't load driver 'libirdma-rdmav34.so': libirdma-rdmav34.so: cannot open shared object file: No such file or directory
libibverbs: Warning: couldn't load driver 'libhns-rdmav34.so': libhns-rdmav34.so: cannot open shared object file: No such file or directory
libibverbs: Warning: couldn't load driver 'libcxgb4-rdmav34.so': libcxgb4-rdmav34.so: cannot open shared object file: No such file or directory
libibverbs: Warning: couldn't load driver 'libocrdma-rdmav34.so': libocrdma-rdmav34.so: cannot open shared object file: No such file or directory
libibverbs: Warning: couldn't load driver 'libsiw-rdmav34.so': libsiw-rdmav34.so: cannot open shared object file: No such file or directory
libibverbs: Warning: couldn't load driver 'libhns-rdmav34.so': libhns-rdmav34.so: cannot open shared object file: No such file or directory
libibverbs: Warning: couldn't load driver 'libmana-rdmav34.so': libmana-rdmav34.so: cannot open shared object file: No such file or directory
libibverbs: Warning: couldn't load driver 'libhfi1verbs-rdmav34.so': libhfi1verbs-rdmav34.so: cannot open shared object file: No such file or directory
libibverbs: Warning: couldn't load driver 'libirdma-rdmav34.so': libirdma-rdmav34.so: cannot open shared object file: No such file or directory
libibverbs: Warning: couldn't load driver 'libhns-rdmav34.so': libhns-rdmav34.so: cannot open shared object file: No such file or directory
libibverbs: Warning: couldn't load driver 'libmana-rdmav34.so': libmana-rdmav34.so: cannot open shared object file: No such file or directory
libibverbs: Warning: couldn't load driver 'libhfi1verbs-rdmav34.so': libhfi1verbs-rdmav34.so: cannot open shared object file: No such file or directory
libibverbs: Warning: couldn't load driver 'libirdma-rdmav34.so': libirdma-rdmav34.so: cannot open shared object file: No such file or directory
libibverbs: Warning: couldn't load driver 'liberdma-rdmav34.so': liberdma-rdmav34.so: cannot open shared object file: No such file or directory
libibverbs: Warning: couldn't load driver 'libvmw_pvrdma-rdmav34.so': libvmw_pvrdma-rdmav34.so: cannot open shared object file: No such file or directory
libibverbs: Warning: couldn't load driver 'libefa-rdmav34.so': libefa-rdmav34.so: cannot open shared object file: No such file or directory
libibverbs: Warning: couldn't load driver 'libhns-rdmav34.so': libhns-rdmav34.so: cannot open shared object file: No such file or directory
libibverbs: Warning: couldn't load driver 'libmana-rdmav34.so': libmana-rdmav34.so: cannot open shared object file: No such file or directory
libibverbs: Warning: couldn't load driver 'libefa-rdmav34.so': libefa-rdmav34.so: cannot open shared object file: No such file or directory
libibverbs: Warning: couldn't load driver 'libmthca-rdmav34.so': libmthca-rdmav34.so: cannot open shared object file: No such file or directory
libibverbs: Warning: couldn't load driver 'libhns-rdmav34.so': libhns-rdmav34.so: cannot open shared object file: No such file or directory
libibverbs: Warning: couldn't load driver 'libmana-rdmav34.so': libmana-rdmav34.so: cannot open shared object file: No such file or directory
libibverbs: Warning: couldn't load driver 'libmana-rdmav34.so': libmana-rdmav34.so: cannot open shared object file: No such file or directory
libibverbs: Warning: couldn't load driver 'libefa-rdmav34.so': libefa-rdmav34.so: cannot open shared object file: No such file or directory
libibverbs: Warning: couldn't load driver 'libmthca-rdmav34.so': libmthca-rdmav34.so: cannot open shared object file: No such file or directory
libibverbs: Warning: couldn't load driver 'libocrdma-rdmav34.so': libocrdma-rdmav34.so: cannot open shared object file: No such file or directory
libibverbs: Warning: couldn't load driver 'libhfi1verbs-rdmav34.so': libhfi1verbs-rdmav34.so: cannot open shared object file: No such file or directory
libibverbs: Warning: couldn't load driver 'libirdma-rdmav34.so': libirdma-rdmav34.so: cannot open shared object file: No such file or directory
libibverbs: Warning: couldn't load driver 'libmthca-rdmav34.so': libmthca-rdmav34.so: cannot open shared object file: No such file or directory
libibverbs: Warning: couldn't load driver 'libefa-rdmav34.so': libefa-rdmav34.so: cannot open shared object file: No such file or directory
libibverbs: Warning: couldn't load driver 'libmthca-rdmav34.so': libmthca-rdmav34.so: cannot open shared object file: No such file or directory
libibverbs: Warning: couldn't load driver 'libsiw-rdmav34.so': libsiw-rdmav34.so: cannot open shared object file: No such file or directory
libibverbs: Warning: couldn't load driver 'libhns-rdmav34.so': libhns-rdmav34.so: cannot open shared object file: No such file or directory
libibverbs: Warning: couldn't load driver 'libefa-rdmav34.so': libefa-rdmav34.so: cannot open shared object file: No such file or directory
libibverbs: Warning: couldn't load driver 'libmthca-rdmav34.so': libmthca-rdmav34.so: cannot open shared object file: No such file or directory
libibverbs: Warning: couldn't load driver 'liberdma-rdmav34.so': liberdma-rdmav34.so: cannot open shared object file: No such file or directory
libibverbs: Warning: couldn't load driver 'libmana-rdmav34.so': libmana-rdmav34.so: cannot open shared object file: No such file or directory
libibverbs: Warning: couldn't load driver 'libvmw_pvrdma-rdmav34.so': libvmw_pvrdma-rdmav34.so: cannot open shared object file: No such file or directory
libibverbs: Warning: couldn't load driver 'libefa-rdmav34.so': libefa-rdmav34.so: cannot open shared object file: No such file or directory
libibverbs: Warning: couldn't load driver 'libhfi1verbs-rdmav34.so': libhfi1verbs-rdmav34.so: cannot open shared object file: No such file or directory
libibverbs: Warning: couldn't load driver 'libmthca-rdmav34.so': libmthca-rdmav34.so: cannot open shared object file: No such file or directory
libibverbs: Warning: couldn't load driver 'libirdma-rdmav34.so': libirdma-rdmav34.so: cannot open shared object file: No such file or directory
libibverbs: Warning: couldn't load driver 'librxe-rdmav34.so': librxe-rdmav34.so: cannot open shared object file: No such file or directory
libibverbs: Warning: couldn't load driver 'librxe-rdmav34.so': librxe-rdmav34.so: cannot open shared object file: No such file or directory
libibverbs: Warning: couldn't load driver 'librxe-rdmav34.so': librxe-rdmav34.so: cannot open shared object file: No such file or directory
libibverbs: Warning: couldn't load driver 'libhns-rdmav34.so': libhns-rdmav34.so: cannot open shared object file: No such file or directory
libibverbs: Warning: couldn't load driver 'libbnxt_re-rdmav34.so': libbnxt_re-rdmav34.so: cannot open shared object file: No such file or directory
libibverbs: Warning: couldn't load driver 'libbnxt_re-rdmav34.so': libbnxt_re-rdmav34.so: cannot open shared object file: No such file or directory
libibverbs: Warning: couldn't load driver 'libbnxt_re-rdmav34.so': libbnxt_re-rdmav34.so: cannot open shared object file: No such file or directory
libibverbs: Warning: couldn't load driver 'libmana-rdmav34.so': libmana-rdmav34.so: cannot open shared object file: No such file or directory
libibverbs: Warning: couldn't load driver 'libefa-rdmav34.so': libefa-rdmav34.so: cannot open shared object file: No such file or directory
libibverbs: Warning: couldn't load driver 'libqedr-rdmav34.so': libqedr-rdmav34.so: cannot open shared object file: No such file or directory
libibverbs: Warning: couldn't load driver 'libqedr-rdmav34.so': libqedr-rdmav34.so: cannot open shared object file: No such file or directory
libibverbs: Warning: couldn't load driver 'libipathverbs-rdmav34.so': libipathverbs-rdmav34.so: cannot open shared object file: No such file or directory
libibverbs: Warning: couldn't load driver 'libqedr-rdmav34.so': libqedr-rdmav34.so: cannot open shared object file: No such file or directory
libibverbs: Warning: couldn't load driver 'libipathverbs-rdmav34.so': libipathverbs-rdmav34.so: cannot open shared object file: No such file or directory
libibverbs: Warning: couldn't load driver 'libipathverbs-rdmav34.so': libipathverbs-rdmav34.so: cannot open shared object file: No such file or directory
libibverbs: Warning: couldn't load driver 'libmthca-rdmav34.so': libmthca-rdmav34.so: cannot open shared object file: No such file or directory
libibverbs: Warning: couldn't load driver 'libmlx4-rdmav34.so': libmlx4-rdmav34.so: cannot open shared object file: No such file or directory
libibverbs: Warning: couldn't load driver 'libmlx4-rdmav34.so': libmlx4-rdmav34.so: cannot open shared object file: No such file or directory
libibverbs: Warning: couldn't load driver 'libmlx4-rdmav34.so': libmlx4-rdmav34.so: cannot open shared object file: No such file or directory
libibverbs: Warning: couldn't load driver 'libcxgb4-rdmav34.so': libcxgb4-rdmav34.so: cannot open shared object file: No such file or directory
libibverbs: Warning: couldn't load driver 'libcxgb4-rdmav34.so': libcxgb4-rdmav34.so: cannot open shared object file: No such file or directory
libibverbs: Warning: couldn't load driver 'libcxgb4-rdmav34.so': libcxgb4-rdmav34.so: cannot open shared object file: No such file or directory
libibverbs: Warning: couldn't load driver 'libocrdma-rdmav34.so': libocrdma-rdmav34.so: cannot open shared object file: No such file or directory
libibverbs: Warning: couldn't load driver 'libocrdma-rdmav34.so': libocrdma-rdmav34.so: cannot open shared object file: No such file or directory
libibverbs: Warning: couldn't load driver 'libsiw-rdmav34.so': libsiw-rdmav34.so: cannot open shared object file: No such file or directory
libibverbs: Warning: couldn't load driver 'libsiw-rdmav34.so': libsiw-rdmav34.so: cannot open shared object file: No such file or directory
libibverbs: Warning: couldn't load driver 'liberdma-rdmav34.so': liberdma-rdmav34.so: cannot open shared object file: No such file or directory
libibverbs: Warning: couldn't load driver 'libocrdma-rdmav34.so': libocrdma-rdmav34.so: cannot open shared object file: No such file or directory
libibverbs: Warning: couldn't load driver 'libsiw-rdmav34.so': libsiw-rdmav34.so: cannot open shared object file: No such file or directory
libibverbs: Warning: couldn't load driver 'liberdma-rdmav34.so': liberdma-rdmav34.so: cannot open shared object file: No such file or directory
libibverbs: Warning: couldn't load driver 'liberdma-rdmav34.so': liberdma-rdmav34.so: cannot open shared object file: No such file or directory
libibverbs: Warning: couldn't load driver 'libvmw_pvrdma-rdmav34.so': libvmw_pvrdma-rdmav34.so: cannot open shared object file: No such file or directory
libibverbs: Warning: couldn't load driver 'libhfi1verbs-rdmav34.so': libhfi1verbs-rdmav34.so: cannot open shared object file: No such file or directory
libibverbs: Warning: couldn't load driver 'libvmw_pvrdma-rdmav34.so': libvmw_pvrdma-rdmav34.so: cannot open shared object file: No such file or directory
libibverbs: Warning: couldn't load driver 'libvmw_pvrdma-rdmav34.so': libvmw_pvrdma-rdmav34.so: cannot open shared object file: No such file or directory
libibverbs: Warning: couldn't load driver 'libirdma-rdmav34.so': libirdma-rdmav34.so: cannot open shared object file: No such file or directory
libibverbs: Warning: couldn't load driver 'libhfi1verbs-rdmav34.so': libhfi1verbs-rdmav34.so: cannot open shared object file: No such file or directory
libibverbs: Warning: couldn't load driver 'libhfi1verbs-rdmav34.so': libhfi1verbs-rdmav34.so: cannot open shared object file: No such file or directory
libibverbs: Warning: couldn't load driver 'libirdma-rdmav34.so': libirdma-rdmav34.so: cannot open shared object file: No such file or directory
libibverbs: Warning: couldn't load driver 'libhns-rdmav34.so': libhns-rdmav34.so: cannot open shared object file: No such file or directory
libibverbs: Warning: couldn't load driver 'libmana-rdmav34.so': libmana-rdmav34.so: cannot open shared object file: No such file or directory
libibverbs: Warning: couldn't load driver 'libhns-rdmav34.so': libhns-rdmav34.so: cannot open shared object file: No such file or directory
libibverbs: Warning: couldn't load driver 'libirdma-rdmav34.so': libirdma-rdmav34.so: cannot open shared object file: No such file or directory
libibverbs: Warning: couldn't load driver 'libefa-rdmav34.so': libefa-rdmav34.so: cannot open shared object file: No such file or directory
libibverbs: Warning: couldn't load driver 'libmana-rdmav34.so': libmana-rdmav34.so: cannot open shared object file: No such file or directory
libibverbs: Warning: couldn't load driver 'libhns-rdmav34.so': libhns-rdmav34.so: cannot open shared object file: No such file or directory
libibverbs: Warning: couldn't load driver 'libmthca-rdmav34.so': libmthca-rdmav34.so: cannot open shared object file: No such file or directory
libibverbs: Warning: couldn't load driver 'libefa-rdmav34.so': libefa-rdmav34.so: cannot open shared object file: No such file or directory
libibverbs: Warning: couldn't load driver 'libmthca-rdmav34.so': libmthca-rdmav34.so: cannot open shared object file: No such file or directory
libibverbs: Warning: couldn't load driver 'libmana-rdmav34.so': libmana-rdmav34.so: cannot open shared object file: No such file or directory
libibverbs: Warning: couldn't load driver 'libefa-rdmav34.so': libefa-rdmav34.so: cannot open shared object file: No such file or directory
libibverbs: Warning: couldn't load driver 'libmthca-rdmav34.so': libmthca-rdmav34.so: cannot open shared object file: No such file or directory
LAMMPS (29 Aug 2024 - Update 3)
  using 1 OpenMP thread(s) per MPI task
Reading data file ...
  orthogonal box = (0 0 0) to (44.3022 44.3022 44.3022)
  3 by 4 by 4 MPI processor grid
  reading atoms ...
  3700 atoms
  scanning bonds ...
  3 = max bonds/atom
  scanning angles ...
  6 = max angles/atom
  scanning dihedrals ...
  12 = max dihedrals/atom
  orthogonal box = (0 0 0) to (44.3022 44.3022 44.3022)
  3 by 4 by 4 MPI processor grid
  reading bonds ...
  4892 bonds
  reading angles ...
  8968 angles
  reading dihedrals ...
  15912 dihedrals
Finding 1-2 1-3 1-4 neighbors ...
  special bond factors lj:    0        0        0       
  special bond factors coul:  0        0        0       
     4 = max # of 1-2 neighbors
     6 = max # of 1-3 neighbors
    17 = max # of 1-4 neighbors
    14 = max # of special neighbors
  special bonds CPU = 0.006 seconds
  read_data CPU = 0.135 seconds
Finding 1-2 1-3 1-4 neighbors ...
  special bond factors lj:    0        0        1       
  special bond factors coul:  0        0        0       
     4 = max # of 1-2 neighbors
     6 = max # of 1-3 neighbors
    17 = max # of 1-4 neighbors
    14 = max # of special neighbors
  special bonds CPU = 0.004 seconds
Generated 0 of 10 mixed pair_coeff terms from geometric mixing rule
Neighbor list info ...
  update: every = 1 steps, delay = 0 steps, check = yes
  max neighbors/atom: 2000, page size: 100000
  master list distance cutoff = 14
  ghost atom cutoff = 14
  binsize = 7, bins = 7 7 7
  1 neighbor lists, perpetual/occasional/extra = 1 0 0
  (1) pair table, perpetual
      attributes: half, newton on
      pair build: half/bin/newton
      stencil: half/bin/3d
      bin: standard
Setting up cg style minimization ...
  Unit style    : real
  Current step  : 0
WARNING: Inconsistent image flags (src/domain.cpp:1051)
Per MPI rank memory allocation (min/avg/max) = 13.78 | 13.78 | 13.79 Mbytes
   Step         Volume          Temp          Press          PotEng         KinEng         TotEng         E_vdwl         E_coul         E_bond        E_angle        E_dihed        E_impro        Density    
         0   86951.26       0              130839.77      31366.861      0              31366.861      21064.871      0              1427.1948      2907.4319      5967.3632      0              0.88712935   
        50   86951.26       0              11529.1        16172.818      0              16172.818      10753.548      0              676.57518      1005.7649      3736.9298      0              0.88712935   
Loop time of 0.134416 on 48 procs for 50 steps with 3700 atoms

95.5% CPU use with 48 MPI tasks x 1 OpenMP threads

Minimization stats:
  Stopping criterion = linesearch alpha is zero
  Energy initial, next-to-last, final = 
      31366.8610313757   16172.8176146482   16172.8176146482
  Force two-norm initial, final = 14722.277 654.76936
  Force max component initial, final = 926.1506 128.57042
  Final line search alpha, max atom move = 2.6660723e-14 3.4277803e-12
  Iterations, force evaluations = 50 169

MPI task timing breakdown:
Section |  min time  |  avg time  |  max time  |%varavg| %total
---------------------------------------------------------------
Pair    | 0.02442    | 0.068254   | 0.096675   |   5.5 | 50.78
Bond    | 0.0047886  | 0.01046    | 0.014196   |   1.7 |  7.78
Neigh   | 0          | 0          | 0          |   0.0 |  0.00
Comm    | 0.018633   | 0.050747   | 0.10007    |   7.1 | 37.75
Output  | 0          | 0          | 0          |   0.0 |  0.00
Modify  | 0          | 0          | 0          |   0.0 |  0.00
Other   |            | 0.004956   |            |       |  3.69

Nlocal:        77.0833 ave          97 max          39 min
Histogram: 1 0 2 2 5 5 13 11 3 6
Nghost:        2682.33 ave        2760 max        2613 min
Histogram: 5 4 5 6 5 7 4 6 4 2
Neighs:        18653.6 ave       26336 max        6841 min
Histogram: 1 0 2 3 8 11 8 8 3 4

Total # of neighbors = 895372
Ave neighs/atom = 241.99243
Ave special neighs/atom = 11.898378
Neighbor list builds = 0
Dangerous builds = 0
Generated 0 of 10 mixed pair_coeff terms from geometric mixing rule
Setting up fire style minimization ...
  Unit style    : real
  Current step  : 50
  Parameters for fire:
    dmax  delaystep dtgrow dtshrink alpha0 alphashrink tmax tmin   integrator   halfstepback   abcfire  
     0.1     20      1.1     0.5     0.25     0.99      10  0.02 eulerimplicit      yes          no     
WARNING: Inconsistent image flags (src/domain.cpp:1051)
Per MPI rank memory allocation (min/avg/max) = 13.92 | 13.92 | 13.93 Mbytes
   Step         Volume          Temp          Press          PotEng         KinEng         TotEng         E_vdwl         E_coul         E_bond        E_angle        E_dihed        E_impro        Density    
        50   86951.26       0              11529.1        16172.818      0              16172.818      10753.548      0              676.57518      1005.7649      3736.9298      0              0.88712935   
        75   86951.26       5.4288898      11383.675      15997.464      59.859028      16057.323      10647.877      0              655.45335      999.06382      3695.0693      0              0.88712935   
Loop time of 0.020015 on 48 procs for 25 steps with 3700 atoms

99.6% CPU use with 48 MPI tasks x 1 OpenMP threads

Minimization stats:
  Stopping criterion = energy tolerance
  Energy initial, next-to-last, final = 
      16172.8176146482   15998.7281971512   15997.4640042649
  Force two-norm initial, final = 654.76936 402.8751
  Force max component initial, final = 128.57042 45.665946
  Final line search alpha, max atom move = 0 0
  Iterations, force evaluations = 25 26

MPI task timing breakdown:
Section |  min time  |  avg time  |  max time  |%varavg| %total
---------------------------------------------------------------
Pair    | 0.0035424  | 0.0099934  | 0.014029   |   2.1 | 49.93
Bond    | 0.00070584 | 0.0015254  | 0.0019636  |   0.6 |  7.62
Neigh   | 0          | 0          | 0          |   0.0 |  0.00
Comm    | 0.0015956  | 0.0059764  | 0.01321    |   3.0 | 29.86
Output  | 0          | 0          | 0          |   0.0 |  0.00
Modify  | 0          | 0          | 0          |   0.0 |  0.00
Other   |            | 0.00252    |            |       | 12.59

Nlocal:        77.0833 ave          97 max          39 min
Histogram: 1 1 1 2 3 8 12 10 5 5
Nghost:        2684.27 ave        2770 max        2615 min
Histogram: 5 5 4 8 4 8 5 5 2 2
Neighs:        18651.2 ave       26697 max        6853 min
Histogram: 1 0 3 3 7 11 9 8 2 4

Total # of neighbors = 895258
Ave neighs/atom = 241.96162
Ave special neighs/atom = 11.898378
Neighbor list builds = 0
Dangerous builds = 0
System init for write_data ...
Generated 0 of 10 mixed pair_coeff terms from geometric mixing rule
Generated 0 of 10 mixed pair_coeff terms from geometric mixing rule
Setting up Verlet run ...
  Unit style    : real
  Current step  : 75
  Time step     : 0.05
WARNING: Inconsistent image flags (src/domain.cpp:1051)
Per MPI rank memory allocation (min/avg/max) = 13.92 | 13.92 | 13.93 Mbytes
   Step         Volume          Temp          Press          PotEng         KinEng         TotEng         E_vdwl         E_coul         E_bond        E_angle        E_dihed        E_impro        Density    
        75   86951.26       5.4288898      11383.675      15997.464      59.859028      16057.323      10647.877      0              655.45335      999.06382      3695.0693      0              0.88712935   
      1075   86951.26       73.959289      4970.1012      15248.114      815.47634      16063.591      9809.9964      0              698.62279      1102.0224      3637.4726      0              0.88712935   
Loop time of 0.475978 on 48 procs for 1000 steps with 3700 atoms

Performance: 9.076 ns/day, 2.644 hours/ns, 2100.937 timesteps/s, 7.773 Matom-step/s
99.9% CPU use with 48 MPI tasks x 1 OpenMP threads

MPI task timing breakdown:
Section |  min time  |  avg time  |  max time  |%varavg| %total
---------------------------------------------------------------
Pair    | 0.088104   | 0.25121    | 0.35299    |  10.5 | 52.78
Bond    | 0.022359   | 0.048503   | 0.062441   |   3.6 | 10.19
Neigh   | 0          | 0          | 0          |   0.0 |  0.00
Comm    | 0.057167   | 0.16933    | 0.35725    |  14.5 | 35.58
Output  | 4.0014e-05 | 4.4856e-05 | 4.8846e-05 |   0.0 |  0.01
Modify  | 0.00056149 | 0.00098434 | 0.0012298  |   0.0 |  0.21
Other   |            | 0.005897   |            |       |  1.24

Nlocal:        77.0833 ave          97 max          39 min
Histogram: 1 1 1 2 3 8 11 11 5 5
Nghost:         2684.6 ave        2771 max        2617 min
Histogram: 6 5 7 4 4 9 5 4 2 2
Neighs:          18651 ave       26357 max        6895 min
Histogram: 1 0 3 2 8 11 9 8 2 4

Total # of neighbors = 895249
Ave neighs/atom = 241.95919
Ave special neighs/atom = 11.898378
Neighbor list builds = 0
Dangerous builds = 0
System init for write_data ...
Generated 0 of 10 mixed pair_coeff terms from geometric mixing rule
Generated 0 of 10 mixed pair_coeff terms from geometric mixing rule
Setting up Verlet run ...
  Unit style    : real
  Current step  : 1075
  Time step     : 0.1
WARNING: Inconsistent image flags (src/domain.cpp:1051)
Per MPI rank memory allocation (min/avg/max) = 13.92 | 13.92 | 13.93 Mbytes
   Step         Volume          Temp          Press          PotEng         KinEng         TotEng         E_vdwl         E_coul         E_bond        E_angle        E_dihed        E_impro        Density    
      1075   86951.26       600            8019.3647      15248.114      6615.6098      21863.724      9809.9964      0              698.62279      1102.0224      3637.4726      0              0.88712935   
     10000   86951.26       594.1338       5456.6701      20437.175      6550.929       26988.104      9412.604       0              2670.2625      3112.6595      5241.6486      0              0.88712935   
     20000   86951.26       599.93071      4370.1521      20009.692      6614.8458      26624.538      8943.7059      0              2718.5305      3154.1344      5193.321       0              0.88712935   
     30000   86951.26       604.59279      3975.42        20103.223      6666.25        26769.473      8973.2533      0              2810.7745      3172.4744      5146.7203      0              0.88712935   
     40000   86951.26       613.73619      4494.9196      20253.304      6767.0653      27020.369      8938.012       0              2906.0139      3268.0854      5141.1928      0              0.88712935   
     50000   86951.26       597.14939      6732.8345      20152.378      6584.1789      26736.557      8949.3257      0              2823.4412      3229.3088      5150.3026      0              0.88712935   
     60000   86951.26       591.6001       4322.8501      20097.969      6522.9924      26620.962      8832.354       0              2957.9136      3182.762       5124.9395      0              0.88712935   
     70000   86951.26       602.39335      4778.1723      19902.961      6641.999       26544.96       8639.6546      0              2795.5243      3271.2286      5196.5534      0              0.88712935   
     80000   86951.26       609.95169      5709.6791      19982.874      6725.3373      26708.211      8807.2771      0              2810.6223      3276.2837      5088.6904      0              0.88712935   
     90000   86951.26       602.85646      4816.9184      19878.221      6647.1052      26525.327      8709.0356      0              2812.587       3256.5838      5100.015       0              0.88712935   
    100000   86951.26       603.57608      3786.9998      20127.484      6655.0398      26782.524      8674.256       0              2921.4746      3330.9985      5200.7551      0              0.88712935   
    110000   86951.26       611.71761      4532.5563      20088.559      6744.8084      26833.368      8740.7396      0              2918.7494      3255.6468      5173.4236      0              0.88712935   
    120000   86951.26       590.40211      7181.6815      19944.294      6509.7833      26454.077      8667.5298      0              2802.9993      3323.049       5150.7154      0              0.88712935   
    130000   86951.26       606.87797      6215.3157      19978.313      6691.4464      26669.76       8616.0869      0              2847.7977      3327.7695      5186.659       0              0.88712935   
    140000   86951.26       577.7218       5067.5095      19841.357      6369.97        26211.327      8666.8622      0              2808.6318      3248.9102      5116.9528      0              0.88712935   
    150000   86951.26       609.55968      3866.1012      20029.096      6721.015       26750.111      8473.0393      0              2901.4331      3401.4989      5253.1244      0              0.88712935   
    160000   86951.26       588.23132      5565.7737      20078.423      6485.8482      26564.271      8718.1794      0              2884.449       3319.5141      5156.2802      0              0.88712935   
    170000   86951.26       600.49351      2687.8903      20061.203      6621.0513      26682.255      8449.2668      0              3052.1264      3360.2032      5199.6071      0              0.88712935   
    180000   86951.26       593.82519      6962.7704      20244.858      6547.5262      26792.384      8761.5655      0              2863.2654      3367.0098      5253.0168      0              0.88712935   
    190000   86951.26       597.79535      6396.5504      19951.336      6591.3014      26542.638      8690.1906      0              2797.8792      3303.6807      5159.5859      0              0.88712935   
    200000   86951.26       613.28558      5635.3374      19993.14       6762.0968      26755.237      8496.8334      0              2942.3073      3343.5111      5210.4885      0              0.88712935   
    210000   86951.26       596.22019      5505.0545      19884.738      6573.9336      26458.671      8591.3249      0              2847.0932      3306.4415      5139.8781      0              0.88712935   
    220000   86951.26       597.266        6588.0299      19961.694      6585.4648      26547.159      8638.0538      0              2809.7026      3350.2923      5163.6457      0              0.88712935   
    230000   86951.26       605.89135      4423.0011      19984.298      6680.568       26664.866      8434.1137      0              2905.2639      3349.3704      5295.5505      0              0.88712935   
    240000   86951.26       592.61447      6084.4731      19955.691      6534.1768      26489.868      8534.7782      0              2912.6844      3323.645       5184.5835      0              0.88712935   
    250000   86951.26       595.89043      3848.8751      19965.156      6570.2976      26535.454      8499.2826      0              2914.5643      3296.237       5255.0722      0              0.88712935   
    260000   86951.26       599.27573      4451.8294      19952.898      6607.624       26560.522      8257.8393      0              2995.9977      3375.2704      5323.7904      0              0.88712935   
    270000   86951.26       602.52352      5057.2167      19709.029      6643.4342      26352.463      8542.798       0              2825.2786      3212.6978      5128.2541      0              0.88712935   
    280000   86951.26       604.37282      3924.6132      19869.602      6663.8246      26533.427      8429.3482      0              2879.8253      3346.5114      5213.9171      0              0.88712935   
    290000   86951.26       605.07993      5326.2326      20029.597      6671.6212      26701.218      8483.0402      0              2861.1366      3407.635       5277.7852      0              0.88712935   
    300000   86951.26       604.77031      2831.8166      19838.528      6668.2073      26506.735      8385.7403      0              2992.8155      3338.3879      5121.5843      0              0.88712935   
    310000   86951.26       591.05163      5490.1687      19943.971      6516.9449      26460.916      8471.9515      0              2995.4914      3386.3839      5090.1446      0              0.88712935   
    320000   86951.26       602.27874      6242.1549      19775.622      6640.7352      26416.357      8358.284       0              2906.797       3378.5332      5132.0078      0              0.88712935   
    330000   86951.26       597.45123      6796.9699      19810.166      6587.5071      26397.673      8375.8945      0              2867.833       3387.9227      5178.5153      0              0.88712935   
    340000   86951.26       599.75333      5145.5867      19686.983      6612.89        26299.873      8369.9463      0              2882.9031      3283.8139      5150.3196      0              0.88712935   
    350000   86951.26       597.35772      5669.7765      19737.309      6586.476       26323.785      8369.567       0              2910.956       3324.2389      5132.5467      0              0.88712935   
    360000   86951.26       611.12194      4702.2844      19940.939      6738.2405      26679.179      8365.1536      0              2936.1173      3406.1954      5233.4724      0              0.88712935   
    370000   86951.26       598.5724       4518.4915      19849.028      6599.8691      26448.897      8389.9075      0              3016.8646      3280.7083      5161.5479      0              0.88712935   
    380000   86951.26       595.69959      4464.0185      19968.239      6568.1934      26536.433      8413.7832      0              3025.5291      3391.7018      5137.2254      0              0.88712935   
    390000   86951.26       612.75232      4837.5463      19802.345      6756.2171      26558.562      8473.8491      0              2906.2595      3316.3596      5105.8769      0              0.88712935   
    400000   86951.26       605.89182      6718.2719      19756.784      6680.5731      26437.357      8550.6477      0              2813.6961      3261.1878      5131.2525      0              0.88712935   
    410000   86951.26       600.31442      5165.2283      19912.362      6619.0766      26531.438      8549.539       0              2900.6606      3354.8138      5107.3482      0              0.88712935   
    420000   86951.26       597.12125      5371.699       19802.423      6583.8687      26386.291      8504.9414      0              2827.7889      3298.2145      5171.4778      0              0.88712935   
    430000   86951.26       598.1838       4361.7673      19862.334      6595.5843      26457.918      8495.0137      0              2868.7583      3268.5372      5230.0243      0              0.88712935   
    440000   86951.26       605.46909      6033.942       19902.843      6675.9121      26578.755      8375.5407      0              2919.5795      3399.8071      5207.9158      0              0.88712935   
    450000   86951.26       598.78282      4424.5545      19799.753      6602.1892      26401.943      8378.1124      0              3048.1294      3268.812       5104.6996      0              0.88712935   
    460000   86951.26       622.64911      5778.1763      19723.929      6865.3393      26589.268      8308.0823      0              2937.4919      3317.9226      5160.4324      0              0.88712935   
    470000   86951.26       597.42647      7512.2473      19814.772      6587.234       26402.006      8446.3955      0              2866.4727      3305.52        5196.3835      0              0.88712935   
    480000   86951.26       596.09235      5329.3911      20061.64       6572.524       26634.164      8452.6511      0              2993.0566      3369.7021      5246.2307      0              0.88712935   
    490000   86951.26       595.38942      5561.0334      19786.944      6564.7735      26351.718      8502.1207      0              2839.7847      3328.6561      5116.383       0              0.88712935   
    500000   86951.26       608.76115      5240.7244      19808.313      6712.2104      26520.524      8311.6464      0              2926.2576      3334.5977      5235.8113      0              0.88712935   
    501075   86951.26       589.81894      3335.4135      19845.861      6503.3533      26349.215      8479.4445      0              2882.1687      3319.8075      5164.4405      0              0.88712935   
Loop time of 261.901 on 48 procs for 500000 steps with 3700 atoms

Performance: 16.495 ns/day, 1.455 hours/ns, 1909.115 timesteps/s, 7.064 Matom-step/s
99.9% CPU use with 48 MPI tasks x 1 OpenMP threads

MPI task timing breakdown:
Section |  min time  |  avg time  |  max time  |%varavg| %total
---------------------------------------------------------------
Pair    | 91.256     | 138.99     | 187.93     | 199.3 | 53.07
Bond    | 18.479     | 26.025     | 33.77      |  74.5 |  9.94
Neigh   | 0.74907    | 0.75343    | 0.75794    |   0.3 |  0.29
Comm    | 37.076     | 90.625     | 143.55     | 280.7 | 34.60
Output  | 0.023379   | 0.044344   | 0.062241   |   5.1 |  0.02
Modify  | 2.5119     | 3.2282     | 4.0791     |  20.1 |  1.23
Other   |            | 2.233      |            |       |  0.85

Nlocal:        77.0833 ave         101 max          54 min
Histogram: 3 4 6 7 6 4 6 5 3 4
Nghost:        2688.12 ave        2748 max        2615 min
Histogram: 2 2 5 7 3 6 8 7 4 4
Neighs:        18551.5 ave       25100 max       12346 min
Histogram: 3 4 8 5 7 4 3 5 6 3

Total # of neighbors = 890474
Ave neighs/atom = 240.66865
Ave special neighs/atom = 11.898378
Neighbor list builds = 821
Dangerous builds = 0
Generated 0 of 10 mixed pair_coeff terms from geometric mixing rule
Setting up Verlet run ...
  Unit style    : real
  Current step  : 501075
  Time step     : 0.1
WARNING: Inconsistent image flags (src/domain.cpp:1051)
Per MPI rank memory allocation (min/avg/max) = 13.92 | 13.93 | 13.93 Mbytes
   Step         Volume          Temp          Press          PotEng         KinEng         TotEng         E_vdwl         E_coul         E_bond        E_angle        E_dihed        E_impro        Density    
    501075   86951.26       308            1701.8133      19845.861      3396.013       23241.874      8479.4445      0              2882.1687      3319.8075      5164.4405      0              0.88712935   
    510000   86951.26       308.54182      4986.9236      16569.684      3401.9871      19971.671      8171.9538      0              1794.0465      2184.6122      4419.0715      0              0.88712935   
    520000   86951.26       313.63748      5226.3974      16613.122      3458.172       20071.294      8175.4196      0              1819.2968      2178.5777      4439.8276      0              0.88712935   
    530000   86951.26       313.5409       4706.7225      16551.76       3457.1071      20008.867      8091.1703      0              1775.8392      2236.8244      4447.926       0              0.88712935   
    540000   86951.26       306.31758      4442.5682      16564.464      3377.4626      19941.927      8196.9279      0              1793.5404      2160.5696      4413.4265      0              0.88712935   
    550000   86951.26       309.07162      4531.7784      16462.321      3407.8288      19870.15       8030.3237      0              1786.4202      2193.3404      4452.2371      0              0.88712935   
    560000   86951.26       307.25463      5077.4647      16538.597      3387.7946      19926.392      8188.6126      0              1782.6409      2171.4642      4395.8792      0              0.88712935   
    570000   86951.26       313.03399      5115.7849      16452.553      3451.5179      19904.071      8054.9613      0              1778.5626      2200.1688      4418.8601      0              0.88712935   
    580000   86951.26       313.45191      4886.3252      16483.28       3456.1259      19939.406      8111.3275      0              1804.0885      2187.6822      4380.1819      0              0.88712935   
    590000   86951.26       313.6378       5536.7071      16580.345      3458.1756      20038.52       8187.8766      0              1780.5269      2244.0636      4367.8774      0              0.88712935   
    600000   86951.26       303.5429       4570.4385      16712.262      3346.8689      20059.131      8201.1003      0              1847.9584      2223.6424      4439.5607      0              0.88712935   
    610000   86951.26       307.38051      5093.0743      16664.059      3389.1825      20053.241      8157.6474      0              1810.1559      2259.3812      4436.8745      0              0.88712935   
    620000   86951.26       306.07342      4363.42        16481.037      3374.7705      19855.808      8061.7611      0              1812.1219      2227.3332      4379.8212      0              0.88712935   
    630000   86951.26       307.54148      5270.9016      16604.956      3390.9574      19995.913      8138.388       0              1826.1403      2220.8862      4419.5412      0              0.88712935   
    640000   86951.26       312.88102      5527.8424      16498.78       3449.8312      19948.611      8123.8418      0              1834.298       2154.3973      4386.2426      0              0.88712935   
    650000   86951.26       310.46097      4235.5695      16380.08       3423.1477      19803.227      8056.3239      0              1724.5836      2183.0522      4416.12        0              0.88712935   
    660000   86951.26       314.65809      4243.4697      16371.617      3469.4252      19841.042      7961.14        0              1825.1633      2205.235       4380.0783      0              0.88712935   
    670000   86951.26       305.66152      4449.8171      16485.283      3370.2289      19855.512      8083.1682      0              1783.2746      2203.6536      4415.1866      0              0.88712935   
    680000   86951.26       307.41577      5207.3814      16552.301      3389.5713      19941.872      8098.6404      0              1777.3046      2248.3078      4428.0484      0              0.88712935   
    690000   86951.26       300.72291      3813.7133      16433.281      3315.7757      19749.057      7996.7446      0              1840.956       2206.2922      4389.2881      0              0.88712935   
    700000   86951.26       310.8181       4556.9764      16562.249      3427.0855      19989.335      8026.4418      0              1858.1108      2254.8569      4422.8399      0              0.88712935   
    710000   86951.26       307.27664      5301.8538      16376.926      3388.0372      19764.963      7970.9572      0              1794.4         2225.4619      4386.1072      0              0.88712935   
    720000   86951.26       306.96942      4918.4111      16464.386      3384.6498      19849.036      8076.9838      0              1823.1014      2197.8895      4366.4115      0              0.88712935   
    730000   86951.26       307.90605      5676.8864      16362.047      3394.9771      19757.024      8038.0806      0              1756.1835      2155.0286      4412.7544      0              0.88712935   
    740000   86951.26       306.99056      4085.6189      16452.255      3384.883       19837.138      7972.4544      0              1833.5651      2217.8793      4428.3559      0              0.88712935   
    750000   86951.26       311.50947      3967.0643      16513.254      3434.7085      19947.963      7948.9472      0              1846.3471      2277.6716      4440.2884      0              0.88712935   
    760000   86951.26       302.66429      3683.5602      16513.243      3337.1814      19850.424      8060.0948      0              1845.1154      2201.8868      4406.1459      0              0.88712935   
    770000   86951.26       307.9195       4240.1766      16608.958      3395.1254      20004.083      8149.2751      0              1851.4349      2211.3035      4396.9441      0              0.88712935   
    780000   86951.26       310.18646      5095.6415      16408.038      3420.1209      19828.159      7984.5424      0              1780.1138      2210.4365      4432.945       0              0.88712935   
    790000   86951.26       304.29744      4229.735       16460.589      3355.1885      19815.777      8024.5307      0              1810.7527      2213.9477      4411.3576      0              0.88712935   
    800000   86951.26       306.6197       4882.344       16477.436      3380.7938      19858.229      8058.9935      0              1814.0081      2155.3895      4449.0446      0              0.88712935   
    810000   86951.26       310.51952      5358.6371      16539.674      3423.7933      19963.467      8063.7493      0              1816.0737      2257.019       4402.8322      0              0.88712935   
    820000   86951.26       308.63024      4945.0721      16425.455      3402.9621      19828.417      7955.8743      0              1818.1032      2234.0761      4417.4011      0              0.88712935   
    830000   86951.26       308.07108      6162.3823      16481.217      3396.7968      19878.014      8047.0028      0              1795.7517      2205.2885      4433.1741      0              0.88712935   
    840000   86951.26       305.65253      4425.2361      16411.876      3370.1298      19782.005      8036.1107      0              1809.6876      2198.1154      4367.962       0              0.88712935   
    850000   86951.26       304.9281       4555.744       16491.2        3362.1422      19853.342      8088.4926      0              1790.6656      2244.0639      4367.9779      0              0.88712935   
    860000   86951.26       307.76195      5395.7168      16561.101      3393.3883      19954.49       8108.537       0              1829.2108      2219.9225      4403.4311      0              0.88712935   
    870000   86951.26       302.27579      4695.3565      16455.864      3332.8978      19788.762      8074.78        0              1796.6485      2243.2377      4341.198       0              0.88712935   
    880000   86951.26       302.2601       5187.7307      16497.202      3332.7249      19829.927      8074.7955      0              1827.7264      2174.677       4420.0029      0              0.88712935   
    890000   86951.26       312.14857      5739.5795      16529.911      3441.7552      19971.666      8089.9803      0              1837.0906      2218.2524      4384.5873      0              0.88712935   
    900000   86951.26       308.62948      4956.4905      16431.219      3402.9537      19834.173      8054.8504      0              1778.4248      2183.3387      4414.6052      0              0.88712935   
    910000   86951.26       313.99895      4560.4911      16404.451      3462.1576      19866.609      8000.8701      0              1823.6046      2162.5468      4417.4297      0              0.88712935   
    920000   86951.26       311.25551      3574.0437      16355.784      3431.9083      19787.692      7975.0472      0              1800.2229      2185.4593      4395.0544      0              0.88712935   
    930000   86951.26       316.05538      4335.1971      16485.316      3484.8318      19970.148      7981.0988      0              1829.7252      2274.3078      4400.1842      0              0.88712935   
    940000   86951.26       308.34276      5779.4569      16569.568      3399.7923      19969.361      8091.3164      0              1817.5776      2182.8141      4477.8602      0              0.88712935   
    950000   86951.26       308.15365      5026.6095      16600.757      3397.7072      19998.464      8075.9359      0              1875.7087      2187.8807      4461.2313      0              0.88712935   
    960000   86951.26       310.68344      4897.645       16513.924      3425.6007      19939.524      8084.4587      0              1818.212       2210.8937      4400.3592      0              0.88712935   
    970000   86951.26       306.73728      4236.1773      16516.235      3382.0902      19898.325      8052.3081      0              1823.8042      2230.2507      4409.8718      0              0.88712935   
    980000   86951.26       308.97645      3818.5425      16536.396      3406.7794      19943.176      8112.7984      0              1810.9787      2225.1134      4387.5055      0              0.88712935   
    990000   86951.26       308.57258      4654.326       16450.855      3402.3263      19853.181      8036.7499      0              1829.1278      2177.2726      4407.7044      0              0.88712935   
   1000000   86951.26       307.56345      4220.2816      16364.788      3391.1997      19755.988      7920.2023      0              1834.7267      2210.5483      4399.3107      0              0.88712935   
   1001075   86951.26       307.84048      4711.9565      16334.924      3394.2541      19729.178      7936.3845      0              1810.6784      2170.5849      4417.2763      0              0.88712935   
Loop time of 267.075 on 48 procs for 500000 steps with 3700 atoms

Performance: 16.175 ns/day, 1.484 hours/ns, 1872.136 timesteps/s, 6.927 Matom-step/s
99.9% CPU use with 48 MPI tasks x 1 OpenMP threads

MPI task timing breakdown:
Section |  min time  |  avg time  |  max time  |%varavg| %total
---------------------------------------------------------------
Pair    | 98.272     | 139.29     | 198.56     | 199.4 | 52.16
Bond    | 19.494     | 25.833     | 34.198     |  75.5 |  9.67
Neigh   | 0.45853    | 0.46126    | 0.46417    |   0.2 |  0.17
Comm    | 29.024     | 96.104     | 143.82     | 273.7 | 35.98
Output  | 0.021484   | 0.039748   | 0.05665    |   4.9 |  0.01
Modify  | 2.3479     | 3.0911     | 4.2979     |  28.3 |  1.16
Other   |            | 2.252      |            |       |  0.84

Nlocal:        77.0833 ave          97 max          58 min
Histogram: 4 4 4 9 5 8 1 4 3 6
Nghost:        2691.48 ave        2750 max        2613 min
Histogram: 2 2 3 7 5 4 8 7 6 4
Neighs:        18548.6 ave       26610 max       12966 min
Histogram: 6 4 6 10 8 2 4 5 2 1

Total # of neighbors = 890331
Ave neighs/atom = 240.63
Ave special neighs/atom = 11.898378
Neighbor list builds = 487
Dangerous builds = 0
Generated 0 of 10 mixed pair_coeff terms from geometric mixing rule
Setting up Verlet run ...
  Unit style    : real
  Current step  : 1001075
  Time step     : 0.1
WARNING: Inconsistent image flags (src/domain.cpp:1051)
Per MPI rank memory allocation (min/avg/max) = 13.92 | 13.93 | 13.93 Mbytes
   Step         Volume          Temp          Press          PotEng         KinEng         TotEng         E_vdwl         E_coul         E_bond        E_angle        E_dihed        E_impro        Density    
   1001075   86951.26       308            4712.8812      16334.924      3396.013       19730.937      7936.3845      0              1810.6784      2170.5849      4417.2763      0              0.88712935   
   1010000   98278.576      312.59432      705.67839      16325.892      3446.67        19772.562      7932.3125      0              1865.9695      2205.8378      4321.7723      0              0.78488128   
   1020000   100754.98      309.39589      2145.09        16138.166      3411.4042      19549.571      7864.9229      0              1856.2822      2144.6963      4272.2649      0              0.76559012   
   1030000   103175.9       309.73765      1302.2305      15944.999      3415.1725      19360.172      7674.5582      0              1805.2518      2143.9047      4321.2846      0              0.74762625   
   1040000   103996.06      304.38009      659.61746      16029.726      3356.0999      19385.826      7773.7343      0              1845.0322      2171.105       4239.8544      0              0.74173018   
   1050000   106460.26      305.44111      321.05991      16060.139      3367.7987      19427.938      7844.0636      0              1852.6418      2140.8104      4222.6232      0              0.72456157   
   1060000   105396.26      304.68711      732.54826      16036.711      3359.4851      19396.196      7756.305       0              1864.9848      2157.8364      4257.5853      0              0.73187619   
   1070000   108176.35      308.26631      1087.3719      16011.339      3398.9494      19410.289      7814.9299      0              1823.0997      2132.7891      4240.5204      0              0.71306724   
   1080000   107557.02      306.84267      1039.5399      15971.521      3383.2523      19354.774      7761.4737      0              1847.085       2144.1466      4218.8161      0              0.7171732    
   1090000   108407.56      304.83973      1186.4714      16028.448      3361.1678      19389.615      7781.8937      0              1873.0561      2151.8527      4221.645       0              0.71154643   
   1100000   110101.36      309.87236      1142.5546      15822.588      3416.6578      19239.246      7697.7932      0              1741.7485      2120.6838      4262.3629      0              0.70060004   
   1110000   109413.52      305.91963      1686.9275      16027.09       3373.0749      19400.165      7754.3027      0              1773.2335      2196.2348      4303.3194      0              0.7050044    
   1120000   110788.26      309.2044       1453.8858      15873.301      3409.2928      19282.594      7670.7974      0              1783.7237      2121.82        4296.9603      0              0.69625619   
   1130000   112637.68      304.56803      378.73533      15683.349      3358.1721      19041.521      7513.4844      0              1811.8729      2168.2461      4189.7454      0              0.68482425   
   1140000   112850.08      302.28744      475.20492      15864.101      3333.0263      19197.127      7657.5928      0              1824.8504      2118.4866      4263.1713      0              0.68353531   
   1150000   112368.15      305.03983      1620.191       15883.291      3363.3741      19246.665      7791.561       0              1751.5042      2131.1494      4209.0764      0              0.68646691   
   1160000   112458.86      310.17375      1278.4271      15879.312      3419.9808      19299.293      7672.1645      0              1872.8304      2145.3053      4189.0116      0              0.6859132    
   1170000   113241.33      298.8157       541.64727      15741.262      3294.7468      19036.009      7559.8381      0              1795.9568      2129.1752      4256.2918      0              0.68117369   
   1180000   112266.2       305.02122      1390.7364      15872.375      3363.169       19235.544      7655.8357      0              1796.1476      2141.9221      4278.47        0              0.68709025   
   1190000   113396         306.11923      467.64925      15728.737      3375.2757      19104.013      7594.7818      0              1796.8807      2134.5893      4202.4853      0              0.6802446    
   1200000   112133.34      315.25951      1355.4619      15919.603      3476.0565      19395.66       7659.7973      0              1863.6599      2163.2504      4232.8954      0              0.68790435   
   1210000   111378.85      308.72779      1060.314       15892.664      3404.0377      19296.702      7607.101       0              1859.1812      2187.7085      4238.6733      0              0.69256431   
   1220000   113966.39      307.34684      550.52138      15850.361      3388.8113      19239.173      7642.0199      0              1804.7308      2171.6527      4231.9579      0              0.67684005   
   1230000   114552.18      303.00455      672.68066      15780.72       3340.9332      19121.653      7520.9535      0              1863.0265      2140.5712      4256.1688      0              0.67337882   
   1240000   113145.83      305.72766      1016.7006      15851.709      3370.9581      19222.667      7630.1073      0              1803.8113      2164.5315      4253.2591      0              0.68174862   
   1250000   113328.13      310.09136      1173.9705      15998.428      3419.0724      19417.5        7737.5244      0              1799.46        2193.7074      4267.7361      0              0.68065196   
   1260000   113709         303.51548      410.35406      15797.201      3346.5666      19143.768      7565.6835      0              1837.0631      2166.3699      4228.0849      0              0.67837214   
   1270000   112261.31      303.6968       1196.7096      15965.303      3348.5659      19313.869      7697.2853      0              1831.4622      2148.6197      4287.9358      0              0.68712023   
   1280000   112951.76      312.10691      768.29355      15872.624      3441.2959      19313.92       7632.9027      0              1868.7086      2140.8305      4230.1822      0              0.68292      
   1290000   114046.4       309.87335      1789.6689      15760.778      3416.6686      19177.446      7690.572       0              1787.4205      2095.2308      4187.5543      0              0.67636518   
   1300000   113350.1       310.99366      793.22555      15713.694      3429.0212      19142.715      7545.1658      0              1837.134       2142.8976      4188.4963      0              0.68052004   
   1310000   114130.92      312.94044      967.77808      15799.709      3450.4864      19250.195      7602.4682      0              1798.3168      2158.9316      4239.9922      0              0.67586432   
   1320000   113800.36      303.00921      945.47071      15878.836      3340.9846      19219.821      7611.4112      0              1896.1229      2120.1057      4251.1965      0              0.67782754   
   1330000   114406         305.99178      1211.1357      15798.265      3373.8703      19172.135      7655.4161      0              1766.995       2145.7009      4230.1528      0              0.67423924   
   1340000   113441.36      304.21882      2046.5647      15896.322      3354.3217      19250.644      7718.1132      0              1776.5599      2160.7307      4240.9184      0              0.67997259   
   1350000   114186.64      307.78923      1507.5422      15736.416      3393.6891      19130.105      7539.4995      0              1806.3358      2159.8063      4230.7742      0              0.67553448   
   1360000   113678.77      308.79658      1267.1111      15804.372      3404.7961      19209.169      7609.4064      0              1883.585       2118.2112      4193.1698      0              0.67855251   
   1370000   114586.53      307.93874      408.82934      15839.622      3395.3376      19234.96       7614.1786      0              1855.2796      2159.6533      4210.511       0              0.67317697   
   1380000   115069.53      306.12285      969.63596      15907.96       3375.3155      19283.275      7651.7836      0              1853.1556      2146.4097      4256.6106      0              0.67035133   
   1390000   115250.7       312.97594      568.04401      15743.518      3450.8779      19194.396      7575.2019      0              1839.2325      2125.1078      4203.9761      0              0.66929757   
   1400000   114616.02      311.71076      1301.1018      15853.125      3436.928       19290.053      7568.949       0              1842.2876      2201.4328      4240.4555      0              0.67300375   
   1410000   114302.3       303.67241      1722.1435      15726.327      3348.297       19074.624      7579.3649      0              1833.9589      2117.5278      4195.4751      0              0.67485092   
   1420000   113903.64      311.31996      617.96547      15752.885      3432.619       19185.504      7506.3752      0              1797.2082      2192.3524      4256.9494      0              0.67721292   
   1430000   115107.77      312.81247      1017.0808      15786.981      3449.0755      19236.057      7528.1659      0              1795.0303      2174.9485      4288.8364      0              0.67012865   
   1440000   115240.48      308.21493      1238.2967      15796.731      3398.3829      19195.113      7625.6772      0              1834.7003      2105.5263      4230.8267      0              0.66935691   
   1450000   116246.02      306.35645      792.90965      15831.847      3377.8912      19209.738      7605.2976      0              1858.6251      2080.2017      4287.7221      0              0.66356694   
   1460000   117095.34      304.23348      1003.914       15776.492      3354.4833      19130.975      7673.7377      0              1793.6579      2127.8493      4181.2467      0              0.65875392   
   1470000   116888.49      308.19649      1013.5271      15947.115      3398.1796      19345.295      7718.0243      0              1797.919       2193.3862      4237.7857      0              0.65991965   
   1480000   115424.52      307.46163      1421.271       15922.984      3390.0769      19313.061      7715.1848      0              1827.075       2150.0176      4230.7069      0              0.66828966   
   1490000   115481.14      305.63807      335.02176      15880.631      3369.9704      19250.601      7626.1783      0              1881.2893      2174.5551      4198.6083      0              0.66796198   
   1500000   116188.37      305.07774      1359.3296      15864.01       3363.7922      19227.803      7629.8543      0              1781.6104      2186.6254      4265.9203      0              0.6638962    
   1501075   116602.66      313.11528      1288.3565      15824.575      3452.4142      19276.989      7578.4496      0              1830.0962      2141.6487      4274.3802      0              0.66153736   
Loop time of 254.213 on 48 procs for 500000 steps with 3700 atoms

Performance: 16.994 ns/day, 1.412 hours/ns, 1966.852 timesteps/s, 7.277 Matom-step/s
99.9% CPU use with 48 MPI tasks x 1 OpenMP threads

MPI task timing breakdown:
Section |  min time  |  avg time  |  max time  |%varavg| %total
---------------------------------------------------------------
Pair    | 38.326     | 111.39     | 166.39     | 291.4 | 43.82
Bond    | 14.458     | 30.521     | 43.233     | 121.8 | 12.01
Neigh   | 0.46065    | 0.46384    | 0.4678     |   0.3 |  0.18
Comm    | 35.327     | 100.71     | 189.19     | 367.4 | 39.61
Output  | 0.02108    | 0.038655   | 0.054626   |   4.7 |  0.02
Modify  | 7.9763     | 8.8084     | 9.6109     |  13.5 |  3.46
Other   |            | 2.287      |            |       |  0.90

Nlocal:        77.0833 ave         111 max          27 min
Histogram: 2 1 3 1 7 7 10 8 7 2
Nghost:        2176.23 ave        2304 max        2044 min
Histogram: 4 3 5 4 5 7 5 8 5 2
Neighs:        13797.2 ave       21396 max        3495 min
Histogram: 2 1 3 7 3 9 7 10 2 4

Total # of neighbors = 662267
Ave neighs/atom = 178.99108
Ave special neighs/atom = 11.898378
Neighbor list builds = 549
Dangerous builds = 0
Generated 0 of 10 mixed pair_coeff terms from geometric mixing rule
Setting up Verlet run ...
  Unit style    : real
  Current step  : 1501075
  Time step     : 0.1
WARNING: Inconsistent image flags (src/domain.cpp:1051)
Per MPI rank memory allocation (min/avg/max) = 13.92 | 13.95 | 14.39 Mbytes
   Step         Volume          Temp          Press          PotEng         KinEng         TotEng         E_vdwl         E_coul         E_bond        E_angle        E_dihed        E_impro        Density    
   1501075   116602.66      600            2528.4386      15824.575      6615.6098      22440.185      7578.4496      0              1830.0962      2141.6487      4274.3802      0              0.66153736   
   1510000   116602.66      611.4864       136.28499      19043.692      6742.2591      25785.951      7936.1839      0              2922.5902      3241.0369      4943.8807      0              0.66153736   
   1520000   116602.66      602.75609      669.99315      19196.989      6645.9985      25842.988      7944.2081      0              2923.3186      3315.2801      5014.1822      0              0.66153736   
   1530000   116602.66      587.3754       1287.3292      19029.952      6476.4107      25506.363      7891.2143      0              2914.6579      3236.03        4988.0497      0              0.66153736   
   1540000   116602.66      592.94251      1504.4287      19184.393      6537.7938      25722.187      7897.4656      0              2943.3661      3322.0028      5021.559       0              0.66153736   
   1550000   116602.66      603.65935      1279.6353      18995.502      6655.9578      25651.459      7893.595       0              2893.051       3266.2744      4942.5812      0              0.66153736   
   1560000   116602.66      592.20093      2069.3328      18980.285      6529.6172      25509.902      7922.7087      0              2872.5574      3244.8022      4940.2168      0              0.66153736   
   1570000   116602.66      598.39709      1736.3786      19264.126      6597.9361      25862.062      7902.6031      0              2970.2411      3365.9793      5025.3023      0              0.66153736   
   1580000   116602.66      596.00896      739.10939      19136.695      6571.6046      25708.3        7864.9778      0              2925.7006      3333.1184      5012.8982      0              0.66153736   
   1590000   116602.66      597.51522      2517.9342      19176.697      6588.2126      25764.91       7986.6694      0              3027.2767      3162.2626      5000.4886      0              0.66153736   
   1600000   116602.66      600.17189      573.09286      19132.581      6617.5051      25750.086      7954.3856      0              2895.445       3286.8804      4995.8702      0              0.66153736   
   1610000   116602.66      606.99475      550.55179      19238.24       6692.734       25930.975      7909.0723      0              3007.6809      3349.5005      4971.9868      0              0.66153736   
   1620000   116602.66      598.31309      293.55706      18991.365      6597.0099      25588.375      7772.9801      0              2944.4644      3251.3528      5022.5679      0              0.66153736   
   1630000   116602.66      583.61311      687.25939      19261.712      6434.9277      25696.639      8093.2313      0              2963.621       3245.6168      4959.2425      0              0.66153736   
   1640000   116602.66      595.31236      1151.6041      19192.756      6563.9238      25756.68       7870.4194      0              2978.9768      3317.1013      5026.2586      0              0.66153736   
   1650000   116602.66      613.46171      1456.7314      19055.197      6764.0388      25819.236      7807.1052      0              2872.6934      3323.7805      5051.6178      0              0.66153736   
   1660000   116602.66      600.60959      757.11758      18939.202      6622.3311      25561.533      7847.1575      0              2959.4666      3153.6744      4978.9036      0              0.66153736   
   1670000   116602.66      595.3445       125.63612      18947.998      6564.2782      25512.276      7731.2607      0              3007.1527      3248.2646      4961.3203      0              0.66153736   
   1680000   116602.66      606.05094      2368.5432      19063.14       6682.3276      25745.467      7983.56        0              2961.1827      3236.5227      4881.8743      0              0.66153736   
   1690000   116602.66      587.26448      395.34338      18998.496      6475.1878      25473.684      7937.8242      0              3002.5462      3190.4273      4867.6985      0              0.66153736   
   1700000   116602.66      602.74043      534.59244      19066.035      6645.8259      25711.861      7913.2388      0              2940.3678      3237.238       4975.1908      0              0.66153736   
   1710000   116602.66      590.73578      1396.9747      19036.293      6513.4624      25549.756      7914.4229      0              2901.657       3267.4645      4952.7489      0              0.66153736   
   1720000   116602.66      583.52229      1539.0933      18962.924      6433.9263      25396.85       7967.5685      0              2831.7621      3171.0616      4992.5318      0              0.66153736   
   1730000   116602.66      590.71975      1454.9969      19098.717      6513.2857      25612.003      7900.3028      0              2910.7162      3324.934       4962.7641      0              0.66153736   
   1740000   116602.66      610.07305      1538.0714      19103          6726.6755      25829.676      7846.5592      0              2860.2788      3374.6198      5021.5422      0              0.66153736   
   1750000   116602.66      599.32363      1372.0243      18969.159      6608.1522      25577.311      7921.9676      0              2920.4758      3141.988       4984.7277      0              0.66153736   
   1760000   116602.66      590.61619      153.54472      19025.923      6512.1438      25538.067      7857.503       0              2978.5327      3276.4209      4913.4661      0              0.66153736   
   1770000   116602.66      597.47607      1275.9659      19073.765      6587.7809      25661.546      7909.7696      0              2983.134       3195.6412      4985.2205      0              0.66153736   
   1780000   116602.66      611.16974      835.23498      19198.349      6738.7675      25937.117      7863.6459      0              3069.7174      3326.5285      4938.4575      0              0.66153736   
   1790000   116602.66      587.82781      2040.3502      19012.041      6481.399       25493.44       7749.2394      0              2951.1833      3336.2796      4975.3389      0              0.66153736   
   1800000   116602.66      597.4578       1170.1009      19201.631      6587.5794      25789.21       7839.6053      0              2963.2312      3349.638       5049.1563      0              0.66153736   
   1810000   116602.66      606.97594      1523.6205      18988.185      6692.5267      25680.712      7855.5721      0              2830.0431      3305.9112      4996.6585      0              0.66153736   
   1820000   116602.66      590.89602      1085.332       19175.597      6515.2292      25690.827      7849.4921      0              3003.8657      3264.9631      5057.2765      0              0.66153736   
   1830000   116602.66      593.88594      1067.1374      19148.476      6548.1961      25696.672      7795.4003      0              2971.3563      3366.6617      5015.0574      0              0.66153736   
   1840000   116602.66      603.30023      1809.9974      19111.578      6651.9982      25763.576      7935.6788      0              2870.9379      3324.2458      4980.7154      0              0.66153736   
   1850000   116602.66      598.99878      1169.7429      18960.379      6604.5704      25564.949      7741.4845      0              2923.9856      3268.3631      5026.5457      0              0.66153736   
   1860000   116602.66      592.21336      1141.583       18978.119      6529.7542      25507.874      7747.1069      0              2997.9116      3266.0245      4967.0765      0              0.66153736   
   1870000   116602.66      589.84608      1741.6233      19011.47       6503.6525      25515.122      7890.533       0              2941.3118      3167.5052      5012.1198      0              0.66153736   
   1880000   116602.66      595.57891      1390.0967      18911.325      6566.8628      25478.188      7805.2643      0              2911.7713      3264.4854      4929.8042      0              0.66153736   
   1890000   116602.66      600.25685      2103.8316      18842.935      6618.4419      25461.377      7829.7116      0              2848.1266      3157.5594      5007.5378      0              0.66153736   
   1900000   116602.66      601.72485      1004.3848      19169.259      6634.6281      25803.887      7962.3568      0              2955.7246      3336.2742      4914.9031      0              0.66153736   
   1910000   116602.66      607.49737      1249.6119      19059.662      6698.276       25757.938      7885.8231      0              2930.6742      3304.5523      4938.6122      0              0.66153736   
   1920000   116602.66      600.87111      1851.4501      19045.556      6625.2147      25670.77       7935.3575      0              2900.6044      3235.0122      4974.5814      0              0.66153736   
   1930000   116602.66      609.20575      492.8558       19084.449      6717.1126      25801.561      7810.7994      0              2972.3501      3259.0899      5042.2094      0              0.66153736   
   1940000   116602.66      584.402        710.11458      19148.391      6443.626       25592.017      7928.1833      0              2906.4049      3297.0642      5016.7382      0              0.66153736   
   1950000   116602.66      591.42453      1695.4392      19082.773      6521.0565      25603.83       7966.5292      0              2950.7746      3209.2401      4956.2296      0              0.66153736   
   1960000   116602.66      604.52343      2284.7366      19229.828      6665.4852      25895.313      7918.1994      0              2936.6805      3293.5929      5081.3555      0              0.66153736   
   1970000   116602.66      600.21743      280.51769      18983.984      6618.0072      25601.991      7891.0485      0              2966.5864      3221.7672      4904.582       0              0.66153736   
   1980000   116602.66      592.21826     -116.10936      19334.747      6529.8083      25864.555      8001.1963      0              3047.1708      3214.2956      5072.0845      0              0.66153736   
   1990000   116602.66      598.35866      947.80018      19056.293      6597.5124      25653.806      7670.3694      0              2972.4919      3357.5976      5055.8344      0              0.66153736   
   2000000   116602.66      611.32256      949.32143      19051.979      6740.4525      25792.432      7831.331       0              2904.616       3301.5594      5014.4729      0              0.66153736   
   2001075   116602.66      610.60621      1532.9168      19108.768      6732.5541      25841.322      7886.9022      0              2903.8871      3313.1052      5004.8737      0              0.66153736   
Loop time of 229.363 on 48 procs for 500000 steps with 3700 atoms

Performance: 18.835 ns/day, 1.274 hours/ns, 2179.949 timesteps/s, 8.066 Matom-step/s
99.9% CPU use with 48 MPI tasks x 1 OpenMP threads

MPI task timing breakdown:
Section |  min time  |  avg time  |  max time  |%varavg| %total
---------------------------------------------------------------
Pair    | 24.11      | 101.21     | 158.58     | 299.7 | 44.13
Bond    | 9.5382     | 25.387     | 36.557     | 114.7 | 11.07
Neigh   | 0.66738    | 0.67073    | 0.67576    |   0.3 |  0.29
Comm    | 28.246     | 96.693     | 189.36     | 360.0 | 42.16
Output  | 0.021017   | 0.038733   | 0.054699   |   4.7 |  0.02
Modify  | 2.3698     | 3.2054     | 4.112      |  21.6 |  1.40
Other   |            | 2.159      |            |       |  0.94

Nlocal:        77.0833 ave         112 max          30 min
Histogram: 1 4 1 2 7 10 6 11 3 3
Nghost:        2186.65 ave        2331 max        2044 min
Histogram: 3 4 5 7 6 6 3 7 4 3
Neighs:        13830.2 ave       21673 max        4647 min
Histogram: 2 3 3 6 5 7 8 7 5 2

Total # of neighbors = 663849
Ave neighs/atom = 179.41865
Ave special neighs/atom = 11.898378
Neighbor list builds = 823
Dangerous builds = 0
Generated 0 of 10 mixed pair_coeff terms from geometric mixing rule
Setting up Verlet run ...
  Unit style    : real
  Current step  : 2001075
  Time step     : 0.1
WARNING: Inconsistent image flags (src/domain.cpp:1051)
Per MPI rank memory allocation (min/avg/max) = 13.92 | 13.96 | 14.39 Mbytes
   Step         Volume          Temp          Press          PotEng         KinEng         TotEng         E_vdwl         E_coul         E_bond        E_angle        E_dihed        E_impro        Density    
   2001075   116602.66      308            224.87725      19108.768      3396.013       22504.781      7886.9022      0              2903.8871      3313.1052      5004.8737      0              0.66153736   
   2010000   116602.66      303.59533      686.90943      15718.571      3347.447       19066.018      7536.4971      0              1857.1246      2094.5957      4230.3534      0              0.66153736   
   2020000   116602.66      309.81925      1096.5192      15729.144      3416.0721      19145.216      7558.9211      0              1792.4481      2147.0786      4230.6963      0              0.66153736   
   2030000   116602.66      304.12472      1785.6116      15749.142      3353.2841      19102.426      7610.64        0              1794.9142      2141.5839      4202.0038      0              0.66153736   
   2040000   116602.66      312.5158       1348.1052      15866.492      3445.8044      19312.297      7603.0276      0              1863.5294      2144.4912      4255.444       0              0.66153736   
   2050000   116602.66      302.89483      830.81182      15783.071      3339.7233      19122.795      7467.2687      0              1862.0989      2213.1863      4240.5175      0              0.66153736   
   2060000   116602.66      305.99959      635.69202      15597.185      3373.9565      18971.142      7452.5782      0              1757.4813      2160.393       4226.7328      0              0.66153736   
   2070000   116602.66      306.0369       1701.2855      15773.797      3374.3678      19148.164      7543.5899      0              1790.4135      2176.6749      4263.1183      0              0.66153736   
   2080000   116602.66      310.86277      726.49779      15736.304      3427.578       19163.882      7582.3619      0              1806.6089      2153.0537      4194.2793      0              0.66153736   
   2090000   116602.66      312.65834      877.77839      15764.263      3447.376       19211.639      7452.839       0              1825.3497      2205.0752      4280.9991      0              0.66153736   
   2100000   116602.66      306.34278      1079.0791      15764.271      3377.7405      19142.011      7543.9869      0              1838.3836      2146.3345      4235.5656      0              0.66153736   
   2110000   116602.66      301.09775      1371.4543      15728.687      3319.9088      19048.596      7587.3385      0              1773.6301      2153.6497      4214.0689      0              0.66153736   
   2120000   116602.66      309.46371      1664.0619      15723.975      3412.1519      19136.127      7550.6758      0              1772.5135      2148.9944      4251.7916      0              0.66153736   
   2130000   116602.66      316.1207       1389.1687      15635.897      3485.5521      19121.449      7481.2289      0              1777.492       2140.4913      4236.6851      0              0.66153736   
   2140000   116602.66      307.49528      1499.1658      15809.47       3390.448       19199.918      7499.044       0              1842.5347      2184.862       4283.0288      0              0.66153736   
   2150000   116602.66      311.23401      1550.9358      15563.391      3431.6713      18995.062      7474.2379      0              1762.6291      2154.4074      4172.1161      0              0.66153736   
   2160000   116602.66      305.56704      1483.8355      15662.181      3369.1872      19031.368      7441.9447      0              1831.8771      2146.0692      4242.2897      0              0.66153736   
   2170000   116602.66      302.70415     -48.680605      15772.013      3337.6209      19109.634      7401.2324      0              1919.0724      2184.7197      4266.9886      0              0.66153736   
   2180000   116602.66      309.75829      86.201953      15723.997      3415.3999      19139.397      7405.4397      0              1857.7423      2184.9839      4275.8316      0              0.66153736   
   2190000   116602.66      307.37913      722.63591      15752.125      3389.1674      19141.293      7485.4744      0              1838.8489      2195.4524      4232.3496      0              0.66153736   
   2200000   116602.66      300.96779      855.57998      15699.142      3318.4758      19017.618      7428.809       0              1838.8472      2165.6875      4265.798       0              0.66153736   
   2210000   116602.66      308.47978      1204.6912      15680.462      3401.3031      19081.765      7477.9721      0              1846.2103      2136.1996      4220.0798      0              0.66153736   
   2220000   116602.66      313.44771      1461.9319      15735.419      3456.0796      19191.499      7529.1405      0              1806.3078      2141.7545      4258.2163      0              0.66153736   
   2230000   116602.66      319.10273      2086.0733      15701.655      3518.4319      19220.087      7498.8879      0              1780.0379      2200.753       4221.9761      0              0.66153736   
   2240000   116602.66      309.18348      695.59379      15663.263      3409.0621      19072.325      7431.61        0              1850.2481      2142.5354      4238.8691      0              0.66153736   
   2250000   116602.66      308.25873      811.21269      15726.208      3398.8658      19125.074      7478.4283      0              1825.5461      2184.4118      4237.822       0              0.66153736   
   2260000   116602.66      313.42731      1955.5942      15738.195      3455.8547      19194.05       7567.1658      0              1816.3408      2126.4161      4228.2722      0              0.66153736   
   2270000   116602.66      310.0063       850.20195      15668.675      3418.1345      19086.809      7515.1698      0              1803.267       2111.1215      4239.1165      0              0.66153736   
   2280000   116602.66      314.10677      1178.1072      15626.295      3463.3464      19089.641      7457.9386      0              1829.8395      2131.0006      4207.516       0              0.66153736   
   2290000   116602.66      305.37646      842.59206      15723.794      3367.0858      19090.88       7547.8979      0              1786.3151      2166.2131      4223.3681      0              0.66153736   
   2300000   116602.66      319.00454      1123.132       15707.56       3517.3493      19224.909      7505.8886      0              1780.5643      2177.819       4243.2881      0              0.66153736   
   2310000   116602.66      307.01068      1336.3934      15737.832      3385.1048      19122.937      7499.1703      0              1863.6042      2112.6243      4262.4334      0              0.66153736   
   2320000   116602.66      302.4065       545.52386      15731.249      3334.3391      19065.588      7496.6712      0              1878.9726      2181.9418      4173.6633      0              0.66153736   
   2330000   116602.66      315.71154      684.66505      15697.903      3481.0407      19178.944      7478.7989      0              1850.6685      2163.4938      4204.9417      0              0.66153736   
   2340000   116602.66      300.45483      1050.8218      15732.809      3312.8198      19045.629      7571.082       0              1829.2331      2115.8734      4216.621       0              0.66153736   
   2350000   116602.66      307.68632      1000.7536      15615.503      3392.5544      19008.057      7374.1362      0              1858.4758      2116.5275      4266.3631      0              0.66153736   
   2360000   116602.66      306.15584      1082.3492      15710.463      3375.6793      19086.142      7431.5642      0              1869.6212      2170.6964      4238.5813      0              0.66153736   
   2370000   116602.66      306.82514      889.84055      15632.301      3383.059       19015.36       7429.3606      0              1832.7973      2168.857       4201.2862      0              0.66153736   
   2380000   116602.66      305.56356      785.43986      15723.895      3369.1489      19093.044      7531.3315      0              1826.9493      2152.3306      4213.2837      0              0.66153736   
   2390000   116602.66      305.43423      558.40591      15707.676      3367.7228      19075.399      7493.7359      0              1785.8106      2199.4336      4228.6956      0              0.66153736   
   2400000   116602.66      303.55016      1198.0079      15724.113      3346.9491      19071.062      7495.6613      0              1855.5712      2169.0132      4203.8677      0              0.66153736   
   2410000   116602.66      303.45393      1320.5128      15678.692      3345.8881      19024.58       7517.831       0              1783.9863      2153.3046      4223.5705      0              0.66153736   
   2420000   116602.66      310.77806      1683.0806      15638.333      3426.644       19064.977      7481.693       0              1761.5136      2145.892       4249.2345      0              0.66153736   
   2430000   116602.66      303.93533      1228.0686      15596.375      3351.1959      18947.571      7501.1671      0              1769.5166      2107.823       4217.8687      0              0.66153736   
   2440000   116602.66      305.57932      936.77189      15668.797      3369.3226      19038.119      7423.8073      0              1826.259       2199.2075      4219.5229      0              0.66153736   
   2450000   116602.66      309.46231      1141.44        15629.656      3412.1365      19041.793      7502.7965      0              1787.3242      2132.1234      4207.4122      0              0.66153736   
   2460000   116602.66      305.42884      724.76888      15695.384      3367.6634      19063.047      7421.0775      0              1838.2821      2203.2288      4232.7954      0              0.66153736   
   2470000   116602.66      309.75155      1555.8075      15787.217      3415.3256      19202.542      7484.2542      0              1873.2266      2220.0784      4209.6575      0              0.66153736   
   2480000   116602.66      313.68363      838.39159      15757.788      3458.6809      19216.469      7483.1456      0              1872.2753      2143.0777      4259.2897      0              0.66153736   
   2490000   116602.66      310.03105      1039.6163      15733.588      3418.4075      19151.995      7470.1791      0              1875.787       2148.8736      4238.7484      0              0.66153736   
   2500000   116602.66      313.10432      785.21426      15674.953      3452.2934      19127.246      7448.1787      0              1851.7866      2118.4821      4256.5051      0              0.66153736   
   2510000   116602.66      308.88913      1518.6629      15665.277      3405.8166      19071.094      7469.2995      0              1788.0934      2153.0408      4254.8436      0              0.66153736   
   2520000   116602.66      311.96704      963.76833      15676.8        3439.7537      19116.554      7404.4398      0              1804.6288      2175.3453      4292.3862      0              0.66153736   
   2530000   116602.66      310.5745       1314.5442      15727.459      3424.3995      19151.858      7531.8327      0              1782.1764      2139.3721      4274.0777      0              0.66153736   
   2540000   116602.66      306.20845      793.76143      15641.715      3376.2594      19017.975      7451.1664      0              1811.8997      2152.3787      4226.2706      0              0.66153736   
   2550000   116602.66      303.93668      1050.362       15602.945      3351.2109      18954.156      7367.7016      0              1832.6659      2148.4549      4254.123       0              0.66153736   
   2560000   116602.66      314.55015      1246.0656      15680.027      3468.2351      19148.262      7437.1312      0              1811.7429      2163.8671      4267.2853      0              0.66153736   
   2570000   116602.66      303.69438      912.87745      15752.867      3348.5392      19101.406      7466.1154      0              1824.6681      2188.9702      4273.1133      0              0.66153736   
   2580000   116602.66      306.30764      547.85835      15775.292      3377.3531      19152.645      7466.8987      0              1934.4922      2159.428       4214.4727      0              0.66153736   
   2590000   116602.66      304.20698      1209.5614      15652.416      3354.1911      19006.607      7502.4615      0              1797.3216      2132.4457      4220.1872      0              0.66153736   
   2600000   116602.66      314.22519      531.61487      15667.213      3464.6521      19131.865      7434.6775      0              1857.3286      2155.7735      4219.4335      0              0.66153736   
   2610000   116602.66      300.84757      901.24263      15707.278      3317.1503      19024.428      7452.3206      0              1819.2731      2169.8992      4265.7848      0              0.66153736   
   2620000   116602.66      315.40973      1167.2501      15682.26       3477.7129      19159.973      7471.7346      0              1778.5744      2177.1812      4254.7695      0              0.66153736   
   2630000   116602.66      310.52512      309.96681      15633.789      3423.855       19057.644      7378.0718      0              1881.0627      2140.4853      4234.1696      0              0.66153736   
   2640000   116602.66      308.66746     -432.502        15639.814      3403.3725      19043.186      7300.7897      0              1857.1634      2192.9804      4288.8803      0              0.66153736   
   2650000   116602.66      309.12188      553.72378      15687.18       3408.3829      19095.563      7409.5584      0              1806.0908      2172.6835      4298.847       0              0.66153736   
   2660000   116602.66      312.58839      1096.9476      15565.601      3446.6047      19012.206      7394.5097      0              1795.5966      2131.3688      4244.1258      0              0.66153736   
   2670000   116602.66      301.88252      1397.2829      15709.603      3328.5616      19038.165      7463.4365      0              1890.4193      2151.5224      4204.2252      0              0.66153736   
   2680000   116602.66      307.44445      1566.7543      15765.978      3389.8876      19155.865      7548.3721      0              1791.4557      2176.7398      4249.4102      0              0.66153736   
   2690000   116602.66      304.78057     -37.643284      15705.723      3360.5155      19066.239      7411.7196      0              1870.6549      2175.1089      4248.24        0              0.66153736   
   2700000   116602.66      306.44029      1366.9849      15726.686      3378.8156      19105.501      7527.3689      0              1807.2035      2142.0363      4250.077       0              0.66153736   
   2710000   116602.66      312.39342      931.58875      15571.75       3444.455       19016.205      7415.6497      0              1819.6394      2084.3572      4252.1037      0              0.66153736   
   2720000   116602.66      307.22975      1699.2608      15730.308      3387.5202      19117.829      7466.7463      0              1813.5448      2208.8001      4241.2173      0              0.66153736   
   2730000   116602.66      301.74809      283.32898      15659.622      3327.0794      18986.702      7408.3026      0              1873.9862      2169.8031      4207.5303      0              0.66153736   
   2740000   116602.66      304.2244       1153.4884      15651.269      3354.3832      19005.652      7380.6129      0              1844.5217      2142.6923      4283.4419      0              0.66153736   
   2750000   116602.66      311.73944      695.35432      15627.368      3437.2441      19064.612      7438.4421      0              1773.7508      2178.8738      4236.301       0              0.66153736   
   2760000   116602.66      312.80549      864.82565      15611.81       3448.9984      19060.809      7441.3826      0              1797.7103      2143.1793      4229.5381      0              0.66153736   
   2770000   116602.66      302.18423      816.06748      15622.574      3331.8883      18954.462      7446.4363      0              1819.1635      2157.4044      4199.5693      0              0.66153736   
   2780000   116602.66      303.18053      1760.1452      15644.555      3342.8735      18987.428      7423.5129      0              1825.9168      2150.0054      4245.1197      0              0.66153736   
   2790000   116602.66      301.97538      1242.3837      15587.824      3329.5855      18917.41       7416.9455      0              1792.3615      2166.4194      4212.0979      0              0.66153736   
   2800000   116602.66      306.2254       1018.1601      15726.539      3376.4462      19102.986      7455.0223      0              1861.4647      2142.7248      4267.3277      0              0.66153736   
   2810000   116602.66      304.5474       1766.2457      15665.499      3357.9446      19023.444      7457.2196      0              1811.2067      2168.0354      4229.0375      0              0.66153736   
   2820000   116602.66      311.26824      1687.1999      15644.282      3432.0487      19076.331      7462.612       0              1818.8707      2140.0502      4222.7493      0              0.66153736   
   2830000   116602.66      312.17644      747.96235      15697.569      3442.0626      19139.632      7473.0915      0              1848.1079      2166.66        4209.7098      0              0.66153736   
   2840000   116602.66      309.22705      1358.3872      15676.414      3409.5425      19085.957      7488.4793      0              1811.0037      2163.4855      4213.4456      0              0.66153736   
   2850000   116602.66      315.5045       1635.1968      15751.706      3478.7578      19230.463      7457.1939      0              1859.8942      2148.1353      4286.4822      0              0.66153736   
   2860000   116602.66      301.61972      1149.3923      15798.369      3325.664       19124.033      7548.9024      0              1833.3403      2135.1798      4280.9462      0              0.66153736   
   2870000   116602.66      302.97012      823.89429      15702.844      3340.5535      19043.397      7444.3624      0              1819.3472      2175.5483      4263.5858      0              0.66153736   
   2880000   116602.66      307.49258      477.63963      15775.501      3390.4182      19165.919      7467.0814      0              1883.9678      2172.8412      4251.6105      0              0.66153736   
   2890000   116602.66      311.29129      906.29527      15643.481      3432.3029      19075.784      7444.7417      0              1837.2716      2114.4541      4247.0136      0              0.66153736   
   2900000   116602.66      303.70946      1279.3123      15691.891      3348.7055      19040.596      7509.4698      0              1757.244       2170.7915      4254.3853      0              0.66153736   
   2910000   116602.66      313.07987      384.45998      15824.648      3452.0238      19276.672      7610.0361      0              1827.3243      2119.8896      4267.3982      0              0.66153736   
   2920000   116602.66      307.07356      1183.1343      15720.144      3385.7981      19105.942      7488.6848      0              1831.8801      2170.7128      4228.8664      0              0.66153736   
   2930000   116602.66      306.00645      475.18461      15812.513      3374.0321      19186.545      7474.1443      0              1881.6285      2173.5952      4283.1447      0              0.66153736   
   2940000   116602.66      300.76434      1663.1147      15786.79       3316.2326      19103.022      7505.6228      0              1824.6318      2189.3216      4267.2137      0              0.66153736   
   2950000   116602.66      301.48976      326.45492      15788.216      3324.231       19112.447      7472.1794      0              1819.9502      2171.0176      4325.0686      0              0.66153736   
   2960000   116602.66      310.38785      2240.0412      15762.972      3422.3415      19185.313      7592.5332      0              1768.2841      2132.5155      4269.639       0              0.66153736   
   2970000   116602.66      305.00438      1618.234       15797.297      3362.9832      19160.28       7523.5299      0              1789.3523      2181.5707      4302.8441      0              0.66153736   
   2980000   116602.66      308.18787      970.89189      15777.779      3398.0846      19175.863      7463.4176      0              1883.1188      2179.6992      4251.5429      0              0.66153736   
   2990000   116602.66      308.58911      1059.0947      15741.901      3402.5086      19144.409      7467.7378      0              1831.5954      2186.8697      4255.6977      0              0.66153736   
   3000000   116602.66      304.89297      1050.3257      15641.477      3361.7549      19003.232      7456.8998      0              1801.3673      2153.1256      4230.0847      0              0.66153736   
   3001075   116602.66      309.63472      337.48718      15643.753      3414.0375      19057.79       7408.3267      0              1834.6097      2136.5879      4264.2287      0              0.66153736   
Loop time of 441.751 on 48 procs for 1000000 steps with 3700 atoms

Performance: 19.559 ns/day, 1.227 hours/ns, 2263.718 timesteps/s, 8.376 Matom-step/s
99.9% CPU use with 48 MPI tasks x 1 OpenMP threads

MPI task timing breakdown:
Section |  min time  |  avg time  |  max time  |%varavg| %total
---------------------------------------------------------------
Pair    | 48.149     | 202.95     | 302.54     | 423.5 | 45.94
Bond    | 20.281     | 50.629     | 70.672     | 157.7 | 11.46
Neigh   | 0.80459    | 0.80925    | 0.81601    |   0.4 |  0.18
Comm    | 58.879     | 176.66     | 360.76     | 529.4 | 39.99
Output  | 0.040741   | 0.075588   | 0.10693    |   6.6 |  0.02
Modify  | 4.5914     | 6.4212     | 7.8429     |  31.0 |  1.45
Other   |            | 4.21       |            |       |  0.95

Nlocal:        77.0833 ave         114 max          28 min
Histogram: 2 2 2 1 7 13 7 10 1 3
Nghost:        2185.52 ave        2332 max        2023 min
Histogram: 2 3 3 9 6 7 3 8 4 3
Neighs:        13818.8 ave       21562 max        3681 min
Histogram: 2 2 4 1 8 10 7 6 5 3

Total # of neighbors = 663302
Ave neighs/atom = 179.27081
Ave special neighs/atom = 11.898378
Neighbor list builds = 1016
Dangerous builds = 0
Generated 0 of 10 mixed pair_coeff terms from geometric mixing rule
Setting up Verlet run ...
  Unit style    : real
  Current step  : 3001075
  Time step     : 0.1
WARNING: Inconsistent image flags (src/domain.cpp:1051)
Per MPI rank memory allocation (min/avg/max) = 13.92 | 13.96 | 14.39 Mbytes
   Step         Volume          Temp          Press          PotEng         KinEng         TotEng         E_vdwl         E_coul         E_bond        E_angle        E_dihed        E_impro        Density    
   3001075   116602.66      308            330.42098      15643.753      3396.013       19039.766      7408.3267      0              1834.6097      2136.5879      4264.2287      0              0.66153736   
   3010000   66193.314      310.32671      29018.472      20603.633      3421.6673      24025.3        11484.991      0              1302.342       2209.5659      5606.7341      0              1.1653294    
   3020000   63480.517      306.05073      31216.681      20598.7        3374.5203      23973.22       11126.85       0              1470.9723      2317.0329      5683.8445      0              1.215129     
   3030000   63199.332      313.56743      31123.227      20091.124      3457.3996      23548.524      10474.227      0              1599.6384      2356.7584      5660.4999      0              1.2205353    
   3040000   62611.749      307.25251      29570.908      20324.933      3387.7712      23712.704      10588.675      0              1692.8875      2408.9161      5634.4541      0              1.2319894    
   3050000   61710.102      312.17649      29318.847      20376.751      3442.0631      23818.814      10532.461      0              1633.0764      2484.0248      5727.1892      0              1.2499901    
   3060000   61736.052      310.41564      29545.606      20313.889      3422.6479      23736.537      10389.336      0              1713.0648      2487.7656      5723.7235      0              1.2494646    
   3070000   61321.063      307.2765       28724.378      20348.391      3388.0358      23736.427      10361.355      0              1712.3184      2546.1379      5728.5798      0              1.2579204    
   3080000   61194.027      301.59367      30685.732      20706.224      3325.3768      24031.601      10549.615      0              1732.4055      2556.2191      5867.9842      0              1.2605318    
   3090000   61007.871      312.31639      28945.01       20591.44       3443.6056      24035.045      10358.641      0              1843.6767      2571.1433      5817.9783      0              1.2643781    
   3100000   61195.106      301.46579      29409.816      20699.379      3323.9667      24023.345      10468.746      0              1765.3919      2647.2961      5817.9445      0              1.2605095    
   3110000   61018.627      308.73457      30741.299      20451.194      3404.1124      23855.307      10445.018      0              1688.4024      2593.5529      5724.2207      0              1.2641552    
   3120000   61213.407      309.9924       30540.434      20433.871      3417.9813      23851.852      10399.369      0              1734.6353      2533.4523      5766.4141      0              1.2601327    
   3130000   61013.513      304.48733      28781.722      20497.086      3357.2823      23854.368      10410.154      0              1764.0401      2537.6069      5785.285       0              1.2642611    
   3140000   60936.866      306.53548      29578.033      20515.47       3379.8652      23895.335      10457.159      0              1733.1773      2562.1614      5762.9717      0              1.2658513    
   3150000   61118.931      311.12507      28834.652      20548.104      3430.4702      23978.575      10376.991      0              1822.8326      2637.98        5710.3005      0              1.2620806    
   3160000   60861.27       306.98165      30130.274      20615.281      3384.7847      24000.066      10488.577      0              1756.3997      2595.1855      5775.1188      0              1.2674237    
   3170000   61059.991      303.32552      28392.085      20516.25       3344.4722      23860.722      10442.12       0              1763.3845      2563.185       5747.5602      0              1.2632988    
   3180000   60887.337      312.27344      29850.548      20633.782      3443.1321      24076.914      10485.769      0              1706.1792      2576.0109      5865.8226      0              1.2668811    
   3190000   60884.373      312.79328      29042.28       20614.873      3448.8639      24063.737      10510.681      0              1732.2137      2632.8799      5739.0984      0              1.2669427    
   3200000   60919.815      315.89543      28934.887      20601.715      3483.0682      24084.783      10452.417      0              1768.8868      2611.5261      5768.8849      0              1.2662057    
   3210000   60784.636      312.00967      31349.196      20586.556      3440.2237      24026.78       10521.762      0              1698.4911      2573.6438      5792.659       0              1.2690216    
   3220000   61152.638      308.52703      28974.831      20489.561      3401.8241      23891.385      10424.679      0              1739.635       2599.1105      5726.1365      0              1.2613849    
   3230000   60751.281      307.07862      30514.328      20616.728      3385.8539      24002.582      10529.169      0              1703.3745      2610.983       5773.2017      0              1.2697183    
   3240000   60931.944      304.35598      30951.413      20715.954      3355.834       24071.788      10670.281      0              1732.1798      2578.9922      5734.5001      0              1.2659536    
   3250000   60981.809      301.92989      31326.217      20643.606      3329.0839      23972.69       10534.821      0              1767.6268      2609.8881      5731.27        0              1.2649184    
   3260000   60948.896      303.81249      30665.702      20629.968      3349.8415      23979.809      10484.461      0              1765.0801      2637.2598      5743.1669      0              1.2656015    
   3270000   60934.625      311.65523      29463.986      20669.167      3436.3157      24105.483      10441.179      0              1844.5496      2577.3064      5806.1317      0              1.2658979    
   3280000   60910.007      307.63117      30836.825      20645.019      3391.9463      24036.966      10535.137      0              1781.3953      2574.3191      5754.1675      0              1.2664095    
   3290000   60919.81       312.25432      30342.382      20575.371      3442.9212      24018.292      10433.148      0              1789.4465      2624.7038      5728.0722      0              1.2662058    
   3300000   60919.835      313.50623      28386.245      20501.51       3456.7248      23958.235      10334.355      0              1799.8513      2578.2684      5789.0355      0              1.2662052    
   3310000   61147.674      313.32724      28663.829      20350.801      3454.7513      23805.553      10315.728      0              1678.0912      2579.5286      5777.4532      0              1.2614873    
   3320000   60978.383      310.93467      28966.359      20615.03       3428.3708      24043.4        10388.477      0              1752.1825      2633.9748      5840.3955      0              1.2649895    
   3330000   60799.546      298.04664      28207.815      20510.11       3286.2671      23796.377      10386.922      0              1745.9613      2562.4378      5814.7883      0              1.2687104    
   3340000   60837.99       310.41355      29837.833      20589.146      3422.6249      24011.771      10386.393      0              1785.8866      2577.0267      5839.8396      0              1.2679087    
   3350000   60815.162      313.96626      30286.341      20484.633      3461.7971      23946.431      10352.991      0              1760.9823      2550.6895      5819.9704      0              1.2683846    
   3360000   60929.452      302.65325      29228.047      20535.296      3337.0597      23872.356      10355.477      0              1762.0964      2608.6981      5809.0251      0              1.2660054    
   3370000   60931.144      305.99672      29182.123      20453.622      3373.9249      23827.547      10359.141      0              1767.9481      2552.1661      5774.3668      0              1.2659702    
   3380000   60782.722      311.43942      29807.369      20514.185      3433.9361      23948.121      10344.588      0              1749.5862      2605.9808      5814.0302      0              1.2690615    
   3390000   60980.787      302.85521      29064.403      20463.603      3339.2865      23802.889      10347.52       0              1753.4986      2539.538       5823.0458      0              1.2649396    
   3400000   60660.036      317.50492      31733.311      20494.422      3500.8145      23995.236      10429.899      0              1715.2483      2570.5792      5778.6953      0              1.2716282    
   3410000   60790.114      303.83604      29427.623      20622.304      3350.1011      23972.405      10349.25       0              1776.0231      2628.6518      5868.3788      0              1.2689072    
   3420000   60799          302.58625      28735.581      20454.492      3336.321       23790.813      10318.643      0              1691.681       2608.7829      5835.3852      0              1.2687218    
   3430000   60733.974      301.20194      29137.897      20698.571      3321.0575      24019.629      10429.027      0              1722.2409      2663.2125      5884.0904      0              1.2700801    
   3440000   60873.183      307.95043      29526.519      20472.462      3395.4665      23867.929      10263.167      0              1765.3793      2645.0558      5798.8605      0              1.2671756    
   3450000   60934.148      308.0288       29657.42       20485.279      3396.3306      23881.609      10370.466      0              1752.0269      2614.6603      5748.1261      0              1.2659078    
   3460000   60843.499      306.17216      28790.905      20569.316      3375.8592      23945.175      10473.112      0              1746.9256      2597.5091      5751.7688      0              1.2677939    
   3470000   60672.795      309.32208      29459.592      20628.361      3410.5904      24038.951      10396.896      0              1768.2447      2607.4855      5855.7343      0              1.2713608    
   3480000   60866.938      307.89382      31627.444      20526.362      3394.8423      23921.204      10414.989      0              1740.1906      2606.3883      5764.7934      0              1.2673056    
   3490000   60972.315      308.22554      29282.101      20567.122      3398.4998      23965.621      10444.561      0              1748.4547      2545.3939      5828.7122      0              1.2651154    
   3500000   60833.63       307.66309      29571.143      20463.257      3392.2983      23855.555      10338.021      0              1772.548       2560.4059      5792.2815      0              1.2679995    
   3501075   60904.944      309.02394      29106.328      20421.513      3407.3031      23828.816      10290.886      0              1707.8161      2592.3394      5830.4714      0              1.2665148    
Loop time of 364.831 on 48 procs for 500000 steps with 3700 atoms

Performance: 11.841 ns/day, 2.027 hours/ns, 1370.498 timesteps/s, 5.071 Matom-step/s
99.9% CPU use with 48 MPI tasks x 1 OpenMP threads

MPI task timing breakdown:
Section |  min time  |  avg time  |  max time  |%varavg| %total
---------------------------------------------------------------
Pair    | 159        | 207.87     | 270.44     | 152.3 | 56.98
Bond    | 22.602     | 31.752     | 39.382     |  62.2 |  8.70
Neigh   | 0.56868    | 0.57129    | 0.574      |   0.2 |  0.16
Comm    | 41.358     | 111.38     | 169.29     | 237.5 | 30.53
Output  | 0.021215   | 0.038881   | 0.054816   |   4.6 |  0.01
Modify  | 9.7217     | 10.239     | 10.898     |   9.2 |  2.81
Other   |            | 2.982      |            |       |  0.82

Nlocal:        77.0833 ave          95 max          61 min
Histogram: 2 1 6 9 9 8 4 7 0 2
Nghost:        3494.88 ave        3542 max        3465 min
Histogram: 2 5 11 8 9 7 3 2 0 1
Neighs:        26638.4 ave       36214 max       20975 min
Histogram: 3 6 7 12 11 3 4 1 0 1

Total # of neighbors = 1278644
Ave neighs/atom = 345.57946
Ave special neighs/atom = 11.898378
Neighbor list builds = 464
Dangerous builds = 0
Generated 0 of 10 mixed pair_coeff terms from geometric mixing rule
Setting up Verlet run ...
  Unit style    : real
  Current step  : 3501075
  Time step     : 0.1
WARNING: Inconsistent image flags (src/domain.cpp:1051)
Per MPI rank memory allocation (min/avg/max) = 13.93 | 13.98 | 14.4 Mbytes
   Step         Volume          Temp          Press          PotEng         KinEng         TotEng         E_vdwl         E_coul         E_bond        E_angle        E_dihed        E_impro        Density    
   3501075   60904.944      600            31514.326      20421.513      6615.6098      27037.122      10290.886      0              1707.8161      2592.3394      5830.4714      0              1.2665148    
   3510000   60904.944      602.20039      30803.958      23800.466      6639.8714      30440.338      10698.301      0              2819.6462      3772.3812      6510.1383      0              1.2665148    
   3520000   60904.944      607.73683      32548.064      23863.86       6700.9163      30564.777      10641.553      0              2873.8958      3767.6087      6580.8032      0              1.2665148    
   3530000   60904.944      606.76456      31618.101      23717.455      6690.196       30407.651      10634.057      0              2787.1275      3660.921       6635.3492      0              1.2665148    
   3540000   60904.944      596.03414      28506.499      23843.739      6571.8822      30415.621      10556.794      0              2895.225       3708.0229      6683.6964      0              1.2665148    
   3550000   60904.944      598.36281      30174.795      23675.774      6597.5581      30273.332      10596.239      0              2761.0421      3692.4157      6626.0768      0              1.2665148    
   3560000   60904.944      596.05707      30165.242      23893.501      6572.135       30465.636      10633.092      0              2824.0746      3797.7129      6638.6216      0              1.2665148    
   3570000   60904.944      589.90666      31732.388      23955.471      6504.3205      30459.792      10612.218      0              2859.0871      3775.9929      6708.1728      0              1.2665148    
   3580000   60904.944      593.09829      30247.848      23902.126      6539.5114      30441.637      10688.389      0              2778.1436      3676.9845      6758.6082      0              1.2665148    
   3590000   60904.944      601.19202      30213.661      23711.696      6628.7531      30340.449      10633.294      0              2756.0564      3686.6032      6635.7419      0              1.2665148    
   3600000   60904.944      606.29848      29713.442      23977.032      6685.0569      30662.089      10787.454      0              2817.4932      3756.0979      6615.9873      0              1.2665148    
   3610000   60904.944      600.81992      28841.386      23887.56       6624.6503      30512.211      10612.829      0              2819.6965      3699.2525      6755.7823      0              1.2665148    
   3620000   60904.944      607.53489      31126.304      23752.782      6698.6897      30451.472      10684.044      0              2771.929       3641.8718      6654.9368      0              1.2665148    
   3630000   60904.944      602.05186      31016.637      23872.847      6638.2336      30511.08       10604.723      0              2781.0655      3742.1142      6744.9436      0              1.2665148    
   3640000   60904.944      596.60406      29501.511      23767.81       6578.1661      30345.976      10524.526      0              2855.6282      3705.0042      6682.6517      0              1.2665148    
   3650000   60904.944      605.67252      33166.173      23861.688      6678.1551      30539.843      10633.711      0              2862.5827      3740.9537      6624.4402      0              1.2665148    
   3660000   60904.944      607.81425      30034.706      24011.396      6701.7699      30713.166      10705.394      0              2901.4927      3736.6554      6667.8534      0              1.2665148    
   3670000   60904.944      609.52864      30687.151      23777.858      6720.6728      30498.531      10694.273      0              2812.4615      3708.7556      6562.3674      0              1.2665148    
   3680000   60904.944      601.84732      31956.416      23918.075      6635.9784      30554.054      10777.339      0              2838.7022      3700.8332      6601.2014      0              1.2665148    
   3690000   60904.944      602.26225      29354.346      23860.294      6640.5534      30500.847      10553.095      0              2839.546       3732.102       6735.5502      0              1.2665148    
   3700000   60904.944      599.61173      30522.736      23699.119      6611.3287      30310.448      10532.945      0              2906.9049      3654.4434      6604.826       0              1.2665148    
   3710000   60904.944      601.55692      30779.152      23961.222      6632.7764      30593.999      10638.372      0              2836.3319      3831.7525      6654.7656      0              1.2665148    
   3720000   60904.944      591.3083       32769.184      23934.149      6519.775       30453.924      10632.279      0              2761.3252      3717.281       6823.2639      0              1.2665148    
   3730000   60904.944      596.7283       31524.875      23900.535      6579.536       30480.071      10580.018      0              2868.8355      3737.3125      6714.3691      0              1.2665148    
   3740000   60904.944      607.1548       30223.588      23855.906      6694.4987      30550.405      10551.611      0              2784.5727      3741.326       6778.3968      0              1.2665148    
   3750000   60904.944      603.99669      33068.345      23792.94       6659.6774      30452.618      10567.808      0              2813.0915      3718.259       6693.7822      0              1.2665148    
   3760000   60904.944      611.12104      32620.786      23878.371      6738.2306      30616.602      10703.931      0              2872.5181      3746.3304      6555.5918      0              1.2665148    
   3770000   60904.944      597.39158      31882.753      23818.965      6586.8493      30405.814      10768.197      0              2836.0842      3684.1485      6530.535       0              1.2665148    
   3780000   60904.944      600.3982       29631.321      23660.207      6620.0004      30280.208      10557.218      0              2855.9249      3712.0432      6535.0213      0              1.2665148    
   3790000   60904.944      609.73431      33445.935      23876.236      6722.9405      30599.177      10842.699      0              2759.934       3729.4796      6544.1242      0              1.2665148    
   3800000   60904.944      594.78611      32821.044      24007.62       6558.1213      30565.741      10827.651      0              2819.3591      3667.2279      6693.382       0              1.2665148    
   3810000   60904.944      601.42868      32188.344      23817.719      6631.3625      30449.081      10681.757      0              2823.7587      3715.7919      6596.4117      0              1.2665148    
   3820000   60904.944      602.22553      32406.853      23907.345      6640.1485      30547.493      10709.965      0              2776.8411      3818.7229      6601.8155      0              1.2665148    
   3830000   60904.944      600.56819      32307.581      23666.84       6621.8747      30288.714      10546.426      0              2822.0906      3703.8252      6594.4975      0              1.2665148    
   3840000   60904.944      611.26527      31611.277      23653.204      6739.8209      30393.025      10555.497      0              2817.8632      3670.6294      6609.2146      0              1.2665148    
   3850000   60904.944      600.02244      31808.218      23444.746      6615.8573      30060.604      10502.155      0              2755.3184      3614.3632      6572.9094      0              1.2665148    
   3860000   60904.944      597.83136      32975.355      23626.868      6591.6984      30218.566      10562.869      0              2855.1205      3647.1314      6561.7467      0              1.2665148    
   3870000   60904.944      598.81402      28102.858      23612.404      6602.5332      30214.937      10366.386      0              2885.9034      3734.8224      6625.2918      0              1.2665148    
   3880000   60904.944      603.93495      30470.95       23759.771      6658.9967      30418.767      10535.528      0              2875.2724      3669.8074      6679.1632      0              1.2665148    
   3890000   60904.944      593.31746      31520.182      23790.185      6541.928       30332.113      10598.728      0              2853.4672      3628.0342      6709.9557      0              1.2665148    
   3900000   60904.944      592.45755      32162.205      23673.271      6532.4466      30205.717      10630.801      0              2852.9499      3561.598       6627.9219      0              1.2665148    
   3910000   60904.944      586.09258      31066.931      23696.569      6462.2664      30158.835      10576.305      0              2779.3801      3690.4414      6650.4423      0              1.2665148    
   3920000   60904.944      603.65249      29774.223      23620.198      6655.8823      30276.08       10506.881      0              2776.8474      3742.9726      6593.4964      0              1.2665148    
   3930000   60904.944      608.66843      31375.581      23678.897      6711.1881      30390.085      10502.215      0              2669.9733      3778.4705      6728.2382      0              1.2665148    
   3940000   60904.944      597.29735      30442.825      23609.859      6585.8103      30195.67       10486.524      0              2763.3428      3777.6444      6582.3477      0              1.2665148    
   3950000   60904.944      593.28137      29554.316      23670.85       6541.5301      30212.38       10630.675      0              2830.3723      3667.2092      6542.5933      0              1.2665148    
   3960000   60904.944      602.39989      30311.519      23850.866      6642.0711      30492.937      10573.089      0              2903.68        3748.948       6625.1496      0              1.2665148    
   3970000   60904.944      595.7293       28927.035      23578.693      6568.521       30147.214      10403.63       0              2818.6433      3689.5802      6666.8396      0              1.2665148    
   3980000   60904.944      600.36968      30675.043      23569.861      6619.6859      30189.547      10510.335      0              2733.0983      3632.2499      6694.178       0              1.2665148    
   3990000   60904.944      602.93938      27374.114      23717.809      6648.0195      30365.828      10341.424      0              2877.3047      3759.7844      6739.2963      0              1.2665148    
   4000000   60904.944      608.98423      31254.705      23585.475      6714.6701      30300.145      10381.769      0              2790.9767      3728.0153      6684.7147      0              1.2665148    
   4001075   60904.944      600.91995      32824.095      23632.121      6625.7533      30257.874      10360.486      0              2763.8368      3752.8363      6754.9618      0              1.2665148    
Loop time of 336.634 on 48 procs for 500000 steps with 3700 atoms

Performance: 12.833 ns/day, 1.870 hours/ns, 1485.292 timesteps/s, 5.496 Matom-step/s
99.9% CPU use with 48 MPI tasks x 1 OpenMP threads

MPI task timing breakdown:
Section |  min time  |  avg time  |  max time  |%varavg| %total
---------------------------------------------------------------
Pair    | 161.17     | 202.83     | 260.14     | 151.5 | 60.25
Bond    | 19.738     | 26.596     | 32.758     |  53.9 |  7.90
Neigh   | 0.89097    | 0.89533    | 0.89936    |   0.3 |  0.27
Comm    | 37.541     | 100.74     | 149.32     | 238.1 | 29.93
Output  | 0.02117    | 0.038832   | 0.054546   |   4.6 |  0.01
Modify  | 2.6428     | 3.1579     | 3.8589     |  17.8 |  0.94
Other   |            | 2.376      |            |       |  0.71

Nlocal:        77.0833 ave          91 max          66 min
Histogram: 6 1 9 5 5 7 6 4 3 2
Nghost:        3486.46 ave        3508 max        3461 min
Histogram: 1 3 6 6 6 2 10 5 5 4
Neighs:          26584 ave       33176 max       21423 min
Histogram: 3 2 9 9 8 5 7 2 1 2

Total # of neighbors = 1276034
Ave neighs/atom = 344.87405
Ave special neighs/atom = 11.898378
Neighbor list builds = 729
Dangerous builds = 0
Generated 0 of 10 mixed pair_coeff terms from geometric mixing rule
Setting up Verlet run ...
  Unit style    : real
  Current step  : 4001075
  Time step     : 0.1
WARNING: Inconsistent image flags (src/domain.cpp:1051)
Per MPI rank memory allocation (min/avg/max) = 13.93 | 13.98 | 14.4 Mbytes
   Step         Volume          Temp          Press          PotEng         KinEng         TotEng         E_vdwl         E_coul         E_bond        E_angle        E_dihed        E_impro        Density    
   4001075   60904.944      308            30400.01       23632.121      3396.013       27028.134      10360.486      0              2763.8368      3752.8363      6754.9618      0              1.2665148    
   4010000   60904.944      316.22158      28151.016      20387.99       3486.6643      23874.654      10119.138      0              1765.6989      2595.7739      5907.3788      0              1.2665148    
   4020000   60904.944      305.29789      27897.583      20411.127      3366.2195      23777.347      10198.808      0              1737.7728      2550.2436      5924.3032      0              1.2665148    
   4030000   60904.944      307.56306      30507.297      20425.725      3391.1953      23816.921      10266.803      0              1722.5657      2524.6483      5911.708       0              1.2665148    
   4040000   60904.944      318.52499      30523.002      20301.575      3512.0618      23813.636      10179.998      0              1721.8636      2559.0318      5840.6812      0              1.2665148    
   4050000   60904.944      311.31         28959.5        20336.293      3432.5091      23768.802      10109.523      0              1760.9355      2574.9022      5890.9321      0              1.2665148    
   4060000   60904.944      311.5383       28419.91       20299.457      3435.0264      23734.483      10097.669      0              1752.2646      2588.0916      5861.4314      0              1.2665148    
   4070000   60904.944      299.7919       29671.491      20313.898      3305.5104      23619.408      10195.064      0              1740.3849      2533.855       5844.5939      0              1.2665148    
   4080000   60904.944      307.02025      27607.456      20376.977      3385.2103      23762.188      10107.469      0              1794.4152      2567.1453      5907.9479      0              1.2665148    
   4090000   60904.944      303.37709      29909.624      20339.651      3345.0408      23684.692      10089.599      0              1752.4022      2604.223       5893.4267      0              1.2665148    
   4100000   60904.944      313.23557      29609.981      20342.602      3453.7405      23796.343      10134.173      0              1779.0233      2559.6685      5869.737       0              1.2665148    
   4110000   60904.944      308.52252      28415.847      20424.823      3401.7743      23826.597      10199.554      0              1824.9048      2538.4464      5861.9173      0              1.2665148    
   4120000   60904.944      309.24867      30016.332      20336.668      3409.7809      23746.449      10257.817      0              1750.0723      2521.0208      5807.7577      0              1.2665148    
   4130000   60904.944      304.80983      29182.183      20314.793      3360.8382      23675.631      10055.768      0              1812.5029      2554.3314      5892.1909      0              1.2665148    
   4140000   60904.944      305.13509      29021.196      20332.526      3364.4245      23696.951      10128.74       0              1722.5322      2557.4393      5923.815       0              1.2665148    
   4150000   60904.944      304.9229       29561.244      20363.079      3362.0849      23725.163      10197.949      0              1795.7974      2568.9966      5800.3357      0              1.2665148    
   4160000   60904.944      313.09814      30041.192      20372.346      3452.2252      23824.571      10194.477      0              1700.0644      2565.9359      5911.8682      0              1.2665148    
   4170000   60904.944      306.12677      29755.581      20297.391      3375.3587      23672.75       10110.96       0              1755.0085      2559.8677      5871.5547      0              1.2665148    
   4180000   60904.944      314.51643      29018.018      20387.046      3467.8633      23854.909      10116.683      0              1774.8707      2549.4637      5946.0284      0              1.2665148    
   4190000   60904.944      307.84432      29030.21       20420.14       3394.2965      23814.437      10238.864      0              1743.7165      2552.5344      5885.0255      0              1.2665148    
   4200000   60904.944      305.61979      29288.94       20262.04       3369.7688      23631.808      10139.226      0              1724.5409      2522.2237      5876.0489      0              1.2665148    
   4210000   60904.944      314.36286      29480.963      20388.003      3466.17        23854.173      10140.182      0              1777.8251      2594.4938      5875.5018      0              1.2665148    
   4220000   60904.944      301.17409      29294.153      20395.492      3320.7504      23716.242      10148.595      0              1754.3032      2571.3906      5921.2025      0              1.2665148    
   4230000   60904.944      312.08714      30903.401      20439.991      3441.0779      23881.069      10241.138      0              1716.2284      2605.9805      5876.6437      0              1.2665148    
   4240000   60904.944      303.77034      29557.865      20407.363      3349.3768      23756.74       10079.278      0              1811.2383      2558.9055      5957.9416      0              1.2665148    
   4250000   60904.944      312.75647      29791.636      20488.426      3448.458       23936.884      10225.581      0              1786.6341      2591.7887      5884.422       0              1.2665148    
   4260000   60904.944      307.55606      29862.618      20466.212      3391.1182      23857.33       10173.313      0              1762.154       2578.546       5952.199       0              1.2665148    
   4270000   60904.944      302.10051      27655.385      20508.644      3330.9652      23839.609      10264.189      0              1712.4414      2655.708       5876.3058      0              1.2665148    
   4280000   60904.944      308.46603      28645.374      20458.896      3401.1515      23860.047      10213.745      0              1759.8698      2606.126       5879.1554      0              1.2665148    
   4290000   60904.944      310.10339      30204.725      20447.979      3419.205       23867.184      10280.57       0              1730.0962      2549.6341      5887.6786      0              1.2665148    
   4300000   60904.944      301.2978       30685.14       20398.072      3322.1144      23720.187      10198.051      0              1748.759       2581.9885      5869.2735      0              1.2665148    
   4310000   60904.944      304.86522      29818.034      20363.53       3361.4489      23724.979      10180.159      0              1730.7186      2562.7172      5889.9349      0              1.2665148    
   4320000   60904.944      314.35406      30258.631      20465.421      3466.073       23931.494      10209.754      0              1776.8325      2544.0508      5934.7836      0              1.2665148    
   4330000   60904.944      302.39338      30624.412      20534.813      3334.1944      23869.008      10210.061      0              1792.2074      2639.7202      5892.8242      0              1.2665148    
   4340000   60904.944      307.54152      29564.809      20449.114      3390.9579      23840.072      10280.828      0              1743.558       2546.4408      5878.2874      0              1.2665148    
   4350000   60904.944      308.69094      29416.606      20455.482      3403.6314      23859.114      10244.631      0              1802.5917      2515.5078      5892.7519      0              1.2665148    
   4360000   60904.944      307.79729      30172.37       20441.686      3393.7779      23835.464      10213.619      0              1779.4735      2593.4822      5855.1111      0              1.2665148    
   4370000   60904.944      315.69049      30841.099      20453.807      3480.8085      23934.616      10234.656      0              1723.58        2602.3086      5893.2624      0              1.2665148    
   4380000   60904.944      307.12137      30345.01       20415.619      3386.3252      23801.944      10235.151      0              1758.5988      2575.8284      5846.0407      0              1.2665148    
   4390000   60904.944      307.65156      29207.573      20479.994      3392.1711      23872.165      10280.62       0              1798.8745      2579.9987      5820.501       0              1.2665148    
   4400000   60904.944      303.58147      31211.017      20468.07       3347.2943      23815.364      10199.639      0              1761.0288      2619.3973      5888.0044      0              1.2665148    
   4410000   60904.944      315.87707      28589.158      20395.693      3482.8657      23878.559      10154.882      0              1765.0274      2549.5928      5926.1911      0              1.2665148    
   4420000   60904.944      304.65264      29773.793      20421.736      3359.105       23780.841      10180.832      0              1715.4844      2601.7976      5923.6219      0              1.2665148    
   4430000   60904.944      304.43646      29258.078      20425.258      3356.7214      23781.979      10148.538      0              1739.9996      2612.5479      5924.172       0              1.2665148    
   4440000   60904.944      306.6294       30657.23       20353.33       3380.9008      23734.231      10177.684      0              1751.9952      2581.6044      5842.0465      0              1.2665148    
   4450000   60904.944      313.45233      29886.153      20372.183      3456.1305      23828.314      10154.903      0              1728.0298      2525.2424      5964.0077      0              1.2665148    
   4460000   60904.944      311.5812       30900.021      20410.463      3435.4995      23845.962      10229.588      0              1715.6223      2599.1134      5866.1391      0              1.2665148    
   4470000   60904.944      311.34302      29260.168      20289.747      3432.8733      23722.621      10152.851      0              1740.0021      2539.8743      5857.0199      0              1.2665148    
   4480000   60904.944      313.4254       31120.911      20354.399      3455.8336      23810.232      10211.315      0              1752.6024      2559.7086      5830.7728      0              1.2665148    
   4490000   60904.944      305.38073      30130.315      20468.029      3367.1329      23835.162      10240.051      0              1804.9279      2584.5517      5838.4985      0              1.2665148    
   4500000   60904.944      304.35501      29524.001      20314.175      3355.8233      23669.998      10173.53       0              1769.5474      2572.6693      5798.4282      0              1.2665148    
   4510000   60904.944      297.30863      29957.596      20395.164      3278.1299      23673.294      10193.63       0              1705.0684      2611.9885      5884.4775      0              1.2665148    
   4520000   60904.944      302.81739      29740.371      20603.334      3338.8695      23942.204      10218.665      0              1821.717       2645.143       5917.8089      0              1.2665148    
   4530000   60904.944      311.54269      29408.772      20367.984      3435.0749      23803.059      10162.88       0              1729.2483      2590.8897      5884.9658      0              1.2665148    
   4540000   60904.944      306.70185      29821.944      20406.846      3381.6996      23788.546      10192.183      0              1743.7929      2597.3656      5873.505       0              1.2665148    
   4550000   60904.944      303.72118      28955.636      20254.852      3348.8347      23603.686      10114.258      0              1756.9773      2534.5343      5849.0816      0              1.2665148    
   4560000   60904.944      305.24722      30445.473      20358.163      3365.6608      23723.824      10195.601      0              1727.3483      2573.837       5861.3769      0              1.2665148    
   4570000   60904.944      310.42825      29357.065      20398.875      3422.7869      23821.662      10204.916      0              1785.1827      2569.9138      5838.8629      0              1.2665148    
   4580000   60904.944      308.47632      29389.243      20384.567      3401.265       23785.832      10191.7        0              1695.1384      2599.2088      5898.5199      0              1.2665148    
   4590000   60904.944      300.61326      27744.137      20380.323      3314.5668      23694.889      10225.649      0              1753.3158      2531.5081      5869.8494      0              1.2665148    
   4600000   60904.944      309.36396      29739.746      20388.085      3411.052       23799.137      10145.227      0              1692.8168      2597.8854      5952.1557      0              1.2665148    
   4610000   60904.944      311.59627      28985.6        20339.954      3435.6656      23775.62       10101.551      0              1775.5265      2606.4641      5856.4127      0              1.2665148    
   4620000   60904.944      305.84579      29730.863      20414.084      3372.2606      23786.344      10184.242      0              1740.6925      2557.4138      5931.7353      0              1.2665148    
   4630000   60904.944      306.91481      29323.698      20396.634      3384.0477      23780.682      10188.9        0              1791.5678      2594.6266      5821.5403      0              1.2665148    
   4640000   60904.944      306.15285      29005.773      20381.078      3375.6464      23756.725      10189.077      0              1778.5576      2559.9188      5853.5249      0              1.2665148    
   4650000   60904.944      308.09994      30114.439      20340.798      3397.115       23737.913      10154.476      0              1749.8595      2565.655       5870.807       0              1.2665148    
   4660000   60904.944      311.90402      30316.686      20403.784      3439.0588      23842.843      10209.473      0              1786.5282      2546.3286      5861.4544      0              1.2665148    
   4670000   60904.944      306.41696      30102.824      20474.809      3378.5584      23853.367      10179.306      0              1771.982       2585.6149      5937.9059      0              1.2665148    
   4680000   60904.944      304.64812      28824.356      20450.536      3359.0551      23809.591      10222.364      0              1746.9645      2580.6763      5900.5314      0              1.2665148    
   4690000   60904.944      310.27271      28586.479      20387.434      3421.072       23808.506      10103.57       0              1818.4747      2562.8131      5902.5768      0              1.2665148    
   4700000   60904.944      309.36524      30233.339      20333.634      3411.0662      23744.7        10171.222      0              1682.3979      2595.1615      5884.8529      0              1.2665148    
   4710000   60904.944      306.52536      27156.717      20330.241      3379.7537      23709.995      10131.601      0              1763.4333      2578.6691      5856.5377      0              1.2665148    
   4720000   60904.944      306.85348      30261.145      20378.469      3383.3715      23761.84       10249.405      0              1718.9969      2549.7544      5860.3128      0              1.2665148    
   4730000   60904.944      311.4696       29294.952      20326.631      3434.2689      23760.9        10138.081      0              1718.1037      2548.1079      5922.3383      0              1.2665148    
   4740000   60904.944      306.60308      30250.021      20297.815      3380.6106      23678.426      10162.46       0              1750.4443      2532.0494      5852.8609      0              1.2665148    
   4750000   60904.944      307.05834      28990.489      20496.588      3385.6303      23882.218      10315.688      0              1820.5526      2525.4805      5834.8674      0              1.2665148    
   4760000   60904.944      309.07973      28961.012      20411.239      3407.9182      23819.157      10210.206      0              1720.0214      2611.7863      5869.2246      0              1.2665148    
   4770000   60904.944      308.59192      27530.73       20454.565      3402.5395      23857.105      10223.916      0              1782.8487      2590.273       5857.5278      0              1.2665148    
   4780000   60904.944      309.91039      30223.148      20542.135      3417.0771      23959.212      10264.077      0              1741.5171      2609.5107      5927.03        0              1.2665148    
   4790000   60904.944      318.01661      29768.12       20450.763      3506.4564      23957.219      10168.771      0              1817.3928      2575.0652      5889.5339      0              1.2665148    
   4800000   60904.944      308.28741      28673.98       20423.733      3399.182       23822.915      10204.972      0              1784.7102      2557.0542      5876.9959      0              1.2665148    
   4810000   60904.944      297.82764      28591.206      20449.165      3283.8525      23733.017      10110.12       0              1812.1037      2577.4972      5949.4441      0              1.2665148    
   4820000   60904.944      314.37893      29603.828      20379.338      3466.3472      23845.686      10170.799      0              1726.6171      2563.6275      5918.2945      0              1.2665148    
   4830000   60904.944      305.62464      29152.574      20512.14       3369.8222      23881.962      10254.345      0              1751.8786      2600.0912      5905.8253      0              1.2665148    
   4840000   60904.944      310.57789      32775.293      20442.398      3424.4369      23866.835      10251.329      0              1713.7262      2582.7867      5894.5559      0              1.2665148    
   4850000   60904.944      302.42117      31130.753      20440.537      3334.5007      23775.038      10185.501      0              1750.4881      2619.4927      5885.0546      0              1.2665148    
   4860000   60904.944      300.10854      31571.167      20451.158      3309.0016      23760.159      10265.673      0              1760.7544      2605.8571      5818.8736      0              1.2665148    
   4870000   60904.944      308.61934      28202.595      20398.887      3402.8419      23801.729      10139.436      0              1785.2976      2601.3274      5872.8263      0              1.2665148    
   4880000   60904.944      315.05579      30249.45       20416.728      3473.8103      23890.539      10146.098      0              1765.1891      2609.2458      5896.196       0              1.2665148    
   4890000   60904.944      308.93108      30836.223      20336.053      3406.2791      23742.332      10184.11       0              1744.2485      2528.5907      5879.1037      0              1.2665148    
   4900000   60904.944      310.21223      31177.621      20287.851      3420.4051      23708.257      10199.746      0              1698.7694      2551.4202      5837.9159      0              1.2665148    
   4910000   60904.944      306.03087      29142.975      20428.709      3374.3014      23803.011      10247.91       0              1695.1423      2632.6162      5853.0411      0              1.2665148    
   4920000   60904.944      305.75403      28924.113      20280.738      3371.2489      23651.987      10174.57       0              1710.4775      2567.9783      5827.7122      0              1.2665148    
   4930000   60904.944      312.38212      28896.212      20442.16       3444.3304      23886.49       10241.154      0              1696.1181      2611.2114      5893.6765      0              1.2665148    
   4940000   60904.944      307.67068      27830.18       20375.884      3392.382       23768.266      10130.664      0              1754.2275      2611.4227      5879.5691      0              1.2665148    
   4950000   60904.944      308.00924      29087.504      20431.439      3396.1149      23827.553      10251.454      0              1788.0205      2529.3886      5862.575       0              1.2665148    
   4960000   60904.944      314.03898      29825.261      20367.259      3462.5989      23829.858      10197.822      0              1747.3435      2540.3317      5881.7619      0              1.2665148    
   4970000   60904.944      304.0312       29900.636      20330.067      3352.253       23682.32       10066.103      0              1722.1133      2635.5058      5906.3452      0              1.2665148    
   4980000   60904.944      304.1266       29537.737      20530.901      3353.3048      23884.206      10230.435      0              1764.5153      2620.8745      5915.0764      0              1.2665148    
   4990000   60904.944      304.01039      30022.944      20520.733      3352.0235      23872.757      10322.366      0              1704.5341      2595.0997      5898.7339      0              1.2665148    
   5000000   60904.944      311.25986      28535.207      20289.97       3431.9563      23721.926      10121.349      0              1751.3564      2552.0212      5865.243       0              1.2665148    
   5001075   60904.944      311.62239      28222.813      20320.774      3435.9536      23756.727      10167.901      0              1797.5507      2543.8188      5811.5027      0              1.2665148    
Loop time of 656.521 on 48 procs for 1000000 steps with 3700 atoms

Performance: 13.160 ns/day, 1.824 hours/ns, 1523.180 timesteps/s, 5.636 Matom-step/s
99.9% CPU use with 48 MPI tasks x 1 OpenMP threads

MPI task timing breakdown:
Section |  min time  |  avg time  |  max time  |%varavg| %total
---------------------------------------------------------------
Pair    | 328.78     | 405.26     | 507.77     | 204.5 | 61.73
Bond    | 39.434     | 52.772     | 64.356     |  71.7 |  8.04
Neigh   | 0.86657    | 0.8709     | 0.87474    |   0.3 |  0.13
Comm    | 73.025     | 186.58     | 275.69     | 332.3 | 28.42
Output  | 0.041875   | 0.077218   | 0.10903    |   6.6 |  0.01
Modify  | 5.2451     | 6.2339     | 7.9477     |  26.2 |  0.95
Other   |            | 4.722      |            |       |  0.72

Nlocal:        77.0833 ave          89 max          63 min
Histogram: 2 1 3 6 9 9 8 3 3 4
Nghost:        3476.73 ave        3502 max        3451 min
Histogram: 3 3 3 7 7 9 6 4 2 4
Neighs:          26579 ave       33158 max       21030 min
Histogram: 3 3 6 4 9 12 6 1 2 2

Total # of neighbors = 1275794
Ave neighs/atom = 344.80919
Ave special neighs/atom = 11.898378
Neighbor list builds = 723
Dangerous builds = 0
Generated 0 of 10 mixed pair_coeff terms from geometric mixing rule
Setting up Verlet run ...
  Unit style    : real
  Current step  : 5001075
  Time step     : 0.1
WARNING: Inconsistent image flags (src/domain.cpp:1051)
Per MPI rank memory allocation (min/avg/max) = 13.93 | 13.98 | 14.4 Mbytes
   Step         Volume          Temp          Press          PotEng         KinEng         TotEng         E_vdwl         E_coul         E_bond        E_angle        E_dihed        E_impro        Density    
   5001075   60904.944      308            28192.835      20320.774      3396.013       23716.787      10167.901      0              1797.5507      2543.8188      5811.5027      0              1.2665148    
   5010000   56124.726      303.17059      49256.783      22986.952      3342.7639      26329.716      12052.14       0              1762.3587      2756.9553      6415.4981      0              1.3743856    
   5020000   55865.651      308.93581      49857.868      23051.881      3406.3314      26458.213      12078.379      0              1756.9843      2755.4887      6461.0296      0              1.3807593    
   5030000   56165.905      308.67264      50821.974      22882.435      3403.4295      26285.865      12014.809      0              1772.0424      2712.3793      6383.2041      0              1.3733779    
   5040000   55972.674      312.29727      50629.082      22915.637      3443.3948      26359.032      11972.594      0              1743.9134      2771.381       6427.7485      0              1.3781192    
   5050000   55961.33       311.02415      50771.935      23046.493      3429.3574      26475.851      12045.105      0              1774.5878      2793.6835      6433.1171      0              1.3783985    
   5060000   55948.969      304.86599      52072.422      22961.773      3361.4574      26323.23       12067.493      0              1741.6351      2770.7172      6381.9274      0              1.3787031    
   5070000   56017.641      311.85663      49116.434      22974.626      3438.5363      26413.163      12009.695      0              1793.3754      2754.1091      6417.4473      0              1.3770129    
   5080000   56021.378      313.68448      51404.753      22860.858      3458.6903      26319.548      11980.095      0              1723.5706      2747.3692      6409.8236      0              1.3769211    
   5090000   55955.26       306.82418      49965.434      22917.651      3383.0484      26300.7        11958.075      0              1731.492       2762.265       6465.8197      0              1.3785481    
   5100000   55850.804      311.69802      50448.427      23128.046      3436.7875      26564.834      12109.307      0              1762.5111      2814.2544      6441.9738      0              1.3811263    
   5110000   55974.203      312.36724      49246.1        23109.344      3444.1663      26553.51       11999.847      0              1794.1786      2870.6524      6444.6652      0              1.3780815    
   5120000   55923.755      311.28112      50507.194      23070.909      3432.1907      26503.099      12121.558      0              1751.0463      2795.1499      6403.1541      0              1.3793247    
   5130000   56065.742      304.65101      48523.494      22955.948      3359.087       26315.035      12064.562      0              1732.9691      2780.2139      6378.2032      0              1.3758315    
   5140000   55806.937      308.14807      50824.322      23065.668      3397.6456      26463.313      12081.333      0              1714.594       2806.1388      6463.6022      0              1.3822119    
   5150000   56040.162      314.90098      49860.993      22870.886      3472.1033      26342.99       11988.393      0              1701.7033      2776.8851      6403.9049      0              1.3764595    
   5160000   55962.665      312.8821       49776.548      23009.204      3449.8431      26459.047      11963.056      0              1788.1334      2841.4917      6416.5237      0              1.3783656    
   5170000   55862.728      311.18325      50429.709      23025.219      3431.1116      26456.331      12078.788      0              1723.4869      2760.4529      6462.4919      0              1.3808315    
   5180000   55946.791      315.03184      49804.131      23007.334      3473.5463      26480.88       12070.064      0              1735.7302      2820.9924      6380.5477      0              1.3787567    
   5190000   55844.291      305.63865      49987.214      23048.255      3369.9768      26418.232      12031.985      0              1744.9705      2812.751       6458.5483      0              1.3812874    
   5200000   55961.089      308.33034      50030.141      22886.169      3399.6554      26285.824      11872.466      0              1768.5006      2817.6598      6427.5429      0              1.3784045    
   5210000   56196.506      309.93775      49494.634      22820.244      3417.3788      26237.622      11923.324      0              1795.833       2742.7557      6358.3313      0              1.3726301    
   5220000   56050.59       308.34676      50986.163      22978.815      3399.8365      26378.651      12032.431      0              1795.2683      2748.0308      6403.0848      0              1.3762034    
   5230000   55988.357      318.45455      48137.282      22892.754      3511.2851      26404.039      11816.252      0              1797.976       2806.0697      6472.4567      0              1.3777331    
   5240000   56054.125      312.48211      50552.61       22899.937      3445.4328      26345.37       12060.797      0              1702.0843      2753.348       6383.7075      0              1.3761166    
   5250000   56074.518      309.31053      49843.29       22853.363      3410.4629      26263.826      11948.122      0              1765.5497      2681.8555      6457.8362      0              1.3756162    
   5260000   55897.653      298.77967      50348.635      23021.899      3294.3496      26316.249      12084.796      0              1755.5874      2731.9007      6449.6148      0              1.3799688    
   5270000   56046.122      303.92017      49661.978      22934.609      3351.0287      26285.638      11952.376      0              1778.6158      2739.4124      6464.2053      0              1.3763131    
   5280000   56045.693      305.31949      49877.994      22949.339      3366.4576      26315.797      11890.43       0              1783.8137      2855.4981      6419.5974      0              1.3763237    
   5290000   55931.758      311.44777      48953.146      22960.373      3434.0282      26394.401      11957.61       0              1736.9026      2862.3143      6403.5466      0              1.3791273    
   5300000   55880.546      311.92095      48148.408      22868.468      3439.2455      26307.714      11952.22       0              1800.3364      2730.1591      6385.7526      0              1.3803912    
   5310000   56041.039      310.67444      49342.336      22847.152      3425.5015      26272.653      11904.439      0              1776.4422      2825.0175      6341.2526      0              1.376438     
   5320000   55987.331      306.63173      51043.017      22947.584      3380.9265      26328.51       11980.346      0              1777.112       2757.4248      6432.7008      0              1.3777584    
   5330000   55923.741      311.40827      49613.277      23049.168      3433.5927      26482.761      11922.285      0              1813.5967      2869.8854      6443.4005      0              1.379325     
   5340000   55921.756      307.31095      52259.894      23001.367      3388.4156      26389.782      12025.673      0              1755.0921      2820.9984      6399.6033      0              1.379374     
   5350000   55945.736      306.71185      51457.119      23001.142      3381.8099      26382.952      12107.862      0              1716.657       2781.1414      6395.4815      0              1.3787827    
   5360000   56007.435      307.65658      50584.174      22908.22       3392.2264      26300.446      11987.09       0              1736.9108      2769.1394      6415.0795      0              1.3772638    
   5370000   55786.593      302.94494      50262.761      22980.219      3340.2758      26320.495      12063.728      0              1773.0201      2736.3679      6407.1035      0              1.382716     
   5380000   55980.935      314.82362      49838.629      22983.935      3471.2503      26455.185      12047.514      0              1788.2333      2780.3537      6367.834       0              1.3779158    
   5390000   55987.201      317.20358      50007.779      22821.258      3497.4918      26318.75       12022.422      0              1722.9566      2722.7064      6353.1735      0              1.3777616    
   5400000   56022.922      307.22188      50091.526      22963.209      3387.4334      26350.643      12030.599      0              1750.1431      2786.9086      6395.5583      0              1.3768831    
   5410000   55916.205      301.62905      50568.433      22927.217      3325.7669      26252.984      12038.331      0              1764.4906      2734.0312      6390.3644      0              1.3795109    
   5420000   55903.859      307.82507      50436.038      22930.096      3394.0843      26324.181      11969.069      0              1772.1654      2797.1177      6391.7441      0              1.3798156    
   5430000   55915.58       309.08592      49289.819      22925.97       3407.9864      26333.956      11905.83       0              1817.4359      2800.3898      6402.3141      0              1.3795263    
   5440000   55893.353      311.30283      51192.043      23010.701      3432.4301      26443.131      11980.052      0              1804.6689      2758.7322      6467.2479      0              1.3800749    
   5450000   56052.214      306.08198      47756.819      22950.293      3374.8649      26325.158      12035.264      0              1797.1328      2783.6364      6334.2603      0              1.3761636    
   5460000   55844.142      307.88852      48747.756      23031.723      3394.7838      26426.507      11997.608      0              1768.3681      2853.5804      6412.1672      0              1.3812911    
   5470000   55910.878      308.55777      48906.574      22998.123      3402.163       26400.286      11904.026      0              1796.9722      2866.6965      6430.4281      0              1.3796423    
   5480000   55937.675      304.93888      50279.607      22950.555      3362.261       26312.816      11984.4        0              1761.4383      2800.1373      6404.5786      0              1.3789814    
   5490000   55992.395      300.56985      49967.731      23038.135      3314.0881      26352.223      12022.022      0              1832.2893      2768.5062      6415.3174      0              1.3776338    
   5500000   55917.607      301.92645      49413.306      23111.792      3329.046       26440.838      11983.617      0              1840.8716      2826.0453      6461.2577      0              1.3794763    
   5501075   55841.624      312.14045      49789.449      22934.096      3441.6657      26375.762      12002.803      0              1806.4054      2748.1808      6376.7075      0              1.3813534    
Loop time of 378.116 on 48 procs for 500000 steps with 3700 atoms

Performance: 11.425 ns/day, 2.101 hours/ns, 1322.345 timesteps/s, 4.893 Matom-step/s
99.9% CPU use with 48 MPI tasks x 1 OpenMP threads

MPI task timing breakdown:
Section |  min time  |  avg time  |  max time  |%varavg| %total
---------------------------------------------------------------
Pair    | 181.3      | 228.03     | 275.06     | 137.7 | 60.31
Bond    | 23.859     | 32.048     | 39.228     |  52.8 |  8.48
Neigh   | 0.41255    | 0.41469    | 0.41671    |   0.2 |  0.11
Comm    | 53.989     | 104.71     | 159.59     | 227.8 | 27.69
Output  | 0.020684   | 0.038584   | 0.054753   |   4.7 |  0.01
Modify  | 9.3137     | 9.9427     | 10.549     |   9.4 |  2.63
Other   |            | 2.924      |            |       |  0.77

Nlocal:        77.0833 ave          92 max          61 min
Histogram: 1 2 2 7 12 6 8 8 1 1
Nghost:        3732.67 ave        3759 max        3700 min
Histogram: 3 1 3 5 5 6 12 8 1 4
Neighs:        29041.1 ave       35897 max       22683 min
Histogram: 1 4 4 8 12 7 3 6 1 2

Total # of neighbors = 1393972
Ave neighs/atom = 376.74919
Ave special neighs/atom = 11.898378
Neighbor list builds = 327
Dangerous builds = 0
Generated 0 of 10 mixed pair_coeff terms from geometric mixing rule
Setting up Verlet run ...
  Unit style    : real
  Current step  : 5501075
  Time step     : 0.1
WARNING: Inconsistent image flags (src/domain.cpp:1051)
Per MPI rank memory allocation (min/avg/max) = 13.94 | 13.98 | 14.41 Mbytes
   Step         Volume          Temp          Press          PotEng         KinEng         TotEng         E_vdwl         E_coul         E_bond        E_angle        E_dihed        E_impro        Density    
   5501075   55841.624      600            52387.658      22934.096      6615.6098      29549.706      12002.803      0              1806.4054      2748.1808      6376.7075      0              1.3813534    
   5510000   55841.624      576.9785       54002.976      26423.744      6361.7744      32785.518      12408.48       0              2778.7085      3928.1602      7308.3944      0              1.3813534    
   5520000   55841.624      605.4672       52271.59       26424.558      6675.8913      33100.45       12443.419      0              2761.4391      3945.1601      7274.5402      0              1.3813534    
   5530000   55841.624      590.03356      54914.44       26405.694      6505.7197      32911.413      12484.185      0              2822.6465      3829.3367      7269.5256      0              1.3813534    
   5540000   55841.624      591.78197      52600.321      26317.147      6524.9977      32842.145      12300.43       0              2778.7302      3902.8265      7335.1603      0              1.3813534    
   5550000   55841.624      589.13566      51121.466      26254.705      6495.8194      32750.525      12309.434      0              2772.7824      3902.3211      7270.1682      0              1.3813534    
   5551075   55841.624      608.94642      53348.336      26311.019      6714.2532      33025.272      12373.541      0              2831.7896      3916.1901      7189.4981      0              1.3813534    
Loop time of 34.5657 on 48 procs for 50000 steps with 3700 atoms

Performance: 12.498 ns/day, 1.920 hours/ns, 1446.520 timesteps/s, 5.352 Matom-step/s
99.9% CPU use with 48 MPI tasks x 1 OpenMP threads

MPI task timing breakdown:
Section |  min time  |  avg time  |  max time  |%varavg| %total
---------------------------------------------------------------
Pair    | 17.759     | 22.137     | 26.293     |  42.7 | 64.04
Bond    | 2.0337     | 2.6815     | 3.276      |  14.9 |  7.76
Neigh   | 0.087184   | 0.087585   | 0.088026   |   0.1 |  0.25
Comm    | 4.3507     | 9.081      | 14.101     |  73.4 | 26.27
Output  | 0.0021671  | 0.0039443  | 0.0055527  |   1.5 |  0.01
Modify  | 0.28018    | 0.33045    | 0.39358    |   5.5 |  0.96
Other   |            | 0.2447     |            |       |  0.71

Nlocal:        77.0833 ave          90 max          61 min
Histogram: 1 0 3 6 9 10 8 7 2 2
Nghost:        3732.52 ave        3751 max        3709 min
Histogram: 2 1 5 4 5 11 5 5 8 2
Neighs:        29030.4 ave       35169 max       23093 min
Histogram: 2 2 4 10 7 7 6 6 2 2

Total # of neighbors = 1393460
Ave neighs/atom = 376.61081
Ave special neighs/atom = 11.898378
Neighbor list builds = 69
Dangerous builds = 0
Generated 0 of 10 mixed pair_coeff terms from geometric mixing rule
Setting up Verlet run ...
  Unit style    : real
  Current step  : 5551075
  Time step     : 0.1
WARNING: Inconsistent image flags (src/domain.cpp:1051)
Per MPI rank memory allocation (min/avg/max) = 13.94 | 13.98 | 14.41 Mbytes
   Step         Volume          Temp          Press          PotEng         KinEng         TotEng         E_vdwl         E_coul         E_bond        E_angle        E_dihed        E_impro        Density    
   5551075   55841.624      308            50632.005      26311.019      3396.013       29707.032      12373.541      0              2831.7896      3916.1901      7189.4981      0              1.3813534    
   5560000   55841.624      303.05901      49036.948      23075.714      3341.5336      26417.248      11934.095      0              1797.8517      2831.9416      6511.8257      0              1.3813534    
   5570000   55841.624      307.23438      52222.124      23109.559      3387.5713      26497.13       12141.112      0              1791.9133      2769.4908      6407.0426      0              1.3813534    
   5580000   55841.624      303.44434      49690.962      23058.183      3345.7822      26403.965      12013.23       0              1790.5384      2781.7822      6472.6326      0              1.3813534    
   5590000   55841.624      304.95273      49310.715      23008.977      3362.4138      26371.391      11984.198      0              1737.7259      2811.5633      6475.4903      0              1.3813534    
   5600000   55841.624      311.85271      52783.453      23023.775      3438.4931      26462.268      12066.631      0              1766.5516      2745.0737      6445.5187      0              1.3813534    
   5601075   55841.624      306.93714      51023.644      23016.44       3384.2939      26400.734      12014.477      0              1730.2093      2803.4871      6468.2665      0              1.3813534    
Loop time of 33.9824 on 48 procs for 50000 steps with 3700 atoms

Performance: 12.712 ns/day, 1.888 hours/ns, 1471.350 timesteps/s, 5.444 Matom-step/s
99.9% CPU use with 48 MPI tasks x 1 OpenMP threads

MPI task timing breakdown:
Section |  min time  |  avg time  |  max time  |%varavg| %total
---------------------------------------------------------------
Pair    | 17.785     | 22.122     | 26.166     |  43.6 | 65.10
Bond    | 2.025      | 2.6607     | 3.246      |  15.0 |  7.83
Neigh   | 0.042321   | 0.042524   | 0.042716   |   0.1 |  0.13
Comm    | 4.049      | 8.5795     | 13.544     |  77.0 | 25.25
Output  | 0.0020858  | 0.0038507  | 0.0054223  |   1.5 |  0.01
Modify  | 0.26648    | 0.33156    | 0.40221    |   5.9 |  0.98
Other   |            | 0.2427     |            |       |  0.71

Nlocal:        77.0833 ave          89 max          65 min
Histogram: 2 1 6 10 5 10 1 9 1 3
Nghost:        3731.38 ave        3758 max        3704 min
Histogram: 1 1 6 5 13 6 9 4 2 1
Neighs:        29033.5 ave       34431 max       24131 min
Histogram: 3 6 5 6 9 4 3 5 5 2

Total # of neighbors = 1393610
Ave neighs/atom = 376.65135
Ave special neighs/atom = 11.898378
Neighbor list builds = 34
Dangerous builds = 0
Generated 0 of 10 mixed pair_coeff terms from geometric mixing rule
Setting up Verlet run ...
  Unit style    : real
  Current step  : 5601075
  Time step     : 0.1
WARNING: Inconsistent image flags (src/domain.cpp:1051)
Per MPI rank memory allocation (min/avg/max) = 13.94 | 13.98 | 14.41 Mbytes
   Step         Volume          Temp          Press          PotEng         KinEng         TotEng         E_vdwl         E_coul         E_bond        E_angle        E_dihed        E_impro        Density    
   5601075   55841.624      308            51033.237      23016.44       3396.013       26412.453      12014.477      0              1730.2093      2803.4871      6468.2665      0              1.3813534    
   5610000   62334.365      307.84684      25037.985      19979.343      3394.3243      23373.667      9911.3122      0              1768.1205      2511.0444      5788.8657      0              1.2374717    
   5620000   62365.38       305.54713      26246.004      19925.427      3368.9677      23294.395      9830.3976      0              1757.0674      2526.3706      5811.5916      0              1.2368563    
   5630000   62582.477      304.71976      25150.503      19841.582      3359.8451      23201.427      9802.5752      0              1749.3402      2526.8834      5762.7829      0              1.2325657    
   5640000   62299.052      312.31062      24284.256      19825.663      3443.542       23269.205      9811.0737      0              1761.0301      2500.7393      5752.8198      0              1.2381732    
   5650000   62106.222      308.96625      24269.198      19878.243      3406.6669      23284.91       9787.5864      0              1758.5395      2539.7031      5792.4137      0              1.2420175    
   5660000   62127.939      314.20061      26322.576      19890.572      3464.3811      23354.953      9780.1869      0              1761.0901      2564.1647      5785.1305      0              1.2415833    
   5670000   62154.074      311.46478      24136.458      19867.066      3434.2158      23301.282      9682.3279      0              1751.3183      2550.3311      5883.0888      0              1.2410613    
   5680000   62011.022      305.73896      25815.012      19973.432      3371.0828      23344.515      9826.422       0              1760.2389      2559.6208      5827.1505      0              1.2439243    
   5690000   62164.797      309.65921      26789.111      19789.41       3414.3076      23203.718      9821.1685      0              1660.3823      2551.9485      5755.9112      0              1.2408472    
   5700000   62181.054      315.29554      23372.984      19715.307      3476.4538      23191.761      9635.6028      0              1719.2304      2568.6151      5791.8586      0              1.2405228    
   5701075   62017.884      302.69833      27502.884      19881.683      3337.5567      23219.24       9858.5383      0              1771.562       2476.4029      5775.1796      0              1.2437866    
Loop time of 70.32 on 48 procs for 100000 steps with 3700 atoms

Performance: 12.287 ns/day, 1.953 hours/ns, 1422.070 timesteps/s, 5.262 Matom-step/s
99.9% CPU use with 48 MPI tasks x 1 OpenMP threads

MPI task timing breakdown:
Section |  min time  |  avg time  |  max time  |%varavg| %total
---------------------------------------------------------------
Pair    | 32.869     | 41.022     | 50.431     |  62.7 | 58.34
Bond    | 4.8361     | 6.3434     | 7.621      |  24.0 |  9.02
Neigh   | 0.10862    | 0.10909    | 0.10966    |   0.1 |  0.16
Comm    | 9.5039     | 20.041     | 29.633     | 100.7 | 28.50
Output  | 0.0042877  | 0.0079051  | 0.011044   |   2.1 |  0.01
Modify  | 1.9683     | 2.1097     | 2.274      |   4.6 |  3.00
Other   |            | 0.6864     |            |       |  0.98

Nlocal:        77.0833 ave          89 max          64 min
Histogram: 1 3 7 2 9 9 5 4 5 3
Nghost:         3431.6 ave        3466 max        3387 min
Histogram: 1 1 7 3 4 9 6 12 4 1
Neighs:        26082.4 ave       32145 max       21286 min
Histogram: 4 7 2 8 6 7 7 3 2 2

Total # of neighbors = 1251955
Ave neighs/atom = 338.36622
Ave special neighs/atom = 11.898378
Neighbor list builds = 92
Dangerous builds = 0
Generated 0 of 10 mixed pair_coeff terms from geometric mixing rule
Setting up Verlet run ...
  Unit style    : real
  Current step  : 5701075
  Time step     : 0.1
WARNING: Inconsistent image flags (src/domain.cpp:1051)
Per MPI rank memory allocation (min/avg/max) = 13.94 | 13.98 | 14.41 Mbytes
   Step         Volume          Temp          Press          PotEng         KinEng         TotEng         E_vdwl         E_coul         E_bond        E_angle        E_dihed        E_impro        Density    
   5701075   62017.884      600            29919.078      19881.683      6615.6098      26497.293      9858.5383      0              1771.562       2476.4029      5775.1796      0              1.2437866    
   5710000   62017.884      593.66601      27487.048      23190          6545.7711      29735.771      10321.235      0              2766.788       3648.1654      6453.8114      0              1.2437866    
   5720000   62017.884      611.50272      25685.582      23226.589      6742.439       29969.028      10184.158      0              2747.994       3727.2206      6567.2164      0              1.2437866    
   5730000   62017.884      600.63342      26646.824      23226.457      6622.5939      29849.051      10145.096      0              2873.737       3675.6985      6531.9254      0              1.2437866    
   5740000   62017.884      598.10278      26298.094      23070.641      6594.691       29665.331      10011.15       0              2797.0583      3663.1746      6599.2579      0              1.2437866    
   5750000   62017.884      604.11711      23948.869      23253.135      6661.0052      29914.14       10073.586      0              2935.181       3668.3862      6575.9814      0              1.2437866    
   5751075   62017.884      597.52934      27343.481      23162.227      6588.3683      29750.596      10098.048      0              2827.6084      3678.6327      6557.9384      0              1.2437866    
Loop time of 32.4227 on 48 procs for 50000 steps with 3700 atoms

Performance: 13.324 ns/day, 1.801 hours/ns, 1542.131 timesteps/s, 5.706 Matom-step/s
99.9% CPU use with 48 MPI tasks x 1 OpenMP threads

MPI task timing breakdown:
Section |  min time  |  avg time  |  max time  |%varavg| %total
---------------------------------------------------------------
Pair    | 16.563     | 19.905     | 24.908     |  43.4 | 61.39
Bond    | 2.1031     | 2.6556     | 3.2097     |  15.2 |  8.19
Neigh   | 0.088406   | 0.088859   | 0.089275   |   0.1 |  0.27
Comm    | 3.69       | 9.2223     | 12.9       |  70.4 | 28.44
Output  | 0.0021113  | 0.0038716  | 0.0054539  |   1.5 |  0.01
Modify  | 0.26509    | 0.30997    | 0.3943     |   5.9 |  0.96
Other   |            | 0.2373     |            |       |  0.73

Nlocal:        77.0833 ave          90 max          67 min
Histogram: 6 5 5 7 7 4 6 2 2 4
Nghost:         3441.1 ave        3467 max        3411 min
Histogram: 5 1 5 5 5 3 8 5 7 4
Neighs:        26101.2 ave       32209 max       21832 min
Histogram: 6 3 8 5 8 8 3 4 1 2

Total # of neighbors = 1252856
Ave neighs/atom = 338.60973
Ave special neighs/atom = 11.898378
Neighbor list builds = 75
Dangerous builds = 0
Generated 0 of 10 mixed pair_coeff terms from geometric mixing rule
Setting up Verlet run ...
  Unit style    : real
  Current step  : 5751075
  Time step     : 0.1
WARNING: Inconsistent image flags (src/domain.cpp:1051)
Per MPI rank memory allocation (min/avg/max) = 13.94 | 13.98 | 14.41 Mbytes
   Step         Volume          Temp          Press          PotEng         KinEng         TotEng         E_vdwl         E_coul         E_bond        E_angle        E_dihed        E_impro        Density    
   5751075   62017.884      308            24990.452      23162.227      3396.013       26558.24       10098.048      0              2827.6084      3678.6327      6557.9384      0              1.2437866    
   5760000   62017.884      311.21982      26595.773      19905.69       3431.5149      23337.205      9831.941       0              1735.7541      2502.6056      5835.3893      0              1.2437866    
   5770000   62017.884      308.448        25487.498      19883.987      3400.9527      23284.94       9893.4624      0              1717.5071      2479.3648      5793.6531      0              1.2437866    
   5780000   62017.884      311.21906      24608.025      19821.391      3431.5065      23252.898      9770.5063      0              1777.6367      2505.2178      5768.0305      0              1.2437866    
   5790000   62017.884      304.18561      27338.984      19906.547      3353.9555      23260.502      9885.456       0              1721.065       2543.4088      5756.6169      0              1.2437866    
   5800000   62017.884      307.28614      25980.615      19914.928      3388.142       23303.07       9839.4911      0              1759.4275      2512.6487      5803.3609      0              1.2437866    
   5801075   62017.884      310.09765      25734.419      19954.693      3419.1417      23373.834      9825.8013      0              1821.8381      2496.4531      5810.6002      0              1.2437866    
Loop time of 31.8938 on 48 procs for 50000 steps with 3700 atoms

Performance: 13.545 ns/day, 1.772 hours/ns, 1567.703 timesteps/s, 5.801 Matom-step/s
99.9% CPU use with 48 MPI tasks x 1 OpenMP threads

MPI task timing breakdown:
Section |  min time  |  avg time  |  max time  |%varavg| %total
---------------------------------------------------------------
Pair    | 16.404     | 19.887     | 24.394     |  43.3 | 62.35
Bond    | 2.0826     | 2.635      | 3.199      |  15.1 |  8.26
Neigh   | 0.045006   | 0.045231   | 0.045436   |   0.1 |  0.14
Comm    | 3.7992     | 8.7732     | 12.597     |  71.8 | 27.51
Output  | 0.0022051  | 0.0039775  | 0.0055629  |   1.5 |  0.01
Modify  | 0.26648    | 0.31466    | 0.38766    |   5.7 |  0.99
Other   |            | 0.2353     |            |       |  0.74

Nlocal:        77.0833 ave          89 max          66 min
Histogram: 4 3 2 8 8 9 5 5 0 4
Nghost:        3437.79 ave        3472 max        3400 min
Histogram: 4 1 6 4 5 7 6 8 5 2
Neighs:        26105.1 ave       31478 max       21844 min
Histogram: 6 1 6 9 5 9 7 2 1 2

Total # of neighbors = 1253045
Ave neighs/atom = 338.66081
Ave special neighs/atom = 11.898378
Neighbor list builds = 38
Dangerous builds = 0
Generated 0 of 10 mixed pair_coeff terms from geometric mixing rule
Setting up Verlet run ...
  Unit style    : real
  Current step  : 5801075
  Time step     : 0.1
WARNING: Inconsistent image flags (src/domain.cpp:1051)
Per MPI rank memory allocation (min/avg/max) = 13.94 | 13.98 | 14.41 Mbytes
   Step         Volume          Temp          Press          PotEng         KinEng         TotEng         E_vdwl         E_coul         E_bond        E_angle        E_dihed        E_impro        Density    
   5801075   62017.884      308            25717.372      19954.693      3396.013       23350.706      9825.8013      0              1821.8381      2496.4531      5810.6002      0              1.2437866    
   5810000   80159.009      308.46007      4818.7596      17269.716      3401.0858      20670.802      8532.8892      0              1705.4312      2139.5242      4891.8713      0              0.9623       
   5820000   83581.33       304.92577      4756.87        16870.58       3362.1165      20232.696      8444.2914      0              1668.5845      2107.2389      4650.4652      0              0.92289767   
   5830000   84354.361      306.99123      5699.5236      16810.288      3384.8903      20195.179      8284.1083      0              1729.2717      2190.1662      4606.7421      0              0.91444015   
   5840000   85010.521      309.05564      5954.6957      16663.859      3407.6526      20071.512      8059.142       0              1743.2583      2210.1104      4651.3488      0              0.90738197   
   5850000   84426.906      312.02719      4866.429       16627.025      3440.4169      20067.442      8037.4279      0              1767.7803      2178.1758      4643.6409      0              0.91365441   
   5860000   85609.546      305.14943      3861.1628      16493.011      3364.5826      19857.594      7799.8343      0              1877.2543      2200.1207      4615.802       0              0.90103287   
   5870000   85128.76       309.72799      6606.3571      16588.146      3415.0659      20003.212      7950.089       0              1800.232       2171.8216      4666.0035      0              0.90612168   
   5880000   85316.364      315.30562      5302.0515      16452.143      3476.5649      19928.708      7810.5102      0              1774.1395      2210.2646      4657.2287      0              0.90412918   
   5890000   85459.43       305.58583      3839.1477      16537.29       3369.3943      19906.685      7876.4868      0              1829.1814      2228.9739      4602.6483      0              0.9026156    
   5900000   84578.558      315.70678      4688.5475      16368.12       3480.9881      19849.108      7751.4713      0              1781.7722      2213.697       4621.1794      0              0.91201619   
   5901075   84732.258      308.63265      4400.4079      16503.752      3402.9886      19906.741      7796.2184      0              1819.0363      2230.2946      4658.2032      0              0.91036185   
Loop time of 59.575 on 48 procs for 100000 steps with 3700 atoms

Performance: 14.503 ns/day, 1.655 hours/ns, 1678.557 timesteps/s, 6.211 Matom-step/s
99.9% CPU use with 48 MPI tasks x 1 OpenMP threads

MPI task timing breakdown:
Section |  min time  |  avg time  |  max time  |%varavg| %total
---------------------------------------------------------------
Pair    | 19.734     | 30.323     | 40.871     |  94.4 | 50.90
Bond    | 4.328      | 6.2272     | 7.6165     |  36.6 | 10.45
Neigh   | 0.12351    | 0.1241     | 0.12486    |   0.1 |  0.21
Comm    | 9.1595     | 20.686     | 32.975     | 132.4 | 34.72
Output  | 0.0040991  | 0.007503   | 0.010595   |   2.1 |  0.01
Modify  | 1.6031     | 1.719      | 1.8444     |   4.1 |  2.89
Other   |            | 0.4875     |            |       |  0.82

Nlocal:        77.0833 ave          98 max          47 min
Histogram: 2 2 4 1 7 5 8 7 7 5
Nghost:        2747.46 ave        2805 max        2702 min
Histogram: 7 2 3 9 9 5 5 4 3 1
Neighs:        19132.9 ave       26680 max       10338 min
Histogram: 3 1 3 6 4 8 11 6 4 2

Total # of neighbors = 918379
Ave neighs/atom = 248.21054
Ave special neighs/atom = 11.898378
Neighbor list builds = 130
Dangerous builds = 0
Generated 0 of 10 mixed pair_coeff terms from geometric mixing rule
Setting up Verlet run ...
  Unit style    : real
  Current step  : 5901075
  Time step     : 0.1
WARNING: Inconsistent image flags (src/domain.cpp:1051)
Per MPI rank memory allocation (min/avg/max) = 13.93 | 13.97 | 14.4 Mbytes
   Step         Volume          Temp          Press          PotEng         KinEng         TotEng         E_vdwl         E_coul         E_bond        E_angle        E_dihed        E_impro        Density    
   5901075   84732.258      600            6133.5876      16503.752      6615.6098      23119.362      7796.2184      0              1819.0363      2230.2946      4658.2032      0              0.91036185   
   5910000   84732.258      609.31487      5856.7051      19890.766      6718.3157      26609.082      8364.1111      0              2933.2109      3289.415       5304.0288      0              0.91036185   
   5920000   84732.258      602.66988      6380.9224      19738.616      6645.048       26383.664      8302.4369      0              2882.4559      3299.8933      5253.8295      0              0.91036185   
   5930000   84732.258      603.78989      5924.247       19984.269      6657.3972      26641.666      8288.211       0              2906.9122      3427.0111      5362.1349      0              0.91036185   
   5940000   84732.258      604.38297      7183.8844      19880.592      6663.9365      26544.528      8284.1917      0              2864.4052      3341.5999      5390.3951      0              0.91036185   
   5950000   84732.258      612.36508      7313.9827      19926.989      6751.9474      26678.936      8451.5731      0              2876.3004      3305.3507      5293.765       0              0.91036185   
   5951075   84732.258      590.30556      4945.061       19921.838      6508.7188      26430.557      8456.171       0              2869.8146      3338.9951      5256.8572      0              0.91036185   
Loop time of 26.5924 on 48 procs for 50000 steps with 3700 atoms

Performance: 16.245 ns/day, 1.477 hours/ns, 1880.239 timesteps/s, 6.957 Matom-step/s
99.9% CPU use with 48 MPI tasks x 1 OpenMP threads

MPI task timing breakdown:
Section |  min time  |  avg time  |  max time  |%varavg| %total
---------------------------------------------------------------
Pair    | 8.4266     | 14.176     | 19.331     |  69.1 | 53.31
Bond    | 1.7636     | 2.5888     | 3.3174     |  24.7 |  9.74
Neigh   | 0.073886   | 0.074389   | 0.074795   |   0.1 |  0.28
Comm    | 3.577      | 9.2225     | 15.75      |  97.4 | 34.68
Output  | 0.002075   | 0.0037822  | 0.0053513  |   1.5 |  0.01
Modify  | 0.23522    | 0.30334    | 0.36203    |   5.7 |  1.14
Other   |            | 0.2237     |            |       |  0.84

Nlocal:        77.0833 ave         104 max          48 min
Histogram: 3 3 2 5 8 7 8 8 3 1
Nghost:         2738.9 ave        2797 max        2680 min
Histogram: 4 4 6 6 3 5 4 6 5 5
Neighs:        19066.3 ave       28661 max       10815 min
Histogram: 4 2 4 5 10 10 7 4 1 1

Total # of neighbors = 915182
Ave neighs/atom = 247.34649
Ave special neighs/atom = 11.898378
Neighbor list builds = 80
Dangerous builds = 0
Generated 0 of 10 mixed pair_coeff terms from geometric mixing rule
Setting up Verlet run ...
  Unit style    : real
  Current step  : 5951075
  Time step     : 0.1
WARNING: Inconsistent image flags (src/domain.cpp:1051)
Per MPI rank memory allocation (min/avg/max) = 13.93 | 13.98 | 14.4 Mbytes
   Step         Volume          Temp          Press          PotEng         KinEng         TotEng         E_vdwl         E_coul         E_bond        E_angle        E_dihed        E_impro        Density    
   5951075   84732.258      308            3265.7848      19921.838      3396.013       23317.851      8456.171       0              2869.8146      3338.9951      5256.8572      0              0.91036185   
   5960000   84732.258      304.09686      6642.2534      16648.991      3352.977       20001.968      8106.1185      0              1770.7779      2267.9862      4504.1083      0              0.91036185   
   5970000   84732.258      309.94329      5779.9572      16624.267      3417.4398      20041.707      8051.3523      0              1799.5703      2228.0307      4545.3135      0              0.91036185   
   5980000   84732.258      309.3891       5359.1219      16496.06       3411.3293      19907.389      7990.654       0              1772.8276      2206.039       4526.5394      0              0.91036185   
   5990000   84732.258      312.24482      4930.5193      16524.076      3442.8165      19966.893      7911.8042      0              1804.2142      2280.2209      4527.837       0              0.91036185   
   6000000   84732.258      302.45062      6036.1407      16451.596      3334.8255      19786.421      7912.123       0              1778.4151      2246.8871      4514.1707      0              0.91036185   
   6001075   84732.258      304.1634       4339.0759      16401.268      3353.7107      19754.978      7818.0136      0              1834.772       2232.7776      4515.7044      0              0.91036185   
Loop time of 26.4721 on 48 procs for 50000 steps with 3700 atoms

Performance: 16.319 ns/day, 1.471 hours/ns, 1888.779 timesteps/s, 6.988 Matom-step/s
99.9% CPU use with 48 MPI tasks x 1 OpenMP threads

MPI task timing breakdown:
Section |  min time  |  avg time  |  max time  |%varavg| %total
---------------------------------------------------------------
Pair    | 8.0957     | 14.149     | 19.599     |  71.2 | 53.45
Bond    | 1.6202     | 2.5686     | 3.3651     |  25.8 |  9.70
Neigh   | 0.045348   | 0.045663   | 0.045923   |   0.1 |  0.17
Comm    | 2.9638     | 9.1821     | 16.16      | 100.7 | 34.69
Output  | 0.002162   | 0.003907   | 0.0055176  |   1.5 |  0.01
Modify  | 0.23953    | 0.29889    | 0.37146    |   6.3 |  1.13
Other   |            | 0.2241     |            |       |  0.85

Nlocal:        77.0833 ave         100 max          45 min
Histogram: 1 1 3 4 4 12 8 6 7 2
Nghost:        2744.23 ave        2798 max        2687 min
Histogram: 4 2 7 8 3 4 6 5 6 3
Neighs:        19066.6 ave       27164 max        9834 min
Histogram: 1 1 5 2 12 10 6 8 2 1

Total # of neighbors = 915197
Ave neighs/atom = 247.35054
Ave special neighs/atom = 11.898378
Neighbor list builds = 49
Dangerous builds = 0
Generated 0 of 10 mixed pair_coeff terms from geometric mixing rule
Setting up Verlet run ...
  Unit style    : real
  Current step  : 6001075
  Time step     : 0.1
WARNING: Inconsistent image flags (src/domain.cpp:1051)
Per MPI rank memory allocation (min/avg/max) = 13.93 | 13.98 | 14.4 Mbytes
   Step         Volume          Temp          Press          PotEng         KinEng         TotEng         E_vdwl         E_coul         E_bond        E_angle        E_dihed        E_impro        Density    
   6001075   84732.258      308            4361.8977      16401.268      3396.013       19797.281      7818.0136      0              1834.772       2232.7776      4515.7044      0              0.91036185   
   6010000   98801.025      303.80214      554.92114      16001.91       3349.7273      19351.637      7636.3614      0              1806.1578      2163.2997      4396.0908      0              0.78073091   
   6020000   103552.7       308.3411       342.12787      16029.265      3399.7741      19429.039      7689.5118      0              1835.3902      2166.9771      4337.3862      0              0.74490585   
   6030000   109708.04      315.15509      449.21025      15934.849      3474.9051      19409.754      7656.5768      0              1860.4786      2118.4443      4299.349       0              0.70311177   
   6040000   113887.83      307.18426      645.79702      16017.548      3387.0186      19404.566      7838.5593      0              1789.389       2153.6686      4235.9308      0              0.67730694   
   6050000   114472.11      309.65711      306.36202      16000.291      3414.2843      19414.575      7837.1167      0              1786.7798      2108.2415      4268.1528      0              0.67384984   
   6060000   118267.9       300.69004      500.18388      15974.955      3315.4133      19290.368      7675.382       0              1861.7766      2156.7781      4281.0184      0              0.65222277   
   6070000   119197.27      302.92884      444.71978      16080.168      3340.0983      19420.266      7813.6367      0              1863.4397      2191.8901      4211.2017      0              0.64713744   
   6080000   121789.57      305.71982     -316.91266      16119.248      3370.8717      19490.12       7764.1477      0              1943.6266      2165.5126      4245.9614      0              0.63336307   
   6090000   123216.98      305.24681      151.89232      15792.297      3365.6563      19157.953      7722.4503      0              1806.3208      2124.686       4138.84        0              0.62602586   
   6100000   126710.29      306.07346      608.63508      15865.449      3374.771       19240.22       7741.1         0              1846.5988      2092.7318      4185.0184      0              0.60876679   
   6101075   125947.93      312.31105      634.25191      15893.355      3443.5468      19336.901      7698.854       0              1779.7253      2171.5678      4243.2075      0              0.61245164   
Loop time of 55.7283 on 48 procs for 100000 steps with 3700 atoms

Performance: 15.504 ns/day, 1.548 hours/ns, 1794.420 timesteps/s, 6.639 Matom-step/s
99.9% CPU use with 48 MPI tasks x 1 OpenMP threads

MPI task timing breakdown:
Section |  min time  |  avg time  |  max time  |%varavg| %total
---------------------------------------------------------------
Pair    | 11.03      | 22.42      | 35.692     | 124.7 | 40.23
Bond    | 3.2703     | 6.1405     | 8.8109     |  49.5 | 11.02
Neigh   | 0.11024    | 0.11073    | 0.11143    |   0.1 |  0.20
Comm    | 9.0609     | 24.938     | 39.185     | 141.2 | 44.75
Output  | 0.0040792  | 0.0074501  | 0.010499   |   2.0 |  0.01
Modify  | 1.5329     | 1.6573     | 1.8363     |   4.8 |  2.97
Other   |            | 0.4549     |            |       |  0.82

Nlocal:        77.0833 ave         128 max          38 min
Histogram: 1 5 7 5 12 7 6 4 0 1
Nghost:        2054.21 ave        2175 max        1944 min
Histogram: 5 4 4 5 7 8 7 1 3 4
Neighs:        12827.4 ave       27115 max        4946 min
Histogram: 3 8 9 10 7 7 3 0 0 1

Total # of neighbors = 615717
Ave neighs/atom = 166.41
Ave special neighs/atom = 11.898378
Neighbor list builds = 125
Dangerous builds = 0
Generated 0 of 10 mixed pair_coeff terms from geometric mixing rule
Setting up Verlet run ...
  Unit style    : real
  Current step  : 6101075
  Time step     : 0.1
WARNING: Inconsistent image flags (src/domain.cpp:1051)
Per MPI rank memory allocation (min/avg/max) = 13.93 | 13.98 | 14.4 Mbytes
   Step         Volume          Temp          Press          PotEng         KinEng         TotEng         E_vdwl         E_coul         E_bond        E_angle        E_dihed        E_impro        Density    
   6101075   125947.93      600            1785.539       15893.355      6615.6098      22508.964      7698.854       0              1779.7253      2171.5678      4243.2075      0              0.61245164   
   6110000   125947.93      588.15243      1617.9857      19125.991      6484.9783      25610.969      8123.9953      0              2780.493       3274.5479      4946.9546      0              0.61245164   
   6120000   125947.93      605.95689      776.87829      19159.423      6681.2906      25840.713      8090.194       0              2998.4504      3135.3757      4935.4025      0              0.61245164   
   6130000   125947.93      597.71156      1255.2553      19204.508      6590.3774      25794.885      8016.829       0              2889.5848      3277.9847      5020.1094      0              0.61245164   
   6140000   125947.93      596.28557      512.4454       19285.955      6574.6544      25860.609      8054.8127      0              2900.3382      3322.6965      5008.1073      0              0.61245164   
   6150000   125947.93      599.87254      532.4855       19101.976      6614.2044      25716.18       7928.9325      0              2995.3542      3252.3473      4925.3418      0              0.61245164   
   6151075   125947.93      613.66864      1467.7102      19094.014      6766.3205      25860.335      8034.6273      0              2835.1306      3319.424       4904.8323      0              0.61245164   
Loop time of 25.4603 on 48 procs for 50000 steps with 3700 atoms

Performance: 16.968 ns/day, 1.414 hours/ns, 1963.844 timesteps/s, 7.266 Matom-step/s
99.9% CPU use with 48 MPI tasks x 1 OpenMP threads

MPI task timing breakdown:
Section |  min time  |  avg time  |  max time  |%varavg| %total
---------------------------------------------------------------
Pair    | 2.7425     | 9.323      | 18.587     |  98.2 | 36.62
Bond    | 1.1098     | 2.542      | 4.0005     |  37.7 |  9.98
Neigh   | 0.0704     | 0.070838   | 0.071382   |   0.1 |  0.28
Comm    | 2.3422     | 13.002     | 20.872     |  98.4 | 51.07
Output  | 0.0021441  | 0.0039615  | 0.0056039  |   1.5 |  0.02
Modify  | 0.21815    | 0.30237    | 0.42629    |   8.5 |  1.19
Other   |            | 0.216      |            |       |  0.85

Nlocal:        77.0833 ave         118 max          28 min
Histogram: 1 2 2 7 7 7 11 8 1 2
Nghost:        2074.35 ave        2199 max        1976 min
Histogram: 3 4 4 10 9 9 3 2 2 2
Neighs:        12848.9 ave       24998 max        3718 min
Histogram: 2 3 8 9 7 10 6 2 0 1

Total # of neighbors = 616745
Ave neighs/atom = 166.68784
Ave special neighs/atom = 11.898378
Neighbor list builds = 86
Dangerous builds = 0
Generated 0 of 10 mixed pair_coeff terms from geometric mixing rule
Setting up Verlet run ...
  Unit style    : real
  Current step  : 6151075
  Time step     : 0.1
WARNING: Inconsistent image flags (src/domain.cpp:1051)
Per MPI rank memory allocation (min/avg/max) = 13.93 | 13.98 | 14.4 Mbytes
   Step         Volume          Temp          Press          PotEng         KinEng         TotEng         E_vdwl         E_coul         E_bond        E_angle        E_dihed        E_impro        Density    
   6151075   125947.93      308            244.47114      19094.014      3396.013       22490.027      8034.6273      0              2835.1306      3319.424       4904.8323      0              0.61245164   
   6160000   125947.93      309.02971      1258.4269      15918.772      3407.3667      19326.138      7800.3829      0              1778.0066      2134.2252      4206.157       0              0.61245164   
   6170000   125947.93      307.14175      1427.4814      15876.376      3386.55        19262.926      7785.2373      0              1781.9013      2111.0037      4198.2339      0              0.61245164   
   6180000   125947.93      308.88172      1586.6756      15837.565      3405.7349      19243.3        7747.0143      0              1773.5113      2137.1785      4179.8611      0              0.61245164   
   6190000   125947.93      302.46681      1017.6263      15727.641      3335.004       19062.645      7679.4706      0              1802.0932      2099.4498      4146.6272      0              0.61245164   
   6200000   125947.93      313.21374      998.4436       15821.608      3453.4999      19275.108      7647.2562      0              1805.1165      2139.7123      4229.5231      0              0.61245164   
   6210000   125947.93      309.9149       232.65623      15847.312      3417.1267      19264.439      7725.7489      0              1839.5617      2137.8802      4144.1213      0              0.61245164   
   6220000   125947.93      301.08728      1036.0223      15830.321      3319.7933      19150.115      7722.9439      0              1791.1966      2148.7006      4167.4803      0              0.61245164   
   6230000   125947.93      305.65737      438.23599      15792.555      3370.1832      19162.738      7672.9804      0              1829.6396      2132.9646      4156.9707      0              0.61245164   
   6240000   125947.93      305.78614      903.80741      15927.991      3371.6029      19299.594      7658.9453      0              1877.653       2169.0524      4222.3405      0              0.61245164   
   6250000   125947.93      299.89376      1140.6749      15778.842      3306.6335      19085.475      7677.5432      0              1774.6265      2135.157       4191.5152      0              0.61245164   
   6251075   125947.93      308.15665      1307.9405      15834.411      3397.7403      19232.151      7714.2675      0              1846.8956      2076.094       4197.1535      0              0.61245164   
Loop time of 50.7877 on 48 procs for 100000 steps with 3700 atoms

Performance: 17.012 ns/day, 1.411 hours/ns, 1968.982 timesteps/s, 7.285 Matom-step/s
99.9% CPU use with 48 MPI tasks x 1 OpenMP threads

MPI task timing breakdown:
Section |  min time  |  avg time  |  max time  |%varavg| %total
---------------------------------------------------------------
Pair    | 5.3356     | 18.633     | 37.19      | 142.9 | 36.69
Bond    | 1.9957     | 5.0455     | 7.9476     |  55.3 |  9.93
Neigh   | 0.087699   | 0.088195   | 0.088822   |   0.1 |  0.17
Comm    | 4.6363     | 25.987     | 42.29      | 143.5 | 51.17
Output  | 0.0041621  | 0.0076289  | 0.010852   |   2.1 |  0.02
Modify  | 0.4167     | 0.59974    | 0.84539    |  11.9 |  1.18
Other   |            | 0.4273     |            |       |  0.84

Nlocal:        77.0833 ave         116 max          33 min
Histogram: 1 4 2 6 8 7 10 6 0 4
Nghost:        2080.56 ave        2233 max        1973 min
Histogram: 5 4 4 13 7 5 4 1 4 1
Neighs:        12858.5 ave       23817 max        3711 min
Histogram: 1 6 4 9 8 8 5 5 1 1

Total # of neighbors = 617210
Ave neighs/atom = 166.81351
Ave special neighs/atom = 11.898378
Neighbor list builds = 106
Dangerous builds = 0
Generated 0 of 10 mixed pair_coeff terms from geometric mixing rule
Setting up Verlet run ...
  Unit style    : real
  Current step  : 6251075
  Time step     : 0.1
WARNING: Inconsistent image flags (src/domain.cpp:1051)
Per MPI rank memory allocation (min/avg/max) = 13.93 | 13.99 | 14.4 Mbytes
   Step         Volume          Temp          Press          PotEng         KinEng         TotEng         E_vdwl         E_coul         E_bond        E_angle        E_dihed        E_impro        Density    
   6251075   125947.93      308            1307.3136      15834.411      3396.013       19230.424      7714.2675      0              1846.8956      2076.094       4197.1535      0              0.61245164   
   6260000   133906.43      309.27524      441.83124      15808.446      3410.0738      19218.52       7604.2134      0              1840.7158      2179.1286      4184.3882      0              0.57605163   
   6270000   138666.16      310.42177      122.94258      15844.749      3422.7155      19267.464      7672.087       0              1838.9923      2159.3898      4174.2794      0              0.5562786    
   6280000   142452.42      298.038       -29.181775      15696.049      3286.1719      18982.221      7540.5816      0              1815.9351      2175.7463      4163.7862      0              0.54149318   
   6290000   144098.38      314.3915       596.75503      15670.445      3466.4858      19136.931      7602.0933      0              1810.7039      2134.5355      4123.1121      0              0.535308     
   6300000   145153.14      304.59275     -732.34722      15674.87       3358.4446      19033.314      7527.4925      0              1882.2736      2137.2673      4127.8362      0              0.53141817   
   6310000   145955.1       308.23762      207.03437      15723.282      3398.633       19121.915      7563.0956      0              1849.2586      2185.2721      4125.6554      0              0.52849826   
   6320000   148719.71      306.57051     -312.26105      15770.209      3380.2515      19150.46       7522.1447      0              1883.923       2191.3387      4172.8021      0              0.51867379   
   6330000   149947.82      307.56435      291.69255      15744.322      3391.2096      19135.531      7611.9882      0              1807.7089      2158.1446      4166.48        0              0.51442573   
   6340000   152170.21      310.57691     -455.6244       15821.788      3424.4261      19246.215      7582.7928      0              1875.8495      2193.1277      4170.0184      0              0.50691273   
   6350000   152164.97      310.30208     -113.78429      15862.909      3421.3958      19284.305      7650.7119      0              1867.727       2156.6505      4187.8198      0              0.50693018   
   6360000   154093.8       309.13562      150.05955      15814.144      3408.5344      19222.678      7563.1695      0              1878.5021      2163.1013      4209.3707      0              0.5005848    
   6370000   153276.71      312.55615     -259.40836      15772.334      3446.2492      19218.583      7548.4507      0              1850.1646      2176.4918      4197.2271      0              0.50325331   
   6380000   152198.14      316.29015     -505.61106      15807.383      3487.4204      19294.804      7561.807       0              1900.4965      2194.8247      4150.2552      0              0.50681968   
   6390000   151719.8       312.35689     -253.78156      15810.337      3444.0522      19254.389      7515.0351      0              1896.3584      2212.4651      4186.4779      0              0.5084176    
   6400000   152045.05      307.70447     -62.763658      15657.758      3392.7546      19050.513      7586.7528      0              1834.679       2093.7734      4142.5531      0              0.50732999   
   6410000   152617.1       306.07015     -467.92667      15607.405      3374.7345      18982.14       7459.6508      0              1855.7149      2129.926       4162.1136      0              0.50542838   
   6420000   153359.83      312.63942     -776.168        15715.53       3447.1674      19162.697      7519.5755      0              1912.9707      2154.9205      4128.0631      0              0.50298056   
   6430000   153501.03      316.60722      90.662048      15722.179      3490.9164      19213.096      7601.5737      0              1825.0459      2129.2506      4166.3091      0              0.50251789   
   6440000   156572.83      307.98404     -166.47136      15739.832      3395.837       19135.669      7556.1165      0              1852.0702      2166.3         4165.3457      0              0.49265899   
   6450000   158250.31      309.33512      18.159179      15654.034      3410.7341      19064.768      7540.4993      0              1855.0696      2121.2981      4137.1669      0              0.48743673   
   6460000   156352.37      318.1534      -243.38224      15663.452      3507.9646      19171.417      7548.0432      0              1871.5202      2110.8443      4133.0444      0              0.49335367   
   6470000   156947.71      311.4457      -87.283637      15673.383      3434.0054      19107.388      7505.0494      0              1854.4287      2152.0333      4161.8714      0              0.49148226   
   6480000   157307.77      305.69086      290.99013      15658.511      3370.5524      19029.064      7593.7219      0              1850.9071      2109.5153      4104.3669      0              0.49035729   
   6490000   158256         310.54927      464.90384      15768.136      3424.1213      19192.258      7603.4821      0              1845.7397      2168.5513      4150.3632      0              0.4874192    
   6500000   158466.08      307.57706     -323.23407      15837.818      3391.3497      19229.167      7600.936       0              1850.4728      2212.7228      4173.686       0              0.48677303   
   6510000   161229.04      310.90765     -647.48106      15751.41       3428.0728      19179.483      7501.0961      0              1884.1595      2196.6694      4169.4848      0              0.47843127   
   6520000   160172.1       304.31965     -3.2693635      15646.962      3355.4335      19002.396      7528.9959      0              1845.4674      2099.1074      4173.3913      0              0.48158833   
   6530000   161281.11      307.59965     -395.41754      15724.401      3391.5988      19116          7540.1228      0              1922.9726      2141.7642      4119.5412      0              0.4782768    
   6540000   161636.57      305.2018      -746.3696       15661.605      3365.1601      19026.765      7459.7794      0              1919.8532      2133.2064      4148.7657      0              0.47722502   
   6550000   165086.1       306.56741     -197.35977      15852.731      3380.2172      19232.949      7660.753       0              1845.1991      2182.5138      4164.2655      0              0.46725324   
   6560000   162884.42      306.43767      264.35398      15783.343      3378.7868      19162.13       7644.0606      0              1865.9844      2142.2644      4131.0341      0              0.47356901   
   6570000   163778.39      312.24068     -129.29743      15809.652      3442.7709      19252.423      7574.4802      0              1862.2491      2206.0825      4166.8401      0              0.47098409   
   6580000   166904.32      304.9708       38.811618      15796.693      3362.613       19159.306      7641.8757      0              1862.6283      2177.6491      4114.5404      0              0.46216309   
   6590000   166870.59      308.23083     -249.89433      15620.94       3398.5581      19019.498      7560.5977      0              1809.548       2115.3836      4135.4111      0              0.46225649   
   6600000   165178.47      302.74579     -91.401172      15772.061      3338.08        19110.141      7671.0933      0              1886.2349      2111.1267      4103.6059      0              0.46699196   
   6610000   166367         310.33989     -345.82433      15756.484      3421.8127      19178.297      7569.3503      0              1902.0462      2157.778       4127.3095      0              0.46365575   
   6620000   166756.32      308.70061      38.861226      15794.184      3403.7379      19197.922      7567.3503      0              1848.0539      2221.2425      4157.5371      0              0.46257326   
   6630000   168311.05      300.83481     -58.906016      15782.486      3317.0095      19099.495      7613.2077      0              1853.5033      2178.8349      4136.9397      0              0.45830036   
   6640000   170092.79      307.66874     -161.71702      15746.878      3392.3606      19139.239      7631.3147      0              1867.2524      2118.4595      4129.8514      0              0.4534996    
   6650000   171371.71      309.47642      208.88872      15745.125      3412.292       19157.417      7558.836       0              1872.877       2190.6113      4122.801       0              0.45011523   
   6660000   173092.61      302.96312     -457.59816      15652.401      3340.4763      18992.877      7534.219       0              1859.1506      2159.018       4100.0128      0              0.44564014   
   6670000   173151.21      314.71933     -605.26448      15581.477      3470.1005      19051.578      7461.096       0              1881.9949      2137.7882      4100.5981      0              0.44548932   
   6680000   171671.82      306.65915      158.04561      15724.882      3381.2288      19106.111      7611.5885      0              1842.5219      2110.0885      4160.6831      0              0.44932835   
   6690000   172055.68      307.86156      318.97695      15615.934      3394.4866      19010.42       7474.5409      0              1814.4194      2175.276       4151.6975      0              0.44832589   
   6700000   175265.38      306.35852      612.6517       15709.18       3377.9141      19087.094      7575.3457      0              1826.4656      2135.8184      4171.5504      0              0.44011553   
   6710000   176492.85      306.64736      142.42194      15775.67       3381.0988      19156.769      7607.3917      0              1863.7612      2161.765       4142.7522      0              0.43705462   
   6720000   174569.01      303.07131     -347.74815      15728.201      3341.6692      19069.87       7580.5666      0              1868.9462      2129.0853      4149.603       0              0.44187118   
   6730000   178035.7       312.83049      394.90139      15748.976      3449.2742      19198.25       7621.6257      0              1826.32        2196.4615      4104.5682      0              0.43326713   
   6740000   180502.69      309.85762     -603.33155      15689.671      3416.4951      19106.166      7568.4998      0              1859.939       2138.2932      4122.9389      0              0.42734552   
   6750000   178460.42      305.28781     -410.29601      15608.623      3366.1084      18974.732      7579.5619      0              1892.436       2067.6085      4069.017       0              0.43223598   
   6760000   179503.97      311.87042      143.33363      15667.546      3438.6883      19106.234      7650.1609      0              1777.5953      2140.2029      4099.5871      0              0.42972316   
   6770000   177931.27      310.28774     -734.3263       15701.507      3421.2377      19122.745      7608.5924      0              1860.9013      2122.095       4109.9185      0              0.4335214    
   6780000   178851.19      304.50874     -18.427901      15744.706      3357.5183      19102.224      7697.2016      0              1852.8825      2144.7695      4049.8522      0              0.43129158   
   6790000   181514.85      304.87446      290.98055      15637.858      3361.5508      18999.409      7572.0983      0              1820.5362      2130.5909      4114.6328      0              0.42496255   
   6800000   181962.06      301.00303     -230.01461      15892.711      3318.8643      19211.575      7668.0665      0              1919.9966      2179.5719      4125.0761      0              0.42391813   
   6810000   184648.89      304.2426      -54.56066       15659.093      3354.5839      19013.677      7488.7764      0              1837.3304      2161.7373      4171.2493      0              0.41774968   
   6820000   180205.19      303.60427     -51.589029      15646.481      3347.5457      18994.027      7618.2172      0              1809.9901      2096.6725      4121.6013      0              0.42805103   
   6830000   179966.71      303.65373     -210.51425      15668.068      3348.091       19016.159      7629.203       0              1832.3435      2130.6022      4075.9188      0              0.42861825   
   6840000   182812.39      315.13061      359.84406      15823.989      3474.6353      19298.624      7676.0289      0              1849.9537      2151.9309      4146.0754      0              0.42194632   
   6850000   178957.48      301.96571      740.24821      15638.784      3329.4789      18968.262      7709.7936      0              1739.8215      2136.938       4052.2305      0              0.43103544   
   6860000   180903.56      308.66481      173.65046      15677.316      3403.3433      19080.659      7569.3663      0              1860.5487      2157.5334      4089.8675      0              0.42639854   
   6870000   181987.82      305.7292       95.683215      15676.04       3370.9752      19047.015      7664.3354      0              1801.4171      2112.0498      4098.2375      0              0.42385812   
   6880000   178511.26      314.68698      151.76287      15689.788      3469.7438      19159.532      7680.0476      0              1790.7587      2105.8593      4113.1228      0              0.43211289   
   6890000   180625.25      306.25358     -171.93845      15605.692      3376.757       18982.449      7559.9601      0              1850.761       2125.3267      4069.644       0              0.42705554   
   6900000   179865.24      312.65383      509.92562      15643.99       3447.3263      19091.316      7618.286       0              1780.8705      2114.4459      4130.3875      0              0.42886005   
   6910000   180551.3       313.54354      176.58699      15815.023      3457.1362      19272.159      7605.0825      0              1849.7188      2196.2944      4163.927       0              0.42723045   
   6920000   183630.68      302.77457     -201.61637      15711.48       3338.3973      19049.877      7656.4029      0              1817.1468      2141.0004      4096.9294      0              0.42006606   
   6930000   180998.81      303.50598      460.8004       15689.683      3346.4619      19036.145      7584.0845      0              1821.2367      2146.1738      4138.1879      0              0.42617416   
   6940000   182188.31      311.06333      478.58458      15863.88       3429.7893      19293.67       7670.4289      0              1856.2566      2186.3159      4150.8789      0              0.42339168   
   6950000   181866.28      307.73885      28.184412      15641.661      3393.1336      19034.795      7560.2622      0              1866.2959      2110.5967      4104.5066      0              0.42414137   
   6960000   180010.77      307.31312      248.98893      15702.875      3388.4394      19091.314      7624.2777      0              1822.2482      2152.8848      4103.464       0              0.42851333   
   6970000   181820.85      311.28794     -454.96583      15757.821      3432.2659      19190.086      7538.6567      0              1922.623       2136.6145      4159.9265      0              0.42424735   
   6980000   181189.84      310.06935     -375.15536      15619.334      3418.8297      19038.164      7575.4926      0              1861.2801      2110.123       4072.4382      0              0.42572483   
   6990000   180733.69      310.95107      375.01393      15624.044      3428.5516      19052.596      7575.8189      0              1832.7223      2143.6547      4071.8483      0              0.42679931   
   7000000   181147.05      305.44761     -271.08634      15725.6        3367.8703      19093.47       7638.3177      0              1827.5997      2139.593       4120.0894      0              0.42582539   
   7010000   179381.7       302.88897     -276.00915      15625.597      3339.6587      18965.256      7599.6051      0              1807.2807      2151.6877      4067.0233      0              0.43001607   
   7020000   181910.85      306.61892     -311.65594      15786.246      3380.7852      19167.031      7653.7208      0              1882.8941      2141.4526      4108.1788      0              0.42403746   
   7030000   182758.46      309.63607      147.63505      15700.879      3414.0524      19114.932      7642.9032      0              1840.8047      2141.7159      4075.4557      0              0.42207082   
   7040000   181414.76      303.87843     -103.92632      15662.565      3350.5686      19013.134      7622.6662      0              1833.0682      2127.8751      4078.9559      0              0.42519701   
   7050000   179015.88      308.01678      139.20688      15595.117      3396.198       18991.315      7577.6349      0              1785.3912      2112.2526      4119.8379      0              0.43089482   
   7060000   179943.08      308.91343     -677.8275       15770.06       3406.0845      19176.145      7566.7318      0              1931.4444      2169.1235      4102.7604      0              0.42867453   
   7070000   181393.65      311.72358     -750.17632      15661.133      3437.0693      19098.203      7527.7644      0              1871.9199      2162.7578      4098.6914      0              0.42524651   
   7080000   182142.1       305.27783      21.49652       15621.81       3365.9984      18987.808      7533.7289      0              1797.8116      2166.6087      4123.6607      0              0.42349909   
   7090000   181719.21      308.28912     -198.10793      15777.496      3399.2009      19176.697      7602.7174      0              1881.665       2196.8183      4096.2957      0              0.42448465   
   7100000   181701.37      309.67167     -204.29849      15711.417      3414.4449      19125.862      7624.5971      0              1824.7583      2154.7815      4107.2799      0              0.42452632   
   7110000   181091.46      309.46973      6.9753839      15632.813      3412.2183      19045.031      7651.2928      0              1794.9695      2110.2208      4076.3297      0              0.42595612   
   7120000   179169.4       316.08265     -112.04795      15662.387      3485.1325      19147.519      7548.9984      0              1836.1408      2151.1647      4126.0831      0              0.43052559   
   7130000   179775.97      308.847        297.21605      15663.517      3405.3521      19068.869      7625.0553      0              1761.1805      2143.8453      4133.4362      0              0.429073     
   7140000   180514.32      309.32655     -159.44737      15694.565      3410.6396      19105.204      7633.4015      0              1847.9113      2129.2902      4083.9619      0              0.42731797   
   7150000   180628.7       304.6952      -366.03532      15762.825      3359.5742      19122.4        7626.4669      0              1893.4902      2126.6488      4116.2194      0              0.42704739   
   7160000   181881.26      305.28807     -256.6468       15654.258      3366.1113      19020.369      7572.3095      0              1889.432       2154.8777      4037.6389      0              0.42410644   
   7170000   180716.51      309.57169      55.292205      15657.87       3413.3425      19071.212      7643.2739      0              1827.6655      2107.3074      4079.6232      0              0.42683989   
   7180000   181184.55      303.89666      63.507173      15669.854      3350.7696      19020.624      7676.2317      0              1820.2633      2133.4901      4039.8691      0              0.42573725   
   7190000   180737.43      305.84544      254.41622      15671.858      3372.2568      19044.115      7591.4779      0              1814.1754      2158.3545      4107.8501      0              0.42679049   
   7200000   183063.35      301.42632     -312.92307      15687.185      3323.5316      19010.717      7573.2183      0              1900.5134      2154.8067      4058.6467      0              0.42136787   
   7210000   180557.62      304.56446      95.207922      15683.479      3358.1328      19041.612      7571.8682      0              1894.9845      2132.4019      4084.2245      0              0.42721551   
   7220000   180962.53      314.92129     -514.81632      15689.837      3472.3273      19162.164      7600.1688      0              1883.0549      2116.7215      4089.8914      0              0.4262596    
   7230000   182481.9       307.0888      -134.72367      15767.491      3385.9662      19153.458      7655.3681      0              1891.574       2113.8076      4106.7417      0              0.4227105    
   7240000   180673.25      302.04605      330.2351       15786.533      3330.3647      19116.897      7654.7521      0              1830.0193      2184.3077      4117.4535      0              0.42694209   
   7250000   182879.92      316.6277      -488.12388      15640.025      3491.1422      19131.168      7586.7434      0              1852.4697      2119.1426      4081.6697      0              0.4217905    
   7260000   181817.33      308.36575      108.9144       15742.749      3400.0459      19142.795      7675.5814      0              1843.8106      2131.5412      4091.8162      0              0.42425556   
   7270000   182558.88      305.23985      466.73309      15724.357      3365.5796      19089.936      7646.497       0              1820.8009      2141.4249      4115.6339      0              0.42253226   
   7280000   181431.61      307.66482     -1.6512796      15603.848      3392.3173      18996.166      7528.1684      0              1830.7937      2133.2385      4111.6479      0              0.42515752   
   7290000   181444.37      307.07212     -96.399633      15752.233      3385.7823      19138.015      7662.6864      0              1878.7614      2108.24        4102.5453      0              0.42512762   
   7300000   180440.76      304.81577     -123.47319      15803.815      3360.9037      19164.719      7677.2971      0              1862.7882      2141.2455      4122.4843      0              0.42749219   
   7310000   181471.32      304.07765     -68.423265      15598.332      3352.7651      18951.097      7536.068       0              1824.3344      2095.876       4142.0539      0              0.42506449   
   7320000   180011.05      307.49686      76.697313      15662.512      3390.4654      19052.978      7575.1316      0              1808.399       2135.9841      4142.9978      0              0.42851266   
   7330000   180279.7       302.65477      573.13157      15711.535      3337.0765      19048.612      7615.2061      0              1808.29        2142.2776      4145.7617      0              0.4278741    
   7340000   179070.04      306.87979     -300.81107      15560.005      3383.6616      18943.666      7499.2237      0              1866.7726      2092.612       4101.3964      0              0.43076449   
   7350000   178029.76      305.33694     -404.66005      15713.162      3366.6501      19079.812      7607.1672      0              1894.9142      2112.596       4098.4842      0              0.43328157   
   7360000   179832.96      310.82347      167.60028      15630.208      3427.1446      19057.352      7655.518       0              1794.1305      2083.0309      4097.5282      0              0.42893703   
   7370000   180382.07      312.06333     -129.7483       15559.627      3440.8154      19000.443      7565.6535      0              1802.0312      2090.2136      4101.729       0              0.42763126   
   7380000   181418.97      310.74        -271.35997      15641.014      3426.2243      19067.238      7570.8467      0              1816.3104      2152.5986      4101.258       0              0.42518714   
   7390000   182115.71      314.41347      87.520727      15759.661      3466.728       19226.389      7585.6654      0              1887.3761      2158.0655      4128.5535      0              0.42356046   
   7400000   180048.21      308.32288      467.47836      15661.695      3399.5731      19061.268      7635.053       0              1795.5498      2116.7587      4114.3336      0              0.42842422   
   7410000   181284.76      307.76824      233.13686      15640.106      3393.4576      19033.564      7581.2874      0              1823.6747      2127.0043      4108.1397      0              0.42550192   
   7420000   180132.51      307.19369      35.146412      15702.452      3387.1227      19089.575      7580.9336      0              1830.0666      2179.312       4112.1399      0              0.42822372   
   7430000   181690.39      310.40389      12.19781       15688.133      3422.5184      19110.651      7591.5102      0              1841.5467      2132.38        4122.6956      0              0.42455198   
   7440000   180794.93      314.10276      326.62376      15712.344      3463.3022      19175.646      7638.1022      0              1878.7557      2107.4232      4088.0632      0              0.42665476   
   7450000   179216.97      314.30035      91.36858       15711.273      3465.4809      19176.754      7650.9577      0              1829.9298      2122.4681      4107.917       0              0.43041132   
   7460000   180136.25      307.78902      245.57602      15695.618      3393.6868      19089.305      7540.8954      0              1865.8386      2172.5312      4116.3527      0              0.42821484   
   7470000   181662.64      308.62426      59.939053      15758.383      3402.8962      19161.279      7637.686       0              1838.0322      2158.3334      4124.3315      0              0.42461683   
   7480000   182162.93      300.60613     -219.936        15760.471      3314.4881      19074.959      7651.5525      0              1873.3201      2147.5775      4088.0209      0              0.42345066   
   7490000   182145.1       315.16499      272.04851      15696.583      3475.0143      19171.597      7572.7962      0              1803.4811      2169.2519      4151.0536      0              0.42349211   
   7500000   183292.89      302.18191      249.33749      15646.394      3331.8627      18978.257      7652.8507      0              1823.159       2114.7326      4055.6516      0              0.42084019   
   7510000   179400.74      319.05458     -112.31386      15697.775      3517.901       19215.676      7589.9526      0              1855.427       2126.9946      4125.4006      0              0.42997043   
   7520000   180848.82      304.40651      300.55605      15761.72       3356.3912      19118.111      7633.024       0              1836.5085      2171.5405      4120.6466      0              0.42652762   
   7530000   179467.95      299.98787      72.134732      15703.656      3307.6711      19011.327      7635.4297      0              1831.7516      2130.1074      4106.367       0              0.42980942   
   7540000   183044.7       312.71083      15.13131       15657.868      3447.9547      19105.823      7510.0036      0              1892.1048      2135.1052      4120.6543      0              0.4214108    
   7550000   179257.98      315.68518      65.415092      15773.18       3480.75        19253.93       7665.3936      0              1883.5673      2164.0977      4060.121       0              0.43031286   
   7560000   181423.12      307.22729     -66.713656      15702.791      3387.4932      19090.284      7630.8758      0              1817.4672      2154.9815      4099.4661      0              0.42517741   
   7570000   180956.16      309.69149      27.694437      15650.928      3414.6635      19065.591      7565.9214      0              1852.5471      2138.4447      4094.0146      0              0.4262746    
   7580000   182121.47      308.8443      -173.36842      15678.267      3405.3223      19083.589      7586.3602      0              1854.3772      2122.9663      4114.5629      0              0.42354706   
   7590000   183169.09      303.82904      30.795818      15709.126      3350.0239      19059.15       7580.0479      0              1848.0378      2159.1576      4121.8831      0              0.42112462   
   7600000   181084.19      308.64892     -127.82488      15650.504      3403.168       19053.672      7579.4148      0              1844.6318      2116.0016      4110.4561      0              0.42597322   
   7610000   178037.99      306.0615       536.4516       15844.182      3374.6391      19218.821      7728.0328      0              1814.7411      2172.211       4129.197       0              0.43326155   
   7620000   179917.69      306.53464     -316.32797      15763.61       3379.856       19143.466      7604.8966      0              1871.1914      2140.8883      4146.6338      0              0.42873503   
   7630000   179864.71      315.78942     -209.67046      15666.413      3481.8993      19148.312      7572.644       0              1881.2356      2101.3024      4111.2307      0              0.42886132   
   7640000   180414.54      311.06207     -3.3072998      15694.694      3429.7754      19124.47       7593.0414      0              1855.6779      2137.2379      4108.7371      0              0.42755431   
   7650000   181150.08      309.87548     -323.5593       15664.257      3416.6921      19080.949      7554.005       0              1899.3484      2127.0073      4083.896       0              0.42581827   
   7660000   179740.04      312.56573     -496.68891      15705.911      3446.3549      19152.265      7576.8037      0              1841.7647      2161.6354      4125.7067      0              0.42915877   
   7670000   179559.96      301.91095      297.99936      15772.353      3328.8751      19101.228      7665.6806      0              1900.1961      2117.051       4089.4254      0              0.42958917   
   7680000   182084.56      311.97662     -57.867335      15663.068      3439.8593      19102.927      7522.5264      0              1874.9         2160.3171      4105.3244      0              0.42363291   
   7690000   182084.27      303.6171       73.909291      15839.429      3347.6871      19187.116      7649.548       0              1800.4776      2232.6447      4156.7584      0              0.42363359   
   7700000   182358.37      314.01759     -94.539458      15735.743      3462.3631      19198.106      7656.9451      0              1841.4979      2153.7915      4083.5085      0              0.42299685   
   7710000   182812.22      315.32653      453.26096      15577.399      3476.7955      19054.195      7560.5175      0              1795.9546      2111.6234      4109.3036      0              0.42194671   
   7720000   181903.59      305.78919      157.68375      15663.154      3371.6366      19034.791      7604.262       0              1817.6356      2141.7677      4099.4892      0              0.42405439   
   7730000   179168.84      309.46652      343.15748      15764.135      3412.1829      19176.317      7641.3314      0              1886.4355      2128.775       4107.5926      0              0.43052695   
   7740000   180300.39      306.78355      466.58911      15744.615      3382.6004      19127.215      7650.788       0              1852.1722      2135.1645      4106.4901      0              0.427825     
   7750000   181855.78      303.52677      26.984958      15606.589      3346.6912      18953.28       7580.8826      0              1836.9404      2086.2682      4102.4977      0              0.42416586   
   7760000   180934.06      309.18136      21.539956      15736.395      3409.0387      19145.434      7580.4091      0              1818.0103      2167.4733      4170.5023      0              0.42632667   
   7770000   181016.52      304.93343     -55.779398      15804.868      3362.2009      19167.069      7655.4762      0              1881.6276      2199.4139      4068.3505      0              0.42613247   
   7780000   179718.49      316.05582     -217.05027      15633.579      3484.8367      19118.416      7530.5207      0              1886.6023      2114.7559      4101.7003      0              0.42921022   
   7790000   181287.51      306.94914     -229.20481      15670.065      3384.4262      19054.491      7574.9703      0              1882.8392      2151.1732      4061.0819      0              0.42549547   
   7800000   181871.58      306.66916     -222.47127      15785.651      3381.3392      19166.99       7634.7257      0              1874.4522      2181.1206      4095.3525      0              0.42412901   
   7810000   181207         299.40586     -273.6351       15713.233      3301.2539      19014.487      7519.8671      0              1889.6668      2192.0665      4111.6326      0              0.42568452   
   7820000   179528.85      305.08591     -124.63716      15694.379      3363.8823      19058.262      7595.9876      0              1846.6434      2118.6344      4133.114       0              0.42966361   
   7830000   181324.54      306.30412      140.10974      15742.696      3377.3143      19120.01       7643.5662      0              1834.8483      2163.5845      4100.6969      0              0.42540858   
   7840000   180228.58      308.74924     -164.46431      15665.483      3404.2741      19069.757      7560.7521      0              1852.515       2134.0181      4118.1974      0              0.42799547   
   7850000   180615.92      314.24769      201.74044      15698.823      3464.9002      19163.723      7668.8661      0              1811.1934      2128.6496      4090.1137      0              0.42707759   
   7860000   179514.25      305.42818      283.89743      15772.665      3367.6561      19140.321      7659.3748      0              1837.2824      2143.161       4132.8465      0              0.42969855   
   7870000   181642.61      307.98813     -96.569519      15671.39       3395.8822      19067.272      7580.2508      0              1826.7864      2121.565       4142.7877      0              0.42466367   
   7880000   183388.99      311.01584     -145.15406      15732.624      3429.2658      19161.89       7577.9211      0              1825.5742      2192.5196      4136.6095      0              0.42061966   
   7890000   182312.42      313.54933     -110.07904      15688.157      3457.2001      19145.357      7533.2         0              1887.0962      2154.2202      4113.6407      0              0.42310346   
   7900000   179446.26      303.46139     -333.35192      15772.602      3345.9702      19118.572      7633.0321      0              1846.964       2149.6363      4142.9698      0              0.42986136   
   7910000   180070.76      317.90873      482.11134      15722.623      3505.2669      19227.89       7689.4767      0              1817.1328      2130.3756      4085.6379      0              0.42837057   
   7920000   177919.96      307.74785      206.41578      15740.666      3393.2328      19133.899      7611.0038      0              1857.5215      2150.401       4121.7401      0              0.43354895   
   7930000   177319.3       313.97038     -95.156956      15689.883      3461.8426      19151.726      7643.7745      0              1816.6716      2123.357       4106.0801      0              0.43501758   
   7940000   179389.65      302.35809      347.59927      15725.955      3333.8053      19059.76       7612.7298      0              1784.2718      2163.2762      4165.6767      0              0.42999703   
   7950000   180204.36      315.91255     -474.45506      15631.674      3483.257       19114.931      7546.0432      0              1852.3776      2128.2679      4104.9858      0              0.42805298   
   7960000   179119.77      306.72001     -333.20034      15802.858      3381.8999      19184.758      7668.4386      0              1903.8109      2136.9258      4093.6832      0              0.43064489   
   7970000   181342.53      309.06332     -313.22108      15682.396      3407.7373      19090.133      7567.2474      0              1880.6575      2128.725       4105.7661      0              0.42536637   
   7980000   180180.5       306.99123      61.522898      15689.779      3384.8903      19074.669      7598.6233      0              1824.3231      2135.4308      4131.4017      0              0.42810967   
   7990000   180693.1       315.21725      146.19201      15704.808      3475.5906      19180.399      7590.091       0              1864.7254      2125.0956      4124.8959      0              0.42689517   
   8000000   180616.21      307.32857      332.13973      15653.888      3388.6099      19042.498      7613.7149      0              1810.9889      2122.3352      4106.8491      0              0.42707692   
   8010000   179483.38      306.01464     -494.36683      15738.598      3374.1224      19112.721      7602.8426      0              1817.8596      2168.3912      4149.5049      0              0.42977246   
   8020000   178270.82      309.06638     -459.43563      15711.087      3407.771       19118.858      7558.0776      0              1871.5005      2180.7861      4100.7225      0              0.43269569   
   8030000   179515.71      305.11135      123.27557      15784.407      3364.1628      19148.57       7629.7506      0              1865.1419      2124.1915      4165.3233      0              0.42969507   
   8040000   181697.77      305.47858     -50.998827      15628.958      3368.2118      18997.17       7604.3039      0              1847.9103      2092.2043      4084.5393      0              0.42453474   
   8050000   180667.32      309.07062     -101.03222      15669.222      3407.8177      19077.04       7589.2379      0              1823.6488      2150.5109      4105.8243      0              0.42695611   
   8060000   180863.11      310.51313     -39.278825      15729.268      3423.7228      19152.991      7593.6182      0              1875.359       2151.119       4109.1716      0              0.4264939    
   8070000   179491.57      308.28093      160.31349      15567.806      3399.1106      18966.916      7540.6925      0              1787.4993      2135.4755      4104.1386      0              0.42975285   
   8080000   179286.99      312.16459      740.53111      15701.364      3441.9319      19143.296      7563.2649      0              1844.0578      2181.0832      4112.9582      0              0.43024323   
   8090000   180321.47      315.06593      87.401956      15634.272      3473.9221      19108.194      7585.6461      0              1847.554       2090.6269      4110.445       0              0.42777499   
   8100000   181636.1       315.65733      558.9285       15619.472      3480.4429      19099.915      7605.9903      0              1799.9035      2111.1191      4102.459       0              0.42467887   
   8110000   180154.42      312.37423     -173.67514      15734.495      3444.2434      19178.738      7550.9351      0              1899.5979      2141.3602      4142.6018      0              0.42817163   
   8120000   179720.88      303.19059     -273.42226      15656.89       3342.9845      18999.875      7595.1015      0              1861.7412      2142.7961      4057.2517      0              0.42920452   
   8130000   180608.55      310.56174     -165.33777      15689.55       3424.2588      19113.808      7598.0294      0              1863.6657      2080.5749      4147.2795      0              0.42709503   
   8140000   180344.78      303.84614     -140.57398      15718.199      3350.2125      19068.411      7564.223       0              1897.4173      2127.7173      4128.8412      0              0.42771969   
   8150000   180669.78      307.04494      4.1928957      15682.67       3385.4825      19068.153      7568.8414      0              1904.0808      2108.2485      4101.4995      0              0.42695028   
   8160000   180535.73      307.76294     -293.99484      15713.206      3393.3992      19106.605      7611.8762      0              1877.4503      2130.3827      4093.497       0              0.4272673    
   8170000   179360.02      312.34729     -38.041747      15602.829      3443.9464      19046.776      7538.4634      0              1768.6529      2149.3061      4146.4069      0              0.43006805   
   8180000   181431.31      306.02914     -194.39521      15644.943      3374.2823      19019.225      7591.2403      0              1816.1168      2159.4061      4078.1798      0              0.42515822   
   8190000   182182.03      313.31792      87.579253      15715.03       3454.6485      19169.678      7531.3711      0              1847.3311      2198.8424      4137.4855      0              0.42340626   
   8200000   179644.58      311.70583     -542.31559      15547.22       3436.8735      18984.094      7486.9123      0              1824.5529      2123.8891      4111.8659      0              0.42938682   
   8210000   178505.6       308.0602       157.9909       15729.323      3396.6769      19126          7642.2904      0              1852.3435      2082.5443      4152.1452      0              0.43212658   
   8220000   179798.88      310.66836      290.63191      15645.211      3425.4344      19070.645      7575.6531      0              1820.6351      2110.1854      4138.737       0              0.42901833   
   8230000   179993.95      305.6838       279.24213      15583.165      3370.4745      18953.639      7589.1987      0              1749.9832      2103.6976      4140.2854      0              0.42855337   
   8240000   180504.12      304.35804      489.48261      15707.318      3355.8567      19063.175      7715.0891      0              1743.5172      2143.9471      4104.7648      0              0.42734212   
   8250000   178879.59      306.71768     -71.157573      15725.08       3381.8742      19106.954      7610.2172      0              1857.9321      2135.5388      4121.3919      0              0.43122312   
   8260000   181177.73      310.55942      159.23289      15689.577      3424.2332      19113.81       7577.6049      0              1867.2513      2116.1773      4128.5436      0              0.4257533    
   8270000   178555.7       308.76187      27.416147      15685.395      3404.4134      19089.809      7603.1127      0              1875.0674      2137.6696      4069.5455      0              0.43200533   
   8280000   179104.09      303.56717      179.19578      15591.728      3347.1366      18938.865      7560.6616      0              1809.2531      2137.7719      4084.0414      0              0.4306826    
   8290000   179288.1       310.05295      104.60822      15590.226      3418.649       19008.875      7584.6249      0              1824.7734      2118.1512      4062.6762      0              0.43024058   
   8300000   180491.97      306.66986     -241.98765      15523.056      3381.3469      18904.403      7502.6529      0              1814.9756      2104.1202      4101.3072      0              0.4273709    
   8310000   180062.26      309.29153      674.25204      15550.041      3410.2534      18960.295      7569.4876      0              1797.5321      2064.9877      4118.0338      0              0.42839079   
   8320000   180731.9       303.53823     -465.35413      15649.326      3346.8175      18996.143      7606.9164      0              1878.874       2093.1457      4070.3897      0              0.42680353   
   8330000   181766.07      312.40738     -101.69984      15606.208      3444.6089      19050.817      7542.956       0              1844.27        2126.7991      4092.1832      0              0.4243752    
   8340000   180254.57      312.48903      783.33275      15639.311      3445.5091      19084.82       7615.8915      0              1786.6713      2121.8087      4114.9397      0              0.42793374   
   8350000   179401.2       313.0541      -368.04816      15620.329      3451.7397      19072.069      7477.5424      0              1870.8598      2153.6395      4118.2874      0              0.42996932   
   8360000   179189.25      297.82902      198.56164      15628.171      3283.8677      18912.039      7583.991       0              1846.5873      2107.4507      4090.1418      0              0.43047792   
   8370000   179302.1       310.92012      156.94936      15701.265      3428.2104      19129.475      7635.1795      0              1816.9102      2129.1228      4120.0524      0              0.43020697   
   8380000   178612.49      307.17118      194.41371      15594.101      3386.8745      18980.976      7550.9266      0              1811.7631      2134.382       4097.0297      0              0.43186797   
   8390000   179093.64      315.14406      196.77292      15570.373      3474.7835      19045.157      7505.0142      0              1826.2215      2135.3875      4103.7499      0              0.43070774   
   8400000   177977.21      301.10524      333.85981      15531.041      3319.9914      18851.032      7592.5513      0              1829.7295      2065.2562      4043.5036      0              0.43340951   
   8410000   177864.65      307.65855      421.75482      15698.962      3392.2482      19091.21       7605.608       0              1852.3447      2150.4607      4090.5486      0              0.43368379   
   8420000   179703.98      311.9451       346.42026      15685.526      3439.5118      19125.038      7633.5074      0              1803.3993      2147.6844      4100.9352      0              0.4292449    
   8430000   180403.38      306.51968     -238.09471      15680.114      3379.691       19059.805      7550.6004      0              1841.6291      2167.6765      4120.2079      0              0.42758075   
   8440000   180917.15      300.71245      301.62393      15482.11       3315.6604      18797.77       7500.596       0              1764.6035      2125.6491      4091.261       0              0.42636651   
   8450000   178660.48      307.19909     -115.19375      15630.337      3387.1822      19017.519      7539.7953      0              1846.2137      2128.5569      4115.771       0              0.43175198   
   8460000   179543.11      306.08691      28.886223      15777.693      3374.9193      19152.612      7688.8892      0              1845.0184      2107.2465      4136.5389      0              0.42962949   
   8470000   178464.57      310.01846      145.50555      15714.905      3418.2686      19133.173      7626.0136      0              1819.3065      2162.5579      4107.0266      0              0.43222594   
   8480000   181880.31      308.05044      73.07796       15726.419      3396.5692      19122.989      7528.765       0              1867.3142      2159.8243      4170.5158      0              0.42410866   
   8490000   181267.23      308.69741      328.1238       15671.784      3403.7027      19075.487      7556.5571      0              1854.7889      2142.191       4118.2473      0              0.42554309   
   8500000   181322.52      308.56204     -205.86181      15583.081      3402.2101      18985.291      7543.8738      0              1809.8243      2102.5434      4126.8394      0              0.42541331   
   8510000   181774.13      309.61919      367.95244      15650.159      3413.8663      19064.025      7627.7287      0              1806.4129      2118.3389      4097.6784      0              0.4243564    
   8520000   180950.48      310.72437      197.94122      15717.602      3426.052       19143.654      7578.2611      0              1855.4805      2192.2711      4091.5896      0              0.42628799   
   8530000   177793.95      314.41689      360.51626      15634.922      3466.7658      19101.688      7579.9318      0              1814.6357      2149.0107      4091.3435      0              0.43385625   
   8540000   180972.23      311.06458     -103.66225      15677.334      3429.8032      19107.137      7595.2583      0              1799.7247      2145.8517      4136.4992      0              0.42623675   
   8550000   180599.01      314.34827     -28.375137      15627.458      3466.0091      19093.467      7582.7245      0              1788.397       2146.4599      4109.877       0              0.42711759   
   8560000   180592.04      311.03761     -421.59333      15693.522      3429.5058      19123.027      7573.7105      0              1917.3239      2098.4798      4104.0074      0              0.42713409   
   8570000   179589.54      310.14851     -44.565766      15605.913      3419.7025      19025.616      7543.2039      0              1816.9082      2141.3923      4104.4086      0              0.42951841   
   8580000   180613.25      308.8071      -36.853326      15676.5        3404.9121      19081.412      7569.1228      0              1858.5113      2125.8541      4123.0121      0              0.42708392   
   8590000   180822.92      307.69022     -398.72636      15633.723      3392.5974      19026.32       7578.5734      0              1827.33        2115.3806      4112.439       0              0.4265887    
   8600000   181006.14      310.07813     -252.23482      15548.559      3418.9266      18967.486      7560.195       0              1843.3719      2086.3174      4058.6747      0              0.42615689   
   8610000   179316.09      307.99496     -175.16611      15605.395      3395.9575      19001.353      7592.8585      0              1822.186       2106.502       4083.8489      0              0.43017342   
   8620000   179873.74      307.96799      251.85845      15738.506      3395.6601      19134.166      7731.229       0              1764.778       2125.6025      4116.8968      0              0.42883978   
   8630000   178341.13      309.62261      195.32693      15613.898      3413.9039      19027.802      7568.8189      0              1792.4762      2147.8991      4104.7035      0              0.43252511   
   8640000   179495.55      310.4079      -571.38032      15670.685      3422.5626      19093.247      7569.5581      0              1843.6023      2130.1219      4127.4022      0              0.42974333   
   8650000   179796.53      309.19275      389.11714      15650.794      3409.1643      19059.958      7588.356       0              1799.7679      2129.7181      4132.9517      0              0.42902393   
   8660000   178074.39      305.6146       10.282885      15721.975      3369.7116      19091.686      7575.1696      0              1831.2199      2215.8047      4099.7805      0              0.43317297   
   8670000   180199.79      313.04534     -56.979909      15548.511      3451.643       19000.154      7473.1301      0              1810.2213      2136.7836      4128.3759      0              0.42806385   
   8680000   178828.33      303.37194     -222.79012      15591.951      3344.984       18936.935      7488.5806      0              1867.6498      2135.4744      4100.2463      0              0.43134673   
   8690000   178010.14      305.04537      184.28085      15615.028      3363.4353      18978.464      7532.6371      0              1834.3334      2138.5689      4109.4891      0              0.43332932   
   8700000   179897.43      304.49999      408.66139      15626.541      3357.4219      18983.963      7609.0308      0              1820.7764      2113.5406      4083.1934      0              0.4287833    
   8710000   181110.67      312.68655     -246.77071      15691.509      3447.687       19139.196      7601.7112      0              1807.0912      2174.6415      4108.0651      0              0.42591094   
   8720000   181510.51      312.53382      241.49384      15639.486      3446.003       19085.489      7548.0929      0              1818.6703      2157.1768      4115.5456      0              0.42497272   
   8730000   180670.59      311.27825      147.22352      15662.625      3432.1591      19094.784      7593.9034      0              1845.9947      2148.2386      4074.4879      0              0.42694837   
   8740000   179354.03      308.1458       503.98108      15656.386      3397.6206      19054.007      7627.4142      0              1811.2036      2149.3086      4068.4596      0              0.43008242   
   8750000   180273.06      305.35358     -17.582591      15637.166      3366.8336      19004          7564.8931      0              1812.4185      2125.4913      4134.3635      0              0.42788986   
   8760000   182860.8       306.17845     -188.82519      15722.582      3375.9286      19098.511      7556.4634      0              1890.4489      2181.5542      4094.1159      0              0.42183461   
   8770000   182325.33      306.52709      202.25724      15639.779      3379.7727      19019.551      7593.0797      0              1844.5311      2118.1866      4083.9812      0              0.4230735    
   8780000   179187.51      302.78953     -277.75296      15613.225      3338.5623      18951.787      7514.401       0              1878.02        2139.2605      4081.5437      0              0.43048209   
   8790000   177985.62      308.92178     -17.466009      15608.465      3406.1767      19014.642      7463.2343      0              1879.6158      2147.3132      4118.3018      0              0.43338903   
   8800000   178735.25      297.13721     -328.50564      15701.681      3276.2397      18977.92       7573.4541      0              1822.7469      2214.7955      4090.6843      0              0.43157136   
   8810000   181196.5       309.30791     -291.17364      15661.483      3410.4341      19071.917      7552.8735      0              1887.8472      2101.2593      4119.5025      0              0.42570919   
   8820000   183238.29      302.74469      219.38007      15775.893      3338.0679      19113.961      7601.6355      0              1858.0922      2175.1536      4141.0115      0              0.42096558   
   8830000   180835.02      301.66594     -313.29508      15677.834      3326.1736      19004.008      7595.1895      0              1831.5794      2156.6736      4094.3917      0              0.42656016   
   8840000   181519.5       312.16361     -111.06253      15615.3        3441.921       19057.221      7554.539       0              1830.3405      2143.1807      4087.2395      0              0.42495167   
   8850000   179101.77      303.55793      256.26606      15585.281      3347.0347      18932.316      7618.0384      0              1797.8091      2100.4746      4068.9593      0              0.43068817   
   8860000   179291.35      304.17078      27.0512        15642.633      3353.792       18996.425      7554.5864      0              1882.4788      2107.8498      4097.7183      0              0.43023278   
   8870000   181147.63      307.44862      190.46645      15701.28       3389.9336      19091.214      7564.9358      0              1867.3767      2162.255       4106.7124      0              0.42582404   
   8880000   179275.99      305.38097     -119.10186      15514.911      3367.1356      18882.046      7494.2954      0              1819.0185      2116.4973      4085.0996      0              0.43026963   
   8890000   178705.43      319.18694      373.18857      15664.611      3519.3604      19183.972      7504.3834      0              1874.8964      2174.7368      4110.5947      0              0.43164337   
   8900000   177945.46      311.28172      158.29954      15677.092      3432.1973      19109.289      7638.6096      0              1814.0058      2150.4969      4073.9797      0              0.43348683   
   8910000   179732.34      306.75541     -130.97878      15577.143      3382.2902      18959.433      7482.8414      0              1836.9961      2136.5445      4120.7611      0              0.42917715   
   8920000   181091.81      315.70706     -572.31886      15611.619      3480.9912      19092.611      7512.599       0              1888.3726      2113.573       4097.0748      0              0.42595529   
   8930000   181622.26      308.11152      249.79382      15719.599      3397.2426      19116.842      7653.7768      0              1861.3306      2125.6131      4078.8786      0              0.42471124   
   8940000   179116.79      310.09988     -517.25976      15639.859      3419.1664      19059.025      7601.2169      0              1860.9251      2092.5476      4085.1692      0              0.43065207   
   8950000   179148.56      315.45998      235.11405      15677.871      3478.2669      19156.137      7610.4191      0              1878.4331      2111.2364      4077.782       0              0.43057569   
   8960000   179976.88      312.12323      227.1305       15535.924      3441.4758      18977.399      7499.9739      0              1805.2254      2138.1647      4092.5595      0              0.42859401   
   8970000   180246.51      303.56376     -558.76551      15745.007      3347.099       19092.106      7562.0696      0              1838.086       2168.6144      4176.2374      0              0.42795288   
   8980000   179312.58      311.18002      6.424545       15659.071      3431.076       19090.147      7595.6271      0              1819.6778      2109.6112      4134.1544      0              0.43018183   
   8990000   182159.49      309.56163      45.423561      15693.4        3413.2315      19106.631      7558.0492      0              1898.353       2150.8808      4086.1167      0              0.42345865   
   9000000   181248.64      299.83148     -599.12031      15640.958      3305.9468      18946.905      7519.2791      0              1831.0148      2140.78        4149.8844      0              0.42558672   
   9010000   180775.93      310.3722      -374.35368      15618.252      3422.169       19040.421      7502.811       0              1889.7171      2145.1211      4080.6026      0              0.42669959   
   9020000   180251.08      303.72702     -37.135528      15671.505      3348.8991      19020.404      7578.7295      0              1857.8752      2139.4541      4095.446       0              0.42794204   
   9030000   180817.62      306.41036      136.93816      15670.969      3378.4857      19049.455      7618.5383      0              1811.0944      2098.9537      4142.3829      0              0.42660121   
   9040000   181289.92      300.8383      -304.93626      15622.544      3317.048       18939.592      7498.4917      0              1862.7264      2144.2013      4117.1242      0              0.42548982   
   9050000   180461.94      304.48402     -324.99899      15682.86       3357.2458      19040.106      7559.1631      0              1865.5324      2120.1955      4137.9694      0              0.427442     
   9060000   179988.61      315.91414      205.21518      15707.861      3483.2745      19191.135      7604.1906      0              1813.5221      2157.0662      4133.0818      0              0.42856609   
   9070000   178362.86      306.51674     -266.4582       15691.96       3379.6586      19071.619      7604.2956      0              1800.297       2186.1112      4101.2562      0              0.4324724    
   9080000   180244.43      305.12426     -107.17944      15589.547      3364.3051      18953.852      7570.1339      0              1816.8698      2123.7095      4078.8339      0              0.42795783   
   9090000   181694.6       305.78476     -270.21994      15716.895      3371.5877      19088.483      7597.2452      0              1839.5426      2137.1822      4142.9251      0              0.42454214   
   9100000   180566.31      313.81822      144.85801      15703.274      3460.1649      19163.439      7635.9477      0              1838.8725      2103.2991      4125.1551      0              0.42719494   
   9110000   182812.22      310.50548      439.16924      15708.109      3423.6385      19131.747      7641.2906      0              1830.0061      2115.5505      4121.2616      0              0.42194672   
   9120000   180524.94      307.5075       168.59972      15681.716      3390.5827      19072.299      7662.3163      0              1842.4154      2107.7635      4069.2213      0              0.42729284   
   9130000   181449.83      299.53709     -137.17345      15634.881      3302.7009      18937.582      7601.7621      0              1806.9948      2139.0757      4087.0487      0              0.42511484   
   9140000   179565.39      304.21492      85.437056      15620.929      3354.2787      18975.208      7570.8549      0              1849.2627      2079.2405      4121.5712      0              0.42957619   
   9150000   182755.35      303.08995     -500.9461       15642.059      3341.8747      18983.933      7579.193       0              1867.4844      2112.4654      4082.9158      0              0.422078     
   9160000   182494.52      313.78326     -188.39235      15660.129      3459.7794      19119.909      7515.3556      0              1896.566       2112.3254      4135.8824      0              0.42268126   
   9170000   181744.23      312.35059     -198.69781      15666.167      3443.9827      19110.15       7598.8224      0              1876.0436      2079.1928      4112.1083      0              0.42442622   
   9180000   181691.78      301.47723      351.85745      15756.283      3324.0929      19080.376      7672.6679      0              1798.3636      2213.0027      4072.2492      0              0.42454872   
   9190000   181645.82      316.44614      473.98219      15699.427      3489.1403      19188.567      7630.7356      0              1845.9107      2112.4812      4110.2993      0              0.42465616   
   9200000   181494.77      309.52458     -295.963        15622.484      3412.8231      19035.307      7539.4639      0              1850.9142      2147.286       4084.8202      0              0.42500956   
   9210000   182111.67      311.35313      323.35055      15691.74       3432.9847      19124.724      7715.5786      0              1807.9466      2061.2519      4106.9624      0              0.42356985   
   9220000   181971.44      311.348       -411.50207      15753.727      3432.9282      19186.656      7611.1456      0              1878.4066      2170.1741      4094.0011      0              0.42389627   
   9230000   181261.22      315.34322      845.63231      15734.393      3476.9795      19211.372      7703.6286      0              1818.7971      2126.5341      4085.433       0              0.42555719   
   9240000   179596.62      306.22566     -201.39866      15676.848      3376.4492      19053.297      7587.1003      0              1862.6562      2190.8314      4036.2596      0              0.42950149   
   9250000   181100.05      308.63303     -747.24277      15590.983      3402.9928      18993.976      7549.1135      0              1844.3134      2118.3331      4079.2234      0              0.42593591   
   9260000   180608.07      311.05142      13.654177      15823.545      3429.6581      19253.203      7685.0465      0              1886.7577      2148.2319      4103.5087      0              0.42709617   
   9270000   181114.83      305.67531      175.66645      15693.61       3370.381       19063.991      7645.9423      0              1895.6659      2097.1558      4054.8459      0              0.42590115   
   9280000   180970.52      307.86221     -299.35271      15707.89       3394.4938      19102.383      7692.835       0              1820.6741      2125.5897      4068.7908      0              0.42624077   
   9290000   181168.57      316.60798      501.58226      15663.215      3490.9247      19154.14       7646.5516      0              1795.8097      2182.4648      4038.3893      0              0.42577481   
   9300000   179672.3       309.18543      253.85806      15750.134      3409.0836      19159.217      7666.4318      0              1822.992       2128.0334      4132.6763      0              0.42932056   
   9310000   180712.33      318.68465      666.36644      15699.735      3513.8221      19213.557      7651.9283      0              1802.9567      2167.5488      4077.3012      0              0.42684977   
   9320000   181386.73      315.8585      -675.13208      15763.925      3482.661       19246.586      7662.2894      0              1864.4981      2132.347       4104.7904      0              0.42526272   
   9330000   181784.67      313.66015     -86.426915      15753.524      3458.422       19211.946      7641.9952      0              1849.9441      2178.4558      4083.1295      0              0.42433178   
   9340000   180256.12      308.94659     -460.67937      15646.503      3406.4501      19052.953      7540.1757      0              1861.4634      2136.5626      4108.3009      0              0.42793008   
   9350000   182468.67      310.82983      395.81047      15642.696      3427.2148      19069.911      7642.3086      0              1792.1632      2140.1236      4068.1009      0              0.42274115   
   9360000   180664.47      304.43746      260.54248      15732.276      3356.7324      19089.008      7746.8543      0              1823.7849      2065.7446      4095.8917      0              0.42696283   
   9370000   178567.51      310.70486     -276.62068      15670.433      3425.8368      19096.27       7528.9255      0              1853.2547      2149.286       4138.9668      0              0.43197676   
   9380000   180010.76      302.34959     -192.11471      15592.005      3333.7115      18925.717      7604.7263      0              1821.8045      2087.1217      4078.3525      0              0.42851336   
   9390000   181546.44      302.70116      343.21676      15829.51       3337.5879      19167.098      7752.3163      0              1823.1727      2147.1335      4106.8871      0              0.42488861   
   9400000   182472.46      308.38281      3.095314       15761.163      3400.2339      19161.397      7625.1151      0              1876.4837      2168.364       4091.1999      0              0.42273236   
   9410000   182563.14      306.48132      233.64639      15789.01       3379.268       19168.278      7600.5947      0              1867.7578      2184.1461      4136.5112      0              0.42252239   
   9420000   179008.85      313.936        140.76612      15682.556      3461.4635      19144.02       7603.9869      0              1787.967       2174.1808      4116.4217      0              0.43091173   
   9430000   181223.51      306.82771     -495.77037      15733.471      3383.0873      19116.558      7625.7114      0              1886.3622      2132.718       4088.6793      0              0.42564573   
   9440000   179009.61      302.58841     -2.2350086      15611.177      3336.3448      18947.522      7651.5858      0              1798.4281      2089.0341      4072.1292      0              0.4309099    
   9450000   181148.07      314.03805      11.454874      15692.082      3462.5887      19154.671      7591.9299      0              1860.4308      2145.3774      4094.344       0              0.425823     
   9460000   178832.24      304.28628     -184.00243      15739.101      3355.0655      19094.166      7606.8706      0              1865.0359      2162.7505      4104.4436      0              0.43133728   
   9470000   179788.41      311.25331      72.322526      15728.082      3431.8841      19159.966      7667.6952      0              1854.9888      2137.8347      4067.5631      0              0.4290433    
   9480000   177977.73      318.99976      753.32989      15784.538      3517.2966      19301.834      7724.6965      0              1843.6086      2143.0237      4073.209       0              0.43340824   
   9490000   181308.66      302.04625      68.308171      15694.165      3330.3669      19024.532      7672.503       0              1813.4509      2132.9845      4075.2269      0              0.42544584   
   9500000   180489.54      307.73072     -189.95229      15750.67       3393.044       19143.714      7681.3048      0              1884.059       2114.2215      4071.0846      0              0.42737666   
   9510000   181713.77      312.86905      584.77345      15651.54       3449.6992      19101.239      7639.1185      0              1797.1332      2126.4299      4088.858       0              0.42449735   
   9520000   177938.3       303.20696      323.77365      15611.129      3343.1649      18954.294      7630.2178      0              1786.8054      2106.6242      4087.4813      0              0.43350428   
   9530000   180744.8       305.72662      127.2202       15684.891      3370.9467      19055.838      7615.6624      0              1889.2243      2110.2463      4069.7578      0              0.42677308   
   9540000   183118.59      304.97686     -236.23804      15631.876      3362.6799      18994.555      7602.0746      0              1853.3414      2097.9288      4078.5307      0              0.42124077   
   9550000   182088.57      306.87746      598.89963      15614.136      3383.6359      18997.772      7638.474       0              1775.85        2125.4891      4074.323       0              0.42362361   
   9560000   181656.99      309.06378     -143.36833      15631.591      3407.7423      19039.334      7597.5286      0              1884.0822      2069.7579      4080.2226      0              0.42463004   
   9570000   179889.51      313.78213     -101.40697      15610.36       3459.7669      19070.127      7581.1865      0              1820.1942      2137.9792      4070.9997      0              0.42880217   
   9580000   179977.74      321.7054       133.87565      15713.87       3547.129       19260.999      7550.0059      0              1873.2627      2174.9453      4115.6563      0              0.42859198   
   9590000   180514.44      306.53329     -27.677323      15630.598      3379.8411      19010.439      7650.1466      0              1830.7935      2101.2451      4048.4125      0              0.42731769   
   9600000   180308.83      305.68392     -358.56661      15728.989      3370.4759      19099.465      7613.2806      0              1850.3727      2159.4915      4105.8444      0              0.42780497   
   9610000   180144.82      304.11656      503.05522      15579.497      3353.1941      18932.691      7588.1724      0              1778.1367      2128.2105      4084.9778      0              0.42819445   
   9620000   180183.16      304.40902     -58.138308      15656.95       3356.4188      19013.369      7591.3016      0              1841.9779      2159.3431      4064.3271      0              0.42810336   
   9630000   181014.15      309.35809      404.90013      15701.908      3410.9874      19112.896      7687.6657      0              1835.6637      2132.5075      4046.0713      0              0.42613803   
   9640000   181464.76      308.04425      81.815512      15693.94       3396.5009      19090.441      7643.1713      0              1844.7863      2132.0771      4073.9049      0              0.42507987   
   9650000   178144.08      307.20972     -160.15627      15648.471      3387.2995      19035.77       7593.2172      0              1836.841       2149.7381      4068.6742      0              0.43300353   
   9660000   179108.56      306.8055      -251.60786      15591.183      3382.8425      18974.025      7583.4719      0              1823.2063      2104.1063      4080.3985      0              0.43067184   
   9670000   179456.83      302.22966     -165.45463      15628.426      3332.3891      18960.816      7549.1885      0              1852.486       2138.5583      4088.1936      0              0.42983605   
   9680000   180469.19      302.0627      -498.53687      15676.823      3330.5482      19007.371      7616.085       0              1883.5653      2118.8197      4058.3532      0              0.42742484   
   9690000   180932.93      305.14726     -661.19773      15621.056      3364.5587      18985.615      7522.5037      0              1895.0648      2119.7343      4083.7531      0              0.42632932   
   9700000   180449.1       306.0358      -506.12293      15572.627      3374.3557      18946.983      7640.3888      0              1849.1383      2095.5985      3987.5012      0              0.42747242   
   9710000   179189.37      313.23257      249.86615      15692.883      3453.7075      19146.591      7619.1186      0              1848.4004      2165.4871      4059.8773      0              0.43047762   
   9720000   180843.79      300.18977     -242.39509      15679.285      3309.8973      18989.182      7610.2795      0              1863.493       2120.8747      4084.6379      0              0.42653947   
   9730000   181148.98      308.19344     -210.46329      15613.169      3398.146       19011.315      7548.0156      0              1889.0377      2100.2264      4075.8892      0              0.42582086   
   9740000   180792.21      306.7808       593.56111      15711.109      3382.5702      19093.679      7722.6768      0              1798.5706      2114.839       4075.0226      0              0.42666116   
   9750000   180103.3       305.5318      -572.95824      15668.51       3368.7987      19037.308      7641.6457      0              1830.5038      2113.0213      4083.3389      0              0.42829317   
   9760000   180695.9       304.13525      255.34912      15703.735      3353.4003      19057.136      7639.6602      0              1823.3506      2150.5766      4090.148       0              0.42688858   
   9770000   181502.21      312.56398     -12.247763      15736.682      3446.3356      19183.018      7645.6779      0              1829.408       2162.8412      4098.7554      0              0.42499215   
   9780000   180468.73      307.78401     -339.50287      15688.851      3393.6315      19082.482      7565.8782      0              1880.2377      2127.9807      4114.7539      0              0.42742594   
   9790000   180226.63      297.69043      538.54533      15525.452      3282.3395      18807.792      7516.2597      0              1790.2542      2158.5556      4060.3826      0              0.4280001    
   9800000   181556.39      305.65303     -25.678166      15669.561      3370.1353      19039.697      7594.5277      0              1834.524       2158.5266      4081.983       0              0.42486533   
   9810000   180595.46      306.61651     -348.28908      15653.202      3380.7587      19033.961      7623.565       0              1845.7586      2117.4481      4066.4305      0              0.42712599   
   9820000   182270.7       314.37904     -42.387404      15699.301      3466.3484      19165.65       7599.485       0              1877.9818      2120.1227      4101.7119      0              0.42320029   
   9830000   182254.73      304.76009      441.51241      15641.562      3360.2897      19001.852      7625.7549      0              1799.6531      2119.009       4097.1455      0              0.42323738   
   9840000   179714.26      303.14188      579.29034      15589.802      3342.4473      18932.249      7570.5874      0              1786.3912      2127.1009      4105.7225      0              0.42922034   
   9850000   180591.69      305.70261     -982.3088       15689.828      3370.682       19060.51       7513.7053      0              1882.9668      2168.4841      4124.6719      0              0.4271349    
   9860000   179057.03      300.64066     -220.94292      15748.79       3314.8689      19063.659      7619.3955      0              1879.2496      2146.9009      4103.2444      0              0.43079578   
   9870000   180436.13      309.23984      407.9574       15612.952      3409.6835      19022.635      7658.4891      0              1750.8642      2131.3516      4072.2471      0              0.42750315   
   9880000   179695.86      300.39275      506.72113      15654.131      3312.1354      18966.266      7656.5642      0              1762.0524      2107.1497      4128.3643      0              0.42926429   
   9890000   179417.79      319.40333     -134.71299      15586.356      3521.7463      19108.102      7538.2117      0              1832.1821      2141.7368      4074.2255      0              0.42992957   
   9900000   180514.79      307.57897      115.58371      15605.663      3391.3708      18997.034      7580.3084      0              1798.5951      2137.437       4089.3226      0              0.42731686   
   9910000   178456.56      307.50874     -385.11915      15690.385      3390.5964      19080.981      7602.7516      0              1832.2683      2144.8433      4110.5219      0              0.43224532   
   9920000   177709.09      307.01399     -21.490922      15544.49       3385.1413      18929.631      7530.7994      0              1811.3742      2122.7662      4079.5501      0              0.4340634    
   9930000   179518.65      313.36995      76.086436      15590.193      3455.2222      19045.416      7599.4238      0              1802.142       2122.8254      4065.8022      0              0.42968803   
   9940000   178792.09      308.89212      363.37134      15734.197      3405.8496      19140.047      7631.6668      0              1841.7847      2128.604       4132.1416      0              0.43143417   
   9950000   179518.26      310.98321      26.723947      15716.297      3428.906       19145.203      7611.2765      0              1848.1665      2155.0295      4101.8247      0              0.42968895   
   9960000   179613.8       302.33313     -200.52202      15642.853      3333.5301      18976.383      7575.6567      0              1882.6256      2085.5394      4099.0311      0              0.42946039   
   9970000   179395.52      303.39692      448.39964      15720.489      3345.2594      19065.748      7701.3909      0              1801.0532      2127.3796      4090.6649      0              0.42998295   
   9980000   180367.48      311.88967     -339.12147      15605.446      3438.9006      19044.347      7549.2557      0              1826.2807      2155.8393      4074.0706      0              0.42766586   
   9990000   182091.01      304.85254     -330.991        15632.572      3361.3092      18993.881      7536.6377      0              1825.3599      2142.1413      4128.4328      0              0.42361791   
  10000000   178716.61      308.94854      456.65313      15594.326      3406.4717      19000.797      7555.5172      0              1839.3927      2115.1764      4084.2394      0              0.43161637   
  10010000   179241.48      308.80059      283.30667      15558.774      3404.8403      18963.614      7543.1484      0              1799.3598      2140.4723      4075.7934      0              0.43035249   
  10020000   178284.89      309.56696     -279.09563      15609.541      3413.2903      19022.831      7496.8009      0              1841.894       2160.6958      4110.1501      0              0.43266153   
  10030000   178889.37      304.8841      -245.51559      15606.612      3361.6571      18968.269      7635.1025      0              1811.0134      2073.783       4086.7135      0              0.43119953   
  10040000   180482.05      308.95304      370.05992      15582.911      3406.5212      18989.432      7537.6498      0              1828.7742      2135.1503      4081.3367      0              0.42739439   
  10050000   179208.42      305.45877      367.86271      15464.007      3367.9934      18832          7537.8073      0              1768.8456      2047.1145      4110.2395      0              0.43043187   
  10060000   179921.15      308.64329     -38.163684      15600.185      3403.106       19003.291      7581.029       0              1821.6816      2133.3369      4064.1375      0              0.42872677   
  10070000   179040.1       309.60465      6.1669044      15576.381      3413.706       18990.087      7482.5443      0              1859.0417      2122.72        4112.0754      0              0.43083652   
  10080000   178707.09      316.32228      162.53422      15571.059      3487.7746      19058.834      7589.5969      0              1818.7617      2112.3911      4050.3095      0              0.43163936   
  10090000   178874.56      307.99518     -116.44961      15610.771      3395.9598      19006.731      7532.3524      0              1791.2611      2154.8197      4132.3379      0              0.43123525   
  10100000   180681.13      316.08465     -513.55622      15590.937      3485.1545      19076.091      7492.0667      0              1884.2355      2101.4012      4113.2331      0              0.42692347   
  10110000   180652.27      308.53931     -306.87089      15610.167      3401.9595      19012.126      7498.9403      0              1830.1284      2172.4245      4108.6734      0              0.42699168   
  10120000   181848.56      314.32977      367.15159      15646.108      3465.8052      19111.913      7598.6557      0              1834.0493      2141.4778      4071.9252      0              0.4241827    
  10130000   182866.05      312.63065      215.55118      15555.746      3447.0706      19002.816      7559.9491      0              1785.3878      2126.0439      4084.3646      0              0.4218225    
  10140000   182535.77      309.63842      64.548003      15587.903      3414.0783      19001.982      7580.9569      0              1807.083       2106.6144      4093.2489      0              0.42258575   
  10150000   185003.33      313.27102      144.75838      15630.992      3454.1314      19085.123      7628.7793      0              1798.1976      2125.1358      4078.8789      0              0.41694933   
  10160000   179899.88      309.20252      566.49859      15611.641      3409.272       19020.913      7626.1788      0              1822.2086      2085.9756      4077.2777      0              0.42877747   
  10170000   181184.26      306.45536      133.21506      15559.425      3378.9818      18938.407      7482.9578      0              1819.9652      2183.1849      4073.3172      0              0.42573795   
  10180000   183135.77      309.66174      260.31475      15542.524      3414.3354      18956.859      7527.8483      0              1805.7676      2095.8985      4113.0093      0              0.42120125   
  10190000   185374.41      307.68433     -135.67103      15697.304      3392.5325      19089.837      7643.3972      0              1808.207       2127.9188      4117.7812      0              0.4161147    
  10200000   184822.89      294.60643      377.72406      15708.477      3248.3353      18956.812      7631.6913      0              1753.5993      2206.717       4116.4688      0              0.41735639   
  10210000   183137.65      306.76693     -75.277997      15674.015      3382.4172      19056.432      7619.9535      0              1842.9244      2121.9624      4089.1745      0              0.42119692   
  10220000   185111.73      312.57722      228.0769       15618.066      3446.4816      19064.548      7598.7867      0              1851.655       2095.01        4072.6148      0              0.41670517   
  10230000   187016.05      305.23617      16.107661      15680.202      3365.539       19045.741      7600.7878      0              1849.9917      2137.2001      4092.2224      0              0.41246199   
  10240000   190060.62      312.42256     -82.097486      15611.46       3444.7763      19056.237      7568.1173      0              1870.1419      2089.5247      4083.6764      0              0.40585481   
  10250000   189194.05      308.36645     -73.017556      15620.727      3400.0535      19020.781      7548.8731      0              1784.0163      2155.574       4132.2636      0              0.40771374   
  10260000   186953.58      312.45961     -91.445018      15652.653      3445.1848      19097.838      7554.6371      0              1846.51        2137.65        4113.8558      0              0.41259983   
  10270000   184834.71      311.93201      520.18634      15594.669      3439.3674      19034.036      7550.6621      0              1820.7373      2119.2383      4104.0311      0              0.41732971   
  10280000   186302.91      302.79762     -214.67743      15537.013      3338.6515      18875.664      7457.9392      0              1804.9572      2143.0559      4131.0602      0              0.41404085   
  10290000   189626.29      306.89646     -286.14889      15543.536      3383.8454      18927.382      7485.7203      0              1839.9732      2126.7926      4091.0502      0              0.40678438   
  10300000   187684.61      311.5438       330.88814      15752.951      3435.087       19188.038      7652.0302      0              1824.5415      2182.2058      4094.1734      0              0.41099275   
  10310000   185217.95      312.48432      131.27104      15648.829      3445.4572      19094.286      7550.7519      0              1827.9741      2163.3732      4106.7297      0              0.4164662    
  10320000   189219.05      307.16746     -527.16435      15552.873      3386.8334      18939.706      7524.3624      0              1871.7729      2094.6713      4062.0665      0              0.40765988   
  10330000   188606.1       304.10122     -98.729159      15575.629      3353.025       18928.654      7589.4717      0              1819.0414      2095.3798      4071.7362      0              0.40898472   
  10340000   188067.25      309.67212      35.712001      15577.446      3414.4498      18991.896      7592.0096      0              1856.0765      2092.3234      4037.0367      0              0.41015656   
  10350000   188476.69      300.3074      -724.00474      15512.08       3311.1944      18823.274      7420.2059      0              1871.4779      2177.6955      4042.7007      0              0.40926554   
  10360000   186791.69      309.06829     -110.71635      15715.492      3407.7921      19123.285      7638.6145      0              1829.3404      2171.5992      4075.9384      0              0.41295743   
  10370000   189541.99      307.84871     -174.11798      15676.435      3394.3449      19070.78       7579.522       0              1822.1599      2168.9309      4105.8226      0              0.40696531   
  10380000   187775.86      309.65855     -144.18856      15611.263      3414.3003      19025.563      7597.6778      0              1815.2956      2113.653       4084.6367      0              0.41079303   
  10390000   188006.33      310.9564      -239.43384      15576.532      3428.6103      19005.143      7613.1703      0              1877.4055      2079.6933      4006.2634      0              0.41028945   
  10400000   187002.01      303.18911      278.24985      15643.532      3342.9681      18986.5        7673.8405      0              1822.7793      2067.3097      4079.602       0              0.41249297   
  10410000   186628.83      302.53953      254.2398       15638.018      3335.8058      18973.824      7516.0942      0              1866.2316      2151.1279      4104.5642      0              0.41331778   
  10420000   189232         305.34685      203.65669      15570.408      3366.7594      18937.168      7600.7838      0              1795.3422      2116.2488      4058.0333      0              0.40763199   
  10430000   188523.06      310.58448     -551.67298      15603.022      3424.5095      19027.532      7547.6657      0              1828.8597      2169.3717      4057.1249      0              0.40916488   
  10440000   189372.66      304.86602     -355.09372      15687.281      3361.4578      19048.738      7631.4926      0              1846.3394      2112.793       4096.6555      0              0.4073292    
  10450000   189673.75      311.36827      59.754033      15616.984      3433.1516      19050.136      7631.8754      0              1845.1919      2081.8276      4058.0895      0              0.4066826    
  10460000   187317.63      300.48008      336.32089      15610.789      3313.0982      18923.887      7647.2119      0              1787.7874      2084.9611      4090.8286      0              0.41179794   
  10470000   188500.84      307.27746      553.423        15542.372      3388.0463      18930.418      7537.3664      0              1812.1022      2114.7332      4078.1703      0              0.40921311   
  10480000   189760.95      306.73955      337.32625      15594.032      3382.1153      18976.147      7613.6322      0              1832.4126      2116.9101      4031.0774      0              0.40649572   
  10490000   190144.98      309.28966      318.92322      15758.014      3410.2329      19168.247      7607.5189      0              1873.583       2180.2663      4096.6459      0              0.40567474   
  10500000   190933.77      308.5172      -170.77107      15585.32       3401.7157      18987.035      7559.0731      0              1863.7601      2123.5864      4038.8999      0              0.40399881   
  10510000   189489.59      316.5599       77.652567      15571.698      3490.3947      19062.092      7583.7878      0              1811.149       2133.6072      4043.1536      0              0.40707784   
  10520000   189334.13      305.32925      122.63348      15725.919      3366.5653      19092.484      7574.5216      0              1884.9186      2174.8703      4091.6084      0              0.4074121    
  10530000   187892.93      312.15052     -15.516066      15618.324      3441.7767      19060.101      7618.2276      0              1847.2968      2139.0812      4013.7186      0              0.41053707   
  10540000   187074.48      305.79039     -113.29043      15704.921      3371.6498      19076.571      7627.2792      0              1891.7524      2111.6716      4074.2181      0              0.41233319   
  10550000   190108.11      315.08128     -130.62048      15646.38       3474.0913      19120.471      7601.6767      0              1851.9484      2141.9839      4050.771       0              0.40575341   
  10560000   185015.69      307.07327     -137.03483      15666.521      3385.7949      19052.316      7614.1659      0              1826.8451      2163.9125      4061.5976      0              0.41692147   
  10570000   186736.14      305.16961      235.90734      15663.234      3364.8051      19028.039      7599.682       0              1847.6509      2097.3641      4118.5373      0              0.41308026   
  10580000   186443.34      309.73011     -42.845506      15753.668      3415.0892      19168.757      7604.8313      0              1865.6885      2167.3364      4115.8118      0              0.413729     
  10590000   189669.07      301.04225      245.5155       15709.339      3319.2968      19028.636      7607.3646      0              1835.2543      2168.1644      4098.5559      0              0.40669264   
  10600000   188326.11      309.05104      23.310791      15715.235      3407.6018      19122.836      7622.0623      0              1856.0375      2131.5045      4105.6303      0              0.40959277   
  10610000   188556.12      307.8596      -336.94523      15720.189      3394.465       19114.654      7596.3484      0              1837.7519      2126.4103      4159.6785      0              0.40909313   
  10620000   188567.55      306.60457     -90.184491      15651.299      3380.627       19031.926      7598.013       0              1851.2425      2176.4319      4025.6112      0              0.40906834   
  10630000   188296.27      313.0936      -467.14879      15591.908      3452.1752      19044.083      7536.4452      0              1877.9804      2096.4239      4081.0584      0              0.4096577    
  10640000   188242.8       308.26265     -142.76157      15696.89       3398.9091      19095.799      7564.6908      0              1878.1936      2168.1601      4085.8457      0              0.40977405   
  10650000   187471.08      305.93021     -339.92479      15642.573      3373.1915      19015.765      7557.4604      0              1846.0591      2131.4064      4107.6474      0              0.41146088   
  10660000   188920.17      307.83644     -396.16536      15569.306      3394.2097      18963.516      7507.6648      0              1869.3353      2136.9137      4055.392       0              0.40830481   
  10670000   191988.79      305.54943     -53.670013      15724.408      3368.993       19093.401      7627.9407      0              1858.5872      2165.0235      4072.857       0              0.40177874   
  10680000   189792.81      306.05957      526.94045      15679.038      3374.6179      19053.656      7709.3944      0              1806.1017      2084.1504      4079.3916      0              0.40642748   
  10690000   188816.12      305.68965      577.37512      15653.736      3370.5391      19024.275      7633.9142      0              1790.4603      2128.9407      4100.4204      0              0.40852981   
  10700000   187369.12      304.94863      420.70976      15587.637      3362.3686      18950.005      7643.5429      0              1811.5492      2086.0274      4046.5172      0              0.41168477   
  10710000   189937.55      306.00014      4.0506422      15580.631      3373.9626      18954.593      7622.0476      0              1829.2515      2076.3227      4053.0089      0              0.40611778   
  10720000   190169.08      308.97185      24.567658      15642.954      3406.7286      19049.683      7611.317       0              1845.4279      2084.89        4101.3193      0              0.40562333   
  10730000   189400.58      304.3852       388.98217      15584.306      3356.1562      18940.462      7527.7567      0              1803.0661      2113.8532      4139.63        0              0.40726915   
  10740000   189537.84      304.16372      149.53073      15667.026      3353.7141      19020.741      7633.9807      0              1833.322       2095.0094      4104.7144      0              0.40697422   
  10750000   189009.3       309.98413      67.674573      15622.006      3417.89        19039.896      7547.6448      0              1799.4505      2168.5974      4106.3137      0              0.40811226   
  10760000   189752.1       302.80765     -224.27307      15580.482      3338.7621      18919.244      7501.1563      0              1856.0443      2131.7121      4091.5695      0              0.40651468   
  10770000   189134.54      303.4807      -221.86804      15628.491      3346.1832      18974.674      7577.0957      0              1845.453       2133.3383      4072.6041      0              0.40784202   
  10780000   190487.92      309.21571     -37.6404        15600.065      3409.4175      19009.482      7551.5102      0              1830.3204      2125.6005      4092.6337      0              0.40494439   
  10790000   191640.61      316.42743      312.50094      15585.934      3488.9341      19074.868      7549.715       0              1786.3338      2170.4074      4079.4781      0              0.4025087    
  10800000   190892.31      304.59631      90.12724       15593.288      3358.4839      18951.772      7552.7389      0              1800.8127      2137.554       4102.1827      0              0.40408656   
  10810000   191942.62      312.82474     -428.02718      15601.709      3449.2107      19050.92       7473.1909      0              1912.394       2130.6973      4085.4267      0              0.40187539   
  10820000   190695.49      312.81        -541.6918       15625.689      3449.0482      19074.737      7526.2158      0              1879.1316      2149.1656      4071.1756      0              0.40450362   
  10830000   191701.63      313.78656      234.27238      15653.871      3459.8157      19113.686      7614.4405      0              1826.2937      2098.8711      4114.2652      0              0.40238058   
  10840000   192077.64      312.68865     -197.18228      15508.904      3447.7102      18956.615      7560.4106      0              1794.8812      2103.4361      4050.1765      0              0.40159288   
  10850000   190074.55      308.32407     -667.04702      15654.418      3399.5862      19054.004      7490.1078      0              1891.37        2168.6156      4104.3247      0              0.40582505   
  10860000   190650.11      310.46256     -362.58923      15526.87       3423.1653      18950.036      7470.6999      0              1852.1139      2119.5455      4084.511       0              0.40459989   
  10870000   191095.38      305.57039     -291.59698      15533.873      3369.2241      18903.097      7520.651       0              1786.0066      2166.9357      4060.2793      0              0.40365714   
  10880000   191190.76      307.2694       81.846367      15569.057      3387.9574      18957.015      7565.4167      0              1784.2042      2131.5237      4087.9128      0              0.40345576   
  10890000   193228.71      306.06709      77.993274      15614.793      3374.7007      18989.494      7578.5991      0              1852.2272      2089.9307      4094.0362      0              0.39920058   
  10900000   191602.78      316.1974      -292.15415      15684.163      3486.3977      19170.561      7620.7721      0              1841.3896      2146.2285      4075.7732      0              0.40258819   
  10910000   192339.72      307.46616     -93.906631      15665.165      3390.1269      19055.292      7548.5159      0              1839.9786      2178.104       4098.5666      0              0.40104568   
  10920000   191607.81      303.48201     -318.58893      15660.244      3346.1976      19006.442      7537.3364      0              1869.5784      2129.2827      4124.0465      0              0.40257762   
  10930000   192847.02      312.05732      259.76989      15578.934      3440.7491      19019.683      7629.6205      0              1766.422       2092.034       4090.8575      0              0.3999907    
  10940000   192494.27      309.10728      53.206262      15679.731      3408.2219      19087.953      7592.7064      0              1804.8968      2170.8837      4111.2443      0              0.40072369   
  10950000   190259.41      302.85157     -261.1815       15629.348      3339.2464      18968.594      7543.8412      0              1830.8231      2167.4848      4087.199       0              0.40543074   
  10960000   192100.17      307.70662     -420.53904      15552.429      3392.7783      18945.207      7472.7574      0              1860.9084      2118.8454      4099.918       0              0.4015458    
  10970000   191087.11      306.14102      144.85617      15634.762      3375.5159      19010.278      7572.6146      0              1856.3773      2099.6589      4106.111       0              0.4036746    
  10980000   191719.42      305.97045     -254.1899       15686.34       3373.6352      19059.975      7588.4631      0              1877.3045      2138.7896      4081.7824      0              0.40234324   
  10990000   194722.44      306.188        8.4914451      15677.583      3376.0339      19053.617      7553.6159      0              1883.8425      2146.0121      4094.1123      0              0.39613829   
  11000000   191705         311.52609      87.525768      15688.469      3434.8918      19123.361      7620.3555      0              1825.6687      2126.2977      4116.1475      0              0.40237351   
  11010000   194122.78      309.57756      31.647113      15617.734      3413.4072      19031.141      7520.9894      0              1864.269       2130.3098      4102.166       0              0.39736199   
  11020000   192495.55      305.68684      20.964992      15604.057      3370.5081      18974.565      7539.8468      0              1849.9284      2108.9324      4105.3491      0              0.40072103   
  11030000   190153.57      307.80393     -424.88594      15582.59       3393.8512      18976.441      7554.5795      0              1851.5475      2141.1985      4035.264       0              0.4056564    
  11040000   193757.32      312.37588      267.91719      15608.151      3444.2616      19052.412      7552.4242      0              1832.3229      2113.0171      4110.3864      0              0.39811149   
  11050000   192619.36      305.49833      2.6097924      15594.576      3368.4296      18963.005      7484.1894      0              1838.9633      2142.9172      4128.5058      0              0.40046346   
  11060000   195851.3       311.98908      187.0368       15461.259      3439.9967      18901.256      7462.4411      0              1800.5451      2146.1054      4052.1675      0              0.39385501   
  11070000   196581.35      311.26892      187.99672      15554.193      3432.0562      18986.249      7552.4586      0              1773.9434      2171.5485      4056.2424      0              0.39239232   
  11080000   194845.57      304.83939      174.91249      15608.486      3361.1641      18969.65       7499.3653      0              1863.3009      2138.7142      4107.1052      0              0.39588796   
  11090000   195272.09      307.31645     -249.23892      15675.541      3388.4762      19064.017      7559.8764      0              1893.8904      2151.5126      4070.2618      0              0.39502325   
  11100000   193205.98      306.98782      360.24992      15600.753      3384.8527      18985.606      7663.832       0              1746.0894      2087.8526      4102.979       0              0.39924756   
  11110000   196866.94      309.76623     -493.29612      15607.028      3415.4875      19022.515      7509.7423      0              1854.7614      2147.4718      4095.0524      0              0.3918231    
  11120000   196964.72      313.64434     -198.20531      15675.759      3458.2476      19134.007      7586.5585      0              1859.5918      2136.5753      4093.0335      0              0.39162859   
  11130000   197727.28      304.20464      49.922801      15567.397      3354.1653      18921.562      7509.839       0              1758.7955      2133.743       4165.0191      0              0.39011822   
  11140000   195716.11      306.73998     -248.30086      15610.034      3382.1201      18992.154      7565.57        0              1845.0267      2111.2511      4088.1861      0              0.39412706   
  11150000   195916.5       306.80836     -149.04577      15674.873      3382.8739      19057.747      7626.0756      0              1798.1262      2145.7616      4104.9096      0              0.39372393   
  11160000   196868.42      305.30903      415.6909       15691.148      3366.3423      19057.49       7594.875       0              1864.8381      2128.7468      4102.688       0              0.39182015   
  11170000   195968.48      307.08533     -87.22148       15638.409      3385.9278      19024.337      7569.6307      0              1832.7214      2130.6498      4105.4071      0              0.39361949   
  11180000   198234.73      312.95036      92.707759      15574.72       3450.5958      19025.316      7578.6979      0              1801.1599      2118.35        4076.5122      0              0.38911958   
  11190000   197187.39      312.03278      308.74182      15608.496      3440.4786      19048.975      7540.7482      0              1832.0935      2147.7928      4087.8618      0              0.39118634   
  11200000   196011.17      318.99505      112.00156      15590.21       3517.2446      19107.454      7582.8022      0              1812.4566      2099.0404      4095.9102      0              0.39353376   
  11210000   198136.74      306.51213      300.56424      15640.957      3379.6078      19020.564      7665.6595      0              1796.6459      2101.0574      4077.5939      0              0.38931203   
  11220000   197818.97      311.50016      151.59472      15575.357      3434.6058      19009.962      7595.948       0              1768.6266      2107.265       4103.517       0              0.3899374    
  11230000   195851.98      305.37306      542.91826      15664.31       3367.0483      19031.358      7658.1726      0              1785.507       2117.1091      4103.5213      0              0.39385363   
  11240000   197493.66      305.11856      40.2495        15588.715      3364.2423      18952.957      7545.6633      0              1854.1249      2111.7366      4077.1902      0              0.39057971   
  11250000   197452.63      308.58552      103.72437      15682.701      3402.469       19085.17       7598.0445      0              1893.4148      2149.4107      4041.8308      0              0.39066086   
  11260000   198611.38      303.77586     -4.8422749      15647.662      3349.4376      18997.099      7509.6068      0              1857.0647      2123.7017      4157.2886      0              0.38838164   
  11270000   199360.78      305.39114      161.59821      15702.865      3367.2477      19070.113      7631.0909      0              1853.0495      2115.7453      4102.9794      0              0.38692171   
  11280000   198150.48      304.7364      -112.56029      15655.297      3360.0285      19015.325      7558.5657      0              1873.6516      2122.0081      4101.0715      0              0.38928502   
  11290000   200667.54      308.51701     -216.37698      15558.793      3401.7136      18960.507      7551.1193      0              1814.3093      2109.922       4083.4429      0              0.38440206   
  11300000   200505.09      305.58061      221.57008      15697.054      3369.3368      19066.391      7675.7715      0              1786.7205      2146.5861      4087.9764      0              0.3847135    
  11310000   200170.23      313.1658       103.70323      15638.606      3452.9713      19091.577      7540.9494      0              1782.1623      2173.7601      4141.7342      0              0.38535708   
  11320000   198555.5       306.82879      281.17879      15581.65       3383.0993      18964.749      7618.1394      0              1783.4436      2117.5223      4062.5448      0              0.38849094   
  11330000   200832.74      304.98875     -287.47237      15624.882      3362.8109      18987.693      7549.4597      0              1806.6497      2166.3529      4102.4199      0              0.38408585   
  11340000   201401.68      308.02253      267.84542      15580.4        3396.2615      18976.661      7662.7776      0              1728.7596      2100.9984      4087.8641      0              0.38300085   
  11350000   200283.92      307.88708      188.77164      15586.417      3394.768       18981.185      7536.314       0              1829.5732      2119.4258      4101.1044      0              0.38513833   
  11360000   201354.99      305.58627     -49.109453      15618.125      3369.3993      18987.524      7572.8834      0              1879.5393      2095.0452      4070.6568      0              0.38308966   
  11370000   202774.69      305.68099     -103.75039      15590.936      3370.4437      18961.38       7570.8622      0              1848.5975      2109.1641      4062.3124      0              0.38040751   
  11380000   202539.17      312.72738      238.43895      15587.683      3448.1372      19035.821      7602.4186      0              1802.7209      2084.1031      4098.4409      0              0.38084985   
  11390000   199503.77      308.39953      282.04494      15622.097      3400.4183      19022.515      7549.6628      0              1851.4392      2097.5155      4123.4794      0              0.3866444    
  11400000   200239.77      314.77583     -548.80955      15565.141      3470.7234      19035.865      7463.1431      0              1866.2038      2134.562       4101.2323      0              0.38522325   
  11410000   199941.6       304.84645      274.18527      15561.265      3361.242       18922.507      7578.2993      0              1779.8037      2104.4438      4098.7182      0              0.38579772   
  11420000   202287.64      300.45198     -53.593325      15625.359      3312.7885      18938.148      7594.6654      0              1825.6324      2096.5285      4108.5331      0              0.38132341   
  11430000   203718.28      308.40988      557.65626      15664.116      3400.5324      19064.649      7545.7239      0              1809.7273      2152.7078      4155.9571      0              0.37864551   
  11440000   200054.5       307.09238     -198.72885      15657.516      3386.0056      19043.522      7531.9944      0              1853.9797      2151.9939      4119.5479      0              0.38558001   
  11450000   198356.64      309.37662     -251.58307      15586.346      3411.1917      18997.538      7558.1761      0              1828.592       2126.7493      4072.8291      0              0.38888042   
  11460000   201845.5       307.7704      -293.08465      15680.34       3393.4815      19073.822      7549.5853      0              1832.7019      2174.7696      4123.2834      0              0.3821587    
  11470000   201493.92      311.72107      237.07704      15533.139      3437.0417      18970.18       7555.1013      0              1804.2181      2084.4274      4089.3919      0              0.38282552   
  11480000   198842.1       302.33944     -543.30547      15533.857      3333.5997      18867.457      7430.8035      0              1857.0716      2151.8383      4094.144       0              0.387931     
  11490000   198163.47      308.15054     -12.987417      15548.965      3397.6729      18946.638      7572.2823      0              1791.512       2117.0658      4068.1049      0              0.38925951   
  11500000   199505.67      305.53784      148.3824       15662.449      3368.8653      19031.314      7576.2013      0              1853.9424      2158.2737      4074.0312      0              0.38664072   
  11510000   199634.51      306.87543     -512.29336      15590.288      3383.6135      18973.901      7497.6223      0              1870.4207      2142.9431      4079.3015      0              0.38639119   
  11520000   199425.45      310.25328      538.36706      15851.917      3420.8578      19272.775      7797.3675      0              1804.1434      2129.7574      4120.6486      0              0.38679624   
  11530000   199190.29      307.71445      656.02151      15686.5        3392.8646      19079.365      7654.9428      0              1785.4675      2104.7911      4141.2985      0              0.38725288   
  11540000   201863.41      304.72496     -269.38757      15637.412      3359.9024      18997.314      7601.0801      0              1806.2505      2107.0676      4123.0134      0              0.38212479   
  11550000   199949.13      306.42667      248.43352      15646.918      3378.6654      19025.583      7631.9651      0              1851.8232      2082.9021      4080.2274      0              0.38578319   
  11560000   199283.63      305.39123     -177.92161      15673.917      3367.2487      19041.166      7577.8768      0              1858.7647      2157.9787      4079.297       0              0.38707151   
  11570000   199152.17      309.93228     -393.78463      15691.09       3417.3184      19108.408      7548.4851      0              1838.2498      2202.0483      4102.3068      0              0.38732701   
  11580000   201100.45      311.51244     -48.951105      15566.2        3434.7412      19000.942      7527.0383      0              1814.0765      2120.4391      4104.6466      0              0.38357454   
  11590000   198411.25      318.83111     -96.691722      15648.692      3515.4371      19164.129      7578.5958      0              1866.0577      2120.4069      4083.6311      0              0.3887734    
  11600000   200949.98      303.78688      410.00428      15681.605      3349.5591      19031.164      7650.2106      0              1818.0957      2123.3225      4089.9761      0              0.38386177   
  11610000   201777.75      304.12083      286.92948      15541.925      3353.2412      18895.166      7561.5958      0              1772.7442      2115.7367      4091.8482      0              0.38228703   
  11620000   199093.64      309.52908      289.61191      15609.964      3412.8727      19022.837      7617.8054      0              1820.2475      2104.5479      4067.3637      0              0.38744087   
  11630000   199781.21      305.11409     -502.74759      15506.845      3364.1929      18871.037      7445.3249      0              1854.8453      2114.1899      4092.4844      0              0.38610746   
  11640000   198520.27      311.37204     -140.73291      15593.989      3433.1933      19027.182      7549.8606      0              1841.1281      2125.4151      4077.5848      0              0.3885599    
  11650000   196241.69      308.27257      356.48068      15646.035      3399.0184      19045.053      7545.6874      0              1794.4301      2147.4345      4158.4826      0              0.3930715    
  11660000   197195.07      304.1844       463.14952      15694.07       3353.9422      19048.012      7662.3649      0              1758.1952      2181.3844      4092.1255      0              0.3911711    
  11670000   199505.21      303.73733     -133.37646      15436.2        3349.0128      18785.213      7509.9578      0              1817.4958      2083.4467      4025.2997      0              0.38664161   
  11680000   201244.39      311.13691     -157.51663      15641.095      3430.6006      19071.695      7574.1426      0              1879.0876      2136.1581      4051.7064      0              0.38330021   
  11690000   201247.53      306.45102      518.16833      15636.799      3378.934       19015.733      7570.3368      0              1781.6669      2135.2342      4149.5607      0              0.38329421   
  11700000   199221.03      315.92969     -248.04942      15732.769      3483.4459      19216.215      7615.5685      0              1860.762       2142.877       4113.562       0              0.38719313   
  11710000   197754.24      309.6315       9.2938814      15580.736      3414.002       18994.738      7546.2472      0              1804.587       2096.1481      4133.7532      0              0.39006503   
  11720000   201106.6       300.78654     -204.85002      15629.423      3316.4774      18945.901      7549.7239      0              1827.8663      2159.8839      4091.9492      0              0.38356282   
  11730000   202380.62      311.56394     -39.747697      15600.05       3435.3091      19035.359      7522.0205      0              1823.4881      2148.9316      4105.6102      0              0.38114823   
  11740000   200363.77      307.48669      318.03929      15617.447      3390.3533      19007.8        7639.5189      0              1794.2139      2104.3046      4079.4096      0              0.38498485   
  11750000   198380.19      306.22789     -48.884464      15542.645      3376.4737      18919.119      7578.7811      0              1821.2157      2049.6703      4092.9779      0              0.38883426   
  11760000   197994.08      309.14134     -364.71466      15708.093      3408.5974      19116.691      7660.489       0              1810.6676      2142.3611      4094.5757      0              0.38959254   
  11770000   200019.18      305.36211      77.825758      15643.852      3366.9276      19010.78       7606.0436      0              1797.8397      2080.9537      4159.015       0              0.38564809   
  11780000   199056.96      308.66738     -414.17327      15583.672      3403.3716      18987.043      7589.7793      0              1824.3848      2078.5156      4090.9921      0              0.38751228   
  11790000   199161.34      305.66671      262.54978      15773.789      3370.2861      19144.076      7630.3172      0              1854.4305      2139.1206      4149.9212      0              0.38730918   
  11800000   199493.29      309.26813      262.04037      15659.168      3409.9955      19069.163      7520.7898      0              1830.9367      2200.5306      4106.9105      0              0.3866647    
  11810000   199011.89      306.57996     -234.76698      15657.823      3380.3556      19038.179      7614.4735      0              1851.8325      2114.373       4077.1441      0              0.38760003   
  11820000   198121.22      316.93143      164.32821      15554.25       3494.4912      19048.741      7542.4437      0              1811.431       2118.9579      4081.4176      0              0.38934252   
  11830000   198306.82      305.697       -428.94492      15613.717      3370.6201      18984.337      7502.2133      0              1918.9896      2101.7079      4090.8066      0              0.38897813   
  11840000   198496.65      315.60228      330.4626       15606.505      3479.836       19086.341      7573.1554      0              1765.3421      2140.31        4127.6971      0              0.38860613   
  11850000   198394.99      313.971        53.559425      15660.193      3461.8494      19122.043      7639.1838      0              1815.179       2103.8751      4101.9552      0              0.38880526   
  11860000   199230.31      308.50958      73.581074      15654.381      3401.6317      19056.013      7521.321       0              1810.2085      2156.9463      4165.9051      0              0.38717509   
  11870000   199542.4       307.20259     -186.52705      15708.291      3387.2208      19095.512      7619.0472      0              1847.6897      2157.7627      4083.7916      0              0.38656954   
  11880000   199584.33      311.32806      207.13814      15577.636      3432.7083      19010.345      7504.9226      0              1799.7162      2168.2049      4104.7927      0              0.38648832   
  11890000   199109.55      309.28809     -186.28996      15740.282      3410.2156      19150.498      7641.1895      0              1859.3048      2155.2846      4084.5032      0              0.38740991   
  11900000   199586.75      311.25887     -253.72883      15638.828      3431.9454      19070.774      7591.0603      0              1791.3369      2140.814       4115.617       0              0.38648365   
  11910000   202371.35      309.01428      317.02929      15720.972      3407.1965      19128.168      7640.997       0              1818.1893      2143.0334      4118.752       0              0.38116568   
  11920000   199994.88      312.7163      -367.56478      15625.702      3448.0151      19073.717      7542.6625      0              1876.3846      2133.2266      4073.4279      0              0.38569494   
  11930000   203377.99      312.6071      -533.39718      15480.714      3446.811       18927.525      7422.889       0              1847.4144      2110.3766      4100.0341      0              0.37927908   
  11940000   199276.68      313.58853      240.83645      15673.464      3457.6323      19131.096      7653.4163      0              1836.4513      2089.8131      4093.7835      0              0.38708501   
  11950000   200686.33      310.11716      82.892409      15638.692      3419.3569      19058.049      7581.6572      0              1812.1226      2116.4323      4128.4797      0              0.38436607   
  11960000   199811.95      313.59468     -225.21095      15738.046      3457.7001      19195.746      7602.8763      0              1882.6693      2143.821       4108.6797      0              0.38604805   
  11970000   197939.57      308.62652     -232.67766      15682.213      3402.9211      19085.135      7580.6247      0              1890.302       2127.1761      4084.1107      0              0.38969982   
  11980000   198976.18      308.19738      338.04651      15635.598      3398.1894      19033.788      7556.355       0              1806.2182      2151.9155      4121.1096      0              0.3876696    
  11990000   200058.97      310.12261     -262.97417      15663.826      3419.4169      19083.243      7565.1828      0              1874.3539      2168.1557      4056.1336      0              0.38557139   
  12000000   201416.95      307.03185     -55.684238      15490.895      3385.3382      18876.233      7520.1         0              1777.6768      2140.4906      4052.6277      0              0.38297181   
  12010000   199987.29      306.61925     -70.087882      15571.1        3380.7889      18951.889      7564.7258      0              1799.6803      2132.2763      4074.4174      0              0.38570959   
  12020000   198037.85      313.12267      75.262893      15676.9        3452.4957      19129.395      7584.6006      0              1847.2258      2135.6752      4109.3981      0              0.38950642   
  12030000   197374.22      310.63681      364.84831      15663.373      3425.0866      19088.46       7627.506       0              1825.6402      2121.3334      4088.8938      0              0.39081606   
  12040000   198305.62      302.36351     -194.5729       15658.99       3333.865       18992.855      7566.61        0              1840.6929      2146.4568      4105.2307      0              0.38898048   
  12050000   199622.86      300.10636      292.44816      15667.547      3308.9776      18976.525      7537.5609      0              1826.422       2172.9814      4130.5829      0              0.38641374   
  12060000   200034.77      303.67767      273.0603       15563.737      3348.355       18912.092      7566.6264      0              1805.5389      2103.9309      4087.6405      0              0.38561804   
  12070000   198931.69      312.50483     -355.71689      15682.903      3445.6834      19128.587      7560.9279      0              1850.978       2155.1961      4115.8011      0              0.38775629   
  12080000   200322.46      302.43779      85.80726       15739.711      3334.6841      19074.396      7609.6024      0              1861.7958      2133.0713      4135.2419      0              0.38506424   
  12090000   197872.39      313.25896     -180.54942      15676.399      3453.9984      19130.397      7573.2157      0              1836.9855      2148.2594      4117.938       0              0.38983212   
  12100000   200002.06      310.38133     -63.492562      15656.356      3422.2696      19078.625      7575.4283      0              1864.8374      2107.7654      4108.3245      0              0.3856811    
  12110000   200247.78      304.44937     -189.21378      15681.649      3356.8637      19038.513      7563.8756      0              1879.1443      2136.5857      4102.0433      0              0.38520785   
  12120000   199920.29      316.51231     -358.14997      15619.115      3489.8699      19108.985      7543.1791      0              1877.3495      2107.2061      4091.3807      0              0.38583886   
  12130000   198767.59      304.28693     -185.12744      15627.095      3355.0727      18982.168      7552.8917      0              1841.1148      2117.4449      4115.6435      0              0.38807643   
  12140000   200656.48      307.24904     -388.09159      15614.173      3387.733       19001.906      7513.0662      0              1876.0353      2131.6125      4093.4591      0              0.38442323   
  12150000   198854.28      309.43967      259.63518      15589.537      3411.8868      19001.424      7546.441       0              1814.5554      2117.9848      4110.5556      0              0.38790723   
  12160000   197642.5       303.67488     -129.0304       15657.43       3348.3242      19005.754      7543.4978      0              1820.802       2146.3278      4146.802       0              0.39028557   
  12170000   201441.78      307.30381      195.59457      15683.983      3388.3368      19072.319      7649.1652      0              1819.2277      2111.7353      4103.8544      0              0.3829246    
  12180000   200215.33      309.18495     -464.80816      15707.391      3409.0784      19116.469      7611.175       0              1889.5197      2127.4364      4079.2596      0              0.38527026   
  12190000   200677.05      308.45215     -296.24719      15628.732      3400.9985      19029.73       7555.0295      0              1879.3581      2109.1342      4085.2099      0              0.38438384   
  12200000   197245.4       311.88944     -62.392915      15764.286      3438.8981      19203.184      7658.3032      0              1908.6509      2079.942       4117.3897      0              0.39107129   
  12210000   199670.04      313.17402     -519.42984      15707.531      3453.0618      19160.593      7582.5701      0              1853.9178      2156.7156      4114.3279      0              0.38632243   
  12220000   201425.39      311.19037      301.52376      15634.123      3431.1901      19065.313      7630.4646      0              1828.9162      2079.8434      4094.8983      0              0.38295577   
  12230000   199171.82      306.59325     -524.6257       15674.177      3380.5022      19054.679      7558.5517      0              1849.3202      2160.6989      4105.6062      0              0.3872888    
  12240000   201379.03      313.79157      135.73369      15552.129      3459.871       19012          7559.2833      0              1764.3202      2145.932       4082.5933      0              0.38304393   
  12250000   200942.15      303.31456      588.03772      15723.372      3344.3514      19067.724      7695.8201      0              1795.5636      2148.071       4083.9178      0              0.38387672   
  12260000   198935.46      306.85362      30.143448      15749.538      3383.373       19132.911      7692.4982      0              1795.8495      2165.1002      4096.09        0              0.38774893   
  12270000   202457.68      299.41593     -52.391636      15709.707      3301.365       19011.072      7589.956       0              1879.9034      2155.9675      4083.8804      0              0.38100315   
  12280000   199606.58      306.6728      -279.38907      15668.48       3381.3793      19049.86       7594.7114      0              1814.7794      2131.2904      4127.6991      0              0.38644526   
  12290000   200505.17      314.8236      -223.39282      15548.04       3471.2502      19019.29       7551.7066      0              1821.9978      2112.9348      4061.4006      0              0.38471334   
  12300000   199722.91      308.68862      158.56532      15617.75       3403.6058      19021.356      7616.4003      0              1849.4635      2096.9096      4054.9767      0              0.38622016   
  12310000   200477.33      314.82886     -148.62006      15742.435      3471.3082      19213.743      7667.4406      0              1829.3677      2109.1508      4136.476       0              0.38476676   
  12320000   201000.85      305.20359     -333.76954      15689.921      3365.1798      19055.1        7555.7912      0              1868.5898      2175.6076      4089.9319      0              0.38376462   
  12330000   200969.05      304.57255     -85.64713       15661.082      3358.2219      19019.304      7667.1526      0              1778.9669      2127.5651      4087.3976      0              0.38382534   
  12340000   199943.5       309.03152      161.7369       15775.261      3407.3866      19182.647      7662.6734      0              1813.6325      2165.201       4133.7537      0              0.38579405   
  12350000   200276.05      301.40132      51.921597      15757.881      3323.2559      19081.136      7648.7681      0              1829.4176      2178.0861      4101.6087      0              0.38515346   
  12360000   198958.3       312.82411     -33.234217      15632.382      3449.2038      19081.586      7575.1054      0              1880.2392      2098.03        4079.0073      0              0.38770443   
  12370000   200225.62      306.78354     -172.89035      15682.305      3382.6004      19064.905      7549.9665      0              1899.1931      2136.8264      4096.3188      0              0.38525047   
  12380000   199850.14      311.47253     -89.664973      15636.589      3434.3012      19070.891      7552.7295      0              1813.0615      2148.62        4122.1782      0              0.38597429   
  12390000   198492.97      305.78287      395.47766      15608.177      3371.5669      18979.744      7578.0952      0              1815.1946      2095.1824      4119.7046      0              0.38861332   
  12400000   199076.77      309.41583      528.47945      15795.13       3411.624       19206.754      7703.046       0              1803.0032      2192.5301      4096.551       0              0.38747371   
  12410000   200589.04      313.37771     -39.240718      15682.076      3455.3077      19137.384      7640.2278      0              1797.8508      2166.8673      4077.1302      0              0.38455249   
  12420000   201012.2       305.73188     -119.04947      15659.465      3371.0048      19030.47       7643.4484      0              1860.2355      2071.9378      4083.843       0              0.38374295   
  12430000   199855.67      311.7973       307.57173      15684.015      3437.8821      19121.897      7657.7885      0              1828.2566      2106.3126      4091.6574      0              0.38596361   
  12440000   201582.39      312.65836     -114.15049      15719.065      3447.3762      19166.442      7585.9562      0              1844.4142      2155.3109      4133.3841      0              0.38265751   
  12450000   201854.03      311.54661      180.4778       15654.298      3435.118       19089.416      7572.867       0              1810.1309      2157.2504      4114.0495      0              0.38214255   
  12460000   201484.35      305.819       -212.88133      15721.336      3371.9653      19093.302      7618.4536      0              1839.8752      2131.4537      4131.5541      0              0.3828437    
  12470000   200813.26      307.82084     -288.13045      15707.536      3394.0376      19101.573      7574.2795      0              1875.4525      2129.1151      4128.6886      0              0.38412311   
  12480000   203265.88      304.55848      281.47384      15684.458      3358.0668      19042.524      7608.8786      0              1761.0114      2186.4062      4128.1615      0              0.37948827   
  12490000   203964.57      307.56547     -122.80326      15684.324      3391.222       19075.546      7638.1289      0              1812.0607      2121.5836      4112.5507      0              0.3781883    
  12500000   201095.5       299.9768      -194.57407      15634.903      3307.5491      18942.452      7622.9386      0              1840.1556      2125.204       4046.6044      0              0.38358399   
  12510000   197717.95      304.0423       182.08876      15718.283      3352.3754      19070.658      7637.2643      0              1838.6308      2123.3105      4119.0773      0              0.39013662   
  12520000   198083.57      305.53311      400.96356      15601.714      3368.8131      18970.527      7635.9885      0              1794.5801      2110.1286      4061.0171      0              0.38941653   
  12530000   197808.09      299.62262      445.11969      15808.346      3303.6439      19111.989      7708.9055      0              1852.4169      2117.2125      4129.8105      0              0.38995884   
  12540000   202399.59      311.05922     -108.66675      15716.927      3429.744       19146.671      7599.6754      0              1844.4188      2157.0575      4115.7754      0              0.3811125    
  12550000   202819.7       302.78951      454.73183      15757.785      3338.5621      19096.347      7698.098       0              1839.5091      2135.5304      4084.6479      0              0.38032309   
  12560000   202642.67      306.27322     -293.04085      15648.823      3376.9735      19025.797      7630.9591      0              1817.764       2095.7005      4104.3998      0              0.38065533   
  12570000   199379.03      307.73947      750.05416      15689.698      3393.1404      19082.838      7716.0854      0              1794.9113      2094.8827      4083.8185      0              0.3868863    
  12580000   201189.23      305.29549     -164.64541      15509.048      3366.193       18875.241      7504.1658      0              1818.828       2102.5817      4083.4726      0              0.38340529   
  12590000   199850.45      311.79272     -7.540012       15696.971      3437.8316      19134.803      7596.1311      0              1855.1845      2144.322       4101.3335      0              0.38597368   
  12600000   199365.8       314.91396     -80.959461      15728.23       3472.2465      19200.477      7620.9521      0              1878.7109      2153.8489      4074.7185      0              0.38691196   
  12610000   199054.11      317.87849     -125.19816      15614.594      3504.9334      19119.527      7585.5771      0              1844.027       2108.4118      4076.5777      0              0.38751782   
  12620000   200007.24      303.16058     -266.26566      15725.353      3342.6535      19068.007      7562.719       0              1853.3125      2159.9297      4149.392       0              0.38567112   
  12630000   201792.37      309.98212      253.08104      15691.218      3417.8679      19109.086      7633.0654      0              1887.5618      2097.016       4073.5748      0              0.38225932   
  12640000   201236.44      309.53514     -337.22324      15677.965      3412.9395      19090.904      7599.9182      0              1872.4905      2110.2704      4095.2857      0              0.38331534   
  12650000   201182.25      310.9328       758.71648      15834.357      3428.3501      19262.707      7679.4649      0              1798.986       2181.9752      4173.9313      0              0.38341858   
  12660000   199939.62      313.77619      210.45642      15644.356      3459.7014      19104.058      7613.4837      0              1854.6406      2087.3101      4088.9219      0              0.38580154   
  12670000   198785.11      311.87525     -110.77994      15738.389      3438.7416      19177.13       7642.4888      0              1816.3212      2139.4483      4140.1305      0              0.38804222   
  12680000   199666.81      308.13448     -184.0981       15702.422      3397.4959      19099.918      7628.3029      0              1822.8183      2143.7354      4107.5653      0              0.38632867   
  12690000   200897.26      300.59305     -334.73909      15721.401      3314.3439      19035.745      7629.6338      0              1859.0237      2172.1105      4060.6335      0              0.3839625    
  12700000   200586.09      308.85394      126.39219      15719.474      3405.4286      19124.902      7561.0911      0              1886.5489      2156.5298      4115.3037      0              0.38455815   
  12710000   200818.44      302.47235     -167.79796      15710.845      3335.065       19045.91       7634.4465      0              1859.4486      2107.4911      4109.4592      0              0.3841132    
  12720000   202564.31      308.8525      -58.345618      15676.925      3405.4127      19082.337      7576.0581      0              1846.5798      2159.3648      4094.922       0              0.3808026    
  12730000   203502.52      314.05752     -279.71591      15601.074      3462.8033      19063.877      7537.0613      0              1811.2068      2131.9376      4120.8682      0              0.37904697   
  12740000   200571.02      310.3969       312.34115      15734.348      3422.4413      19156.789      7710.2328      0              1822.7479      2111.6778      4089.6891      0              0.38458704   
  12750000   199019.8       319.01708     -442.68032      15667.688      3517.4876      19185.176      7598.8326      0              1829.467       2148.4662      4090.9226      0              0.38758462   
  12760000   202436.11      308.58072     -70.681831      15578.66       3402.416       18981.076      7534.1424      0              1845.0356      2075.5653      4123.9162      0              0.38104375   
  12770000   202426.81      311.0146       34.180111      15614.497      3429.252       19043.749      7635.6323      0              1828.7304      2071.1908      4078.9437      0              0.38106126   
  12780000   203512.2       298.01131     -220.43771      15677.942      3285.8776      18963.82       7571.4273      0              1859.8629      2122.9479      4123.7041      0              0.37902895   
  12790000   202631.49      301.49593     -167.38592      15623.47       3324.2991      18947.769      7591.1743      0              1844.0497      2089.3417      4098.904       0              0.38067634   
  12800000   201127.83      302.53787      60.479468      15623.197      3335.7875      18958.985      7609.1391      0              1811.9823      2096.4927      4105.5834      0              0.38352234   
  12810000   201127.15      300.71416      196.1131       15678.582      3315.6793      18994.261      7652.5413      0              1826.9501      2125.04        4074.0504      0              0.38352364   
  12820000   200479.37      306.79938     -367.49162      15637.045      3382.775       19019.82       7560.9812      0              1837.5328      2115.1377      4123.3933      0              0.38476286   
  12830000   199765.7       308.81565     -202.32241      15792.121      3405.0064      19197.127      7703.6016      0              1852.5618      2131.9074      4104.0501      0              0.38613743   
  12840000   201095.53      298.80054      349.31344      15648.918      3294.5796      18943.498      7622.1602      0              1817.7752      2139.4126      4069.5699      0              0.38358394   
  12850000   202243.25      316.4974      -323.64635      15602.052      3489.7055      19091.758      7564.9583      0              1856.3655      2134.7293      4045.9989      0              0.38140712   
  12860000   200843         307.13471      92.268619      15671.356      3386.4724      19057.828      7606.7772      0              1810.3775      2175.4353      4078.7659      0              0.38406623   
  12870000   200245.44      305.98264      111.24076      15675.433      3373.7697      19049.203      7697.8387      0              1806.1505      2091.1975      4080.2464      0              0.38521234   
  12880000   196925.22      301.88952      708.55413      15690.652      3328.6388      19019.291      7707.1522      0              1779.8543      2126.0523      4077.593       0              0.39170714   
  12890000   201875.45      305.70741     -242.2189       15685.139      3370.7349      19055.874      7632.0016      0              1838.6795      2121.3624      4093.0959      0              0.382102     
  12900000   202895.97      306.97752     -34.826627      15683.565      3384.7391      19068.304      7598.2198      0              1786.5677      2163.0011      4135.7763      0              0.38018011   
  12910000   200302.32      310.70199     -347.12931      15656.068      3425.8052      19081.873      7674.232       0              1790.2051      2092.1487      4099.4823      0              0.38510294   
  12920000   199373.3       304.08225     -202.26892      15647.385      3352.8159      19000.201      7617.6119      0              1800.7937      2142.6727      4086.3066      0              0.38689742   
  12930000   197721.55      303.40393      24.822627      15831.049      3345.3367      19176.385      7727.5415      0              1804.908       2185.4643      4113.1347      0              0.39012952   
  12940000   201143.74      312.98181     -432.25457      15706.999      3450.9426      19157.941      7672.5762      0              1842.6795      2094.3489      4097.3942      0              0.383492     
  12950000   200958.83      313.64362     -48.78307       15790.505      3458.2397      19248.745      7625.9384      0              1878.4619      2132.2086      4153.8962      0              0.38384487   
  12960000   199233.85      300.11554     -268.64542      15699.508      3309.0789      19008.586      7657.5144      0              1819.6747      2120.9825      4101.336       0              0.38716821   
  12970000   200470.39      312.9097       219.96153      15655.87       3450.1475      19106.018      7619.9303      0              1822.9302      2128.1518      4084.8581      0              0.38478009   
  12980000   203654.07      305.57411      244.52095      15636.308      3369.2651      19005.574      7668.5858      0              1797.1952      2094.944       4075.5834      0              0.37876491   
  12990000   201937.47      302.89251      199.54939      15794.232      3339.6978      19133.929      7726.446       0              1845.6872      2147.3637      4074.7347      0              0.38198465   
  13000000   200502.1       308.38298      66.750132      15704.803      3400.2358      19105.039      7657.324       0              1750.7104      2157.9322      4138.8365      0              0.38471923   
  13010000   201737.53      298.79415     -224.72557      15672.675      3294.5092      18967.184      7632.7411      0              1827.7213      2123.1527      4089.0596      0              0.38236323   
  13020000   200400.47      303.89143     -20.783812      15786.452      3350.7118      19137.164      7715.6019      0              1869.6448      2135.8237      4065.3815      0              0.38491434   
  13030000   205075.18      306.89162     -454.33329      15695.094      3383.792       19078.886      7623.7798      0              1837.9682      2111.1713      4122.1747      0              0.37614018   
  13040000   204209.85      304.94395      250.40887      15731.313      3362.317       19093.63       7683.6532      0              1771.4415      2162.6981      4113.5205      0              0.37773406   
  13050000   199726.17      312.2514       14.312769      15702.654      3442.8891      19145.543      7713.2584      0              1853.7981      2079.7138      4055.8839      0              0.38621385   
  13060000   200398.5       301.64866     -440.59372      15669.442      3325.983       18995.425      7663.1732      0              1868.6516      2092.947       4044.6696      0              0.38491812   
  13070000   200972.94      307.46685      281.84658      15743.496      3390.1345      19133.63       7719.9528      0              1811.1146      2144.6476      4067.7806      0              0.38381791   
  13080000   204988.35      310.85875     -72.80644       15742.12       3427.5336      19169.653      7644.8307      0              1809.8267      2195.6209      4091.8414      0              0.3762995    
  13090000   205583.23      307.09875      93.475794      15671.74       3386.0759      19057.816      7578.3885      0              1822.6501      2181.6044      4089.0972      0              0.37521064   
  13100000   201224.68      314.68135     -53.079241      15650.908      3469.6817      19120.59       7607.4693      0              1799.7793      2133.7186      4109.9411      0              0.38333775   
  13110000   202164.03      317.89325     -218.04642      15631.008      3505.0962      19136.105      7609.7863      0              1816.4678      2116.9762      4087.7782      0              0.38155658   
  13120000   201282.86      315.67901      37.149302      15661.77       3480.6819      19142.451      7717.6688      0              1805.9589      2096.9765      4041.1654      0              0.38322695   
  13130000   201579.94      304.60515      104.56344      15711.628      3358.5814      19070.209      7693.5116      0              1875.3128      2085.4092      4057.394       0              0.38266215   
  13140000   203074.39      305.74206      348.45317      15759.677      3371.117       19130.794      7710.0373      0              1806.5842      2156.6959      4086.3599      0              0.3798461    
  13150000   201817.76      302.74121      470.565        15826.291      3338.0295      19164.321      7724.3884      0              1849.9104      2155.9882      4096.0041      0              0.38221122   
  13160000   203543.32      309.14951      26.337693      15741.458      3408.6876      19150.145      7683.1851      0              1818.549       2123.931       4115.7925      0              0.378971     
  13170000   201465.11      311.11104      454.17553      15737.659      3430.3154      19167.974      7711.7043      0              1853.3997      2113.2831      4059.2715      0              0.38288027   
  13180000   203686.44      305.51429      58.554865      15732.039      3368.6056      19100.644      7654.4296      0              1833.6479      2158.0594      4085.9017      0              0.37870472   
  13190000   201874.23      305.31696      215.80512      15733.09       3366.4298      19099.519      7649.1055      0              1840.8358      2164.8597      4078.2886      0              0.38210431   
  13200000   200147.81      307.49451     -491.62093      15783.878      3390.4396      19174.317      7618.2445      0              1886.9031      2143.2515      4135.4785      0              0.38540024   
  13210000   200340.48      306.4479       317.26836      15714.716      3378.8996      19093.616      7715.8403      0              1810.4452      2106.8733      4081.5572      0              0.38502961   
  13220000   201183.25      314.21612     -303.5781       15635.854      3464.5521      19100.406      7563.7679      0              1854.4647      2112.769       4104.8527      0              0.38341668   
  13230000   202184.99      308.54061     -479.86438      15705.882      3401.9738      19107.856      7607.3663      0              1877.563       2104.0142      4116.9389      0              0.38151701   
  13240000   203259.14      304.25639      276.19215      15667.272      3354.7359      19022.008      7610.7021      0              1821.2957      2103.5138      4131.7608      0              0.37950083   
  13250000   205457.13      308.78947      30.671346      15741.765      3404.7177      19146.483      7573.5347      0              1881.9499      2155.2106      4131.0697      0              0.37544093   
  13260000   204246.35      312.56048      402.30179      15826.381      3446.297       19272.678      7729.1431      0              1809.9528      2151.8095      4135.4753      0              0.37766655   
  13270000   203074.95      304.77425      9.8169985      15798.63       3360.4459      19159.076      7706.9567      0              1834.3933      2158.8421      4098.4379      0              0.37984504   
  13280000   199546.38      312.95075      781.26252      15705.478      3450.6001      19156.078      7736.6019      0              1781.2887      2124.4769      4063.11        0              0.38656183   
  13290000   202230.92      304.49067      457.11516      15759.572      3357.3191      19116.891      7691.1972      0              1790.8271      2177.0002      4100.5478      0              0.38143038   
  13300000   202292.73      301.1216      -156.93502      15891.321      3320.1717      19211.492      7700.7558      0              1883.6948      2205.0819      4101.7882      0              0.38131383   
  13310000   202641.03      308.7206      -257.75145      15801.574      3403.9584      19205.533      7639.127       0              1920.2992      2117.5581      4124.5901      0              0.38065842   
  13320000   203839.19      305.12942     -52.334624      15691.899      3364.3619      19056.261      7669.0486      0              1824.6926      2121.8921      4076.2656      0              0.37842092   
  13330000   202010.44      305.93662      556.69067      15746.68       3373.2621      19119.942      7715.1584      0              1802.1974      2111.1294      4118.1949      0              0.38184667   
  13340000   203424.65      298.81698     -10.766522      15763.405      3294.761       19058.166      7618.1992      0              1859.6377      2157.7598      4127.808       0              0.37919208   
  13350000   202106.27      309.81396     -111.09371      15651.771      3416.0138      19067.785      7631.1348      0              1887.5887      2070.8802      4062.1671      0              0.38166562   
  13360000   201623.86      305.45737      132.11127      15700.097      3367.9779      19068.075      7660.0201      0              1848.8562      2128.3284      4062.8925      0              0.3825788    
  13370000   202501.26      301.66491      310.13976      15804.128      3326.1622      19130.29       7651.5297      0              1891.8642      2166.4002      4094.3335      0              0.38092116   
  13380000   201640.42      310.04567      314.85684      15815.079      3418.5686      19233.648      7684.3574      0              1867.1683      2192.2803      4071.2734      0              0.38254738   
  13390000   200745.47      314.28943      312.8997       15739.635      3465.3604      19204.996      7692.7694      0              1813.2179      2141.9698      4091.6782      0              0.38425282   
  13400000   200825.82      309.32459     -324.37558      15699.8        3410.618       19110.418      7647.759       0              1842.5103      2123.1777      4086.3528      0              0.38409909   
  13410000   203949.46      304.77927     -103.71277      15747.669      3360.5012      19108.17       7699.5919      0              1889.4619      2108.554       4050.0609      0              0.37821632   
  13420000   201488.91      301.33602     -420.74166      15791.022      3322.5359      19113.558      7710.9328      0              1863.528       2114.0029      4102.558       0              0.38283505   
  13430000   201445.1       315.73587     -93.306603      15712.18       3481.3088      19193.489      7653.4613      0              1886.2648      2075.1137      4097.3402      0              0.3829183    
  13440000   201184.16      309.57287     -257.14408      15791.601      3413.3555      19204.957      7685.5861      0              1818.5908      2176.924       4110.5006      0              0.38341494   
  13450000   202094.88      312.57973     -160.14992      15719.411      3446.5092      19165.92       7649.7915      0              1838.8828      2105.6371      4125.0994      0              0.38168713   
  13460000   200779.23      304.21682     -193.33648      15751.685      3354.2996      19105.985      7627.037       0              1874.5994      2176.6006      4073.4484      0              0.38418821   
  13470000   202106.1       313.97942     -153.60618      15716.071      3461.9422      19178.014      7692.5692      0              1814.7291      2085.8974      4122.8757      0              0.38166594   
  13480000   204341.84      308.70868     -116.73434      15704.538      3403.8269      19108.365      7593.5267      0              1875.1812      2133.2663      4102.5636      0              0.37749006   
  13490000   203673.27      304.29089      499.97784      15587.942      3355.1163      18943.058      7580.1371      0              1797.9371      2114.0293      4095.838       0              0.37872919   
  13500000   200198.49      308.37823      149.03542      15629.801      3400.1834      19029.985      7708.178       0              1830.8846      2079.4865      4011.2522      0              0.38530268   
  13510000   198485.53      306.59479      217.06391      15761.358      3380.5192      19141.878      7729.7436      0              1820.9225      2118.0481      4092.6442      0              0.3886279    
  13520000   201927.46      309.48439      80.637349      15694.294      3412.38        19106.674      7664.0813      0              1784.9596      2131.906       4113.347       0              0.38200359   
  13530000   201980.59      306.47817     -684.58572      15550.264      3379.2333      18929.497      7530.3347      0              1821.8263      2114.5683      4083.5348      0              0.38190311   
  13540000   202332.93      308.76218     -191.16613      15781.499      3404.4168      19185.916      7660.557       0              1907.1882      2122.197       4091.5566      0              0.38123806   
  13550000   201235.28      312.54958      92.609097      15649.455      3446.1768      19095.632      7651.7896      0              1805.0547      2130.6583      4061.9523      0              0.38331755   
  13560000   200865.58      302.63229     -161.62448      15703.337      3336.8286      19040.165      7633.263       0              1847.9498      2150.4257      4071.698       0              0.38402307   
  13570000   199948.76      306.27656      35.133974      15722.696      3377.0104      19099.707      7627.9307      0              1832.8233      2148.6893      4113.253       0              0.38578391   
  13580000   202892.74      307.27952      329.29209      15711.201      3388.069       19099.27       7713.6599      0              1799.5882      2105.5015      4092.4509      0              0.38018617   
  13590000   204561.42      312.27805      318.43782      15759.772      3443.1829      19202.955      7692.2195      0              1820.469       2131.7152      4115.368       0              0.37708487   
  13600000   202276.76      319.49855      196.03802      15620.549      3522.7962      19143.345      7619.2674      0              1798.7532      2115.1469      4087.3812      0              0.38134393   
  13610000   201902.91      299.68787     -152.46584      15761.235      3304.3634      19065.598      7702.1807      0              1798.9033      2148.6091      4111.5416      0              0.38205003   
  13620000   201091.35      311.93132     -62.119301      15721.606      3439.3599      19160.966      7678.3557      0              1841.1584      2109.3302      4092.7621      0              0.38359191   
  13630000   202308.26      317.70402      112.00058      15694.917      3503.0097      19197.927      7629.3331      0              1795.4265      2135.7738      4134.3837      0              0.38128456   
  13640000   203142.77      311.44198     -401.61865      15630.292      3433.9643      19064.257      7502.551       0              1829.7134      2140.9801      4157.048       0              0.37971824   
  13650000   201195.67      311.11873      153.60417      15769.002      3430.4002      19199.402      7703.0907      0              1846.8899      2143.1954      4075.8256      0              0.38339302   
  13660000   200897.25      305.82414      447.86522      15707.013      3372.0219      19079.035      7737.0115      0              1743.9998      2137.5231      4088.479       0              0.38396252   
  13670000   202481.58      301.30511      254.67222      15654.986      3322.1951      18977.181      7642.1843      0              1773.6518      2140.2192      4098.9306      0              0.38095819   
  13680000   203473.81      311.98505      88.13395       15787.535      3439.9522      19227.487      7696.7236      0              1836.1882      2158.3576      4096.2657      0              0.37910046   
  13690000   202446.28      310.00932      153.49284      15775.745      3418.1679      19193.913      7657.1665      0              1876.3435      2155.0742      4087.1611      0              0.38102461   
  13700000   200933.93      311.74784      62.663141      15791.83       3437.3367      19229.167      7688.6095      0              1831.1562      2121.9113      4150.1529      0              0.38389243   
  13710000   200562.35      300.59971      240.37482      15721.852      3314.4173      19036.269      7734.0992      0              1807.2929      2088.017       4092.4427      0              0.38460366   
  13720000   199864.31      311.50977     -3.629714       15674.849      3434.7118      19109.561      7637.6094      0              1765.2922      2168.5784      4103.3691      0              0.38594693   
  13730000   200486.79      308.13938      775.53185      15648.09       3397.5498      19045.64       7632.2108      0              1818.4656      2102.9182      4094.4954      0              0.38474861   
  13740000   200640.68      304.00342     -275.90759      15762.69       3351.9467      19114.637      7643.1345      0              1860.988       2130.1059      4128.4617      0              0.38445352   
  13750000   202049.79      311.21906      168.17579      15786.608      3431.5064      19218.115      7678.1493      0              1824.5067      2185.0891      4098.863       0              0.38177231   
  13760000   201691.45      309.39587      47.590008      15697.531      3411.404       19108.935      7683.2542      0              1865.8049      2079.1435      4069.3288      0              0.38245059   
  13770000   201602.73      302.50494     -45.073668      15775.339      3335.4244      19110.764      7654.3266      0              1882.8254      2121.6016      4116.5858      0              0.38261889   
  13780000   201230.67      312.79102     -690.36508      15677.67       3448.8389      19126.509      7592.1253      0              1852.476       2146.4785      4086.5902      0              0.38332633   
  13790000   201676.63      308.67738      100.81578      15730.081      3403.4818      19133.563      7720.0373      0              1803.7428      2132.5965      4073.7048      0              0.3824787    
  13800000   202500.09      312.34261     -78.360751      15728.537      3443.8948      19172.432      7596.2387      0              1868.03        2164.5036      4099.7649      0              0.38092336   
  13810000   201223.45      308.4567       185.68035      15701.625      3401.0486      19102.674      7645.9422      0              1811.2009      2138.0229      4106.4592      0              0.38334009   
  13820000   202049.37      313.8948       4.5568438      15679.988      3461.0092      19140.997      7653.5581      0              1829.6116      2141.8668      4054.9514      0              0.38177311   
  13830000   201745.18      312.87255     -213.43632      15720.53       3449.7378      19170.268      7661.0769      0              1824.6101      2129.4535      4105.3892      0              0.38234874   
  13840000   202684.66      309.22044      58.103275      15710.161      3409.4697      19119.631      7631.5315      0              1869.9189      2138.9323      4069.7784      0              0.38057648   
  13850000   201674.68      314.19734      124.50501      15870.944      3464.345       19335.289      7689.7073      0              1868.3072      2201.5906      4111.339       0              0.3824824    
  13860000   204598.66      311.98809      173.64336      15764.642      3439.9858      19204.628      7606.4618      0              1850.3255      2146.0665      4161.7883      0              0.37701622   
  13870000   201842.28      304.03048     -289.07541      15745.793      3352.2451      19098.039      7632.3796      0              1872.1978      2122.1692      4119.0468      0              0.3821648    
  13880000   201374.62      309.86051     -459.94215      15684.211      3416.527       19100.738      7619.5282      0              1869.9231      2100.5937      4094.1664      0              0.38305232   
  13890000   201525.95      308.4698       243.09178      15781.436      3401.1931      19182.63       7695.6639      0              1824.8462      2141.843       4119.0833      0              0.38276468   
  13900000   201646.2       316.97767      253.14053      15672.499      3495.001       19167.5        7575.8224      0              1821.1828      2147.7732      4127.7203      0              0.38253641   
  13910000   203186.94      309.51607      218.9256       15685.027      3412.7293      19097.756      7655.334       0              1801.6685      2134.7496      4093.2747      0              0.37963569   
  13920000   199765.47      311.95674     -62.163153      15739.661      3439.6401      19179.301      7735.5869      0              1869.6741      2099.5477      4034.852       0              0.38613788   
  13930000   202170.86      309.53668     -40.023468      15736.213      3412.9565      19149.169      7631.938       0              1913.6871      2120.9612      4069.6267      0              0.38154369   
  13940000   202369.22      311.85546      448.30741      15778.558      3438.5234      19217.081      7720.257       0              1842.8635      2140.9907      4074.4465      0              0.3811697    
  13950000   204128.97      309.47533     -391.2382       15628.669      3412.2801      19040.949      7617.9526      0              1832.0844      2128.7001      4049.932       0              0.37788371   
  13960000   200121.9       313.61829      205.50648      15652.543      3457.9604      19110.503      7638.5498      0              1831.0711      2089.5494      4093.3724      0              0.38545013   
  13970000   199712.2       310.79524     -219.68172      15732.816      3426.8334      19159.649      7625.644       0              1878.5032      2117.4132      4111.2555      0              0.38624086   
  13980000   200307.06      314.13927      111.84814      15629.321      3463.7048      19093.026      7617.3244      0              1829.0736      2102.0226      4080.9006      0              0.38509385   
  13990000   201821.62      311.39886      199.82077      15740.891      3433.489       19174.38       7689.253       0              1853.4627      2122.8286      4075.3468      0              0.38220392   
  14000000   201609.3       309.23114      51.708851      15783.887      3409.5876      19193.475      7708.9102      0              1858.985       2128.7912      4087.2006      0              0.38260643   
  14010000   200390.09      304.83077      159.44345      15647.015      3361.0691      19008.084      7679.6799      0              1809.3421      2084.1505      4073.8424      0              0.38493428   
  14020000   202358.73      307.27683      98.646835      15626.13       3388.0393      19014.169      7654.3505      0              1772.075       2131.2826      4068.4214      0              0.38118946   
  14030000   201971.13      303.21187     -114.48665      15698.75       3343.2191      19041.969      7626.8322      0              1818.0448      2138.9693      4114.9038      0              0.381921     
  14040000   201120.86      300.84494      238.36102      15757.103      3317.1213      19074.224      7664.5969      0              1837.7604      2139.5503      4115.1953      0              0.38353563   
  14050000   200306.39      313.8256      -156.66961      15734.814      3460.2462      19195.061      7648.9275      0              1855.9121      2132.1598      4097.8151      0              0.38509512   
  14060000   202786.75      302.90523     -453.96537      15789.439      3339.838       19129.277      7621.3996      0              1933.7718      2126.7437      4107.5238      0              0.38038489   
  14070000   200593.33      308.75283      268.54306      15720.41       3404.3138      19124.724      7669.9555      0              1849.5222      2106.9991      4093.9337      0              0.38454427   
  14080000   199832.92      306.88504     -14.305929      15730.966      3383.7195      19114.685      7683.5821      0              1847.5318      2086.685       4113.1667      0              0.38600755   
  14090000   204703.85      306.87834      32.374237      15682.347      3383.6456      19065.992      7581.4784      0              1866.4366      2132.2031      4102.2284      0              0.37682248   
  14100000   202597.26      306.90689     -441.63772      15686.86       3383.9604      19070.82       7610.1328      0              1865.5682      2128.7438      4082.4152      0              0.38074066   
  14110000   201176.27      302.03986      273.55857      15822.207      3330.2964      19152.503      7747.5763      0              1811.9575      2153.0211      4109.6519      0              0.38342999   
  14120000   202918.7       303.64158      214.2995       15688.855      3347.957       19036.812      7675.0337      0              1794.55        2119.3719      4099.8992      0              0.38013754   
  14130000   202592.75      305.07941     -354.15843      15725.3        3363.8106      19089.111      7673.9484      0              1822.0775      2122.7502      4106.5241      0              0.38074913   
  14140000   204355.49      305.13963      456.56832      15719.805      3364.4746      19084.28       7657.8355      0              1821.5714      2140.0508      4100.3477      0              0.37746486   
  14150000   201536.91      306.26002      332.75345      15717.044      3376.828       19093.872      7664.2571      0              1805.7512      2119.3318      4127.7036      0              0.38274386   
  14160000   201708.46      309.78028      431.20688      15674.45       3415.6425      19090.093      7688.3105      0              1769.2991      2133.8892      4082.9513      0              0.38241835   
  14170000   202265.99      305.52281     -209.07023      15697.859      3368.6995      19066.559      7549.7945      0              1882.1221      2098.6738      4167.2687      0              0.38136424   
  14180000   203900.45      306.86555     -102.09965      15792.832      3383.5046      19176.337      7684.6465      0              1833.0763      2149.1071      4126.0022      0              0.37830723   
  14190000   202158.04      313.8041       441.80285      15729.573      3460.0092      19189.582      7745.2582      0              1756.5728      2110.2858      4117.4559      0              0.38156787   
  14200000   205201.47      314.41945     -52.080042      15702.008      3466.794       19168.802      7578.5306      0              1896.0511      2145.4121      4082.014       0              0.37590868   
  14210000   203003.21      303.10865      469.45083      15767.717      3342.0809      19109.798      7727.9335      0              1830.0852      2138.8398      4070.8585      0              0.37997929   
  14220000   204359.76      306.67648      537.63183      15681.25       3381.4199      19062.67       7689.9931      0              1782.8015      2110.259       4098.1964      0              0.37745697   
  14230000   202427.85      299.24376      84.898619      15788.4        3299.4666      19087.867      7700.0496      0              1825.6515      2137.135       4125.5641      0              0.38105929   
  14240000   202572.33      303.12564      886.06456      15766.236      3342.2683      19108.504      7675.6679      0              1789.6187      2206.4854      4094.4637      0              0.38078752   
  14250000   202400.51      301.40591      21.368677      15705.14       3323.3065      19028.446      7717.5561      0              1826.2923      2106.0978      4055.1937      0              0.38111078   
  14251075   202002.59      309.26614      179.63704      15802.505      3409.9735      19212.479      7790.7433      0              1835.9249      2118.706       4057.1309      0              0.3818615    
Loop time of 4121.02 on 48 procs for 8000000 steps with 3700 atoms

Performance: 16.773 ns/day, 1.431 hours/ns, 1941.267 timesteps/s, 7.183 Matom-step/s
99.9% CPU use with 48 MPI tasks x 1 OpenMP threads

MPI task timing breakdown:
Section |  min time  |  avg time  |  max time  |%varavg| %total
---------------------------------------------------------------
Pair    | 107.52     | 1042.7     | 2731.7     |1584.6 | 25.30
Bond    | 69.933     | 487.84     | 934.93     | 794.7 | 11.84
Neigh   | 6.6788     | 6.7232     | 6.7727     |   0.8 |  0.16
Comm    | 279.53     | 2093.7     | 3476.3     |1373.0 | 50.81
Output  | 0.31854    | 0.59612    | 0.83717    |  18.1 |  0.01
Modify  | 121.37     | 451.31     | 1233.7     |1788.8 | 10.95
Other   |            | 38.12      |            |       |  0.93

Nlocal:        77.0833 ave         149 max           9 min
Histogram: 3 3 2 9 6 8 10 3 3 1
Nghost:         1553.5 ave        1793 max        1315 min
Histogram: 3 2 5 8 6 8 7 3 4 2
Neighs:        8115.15 ave       22083 max         478 min
Histogram: 5 7 9 7 8 8 2 1 0 1

Total # of neighbors = 389527
Ave neighs/atom = 105.27757
Ave special neighs/atom = 11.898378
Neighbor list builds = 8827
Dangerous builds = 0
System init for write_data ...
Generated 0 of 10 mixed pair_coeff terms from geometric mixing rule
Total wall time: 2:09:20
