Loading intel/oneapi/compiler/latest
  Loading requirement: intel/oneapi/tbb/latest intel/oneapi/compiler-rt/latest
    intel/oneapi/umf/latest
libibverbs: Warning: couldn't load driver 'libirdma-rdmav34.so': libirdma-rdmav34.so: cannot open shared object file: No such file or directory
libibverbs: Warning: couldn't load driver 'libirdma-rdmav34.so': libirdma-rdmav34.so: cannot open shared object file: No such file or directory
libibverbs: Warning: couldn't load driver 'libirdma-rdmav34.so': libirdma-rdmav34.so: cannot open shared object file: No such file or directory
libibverbs: Warning: couldn't load driver 'libirdma-rdmav34.so': libirdma-rdmav34.so: cannot open shared object file: No such file or directory
libibverbs: Warning: couldn't load driver 'libirdma-rdmav34.so': libirdma-rdmav34.so: cannot open shared object file: No such file or directory
libibverbs: Warning: couldn't load driver 'libirdma-rdmav34.so': libirdma-rdmav34.so: cannot open shared object file: No such file or directory
libibverbs: Warning: couldn't load driver 'libirdma-rdmav34.so': libirdma-rdmav34.so: cannot open shared object file: No such file or directory
libibverbs: Warning: couldn't load driver 'libirdma-rdmav34.so': libirdma-rdmav34.so: cannot open shared object file: No such file or directory
libibverbs: Warning: couldn't load driver 'libirdma-rdmav34.so': libirdma-rdmav34.so: cannot open shared object file: No such file or directory
libibverbs: Warning: couldn't load driver 'libirdma-rdmav34.so': libirdma-rdmav34.so: cannot open shared object file: No such file or directory
libibverbs: Warning: couldn't load driver 'libirdma-rdmav34.so': libirdma-rdmav34.so: cannot open shared object file: No such file or directory
libibverbs: Warning: couldn't load driver 'libirdma-rdmav34.so': libirdma-rdmav34.so: cannot open shared object file: No such file or directory
libibverbs: Warning: couldn't load driver 'libirdma-rdmav34.so': libirdma-rdmav34.so: cannot open shared object file: No such file or directory
libibverbs: Warning: couldn't load driver 'libirdma-rdmav34.so': libirdma-rdmav34.so: cannot open shared object file: No such file or directory
libibverbs: Warning: couldn't load driver 'libirdma-rdmav34.so': libirdma-rdmav34.so: cannot open shared object file: No such file or directory
libibverbs: Warning: couldn't load driver 'libirdma-rdmav34.so': libirdma-rdmav34.so: cannot open shared object file: No such file or directory
libibverbs: Warning: couldn't load driver 'libirdma-rdmav34.so': libirdma-rdmav34.so: cannot open shared object file: No such file or directory
libibverbs: Warning: couldn't load driver 'libirdma-rdmav34.so': libirdma-rdmav34.so: cannot open shared object file: No such file or directory
libibverbs: Warning: couldn't load driver 'libirdma-rdmav34.so': libirdma-rdmav34.so: cannot open shared object file: No such file or directory
libibverbs: Warning: couldn't load driver 'libocrdma-rdmav34.so': libocrdma-rdmav34.so: cannot open shared object file: No such file or directory
libibverbs: Warning: couldn't load driver 'libocrdma-rdmav34.so': libocrdma-rdmav34.so: cannot open shared object file: No such file or directory
libibverbs: Warning: couldn't load driver 'libocrdma-rdmav34.so': libocrdma-rdmav34.so: cannot open shared object file: No such file or directory
libibverbs: Warning: couldn't load driver 'libocrdma-rdmav34.so': libocrdma-rdmav34.so: cannot open shared object file: No such file or directory
libibverbs: Warning: couldn't load driver 'libocrdma-rdmav34.so': libocrdma-rdmav34.so: cannot open shared object file: No such file or directory
libibverbs: Warning: couldn't load driver 'libocrdma-rdmav34.so': libocrdma-rdmav34.so: cannot open shared object file: No such file or directory
libibverbs: Warning: couldn't load driver 'libocrdma-rdmav34.so': libocrdma-rdmav34.so: cannot open shared object file: No such file or directory
libibverbs: Warning: couldn't load driver 'libocrdma-rdmav34.so': libocrdma-rdmav34.so: cannot open shared object file: No such file or directory
libibverbs: Warning: couldn't load driver 'libocrdma-rdmav34.so': libocrdma-rdmav34.so: cannot open shared object file: No such file or directory
libibverbs: Warning: couldn't load driver 'libocrdma-rdmav34.so': libocrdma-rdmav34.so: cannot open shared object file: No such file or directory
libibverbs: Warning: couldn't load driver 'libocrdma-rdmav34.so': libocrdma-rdmav34.so: cannot open shared object file: No such file or directory
libibverbs: Warning: couldn't load driver 'libocrdma-rdmav34.so': libocrdma-rdmav34.so: cannot open shared object file: No such file or directory
libibverbs: Warning: couldn't load driver 'libocrdma-rdmav34.so': libocrdma-rdmav34.so: cannot open shared object file: No such file or directory
libibverbs: Warning: couldn't load driver 'libocrdma-rdmav34.so': libocrdma-rdmav34.so: cannot open shared object file: No such file or directory
libibverbs: Warning: couldn't load driver 'libocrdma-rdmav34.so': libocrdma-rdmav34.so: cannot open shared object file: No such file or directory
libibverbs: Warning: couldn't load driver 'libirdma-rdmav34.so': libirdma-rdmav34.so: cannot open shared object file: No such file or directory
libibverbs: Warning: couldn't load driver 'libocrdma-rdmav34.so': libocrdma-rdmav34.so: cannot open shared object file: No such file or directory
libibverbs: Warning: couldn't load driver 'libocrdma-rdmav34.so': libocrdma-rdmav34.so: cannot open shared object file: No such file or directory
libibverbs: Warning: couldn't load driver 'libocrdma-rdmav34.so': libocrdma-rdmav34.so: cannot open shared object file: No such file or directory
libibverbs: Warning: couldn't load driver 'libirdma-rdmav34.so': libirdma-rdmav34.so: cannot open shared object file: No such file or directory
libibverbs: Warning: couldn't load driver 'libirdma-rdmav34.so': libirdma-rdmav34.so: cannot open shared object file: No such file or directory
libibverbs: Warning: couldn't load driver 'libocrdma-rdmav34.so': libocrdma-rdmav34.so: cannot open shared object file: No such file or directory
libibverbs: Warning: couldn't load driver 'libocrdma-rdmav34.so': libocrdma-rdmav34.so: cannot open shared object file: No such file or directory
libibverbs: Warning: couldn't load driver 'libirdma-rdmav34.so': libirdma-rdmav34.so: cannot open shared object file: No such file or directory
libibverbs: Warning: couldn't load driver 'libocrdma-rdmav34.so': libocrdma-rdmav34.so: cannot open shared object file: No such file or directory
libibverbs: Warning: couldn't load driver 'libocrdma-rdmav34.so': libocrdma-rdmav34.so: cannot open shared object file: No such file or directory
libibverbs: Warning: couldn't load driver 'libocrdma-rdmav34.so': libocrdma-rdmav34.so: cannot open shared object file: No such file or directory
libibverbs: Warning: couldn't load driver 'libipathverbs-rdmav34.so': libipathverbs-rdmav34.so: cannot open shared object file: No such file or directory
libibverbs: Warning: couldn't load driver 'libipathverbs-rdmav34.so': libipathverbs-rdmav34.so: cannot open shared object file: No such file or directory
libibverbs: Warning: couldn't load driver 'libipathverbs-rdmav34.so': libipathverbs-rdmav34.so: cannot open shared object file: No such file or directory
libibverbs: Warning: couldn't load driver 'libipathverbs-rdmav34.so': libipathverbs-rdmav34.so: cannot open shared object file: No such file or directory
libibverbs: Warning: couldn't load driver 'libipathverbs-rdmav34.so': libipathverbs-rdmav34.so: cannot open shared object file: No such file or directory
libibverbs: Warning: couldn't load driver 'libipathverbs-rdmav34.so': libipathverbs-rdmav34.so: cannot open shared object file: No such file or directory
libibverbs: Warning: couldn't load driver 'libipathverbs-rdmav34.so': libipathverbs-rdmav34.so: cannot open shared object file: No such file or directory
libibverbs: Warning: couldn't load driver 'libipathverbs-rdmav34.so': libipathverbs-rdmav34.so: cannot open shared object file: No such file or directory
libibverbs: Warning: couldn't load driver 'libipathverbs-rdmav34.so': libipathverbs-rdmav34.so: cannot open shared object file: No such file or directory
libibverbs: Warning: couldn't load driver 'libipathverbs-rdmav34.so': libipathverbs-rdmav34.so: cannot open shared object file: No such file or directory
libibverbs: Warning: couldn't load driver 'libipathverbs-rdmav34.so': libipathverbs-rdmav34.so: cannot open shared object file: No such file or directory
libibverbs: Warning: couldn't load driver 'libipathverbs-rdmav34.so': libipathverbs-rdmav34.so: cannot open shared object file: No such file or directory
libibverbs: Warning: couldn't load driver 'libipathverbs-rdmav34.so': libipathverbs-rdmav34.so: cannot open shared object file: No such file or directory
libibverbs: Warning: couldn't load driver 'libipathverbs-rdmav34.so': libipathverbs-rdmav34.so: cannot open shared object file: No such file or directory
libibverbs: Warning: couldn't load driver 'libipathverbs-rdmav34.so': libipathverbs-rdmav34.so: cannot open shared object file: No such file or directory
libibverbs: Warning: couldn't load driver 'libipathverbs-rdmav34.so': libipathverbs-rdmav34.so: cannot open shared object file: No such file or directory
libibverbs: Warning: couldn't load driver 'libipathverbs-rdmav34.so': libipathverbs-rdmav34.so: cannot open shared object file: No such file or directory
libibverbs: Warning: couldn't load driver 'libipathverbs-rdmav34.so': libipathverbs-rdmav34.so: cannot open shared object file: No such file or directory
libibverbs: Warning: couldn't load driver 'libipathverbs-rdmav34.so': libipathverbs-rdmav34.so: cannot open shared object file: No such file or directory
libibverbs: Warning: couldn't load driver 'libipathverbs-rdmav34.so': libipathverbs-rdmav34.so: cannot open shared object file: No such file or directory
libibverbs: Warning: couldn't load driver 'libipathverbs-rdmav34.so': libipathverbs-rdmav34.so: cannot open shared object file: No such file or directory
libibverbs: Warning: couldn't load driver 'libipathverbs-rdmav34.so': libipathverbs-rdmav34.so: cannot open shared object file: No such file or directory
libibverbs: Warning: couldn't load driver 'libipathverbs-rdmav34.so': libipathverbs-rdmav34.so: cannot open shared object file: No such file or directory
libibverbs: Warning: couldn't load driver 'libhns-rdmav34.so': libhns-rdmav34.so: cannot open shared object file: No such file or directory
libibverbs: Warning: couldn't load driver 'libhns-rdmav34.so': libhns-rdmav34.so: cannot open shared object file: No such file or directory
libibverbs: Warning: couldn't load driver 'libhns-rdmav34.so': libhns-rdmav34.so: cannot open shared object file: No such file or directory
libibverbs: Warning: couldn't load driver 'libhns-rdmav34.so': libhns-rdmav34.so: cannot open shared object file: No such file or directory
libibverbs: Warning: couldn't load driver 'libhns-rdmav34.so': libhns-rdmav34.so: cannot open shared object file: No such file or directory
libibverbs: Warning: couldn't load driver 'libhns-rdmav34.so': libhns-rdmav34.so: cannot open shared object file: No such file or directory
libibverbs: Warning: couldn't load driver 'libhns-rdmav34.so': libhns-rdmav34.so: cannot open shared object file: No such file or directory
libibverbs: Warning: couldn't load driver 'libhns-rdmav34.so': libhns-rdmav34.so: cannot open shared object file: No such file or directory
libibverbs: Warning: couldn't load driver 'libhns-rdmav34.so': libhns-rdmav34.so: cannot open shared object file: No such file or directory
libibverbs: Warning: couldn't load driver 'libhns-rdmav34.so': libhns-rdmav34.so: cannot open shared object file: No such file or directory
libibverbs: Warning: couldn't load driver 'libhns-rdmav34.so': libhns-rdmav34.so: cannot open shared object file: No such file or directory
libibverbs: Warning: couldn't load driver 'libhns-rdmav34.so': libhns-rdmav34.so: cannot open shared object file: No such file or directory
libibverbs: Warning: couldn't load driver 'libhns-rdmav34.so': libhns-rdmav34.so: cannot open shared object file: No such file or directory
libibverbs: Warning: couldn't load driver 'libhns-rdmav34.so': libhns-rdmav34.so: cannot open shared object file: No such file or directory
libibverbs: Warning: couldn't load driver 'libhns-rdmav34.so': libhns-rdmav34.so: cannot open shared object file: No such file or directory
libibverbs: Warning: couldn't load driver 'libhns-rdmav34.so': libhns-rdmav34.so: cannot open shared object file: No such file or directory
libibverbs: Warning: couldn't load driver 'libhns-rdmav34.so': libhns-rdmav34.so: cannot open shared object file: No such file or directory
libibverbs: Warning: couldn't load driver 'libhns-rdmav34.so': libhns-rdmav34.so: cannot open shared object file: No such file or directory
libibverbs: Warning: couldn't load driver 'libhns-rdmav34.so': libhns-rdmav34.so: cannot open shared object file: No such file or directory
libibverbs: Warning: couldn't load driver 'libhns-rdmav34.so': libhns-rdmav34.so: cannot open shared object file: No such file or directory
libibverbs: Warning: couldn't load driver 'libhns-rdmav34.so': libhns-rdmav34.so: cannot open shared object file: No such file or directory
libibverbs: Warning: couldn't load driver 'libhns-rdmav34.so': libhns-rdmav34.so: cannot open shared object file: No such file or directory
libibverbs: Warning: couldn't load driver 'libhns-rdmav34.so': libhns-rdmav34.so: cannot open shared object file: No such file or directory
libibverbs: Warning: couldn't load driver 'liberdma-rdmav34.so': liberdma-rdmav34.so: cannot open shared object file: No such file or directory
libibverbs: Warning: couldn't load driver 'liberdma-rdmav34.so': liberdma-rdmav34.so: cannot open shared object file: No such file or directory
libibverbs: Warning: couldn't load driver 'liberdma-rdmav34.so': liberdma-rdmav34.so: cannot open shared object file: No such file or directory
libibverbs: Warning: couldn't load driver 'liberdma-rdmav34.so': liberdma-rdmav34.so: cannot open shared object file: No such file or directory
libibverbs: Warning: couldn't load driver 'liberdma-rdmav34.so': liberdma-rdmav34.so: cannot open shared object file: No such file or directory
libibverbs: Warning: couldn't load driver 'liberdma-rdmav34.so': liberdma-rdmav34.so: cannot open shared object file: No such file or directory
libibverbs: Warning: couldn't load driver 'liberdma-rdmav34.so': liberdma-rdmav34.so: cannot open shared object file: No such file or directory
libibverbs: Warning: couldn't load driver 'liberdma-rdmav34.so': liberdma-rdmav34.so: cannot open shared object file: No such file or directory
libibverbs: Warning: couldn't load driver 'liberdma-rdmav34.so': liberdma-rdmav34.so: cannot open shared object file: No such file or directory
libibverbs: Warning: couldn't load driver 'liberdma-rdmav34.so': liberdma-rdmav34.so: cannot open shared object file: No such file or directory
libibverbs: Warning: couldn't load driver 'liberdma-rdmav34.so': liberdma-rdmav34.so: cannot open shared object file: No such file or directory
libibverbs: Warning: couldn't load driver 'liberdma-rdmav34.so': liberdma-rdmav34.so: cannot open shared object file: No such file or directory
libibverbs: Warning: couldn't load driver 'liberdma-rdmav34.so': liberdma-rdmav34.so: cannot open shared object file: No such file or directory
libibverbs: Warning: couldn't load driver 'liberdma-rdmav34.so': liberdma-rdmav34.so: cannot open shared object file: No such file or directory
libibverbs: Warning: couldn't load driver 'liberdma-rdmav34.so': liberdma-rdmav34.so: cannot open shared object file: No such file or directory
libibverbs: Warning: couldn't load driver 'liberdma-rdmav34.so': liberdma-rdmav34.so: cannot open shared object file: No such file or directory
libibverbs: Warning: couldn't load driver 'liberdma-rdmav34.so': liberdma-rdmav34.so: cannot open shared object file: No such file or directory
libibverbs: Warning: couldn't load driver 'liberdma-rdmav34.so': liberdma-rdmav34.so: cannot open shared object file: No such file or directory
libibverbs: Warning: couldn't load driver 'liberdma-rdmav34.so': liberdma-rdmav34.so: cannot open shared object file: No such file or directory
libibverbs: Warning: couldn't load driver 'liberdma-rdmav34.so': liberdma-rdmav34.so: cannot open shared object file: No such file or directory
libibverbs: Warning: couldn't load driver 'liberdma-rdmav34.so': liberdma-rdmav34.so: cannot open shared object file: No such file or directory
libibverbs: Warning: couldn't load driver 'liberdma-rdmav34.so': liberdma-rdmav34.so: cannot open shared object file: No such file or directory
libibverbs: Warning: couldn't load driver 'liberdma-rdmav34.so': liberdma-rdmav34.so: cannot open shared object file: No such file or directory
libibverbs: Warning: couldn't load driver 'libvmw_pvrdma-rdmav34.so': libvmw_pvrdma-rdmav34.so: cannot open shared object file: No such file or directory
libibverbs: Warning: couldn't load driver 'libvmw_pvrdma-rdmav34.so': libvmw_pvrdma-rdmav34.so: cannot open shared object file: No such file or directory
libibverbs: Warning: couldn't load driver 'libvmw_pvrdma-rdmav34.so': libvmw_pvrdma-rdmav34.so: cannot open shared object file: No such file or directory
libibverbs: Warning: couldn't load driver 'libvmw_pvrdma-rdmav34.so': libvmw_pvrdma-rdmav34.so: cannot open shared object file: No such file or directory
libibverbs: Warning: couldn't load driver 'libvmw_pvrdma-rdmav34.so': libvmw_pvrdma-rdmav34.so: cannot open shared object file: No such file or directory
libibverbs: Warning: couldn't load driver 'libvmw_pvrdma-rdmav34.so': libvmw_pvrdma-rdmav34.so: cannot open shared object file: No such file or directory
libibverbs: Warning: couldn't load driver 'libvmw_pvrdma-rdmav34.so': libvmw_pvrdma-rdmav34.so: cannot open shared object file: No such file or directory
libibverbs: Warning: couldn't load driver 'libvmw_pvrdma-rdmav34.so': libvmw_pvrdma-rdmav34.so: cannot open shared object file: No such file or directory
libibverbs: Warning: couldn't load driver 'libvmw_pvrdma-rdmav34.so': libvmw_pvrdma-rdmav34.so: cannot open shared object file: No such file or directory
libibverbs: Warning: couldn't load driver 'libvmw_pvrdma-rdmav34.so': libvmw_pvrdma-rdmav34.so: cannot open shared object file: No such file or directory
libibverbs: Warning: couldn't load driver 'libvmw_pvrdma-rdmav34.so': libvmw_pvrdma-rdmav34.so: cannot open shared object file: No such file or directory
libibverbs: Warning: couldn't load driver 'libvmw_pvrdma-rdmav34.so': libvmw_pvrdma-rdmav34.so: cannot open shared object file: No such file or directory
libibverbs: Warning: couldn't load driver 'libvmw_pvrdma-rdmav34.so': libvmw_pvrdma-rdmav34.so: cannot open shared object file: No such file or directory
libibverbs: Warning: couldn't load driver 'libvmw_pvrdma-rdmav34.so': libvmw_pvrdma-rdmav34.so: cannot open shared object file: No such file or directory
libibverbs: Warning: couldn't load driver 'libvmw_pvrdma-rdmav34.so': libvmw_pvrdma-rdmav34.so: cannot open shared object file: No such file or directory
libibverbs: Warning: couldn't load driver 'libvmw_pvrdma-rdmav34.so': libvmw_pvrdma-rdmav34.so: cannot open shared object file: No such file or directory
libibverbs: Warning: couldn't load driver 'libvmw_pvrdma-rdmav34.so': libvmw_pvrdma-rdmav34.so: cannot open shared object file: No such file or directory
libibverbs: Warning: couldn't load driver 'libvmw_pvrdma-rdmav34.so': libvmw_pvrdma-rdmav34.so: cannot open shared object file: No such file or directory
libibverbs: Warning: couldn't load driver 'libvmw_pvrdma-rdmav34.so': libvmw_pvrdma-rdmav34.so: cannot open shared object file: No such file or directory
libibverbs: Warning: couldn't load driver 'libvmw_pvrdma-rdmav34.so': libvmw_pvrdma-rdmav34.so: cannot open shared object file: No such file or directory
libibverbs: Warning: couldn't load driver 'libvmw_pvrdma-rdmav34.so': libvmw_pvrdma-rdmav34.so: cannot open shared object file: No such file or directory
libibverbs: Warning: couldn't load driver 'libvmw_pvrdma-rdmav34.so': libvmw_pvrdma-rdmav34.so: cannot open shared object file: No such file or directory
libibverbs: Warning: couldn't load driver 'libvmw_pvrdma-rdmav34.so': libvmw_pvrdma-rdmav34.so: cannot open shared object file: No such file or directory
libibverbs: Warning: couldn't load driver 'libirdma-rdmav34.so': libirdma-rdmav34.so: cannot open shared object file: No such file or directory
libibverbs: Warning: couldn't load driver 'libirdma-rdmav34.so': libirdma-rdmav34.so: cannot open shared object file: No such file or directory
libibverbs: Warning: couldn't load driver 'libocrdma-rdmav34.so': libocrdma-rdmav34.so: cannot open shared object file: No such file or directory
libibverbs: Warning: couldn't load driver 'libipathverbs-rdmav34.so': libipathverbs-rdmav34.so: cannot open shared object file: No such file or directory
libibverbs: Warning: couldn't load driver 'libocrdma-rdmav34.so': libocrdma-rdmav34.so: cannot open shared object file: No such file or directory
libibverbs: Warning: couldn't load driver 'libipathverbs-rdmav34.so': libipathverbs-rdmav34.so: cannot open shared object file: No such file or directory
libibverbs: Warning: couldn't load driver 'libefa-rdmav34.so': libefa-rdmav34.so: cannot open shared object file: No such file or directory
libibverbs: Warning: couldn't load driver 'libefa-rdmav34.so': libefa-rdmav34.so: cannot open shared object file: No such file or directory
libibverbs: Warning: couldn't load driver 'libefa-rdmav34.so': libefa-rdmav34.so: cannot open shared object file: No such file or directory
libibverbs: Warning: couldn't load driver 'libefa-rdmav34.so': libefa-rdmav34.so: cannot open shared object file: No such file or directory
libibverbs: Warning: couldn't load driver 'libefa-rdmav34.so': libefa-rdmav34.so: cannot open shared object file: No such file or directory
libibverbs: Warning: couldn't load driver 'libefa-rdmav34.so': libefa-rdmav34.so: cannot open shared object file: No such file or directory
libibverbs: Warning: couldn't load driver 'libefa-rdmav34.so': libefa-rdmav34.so: cannot open shared object file: No such file or directory
libibverbs: Warning: couldn't load driver 'libefa-rdmav34.so': libefa-rdmav34.so: cannot open shared object file: No such file or directory
libibverbs: Warning: couldn't load driver 'libefa-rdmav34.so': libefa-rdmav34.so: cannot open shared object file: No such file or directory
libibverbs: Warning: couldn't load driver 'libefa-rdmav34.so': libefa-rdmav34.so: cannot open shared object file: No such file or directory
libibverbs: Warning: couldn't load driver 'libefa-rdmav34.so': libefa-rdmav34.so: cannot open shared object file: No such file or directory
libibverbs: Warning: couldn't load driver 'libefa-rdmav34.so': libefa-rdmav34.so: cannot open shared object file: No such file or directory
libibverbs: Warning: couldn't load driver 'libefa-rdmav34.so': libefa-rdmav34.so: cannot open shared object file: No such file or directory
libibverbs: Warning: couldn't load driver 'libefa-rdmav34.so': libefa-rdmav34.so: cannot open shared object file: No such file or directory
libibverbs: Warning: couldn't load driver 'libefa-rdmav34.so': libefa-rdmav34.so: cannot open shared object file: No such file or directory
libibverbs: Warning: couldn't load driver 'libefa-rdmav34.so': libefa-rdmav34.so: cannot open shared object file: No such file or directory
libibverbs: Warning: couldn't load driver 'libefa-rdmav34.so': libefa-rdmav34.so: cannot open shared object file: No such file or directory
libibverbs: Warning: couldn't load driver 'libefa-rdmav34.so': libefa-rdmav34.so: cannot open shared object file: No such file or directory
libibverbs: Warning: couldn't load driver 'libefa-rdmav34.so': libefa-rdmav34.so: cannot open shared object file: No such file or directory
libibverbs: Warning: couldn't load driver 'libefa-rdmav34.so': libefa-rdmav34.so: cannot open shared object file: No such file or directory
libibverbs: Warning: couldn't load driver 'libefa-rdmav34.so': libefa-rdmav34.so: cannot open shared object file: No such file or directory
libibverbs: Warning: couldn't load driver 'libirdma-rdmav34.so': libirdma-rdmav34.so: cannot open shared object file: No such file or directory
libibverbs: Warning: couldn't load driver 'libocrdma-rdmav34.so': libocrdma-rdmav34.so: cannot open shared object file: No such file or directory
libibverbs: Warning: couldn't load driver 'libipathverbs-rdmav34.so': libipathverbs-rdmav34.so: cannot open shared object file: No such file or directory
libibverbs: Warning: couldn't load driver 'libirdma-rdmav34.so': libirdma-rdmav34.so: cannot open shared object file: No such file or directory
libibverbs: Warning: couldn't load driver 'libocrdma-rdmav34.so': libocrdma-rdmav34.so: cannot open shared object file: No such file or directory
libibverbs: Warning: couldn't load driver 'libipathverbs-rdmav34.so': libipathverbs-rdmav34.so: cannot open shared object file: No such file or directory
libibverbs: Warning: couldn't load driver 'libefa-rdmav34.so': libefa-rdmav34.so: cannot open shared object file: No such file or directory
libibverbs: Warning: couldn't load driver 'libefa-rdmav34.so': libefa-rdmav34.so: cannot open shared object file: No such file or directory
libibverbs: Warning: couldn't load driver 'libirdma-rdmav34.so': libirdma-rdmav34.so: cannot open shared object file: No such file or directory
libibverbs: Warning: couldn't load driver 'libirdma-rdmav34.so': libirdma-rdmav34.so: cannot open shared object file: No such file or directory
libibverbs: Warning: couldn't load driver 'libirdma-rdmav34.so': libirdma-rdmav34.so: cannot open shared object file: No such file or directory
libibverbs: Warning: couldn't load driver 'libirdma-rdmav34.so': libirdma-rdmav34.so: cannot open shared object file: No such file or directory
libibverbs: Warning: couldn't load driver 'libocrdma-rdmav34.so': libocrdma-rdmav34.so: cannot open shared object file: No such file or directory
libibverbs: Warning: couldn't load driver 'libocrdma-rdmav34.so': libocrdma-rdmav34.so: cannot open shared object file: No such file or directory
libibverbs: Warning: couldn't load driver 'libhns-rdmav34.so': libhns-rdmav34.so: cannot open shared object file: No such file or directory
libibverbs: Warning: couldn't load driver 'libhns-rdmav34.so': libhns-rdmav34.so: cannot open shared object file: No such file or directory
libibverbs: Warning: couldn't load driver 'libirdma-rdmav34.so': libirdma-rdmav34.so: cannot open shared object file: No such file or directory
libibverbs: Warning: couldn't load driver 'libocrdma-rdmav34.so': libocrdma-rdmav34.so: cannot open shared object file: No such file or directory
libibverbs: Warning: couldn't load driver 'libocrdma-rdmav34.so': libocrdma-rdmav34.so: cannot open shared object file: No such file or directory
libibverbs: Warning: couldn't load driver 'libipathverbs-rdmav34.so': libipathverbs-rdmav34.so: cannot open shared object file: No such file or directory
libibverbs: Warning: couldn't load driver 'libipathverbs-rdmav34.so': libipathverbs-rdmav34.so: cannot open shared object file: No such file or directory
libibverbs: Warning: couldn't load driver 'libocrdma-rdmav34.so': libocrdma-rdmav34.so: cannot open shared object file: No such file or directory
libibverbs: Warning: couldn't load driver 'libipathverbs-rdmav34.so': libipathverbs-rdmav34.so: cannot open shared object file: No such file or directory
libibverbs: Warning: couldn't load driver 'libipathverbs-rdmav34.so': libipathverbs-rdmav34.so: cannot open shared object file: No such file or directory
libibverbs: Warning: couldn't load driver 'libirdma-rdmav34.so': libirdma-rdmav34.so: cannot open shared object file: No such file or directory
libibverbs: Warning: couldn't load driver 'libcxgb4-rdmav34.so': libcxgb4-rdmav34.so: cannot open shared object file: No such file or directory
libibverbs: Warning: couldn't load driver 'libcxgb4-rdmav34.so': libcxgb4-rdmav34.so: cannot open shared object file: No such file or directory
libibverbs: Warning: couldn't load driver 'libcxgb4-rdmav34.so': libcxgb4-rdmav34.so: cannot open shared object file: No such file or directory
libibverbs: Warning: couldn't load driver 'liberdma-rdmav34.so': liberdma-rdmav34.so: cannot open shared object file: No such file or directory
libibverbs: Warning: couldn't load driver 'liberdma-rdmav34.so': liberdma-rdmav34.so: cannot open shared object file: No such file or directory
libibverbs: Warning: couldn't load driver 'libcxgb4-rdmav34.so': libcxgb4-rdmav34.so: cannot open shared object file: No such file or directory
libibverbs: Warning: couldn't load driver 'libcxgb4-rdmav34.so': libcxgb4-rdmav34.so: cannot open shared object file: No such file or directory
libibverbs: Warning: couldn't load driver 'libcxgb4-rdmav34.so': libcxgb4-rdmav34.so: cannot open shared object file: No such file or directory
libibverbs: Warning: couldn't load driver 'libcxgb4-rdmav34.so': libcxgb4-rdmav34.so: cannot open shared object file: No such file or directory
libibverbs: Warning: couldn't load driver 'libcxgb4-rdmav34.so': libcxgb4-rdmav34.so: cannot open shared object file: No such file or directory
libibverbs: Warning: couldn't load driver 'libcxgb4-rdmav34.so': libcxgb4-rdmav34.so: cannot open shared object file: No such file or directory
libibverbs: Warning: couldn't load driver 'libcxgb4-rdmav34.so': libcxgb4-rdmav34.so: cannot open shared object file: No such file or directory
libibverbs: Warning: couldn't load driver 'libcxgb4-rdmav34.so': libcxgb4-rdmav34.so: cannot open shared object file: No such file or directory
libibverbs: Warning: couldn't load driver 'libcxgb4-rdmav34.so': libcxgb4-rdmav34.so: cannot open shared object file: No such file or directory
libibverbs: Warning: couldn't load driver 'libcxgb4-rdmav34.so': libcxgb4-rdmav34.so: cannot open shared object file: No such file or directory
libibverbs: Warning: couldn't load driver 'libirdma-rdmav34.so': libirdma-rdmav34.so: cannot open shared object file: No such file or directory
libibverbs: Warning: couldn't load driver 'libipathverbs-rdmav34.so': libipathverbs-rdmav34.so: cannot open shared object file: No such file or directory
libibverbs: Warning: couldn't load driver 'libcxgb4-rdmav34.so': libcxgb4-rdmav34.so: cannot open shared object file: No such file or directory
libibverbs: Warning: couldn't load driver 'libcxgb4-rdmav34.so': libcxgb4-rdmav34.so: cannot open shared object file: No such file or directory
libibverbs: Warning: couldn't load driver 'libcxgb4-rdmav34.so': libcxgb4-rdmav34.so: cannot open shared object file: No such file or directory
libibverbs: Warning: couldn't load driver 'libcxgb4-rdmav34.so': libcxgb4-rdmav34.so: cannot open shared object file: No such file or directory
libibverbs: Warning: couldn't load driver 'libcxgb4-rdmav34.so': libcxgb4-rdmav34.so: cannot open shared object file: No such file or directory
libibverbs: Warning: couldn't load driver 'libcxgb4-rdmav34.so': libcxgb4-rdmav34.so: cannot open shared object file: No such file or directory
libibverbs: Warning: couldn't load driver 'libcxgb4-rdmav34.so': libcxgb4-rdmav34.so: cannot open shared object file: No such file or directory
libibverbs: Warning: couldn't load driver 'libcxgb4-rdmav34.so': libcxgb4-rdmav34.so: cannot open shared object file: No such file or directory
libibverbs: Warning: couldn't load driver 'libcxgb4-rdmav34.so': libcxgb4-rdmav34.so: cannot open shared object file: No such file or directory
libibverbs: Warning: couldn't load driver 'libcxgb4-rdmav34.so': libcxgb4-rdmav34.so: cannot open shared object file: No such file or directory
libibverbs: Warning: couldn't load driver 'libvmw_pvrdma-rdmav34.so': libvmw_pvrdma-rdmav34.so: cannot open shared object file: No such file or directory
libibverbs: Warning: couldn't load driver 'libvmw_pvrdma-rdmav34.so': libvmw_pvrdma-rdmav34.so: cannot open shared object file: No such file or directory
libibverbs: Warning: couldn't load driver 'libocrdma-rdmav34.so': libocrdma-rdmav34.so: cannot open shared object file: No such file or directory
libibverbs: Warning: couldn't load driver 'libirdma-rdmav34.so': libirdma-rdmav34.so: cannot open shared object file: No such file or directory
libibverbs: Warning: couldn't load driver 'libirdma-rdmav34.so': libirdma-rdmav34.so: cannot open shared object file: No such file or directory
libibverbs: Warning: couldn't load driver 'libocrdma-rdmav34.so': libocrdma-rdmav34.so: cannot open shared object file: No such file or directory
libibverbs: Warning: couldn't load driver 'libhns-rdmav34.so': libhns-rdmav34.so: cannot open shared object file: No such file or directory
libibverbs: Warning: couldn't load driver 'liberdma-rdmav34.so': liberdma-rdmav34.so: cannot open shared object file: No such file or directory
libibverbs: Warning: couldn't load driver 'libhns-rdmav34.so': libhns-rdmav34.so: cannot open shared object file: No such file or directory
libibverbs: Warning: couldn't load driver 'liberdma-rdmav34.so': liberdma-rdmav34.so: cannot open shared object file: No such file or directory
libibverbs: Warning: couldn't load driver 'libocrdma-rdmav34.so': libocrdma-rdmav34.so: cannot open shared object file: No such file or directory
libibverbs: Warning: couldn't load driver 'libipathverbs-rdmav34.so': libipathverbs-rdmav34.so: cannot open shared object file: No such file or directory
libibverbs: Warning: couldn't load driver 'libhns-rdmav34.so': libhns-rdmav34.so: cannot open shared object file: No such file or directory
libibverbs: Warning: couldn't load driver 'liberdma-rdmav34.so': liberdma-rdmav34.so: cannot open shared object file: No such file or directory
libibverbs: Warning: couldn't load driver 'libipathverbs-rdmav34.so': libipathverbs-rdmav34.so: cannot open shared object file: No such file or directory
libibverbs: Warning: couldn't load driver 'libefa-rdmav34.so': libefa-rdmav34.so: cannot open shared object file: No such file or directory
libibverbs: Warning: couldn't load driver 'libcxgb4-rdmav34.so': libcxgb4-rdmav34.so: cannot open shared object file: No such file or directory
libibverbs: Warning: couldn't load driver 'libefa-rdmav34.so': libefa-rdmav34.so: cannot open shared object file: No such file or directory
libibverbs: Warning: couldn't load driver 'libcxgb4-rdmav34.so': libcxgb4-rdmav34.so: cannot open shared object file: No such file or directory
libibverbs: Warning: couldn't load driver 'libocrdma-rdmav34.so': libocrdma-rdmav34.so: cannot open shared object file: No such file or directory
libibverbs: Warning: couldn't load driver 'libipathverbs-rdmav34.so': libipathverbs-rdmav34.so: cannot open shared object file: No such file or directory
libibverbs: Warning: couldn't load driver 'libhns-rdmav34.so': libhns-rdmav34.so: cannot open shared object file: No such file or directory
libibverbs: Warning: couldn't load driver 'liberdma-rdmav34.so': liberdma-rdmav34.so: cannot open shared object file: No such file or directory
libibverbs: Warning: couldn't load driver 'libvmw_pvrdma-rdmav34.so': libvmw_pvrdma-rdmav34.so: cannot open shared object file: No such file or directory
libibverbs: Warning: couldn't load driver 'libipathverbs-rdmav34.so': libipathverbs-rdmav34.so: cannot open shared object file: No such file or directory
libibverbs: Warning: couldn't load driver 'libirdma-rdmav34.so': libirdma-rdmav34.so: cannot open shared object file: No such file or directory
libibverbs: Warning: couldn't load driver 'libocrdma-rdmav34.so': libocrdma-rdmav34.so: cannot open shared object file: No such file or directory
libibverbs: Warning: couldn't load driver 'libvmw_pvrdma-rdmav34.so': libvmw_pvrdma-rdmav34.so: cannot open shared object file: No such file or directory
libibverbs: Warning: couldn't load driver 'libefa-rdmav34.so': libefa-rdmav34.so: cannot open shared object file: No such file or directory
libibverbs: Warning: couldn't load driver 'libvmw_pvrdma-rdmav34.so': libvmw_pvrdma-rdmav34.so: cannot open shared object file: No such file or directory
libibverbs: Warning: couldn't load driver 'libefa-rdmav34.so': libefa-rdmav34.so: cannot open shared object file: No such file or directory
libibverbs: Warning: couldn't load driver 'libhns-rdmav34.so': libhns-rdmav34.so: cannot open shared object file: No such file or directory
libibverbs: Warning: couldn't load driver 'liberdma-rdmav34.so': liberdma-rdmav34.so: cannot open shared object file: No such file or directory
libibverbs: Warning: couldn't load driver 'libqedr-rdmav34.so': libqedr-rdmav34.so: cannot open shared object file: No such file or directory
libibverbs: Warning: couldn't load driver 'libqedr-rdmav34.so': libqedr-rdmav34.so: cannot open shared object file: No such file or directory
libibverbs: Warning: couldn't load driver 'libqedr-rdmav34.so': libqedr-rdmav34.so: cannot open shared object file: No such file or directory
libibverbs: Warning: couldn't load driver 'libqedr-rdmav34.so': libqedr-rdmav34.so: cannot open shared object file: No such file or directory
libibverbs: Warning: couldn't load driver 'libqedr-rdmav34.so': libqedr-rdmav34.so: cannot open shared object file: No such file or directory
libibverbs: Warning: couldn't load driver 'libqedr-rdmav34.so': libqedr-rdmav34.so: cannot open shared object file: No such file or directory
libibverbs: Warning: couldn't load driver 'libqedr-rdmav34.so': libqedr-rdmav34.so: cannot open shared object file: No such file or directory
libibverbs: Warning: couldn't load driver 'libqedr-rdmav34.so': libqedr-rdmav34.so: cannot open shared object file: No such file or directory
libibverbs: Warning: couldn't load driver 'libhns-rdmav34.so': libhns-rdmav34.so: cannot open shared object file: No such file or directory
libibverbs: Warning: couldn't load driver 'liberdma-rdmav34.so': liberdma-rdmav34.so: cannot open shared object file: No such file or directory
libibverbs: Warning: couldn't load driver 'libvmw_pvrdma-rdmav34.so': libvmw_pvrdma-rdmav34.so: cannot open shared object file: No such file or directory
libibverbs: Warning: couldn't load driver 'libvmw_pvrdma-rdmav34.so': libvmw_pvrdma-rdmav34.so: cannot open shared object file: No such file or directory
libibverbs: Warning: couldn't load driver 'libefa-rdmav34.so': libefa-rdmav34.so: cannot open shared object file: No such file or directory
libibverbs: Warning: couldn't load driver 'libcxgb4-rdmav34.so': libcxgb4-rdmav34.so: cannot open shared object file: No such file or directory
libibverbs: Warning: couldn't load driver 'libqedr-rdmav34.so': libqedr-rdmav34.so: cannot open shared object file: No such file or directory
libibverbs: Warning: couldn't load driver 'libqedr-rdmav34.so': libqedr-rdmav34.so: cannot open shared object file: No such file or directory
libibverbs: Warning: couldn't load driver 'libhns-rdmav34.so': libhns-rdmav34.so: cannot open shared object file: No such file or directory
libibverbs: Warning: couldn't load driver 'liberdma-rdmav34.so': liberdma-rdmav34.so: cannot open shared object file: No such file or directory
libibverbs: Warning: couldn't load driver 'libipathverbs-rdmav34.so': libipathverbs-rdmav34.so: cannot open shared object file: No such file or directory
libibverbs: Warning: couldn't load driver 'libcxgb4-rdmav34.so': libcxgb4-rdmav34.so: cannot open shared object file: No such file or directory
libibverbs: Warning: couldn't load driver 'libqedr-rdmav34.so': libqedr-rdmav34.so: cannot open shared object file: No such file or directory
libibverbs: Warning: couldn't load driver 'libqedr-rdmav34.so': libqedr-rdmav34.so: cannot open shared object file: No such file or directory
libibverbs: Warning: couldn't load driver 'libqedr-rdmav34.so': libqedr-rdmav34.so: cannot open shared object file: No such file or directory
libibverbs: Warning: couldn't load driver 'libqedr-rdmav34.so': libqedr-rdmav34.so: cannot open shared object file: No such file or directory
libibverbs: Warning: couldn't load driver 'libqedr-rdmav34.so': libqedr-rdmav34.so: cannot open shared object file: No such file or directory
libibverbs: Warning: couldn't load driver 'libqedr-rdmav34.so': libqedr-rdmav34.so: cannot open shared object file: No such file or directory
libibverbs: Warning: couldn't load driver 'libqedr-rdmav34.so': libqedr-rdmav34.so: cannot open shared object file: No such file or directory
libibverbs: Warning: couldn't load driver 'libqedr-rdmav34.so': libqedr-rdmav34.so: cannot open shared object file: No such file or directory
libibverbs: Warning: couldn't load driver 'libqedr-rdmav34.so': libqedr-rdmav34.so: cannot open shared object file: No such file or directory
libibverbs: Warning: couldn't load driver 'libqedr-rdmav34.so': libqedr-rdmav34.so: cannot open shared object file: No such file or directory
libibverbs: Warning: couldn't load driver 'libqedr-rdmav34.so': libqedr-rdmav34.so: cannot open shared object file: No such file or directory
libibverbs: Warning: couldn't load driver 'libqedr-rdmav34.so': libqedr-rdmav34.so: cannot open shared object file: No such file or directory
libibverbs: Warning: couldn't load driver 'libqedr-rdmav34.so': libqedr-rdmav34.so: cannot open shared object file: No such file or directory
libibverbs: Warning: couldn't load driver 'libqedr-rdmav34.so': libqedr-rdmav34.so: cannot open shared object file: No such file or directory
libibverbs: Warning: couldn't load driver 'libqedr-rdmav34.so': libqedr-rdmav34.so: cannot open shared object file: No such file or directory
libibverbs: Warning: couldn't load driver 'libqedr-rdmav34.so': libqedr-rdmav34.so: cannot open shared object file: No such file or directory
libibverbs: Warning: couldn't load driver 'libefa-rdmav34.so': libefa-rdmav34.so: cannot open shared object file: No such file or directory
libibverbs: Warning: couldn't load driver 'libhns-rdmav34.so': libhns-rdmav34.so: cannot open shared object file: No such file or directory
libibverbs: Warning: couldn't load driver 'liberdma-rdmav34.so': liberdma-rdmav34.so: cannot open shared object file: No such file or directory
libibverbs: Warning: couldn't load driver 'libcxgb4-rdmav34.so': libcxgb4-rdmav34.so: cannot open shared object file: No such file or directory
libibverbs: Warning: couldn't load driver 'libqedr-rdmav34.so': libqedr-rdmav34.so: cannot open shared object file: No such file or directory
libibverbs: Warning: couldn't load driver 'libvmw_pvrdma-rdmav34.so': libvmw_pvrdma-rdmav34.so: cannot open shared object file: No such file or directory
libibverbs: Warning: couldn't load driver 'libefa-rdmav34.so': libefa-rdmav34.so: cannot open shared object file: No such file or directory
libibverbs: Warning: couldn't load driver 'libhns-rdmav34.so': libhns-rdmav34.so: cannot open shared object file: No such file or directory
libibverbs: Warning: couldn't load driver 'libefa-rdmav34.so': libefa-rdmav34.so: cannot open shared object file: No such file or directory
libibverbs: Warning: couldn't load driver 'libirdma-rdmav34.so': libirdma-rdmav34.so: cannot open shared object file: No such file or directory
libibverbs: Warning: couldn't load driver 'libqedr-rdmav34.so': libqedr-rdmav34.so: cannot open shared object file: No such file or directory
libibverbs: Warning: couldn't load driver 'libhns-rdmav34.so': libhns-rdmav34.so: cannot open shared object file: No such file or directory
libibverbs: Warning: couldn't load driver 'libhns-rdmav34.so': libhns-rdmav34.so: cannot open shared object file: No such file or directory
libibverbs: Warning: couldn't load driver 'libcxgb4-rdmav34.so': libcxgb4-rdmav34.so: cannot open shared object file: No such file or directory
libibverbs: Warning: couldn't load driver 'libirdma-rdmav34.so': libirdma-rdmav34.so: cannot open shared object file: No such file or directory
libibverbs: Warning: couldn't load driver 'libvmw_pvrdma-rdmav34.so': libvmw_pvrdma-rdmav34.so: cannot open shared object file: No such file or directory
libibverbs: Warning: couldn't load driver 'libefa-rdmav34.so': libefa-rdmav34.so: cannot open shared object file: No such file or directory
libibverbs: Warning: couldn't load driver 'libcxgb4-rdmav34.so': libcxgb4-rdmav34.so: cannot open shared object file: No such file or directory
libibverbs: Warning: couldn't load driver 'libirdma-rdmav34.so': libirdma-rdmav34.so: cannot open shared object file: No such file or directory
libibverbs: Warning: couldn't load driver 'liberdma-rdmav34.so': liberdma-rdmav34.so: cannot open shared object file: No such file or directory
libibverbs: Warning: couldn't load driver 'libcxgb4-rdmav34.so': libcxgb4-rdmav34.so: cannot open shared object file: No such file or directory
libibverbs: Warning: couldn't load driver 'libvmw_pvrdma-rdmav34.so': libvmw_pvrdma-rdmav34.so: cannot open shared object file: No such file or directory
libibverbs: Warning: couldn't load driver 'libhfi1verbs-rdmav34.so': libhfi1verbs-rdmav34.so: cannot open shared object file: No such file or directory
libibverbs: Warning: couldn't load driver 'liberdma-rdmav34.so': liberdma-rdmav34.so: cannot open shared object file: No such file or directory
libibverbs: Warning: couldn't load driver 'libqedr-rdmav34.so': libqedr-rdmav34.so: cannot open shared object file: No such file or directory
libibverbs: Warning: couldn't load driver 'libhfi1verbs-rdmav34.so': libhfi1verbs-rdmav34.so: cannot open shared object file: No such file or directory
libibverbs: Warning: couldn't load driver 'libhfi1verbs-rdmav34.so': libhfi1verbs-rdmav34.so: cannot open shared object file: No such file or directory
libibverbs: Warning: couldn't load driver 'libhfi1verbs-rdmav34.so': libhfi1verbs-rdmav34.so: cannot open shared object file: No such file or directory
libibverbs: Warning: couldn't load driver 'libhfi1verbs-rdmav34.so': libhfi1verbs-rdmav34.so: cannot open shared object file: No such file or directory
libibverbs: Warning: couldn't load driver 'libhfi1verbs-rdmav34.so': libhfi1verbs-rdmav34.so: cannot open shared object file: No such file or directory
libibverbs: Warning: couldn't load driver 'libhfi1verbs-rdmav34.so': libhfi1verbs-rdmav34.so: cannot open shared object file: No such file or directory
libibverbs: Warning: couldn't load driver 'libhfi1verbs-rdmav34.so': libhfi1verbs-rdmav34.so: cannot open shared object file: No such file or directory
libibverbs: Warning: couldn't load driver 'libhfi1verbs-rdmav34.so': libhfi1verbs-rdmav34.so: cannot open shared object file: No such file or directory
libibverbs: Warning: couldn't load driver 'libhfi1verbs-rdmav34.so': libhfi1verbs-rdmav34.so: cannot open shared object file: No such file or directory
libibverbs: Warning: couldn't load driver 'libhfi1verbs-rdmav34.so': libhfi1verbs-rdmav34.so: cannot open shared object file: No such file or directory
libibverbs: Warning: couldn't load driver 'libhfi1verbs-rdmav34.so': libhfi1verbs-rdmav34.so: cannot open shared object file: No such file or directory
libibverbs: Warning: couldn't load driver 'libhfi1verbs-rdmav34.so': libhfi1verbs-rdmav34.so: cannot open shared object file: No such file or directory
libibverbs: Warning: couldn't load driver 'libhfi1verbs-rdmav34.so': libhfi1verbs-rdmav34.so: cannot open shared object file: No such file or directory
libibverbs: Warning: couldn't load driver 'libhfi1verbs-rdmav34.so': libhfi1verbs-rdmav34.so: cannot open shared object file: No such file or directory
libibverbs: Warning: couldn't load driver 'libhfi1verbs-rdmav34.so': libhfi1verbs-rdmav34.so: cannot open shared object file: No such file or directory
libibverbs: Warning: couldn't load driver 'libhfi1verbs-rdmav34.so': libhfi1verbs-rdmav34.so: cannot open shared object file: No such file or directory
libibverbs: Warning: couldn't load driver 'libhfi1verbs-rdmav34.so': libhfi1verbs-rdmav34.so: cannot open shared object file: No such file or directory
libibverbs: Warning: couldn't load driver 'libhfi1verbs-rdmav34.so': libhfi1verbs-rdmav34.so: cannot open shared object file: No such file or directory
libibverbs: Warning: couldn't load driver 'libhfi1verbs-rdmav34.so': libhfi1verbs-rdmav34.so: cannot open shared object file: No such file or directory
libibverbs: Warning: couldn't load driver 'libhfi1verbs-rdmav34.so': libhfi1verbs-rdmav34.so: cannot open shared object file: No such file or directory
libibverbs: Warning: couldn't load driver 'libvmw_pvrdma-rdmav34.so': libvmw_pvrdma-rdmav34.so: cannot open shared object file: No such file or directory
libibverbs: Warning: couldn't load driver 'libocrdma-rdmav34.so': libocrdma-rdmav34.so: cannot open shared object file: No such file or directory
libibverbs: Warning: couldn't load driver 'libocrdma-rdmav34.so': libocrdma-rdmav34.so: cannot open shared object file: No such file or directory
libibverbs: Warning: couldn't load driver 'libipathverbs-rdmav34.so': libipathverbs-rdmav34.so: cannot open shared object file: No such file or directory
libibverbs: Warning: couldn't load driver 'libhfi1verbs-rdmav34.so': libhfi1verbs-rdmav34.so: cannot open shared object file: No such file or directory
libibverbs: Warning: couldn't load driver 'liberdma-rdmav34.so': liberdma-rdmav34.so: cannot open shared object file: No such file or directory
libibverbs: Warning: couldn't load driver 'libvmw_pvrdma-rdmav34.so': libvmw_pvrdma-rdmav34.so: cannot open shared object file: No such file or directory
libibverbs: Warning: couldn't load driver 'libhfi1verbs-rdmav34.so': libhfi1verbs-rdmav34.so: cannot open shared object file: No such file or directory
libibverbs: Warning: couldn't load driver 'libhfi1verbs-rdmav34.so': libhfi1verbs-rdmav34.so: cannot open shared object file: No such file or directory
libibverbs: Warning: couldn't load driver 'libvmw_pvrdma-rdmav34.so': libvmw_pvrdma-rdmav34.so: cannot open shared object file: No such file or directory
libibverbs: Warning: couldn't load driver 'libirdma-rdmav34.so': libirdma-rdmav34.so: cannot open shared object file: No such file or directory
libibverbs: Warning: couldn't load driver 'libocrdma-rdmav34.so': libocrdma-rdmav34.so: cannot open shared object file: No such file or directory
libibverbs: Warning: couldn't load driver 'libipathverbs-rdmav34.so': libipathverbs-rdmav34.so: cannot open shared object file: No such file or directory
libibverbs: Warning: couldn't load driver 'libefa-rdmav34.so': libefa-rdmav34.so: cannot open shared object file: No such file or directory
libibverbs: Warning: couldn't load driver 'libcxgb4-rdmav34.so': libcxgb4-rdmav34.so: cannot open shared object file: No such file or directory
libibverbs: Warning: couldn't load driver 'libqedr-rdmav34.so': libqedr-rdmav34.so: cannot open shared object file: No such file or directory
libibverbs: Warning: couldn't load driver 'libhfi1verbs-rdmav34.so': libhfi1verbs-rdmav34.so: cannot open shared object file: No such file or directory
libibverbs: Warning: couldn't load driver 'libqedr-rdmav34.so': libqedr-rdmav34.so: cannot open shared object file: No such file or directory
libibverbs: Warning: couldn't load driver 'libhfi1verbs-rdmav34.so': libhfi1verbs-rdmav34.so: cannot open shared object file: No such file or directory
libibverbs: Warning: couldn't load driver 'libhfi1verbs-rdmav34.so': libhfi1verbs-rdmav34.so: cannot open shared object file: No such file or directory
libibverbs: Warning: couldn't load driver 'libhfi1verbs-rdmav34.so': libhfi1verbs-rdmav34.so: cannot open shared object file: No such file or directory
libibverbs: Warning: couldn't load driver 'libqedr-rdmav34.so': libqedr-rdmav34.so: cannot open shared object file: No such file or directory
libibverbs: Warning: couldn't load driver 'libipathverbs-rdmav34.so': libipathverbs-rdmav34.so: cannot open shared object file: No such file or directory
libibverbs: Warning: couldn't load driver 'libirdma-rdmav34.so': libirdma-rdmav34.so: cannot open shared object file: No such file or directory
libibverbs: Warning: couldn't load driver 'libirdma-rdmav34.so': libirdma-rdmav34.so: cannot open shared object file: No such file or directory
libibverbs: Warning: couldn't load driver 'libirdma-rdmav34.so': libirdma-rdmav34.so: cannot open shared object file: No such file or directory
libibverbs: Warning: couldn't load driver 'libefa-rdmav34.so': libefa-rdmav34.so: cannot open shared object file: No such file or directory
libibverbs: Warning: couldn't load driver 'libhfi1verbs-rdmav34.so': libhfi1verbs-rdmav34.so: cannot open shared object file: No such file or directory
libibverbs: Warning: couldn't load driver 'libirdma-rdmav34.so': libirdma-rdmav34.so: cannot open shared object file: No such file or directory
libibverbs: Warning: couldn't load driver 'libcxgb4-rdmav34.so': libcxgb4-rdmav34.so: cannot open shared object file: No such file or directory
libibverbs: Warning: couldn't load driver 'libhns-rdmav34.so': libhns-rdmav34.so: cannot open shared object file: No such file or directory
libibverbs: Warning: couldn't load driver 'libhfi1verbs-rdmav34.so': libhfi1verbs-rdmav34.so: cannot open shared object file: No such file or directory
libibverbs: Warning: couldn't load driver 'libefa-rdmav34.so': libefa-rdmav34.so: cannot open shared object file: No such file or directory
libibverbs: Warning: couldn't load driver 'libhfi1verbs-rdmav34.so': libhfi1verbs-rdmav34.so: cannot open shared object file: No such file or directory
libibverbs: Warning: couldn't load driver 'libefa-rdmav34.so': libefa-rdmav34.so: cannot open shared object file: No such file or directory
libibverbs: Warning: couldn't load driver 'libocrdma-rdmav34.so': libocrdma-rdmav34.so: cannot open shared object file: No such file or directory
libibverbs: Warning: couldn't load driver 'libirdma-rdmav34.so': libirdma-rdmav34.so: cannot open shared object file: No such file or directory
libibverbs: Warning: couldn't load driver 'libhfi1verbs-rdmav34.so': libhfi1verbs-rdmav34.so: cannot open shared object file: No such file or directory
libibverbs: Warning: couldn't load driver 'liberdma-rdmav34.so': liberdma-rdmav34.so: cannot open shared object file: No such file or directory
libibverbs: Warning: couldn't load driver 'libocrdma-rdmav34.so': libocrdma-rdmav34.so: cannot open shared object file: No such file or directory
libibverbs: Warning: couldn't load driver 'libocrdma-rdmav34.so': libocrdma-rdmav34.so: cannot open shared object file: No such file or directory
libibverbs: Warning: couldn't load driver 'libocrdma-rdmav34.so': libocrdma-rdmav34.so: cannot open shared object file: No such file or directory
libibverbs: Warning: couldn't load driver 'libocrdma-rdmav34.so': libocrdma-rdmav34.so: cannot open shared object file: No such file or directory
libibverbs: Warning: couldn't load driver 'libmlx4-rdmav34.so': libmlx4-rdmav34.so: cannot open shared object file: No such file or directory
libibverbs: Warning: couldn't load driver 'libmlx4-rdmav34.so': libmlx4-rdmav34.so: cannot open shared object file: No such file or directory
libibverbs: Warning: couldn't load driver 'libmlx4-rdmav34.so': libmlx4-rdmav34.so: cannot open shared object file: No such file or directory
libibverbs: Warning: couldn't load driver 'libmlx4-rdmav34.so': libmlx4-rdmav34.so: cannot open shared object file: No such file or directory
libibverbs: Warning: couldn't load driver 'libmlx4-rdmav34.so': libmlx4-rdmav34.so: cannot open shared object file: No such file or directory
libibverbs: Warning: couldn't load driver 'libmlx4-rdmav34.so': libmlx4-rdmav34.so: cannot open shared object file: No such file or directory
libibverbs: Warning: couldn't load driver 'libmlx4-rdmav34.so': libmlx4-rdmav34.so: cannot open shared object file: No such file or directory
libibverbs: Warning: couldn't load driver 'libmlx4-rdmav34.so': libmlx4-rdmav34.so: cannot open shared object file: No such file or directory
libibverbs: Warning: couldn't load driver 'libmlx4-rdmav34.so': libmlx4-rdmav34.so: cannot open shared object file: No such file or directory
libibverbs: Warning: couldn't load driver 'libmlx4-rdmav34.so': libmlx4-rdmav34.so: cannot open shared object file: No such file or directory
libibverbs: Warning: couldn't load driver 'libmlx4-rdmav34.so': libmlx4-rdmav34.so: cannot open shared object file: No such file or directory
libibverbs: Warning: couldn't load driver 'libmlx4-rdmav34.so': libmlx4-rdmav34.so: cannot open shared object file: No such file or directory
libibverbs: Warning: couldn't load driver 'libmlx4-rdmav34.so': libmlx4-rdmav34.so: cannot open shared object file: No such file or directory
libibverbs: Warning: couldn't load driver 'libmlx4-rdmav34.so': libmlx4-rdmav34.so: cannot open shared object file: No such file or directory
libibverbs: Warning: couldn't load driver 'libmlx4-rdmav34.so': libmlx4-rdmav34.so: cannot open shared object file: No such file or directory
libibverbs: Warning: couldn't load driver 'libmlx4-rdmav34.so': libmlx4-rdmav34.so: cannot open shared object file: No such file or directory
libibverbs: Warning: couldn't load driver 'libmlx4-rdmav34.so': libmlx4-rdmav34.so: cannot open shared object file: No such file or directory
libibverbs: Warning: couldn't load driver 'libmlx4-rdmav34.so': libmlx4-rdmav34.so: cannot open shared object file: No such file or directory
libibverbs: Warning: couldn't load driver 'libcxgb4-rdmav34.so': libcxgb4-rdmav34.so: cannot open shared object file: No such file or directory
libibverbs: Warning: couldn't load driver 'libocrdma-rdmav34.so': libocrdma-rdmav34.so: cannot open shared object file: No such file or directory
libibverbs: Warning: couldn't load driver 'libmlx4-rdmav34.so': libmlx4-rdmav34.so: cannot open shared object file: No such file or directory
libibverbs: Warning: couldn't load driver 'libmlx4-rdmav34.so': libmlx4-rdmav34.so: cannot open shared object file: No such file or directory
libibverbs: Warning: couldn't load driver 'libmlx4-rdmav34.so': libmlx4-rdmav34.so: cannot open shared object file: No such file or directory
libibverbs: Warning: couldn't load driver 'libmlx4-rdmav34.so': libmlx4-rdmav34.so: cannot open shared object file: No such file or directory
libibverbs: Warning: couldn't load driver 'libmlx4-rdmav34.so': libmlx4-rdmav34.so: cannot open shared object file: No such file or directory
libibverbs: Warning: couldn't load driver 'libmlx4-rdmav34.so': libmlx4-rdmav34.so: cannot open shared object file: No such file or directory
libibverbs: Warning: couldn't load driver 'libmlx4-rdmav34.so': libmlx4-rdmav34.so: cannot open shared object file: No such file or directory
libibverbs: Warning: couldn't load driver 'libmlx4-rdmav34.so': libmlx4-rdmav34.so: cannot open shared object file: No such file or directory
libibverbs: Warning: couldn't load driver 'libmlx4-rdmav34.so': libmlx4-rdmav34.so: cannot open shared object file: No such file or directory
libibverbs: Warning: couldn't load driver 'libcxgb4-rdmav34.so': libcxgb4-rdmav34.so: cannot open shared object file: No such file or directory
libibverbs: Warning: couldn't load driver 'libmlx4-rdmav34.so': libmlx4-rdmav34.so: cannot open shared object file: No such file or directory
libibverbs: Warning: couldn't load driver 'libipathverbs-rdmav34.so': libipathverbs-rdmav34.so: cannot open shared object file: No such file or directory
libibverbs: Warning: couldn't load driver 'libipathverbs-rdmav34.so': libipathverbs-rdmav34.so: cannot open shared object file: No such file or directory
libibverbs: Warning: couldn't load driver 'libcxgb4-rdmav34.so': libcxgb4-rdmav34.so: cannot open shared object file: No such file or directory
libibverbs: Warning: couldn't load driver 'libmlx4-rdmav34.so': libmlx4-rdmav34.so: cannot open shared object file: No such file or directory
libibverbs: Warning: couldn't load driver 'libipathverbs-rdmav34.so': libipathverbs-rdmav34.so: cannot open shared object file: No such file or directory
libibverbs: Warning: couldn't load driver 'libmlx4-rdmav34.so': libmlx4-rdmav34.so: cannot open shared object file: No such file or directory
libibverbs: Warning: couldn't load driver 'libipathverbs-rdmav34.so': libipathverbs-rdmav34.so: cannot open shared object file: No such file or directory
libibverbs: Warning: couldn't load driver 'libipathverbs-rdmav34.so': libipathverbs-rdmav34.so: cannot open shared object file: No such file or directory
libibverbs: Warning: couldn't load driver 'libqedr-rdmav34.so': libqedr-rdmav34.so: cannot open shared object file: No such file or directory
libibverbs: Warning: couldn't load driver 'libmlx4-rdmav34.so': libmlx4-rdmav34.so: cannot open shared object file: No such file or directory
libibverbs: Warning: couldn't load driver 'libvmw_pvrdma-rdmav34.so': libvmw_pvrdma-rdmav34.so: cannot open shared object file: No such file or directory
libibverbs: Warning: couldn't load driver 'libmlx4-rdmav34.so': libmlx4-rdmav34.so: cannot open shared object file: No such file or directory
libibverbs: Warning: couldn't load driver 'libhns-rdmav34.so': libhns-rdmav34.so: cannot open shared object file: No such file or directory
libibverbs: Warning: couldn't load driver 'libqedr-rdmav34.so': libqedr-rdmav34.so: cannot open shared object file: No such file or directory
libibverbs: Warning: couldn't load driver 'libhns-rdmav34.so': libhns-rdmav34.so: cannot open shared object file: No such file or directory
libibverbs: Warning: couldn't load driver 'libirdma-rdmav34.so': libirdma-rdmav34.so: cannot open shared object file: No such file or directory
libibverbs: Warning: couldn't load driver 'libhns-rdmav34.so': libhns-rdmav34.so: cannot open shared object file: No such file or directory
libibverbs: Warning: couldn't load driver 'libqedr-rdmav34.so': libqedr-rdmav34.so: cannot open shared object file: No such file or directory
libibverbs: Warning: couldn't load driver 'libhfi1verbs-rdmav34.so': libhfi1verbs-rdmav34.so: cannot open shared object file: No such file or directory
libibverbs: Warning: couldn't load driver 'libipathverbs-rdmav34.so': libipathverbs-rdmav34.so: cannot open shared object file: No such file or directory
libibverbs: Warning: couldn't load driver 'libqedr-rdmav34.so': libqedr-rdmav34.so: cannot open shared object file: No such file or directory
libibverbs: Warning: couldn't load driver 'liberdma-rdmav34.so': liberdma-rdmav34.so: cannot open shared object file: No such file or directory
libibverbs: Warning: couldn't load driver 'libefa-rdmav34.so': libefa-rdmav34.so: cannot open shared object file: No such file or directory
libibverbs: Warning: couldn't load driver 'libhfi1verbs-rdmav34.so': libhfi1verbs-rdmav34.so: cannot open shared object file: No such file or directory
libibverbs: Warning: couldn't load driver 'libhfi1verbs-rdmav34.so': libhfi1verbs-rdmav34.so: cannot open shared object file: No such file or directory
libibverbs: Warning: couldn't load driver 'liberdma-rdmav34.so': liberdma-rdmav34.so: cannot open shared object file: No such file or directory
libibverbs: Warning: couldn't load driver 'libocrdma-rdmav34.so': libocrdma-rdmav34.so: cannot open shared object file: No such file or directory
libibverbs: Warning: couldn't load driver 'libhfi1verbs-rdmav34.so': libhfi1verbs-rdmav34.so: cannot open shared object file: No such file or directory
libibverbs: Warning: couldn't load driver 'liberdma-rdmav34.so': liberdma-rdmav34.so: cannot open shared object file: No such file or directory
libibverbs: Warning: couldn't load driver 'libvmw_pvrdma-rdmav34.so': libvmw_pvrdma-rdmav34.so: cannot open shared object file: No such file or directory
libibverbs: Warning: couldn't load driver 'libmlx4-rdmav34.so': libmlx4-rdmav34.so: cannot open shared object file: No such file or directory
libibverbs: Warning: couldn't load driver 'libcxgb4-rdmav34.so': libcxgb4-rdmav34.so: cannot open shared object file: No such file or directory
libibverbs: Warning: couldn't load driver 'libmlx4-rdmav34.so': libmlx4-rdmav34.so: cannot open shared object file: No such file or directory
libibverbs: Warning: couldn't load driver 'libmlx4-rdmav34.so': libmlx4-rdmav34.so: cannot open shared object file: No such file or directory
libibverbs: Warning: couldn't load driver 'libvmw_pvrdma-rdmav34.so': libvmw_pvrdma-rdmav34.so: cannot open shared object file: No such file or directory
libibverbs: Warning: couldn't load driver 'libipathverbs-rdmav34.so': libipathverbs-rdmav34.so: cannot open shared object file: No such file or directory
libibverbs: Warning: couldn't load driver 'libvmw_pvrdma-rdmav34.so': libvmw_pvrdma-rdmav34.so: cannot open shared object file: No such file or directory
libibverbs: Warning: couldn't load driver 'librxe-rdmav34.so': librxe-rdmav34.so: cannot open shared object file: No such file or directory
libibverbs: Warning: couldn't load driver 'librxe-rdmav34.so': librxe-rdmav34.so: cannot open shared object file: No such file or directory
libibverbs: Warning: couldn't load driver 'librxe-rdmav34.so': librxe-rdmav34.so: cannot open shared object file: No such file or directory
libibverbs: Warning: couldn't load driver 'librxe-rdmav34.so': librxe-rdmav34.so: cannot open shared object file: No such file or directory
libibverbs: Warning: couldn't load driver 'librxe-rdmav34.so': librxe-rdmav34.so: cannot open shared object file: No such file or directory
libibverbs: Warning: couldn't load driver 'librxe-rdmav34.so': librxe-rdmav34.so: cannot open shared object file: No such file or directory
libibverbs: Warning: couldn't load driver 'librxe-rdmav34.so': librxe-rdmav34.so: cannot open shared object file: No such file or directory
libibverbs: Warning: couldn't load driver 'librxe-rdmav34.so': librxe-rdmav34.so: cannot open shared object file: No such file or directory
libibverbs: Warning: couldn't load driver 'librxe-rdmav34.so': librxe-rdmav34.so: cannot open shared object file: No such file or directory
libibverbs: Warning: couldn't load driver 'librxe-rdmav34.so': librxe-rdmav34.so: cannot open shared object file: No such file or directory
libibverbs: Warning: couldn't load driver 'librxe-rdmav34.so': librxe-rdmav34.so: cannot open shared object file: No such file or directory
libibverbs: Warning: couldn't load driver 'librxe-rdmav34.so': librxe-rdmav34.so: cannot open shared object file: No such file or directory
libibverbs: Warning: couldn't load driver 'librxe-rdmav34.so': librxe-rdmav34.so: cannot open shared object file: No such file or directory
libibverbs: Warning: couldn't load driver 'librxe-rdmav34.so': librxe-rdmav34.so: cannot open shared object file: No such file or directory
libibverbs: Warning: couldn't load driver 'librxe-rdmav34.so': librxe-rdmav34.so: cannot open shared object file: No such file or directory
libibverbs: Warning: couldn't load driver 'librxe-rdmav34.so': librxe-rdmav34.so: cannot open shared object file: No such file or directory
libibverbs: Warning: couldn't load driver 'libmlx4-rdmav34.so': libmlx4-rdmav34.so: cannot open shared object file: No such file or directory
libibverbs: Warning: couldn't load driver 'librxe-rdmav34.so': librxe-rdmav34.so: cannot open shared object file: No such file or directory
libibverbs: Warning: couldn't load driver 'librxe-rdmav34.so': librxe-rdmav34.so: cannot open shared object file: No such file or directory
libibverbs: Warning: couldn't load driver 'libefa-rdmav34.so': libefa-rdmav34.so: cannot open shared object file: No such file or directory
libibverbs: Warning: couldn't load driver 'librxe-rdmav34.so': librxe-rdmav34.so: cannot open shared object file: No such file or directory
libibverbs: Warning: couldn't load driver 'librxe-rdmav34.so': librxe-rdmav34.so: cannot open shared object file: No such file or directory
libibverbs: Warning: couldn't load driver 'librxe-rdmav34.so': librxe-rdmav34.so: cannot open shared object file: No such file or directory
libibverbs: Warning: couldn't load driver 'librxe-rdmav34.so': librxe-rdmav34.so: cannot open shared object file: No such file or directory
libibverbs: Warning: couldn't load driver 'librxe-rdmav34.so': librxe-rdmav34.so: cannot open shared object file: No such file or directory
libibverbs: Warning: couldn't load driver 'librxe-rdmav34.so': librxe-rdmav34.so: cannot open shared object file: No such file or directory
libibverbs: Warning: couldn't load driver 'libefa-rdmav34.so': libefa-rdmav34.so: cannot open shared object file: No such file or directory
libibverbs: Warning: couldn't load driver 'librxe-rdmav34.so': librxe-rdmav34.so: cannot open shared object file: No such file or directory
libibverbs: Warning: couldn't load driver 'librxe-rdmav34.so': librxe-rdmav34.so: cannot open shared object file: No such file or directory
libibverbs: Warning: couldn't load driver 'libqedr-rdmav34.so': libqedr-rdmav34.so: cannot open shared object file: No such file or directory
libibverbs: Warning: couldn't load driver 'libhfi1verbs-rdmav34.so': libhfi1verbs-rdmav34.so: cannot open shared object file: No such file or directory
libibverbs: Warning: couldn't load driver 'librxe-rdmav34.so': librxe-rdmav34.so: cannot open shared object file: No such file or directory
libibverbs: Warning: couldn't load driver 'librxe-rdmav34.so': librxe-rdmav34.so: cannot open shared object file: No such file or directory
libibverbs: Warning: couldn't load driver 'librxe-rdmav34.so': librxe-rdmav34.so: cannot open shared object file: No such file or directory
libibverbs: Warning: couldn't load driver 'librxe-rdmav34.so': librxe-rdmav34.so: cannot open shared object file: No such file or directory
libibverbs: Warning: couldn't load driver 'librxe-rdmav34.so': librxe-rdmav34.so: cannot open shared object file: No such file or directory
libibverbs: Warning: couldn't load driver 'librxe-rdmav34.so': librxe-rdmav34.so: cannot open shared object file: No such file or directory
libibverbs: Warning: couldn't load driver 'librxe-rdmav34.so': librxe-rdmav34.so: cannot open shared object file: No such file or directory
libibverbs: Warning: couldn't load driver 'librxe-rdmav34.so': librxe-rdmav34.so: cannot open shared object file: No such file or directory
libibverbs: Warning: couldn't load driver 'librxe-rdmav34.so': librxe-rdmav34.so: cannot open shared object file: No such file or directory
libibverbs: Warning: couldn't load driver 'librxe-rdmav34.so': librxe-rdmav34.so: cannot open shared object file: No such file or directory
libibverbs: Warning: couldn't load driver 'libefa-rdmav34.so': libefa-rdmav34.so: cannot open shared object file: No such file or directory
libibverbs: Warning: couldn't load driver 'libhns-rdmav34.so': libhns-rdmav34.so: cannot open shared object file: No such file or directory
libibverbs: Warning: couldn't load driver 'libcxgb4-rdmav34.so': libcxgb4-rdmav34.so: cannot open shared object file: No such file or directory
libibverbs: Warning: couldn't load driver 'libhns-rdmav34.so': libhns-rdmav34.so: cannot open shared object file: No such file or directory
libibverbs: Warning: couldn't load driver 'libhns-rdmav34.so': libhns-rdmav34.so: cannot open shared object file: No such file or directory
libibverbs: Warning: couldn't load driver 'liberdma-rdmav34.so': liberdma-rdmav34.so: cannot open shared object file: No such file or directory
libibverbs: Warning: couldn't load driver 'libhns-rdmav34.so': libhns-rdmav34.so: cannot open shared object file: No such file or directory
libibverbs: Warning: couldn't load driver 'libcxgb4-rdmav34.so': libcxgb4-rdmav34.so: cannot open shared object file: No such file or directory
libibverbs: Warning: couldn't load driver 'libhns-rdmav34.so': libhns-rdmav34.so: cannot open shared object file: No such file or directory
libibverbs: Warning: couldn't load driver 'libhns-rdmav34.so': libhns-rdmav34.so: cannot open shared object file: No such file or directory
libibverbs: Warning: couldn't load driver 'liberdma-rdmav34.so': liberdma-rdmav34.so: cannot open shared object file: No such file or directory
libibverbs: Warning: couldn't load driver 'libcxgb4-rdmav34.so': libcxgb4-rdmav34.so: cannot open shared object file: No such file or directory
libibverbs: Warning: couldn't load driver 'liberdma-rdmav34.so': liberdma-rdmav34.so: cannot open shared object file: No such file or directory
libibverbs: Warning: couldn't load driver 'libqedr-rdmav34.so': libqedr-rdmav34.so: cannot open shared object file: No such file or directory
libibverbs: Warning: couldn't load driver 'liberdma-rdmav34.so': liberdma-rdmav34.so: cannot open shared object file: No such file or directory
libibverbs: Warning: couldn't load driver 'liberdma-rdmav34.so': liberdma-rdmav34.so: cannot open shared object file: No such file or directory
libibverbs: Warning: couldn't load driver 'libqedr-rdmav34.so': libqedr-rdmav34.so: cannot open shared object file: No such file or directory
libibverbs: Warning: couldn't load driver 'liberdma-rdmav34.so': liberdma-rdmav34.so: cannot open shared object file: No such file or directory
libibverbs: Warning: couldn't load driver 'libmlx4-rdmav34.so': libmlx4-rdmav34.so: cannot open shared object file: No such file or directory
libibverbs: Warning: couldn't load driver 'libhns-rdmav34.so': libhns-rdmav34.so: cannot open shared object file: No such file or directory
libibverbs: Warning: couldn't load driver 'libqedr-rdmav34.so': libqedr-rdmav34.so: cannot open shared object file: No such file or directory
libibverbs: Warning: couldn't load driver 'libvmw_pvrdma-rdmav34.so': libvmw_pvrdma-rdmav34.so: cannot open shared object file: No such file or directory
libibverbs: Warning: couldn't load driver 'libvmw_pvrdma-rdmav34.so': libvmw_pvrdma-rdmav34.so: cannot open shared object file: No such file or directory
libibverbs: Warning: couldn't load driver 'libvmw_pvrdma-rdmav34.so': libvmw_pvrdma-rdmav34.so: cannot open shared object file: No such file or directory
libibverbs: Warning: couldn't load driver 'libhfi1verbs-rdmav34.so': libhfi1verbs-rdmav34.so: cannot open shared object file: No such file or directory
libibverbs: Warning: couldn't load driver 'libvmw_pvrdma-rdmav34.so': libvmw_pvrdma-rdmav34.so: cannot open shared object file: No such file or directory
libibverbs: Warning: couldn't load driver 'libvmw_pvrdma-rdmav34.so': libvmw_pvrdma-rdmav34.so: cannot open shared object file: No such file or directory
libibverbs: Warning: couldn't load driver 'libhfi1verbs-rdmav34.so': libhfi1verbs-rdmav34.so: cannot open shared object file: No such file or directory
libibverbs: Warning: couldn't load driver 'libvmw_pvrdma-rdmav34.so': libvmw_pvrdma-rdmav34.so: cannot open shared object file: No such file or directory
libibverbs: Warning: couldn't load driver 'librxe-rdmav34.so': librxe-rdmav34.so: cannot open shared object file: No such file or directory
libibverbs: Warning: couldn't load driver 'liberdma-rdmav34.so': liberdma-rdmav34.so: cannot open shared object file: No such file or directory
libibverbs: Warning: couldn't load driver 'libbnxt_re-rdmav34.so': libbnxt_re-rdmav34.so: cannot open shared object file: No such file or directory
libibverbs: Warning: couldn't load driver 'libbnxt_re-rdmav34.so': libbnxt_re-rdmav34.so: cannot open shared object file: No such file or directory
libibverbs: Warning: couldn't load driver 'libbnxt_re-rdmav34.so': libbnxt_re-rdmav34.so: cannot open shared object file: No such file or directory
libibverbs: Warning: couldn't load driver 'libbnxt_re-rdmav34.so': libbnxt_re-rdmav34.so: cannot open shared object file: No such file or directory
libibverbs: Warning: couldn't load driver 'libbnxt_re-rdmav34.so': libbnxt_re-rdmav34.so: cannot open shared object file: No such file or directory
libibverbs: Warning: couldn't load driver 'libbnxt_re-rdmav34.so': libbnxt_re-rdmav34.so: cannot open shared object file: No such file or directory
libibverbs: Warning: couldn't load driver 'libhfi1verbs-rdmav34.so': libhfi1verbs-rdmav34.so: cannot open shared object file: No such file or directory
libibverbs: Warning: couldn't load driver 'libbnxt_re-rdmav34.so': libbnxt_re-rdmav34.so: cannot open shared object file: No such file or directory
libibverbs: Warning: couldn't load driver 'libbnxt_re-rdmav34.so': libbnxt_re-rdmav34.so: cannot open shared object file: No such file or directory
libibverbs: Warning: couldn't load driver 'libbnxt_re-rdmav34.so': libbnxt_re-rdmav34.so: cannot open shared object file: No such file or directory
libibverbs: Warning: couldn't load driver 'libbnxt_re-rdmav34.so': libbnxt_re-rdmav34.so: cannot open shared object file: No such file or directory
libibverbs: Warning: couldn't load driver 'libbnxt_re-rdmav34.so': libbnxt_re-rdmav34.so: cannot open shared object file: No such file or directory
libibverbs: Warning: couldn't load driver 'libefa-rdmav34.so': libefa-rdmav34.so: cannot open shared object file: No such file or directory
libibverbs: Warning: couldn't load driver 'libcxgb4-rdmav34.so': libcxgb4-rdmav34.so: cannot open shared object file: No such file or directory
libibverbs: Warning: couldn't load driver 'libbnxt_re-rdmav34.so': libbnxt_re-rdmav34.so: cannot open shared object file: No such file or directory
libibverbs: Warning: couldn't load driver 'libbnxt_re-rdmav34.so': libbnxt_re-rdmav34.so: cannot open shared object file: No such file or directory
libibverbs: Warning: couldn't load driver 'libbnxt_re-rdmav34.so': libbnxt_re-rdmav34.so: cannot open shared object file: No such file or directory
libibverbs: Warning: couldn't load driver 'libbnxt_re-rdmav34.so': libbnxt_re-rdmav34.so: cannot open shared object file: No such file or directory
libibverbs: Warning: couldn't load driver 'libbnxt_re-rdmav34.so': libbnxt_re-rdmav34.so: cannot open shared object file: No such file or directory
libibverbs: Warning: couldn't load driver 'libbnxt_re-rdmav34.so': libbnxt_re-rdmav34.so: cannot open shared object file: No such file or directory
libibverbs: Warning: couldn't load driver 'libbnxt_re-rdmav34.so': libbnxt_re-rdmav34.so: cannot open shared object file: No such file or directory
libibverbs: Warning: couldn't load driver 'libbnxt_re-rdmav34.so': libbnxt_re-rdmav34.so: cannot open shared object file: No such file or directory
libibverbs: Warning: couldn't load driver 'libbnxt_re-rdmav34.so': libbnxt_re-rdmav34.so: cannot open shared object file: No such file or directory
libibverbs: Warning: couldn't load driver 'libmthca-rdmav34.so': libmthca-rdmav34.so: cannot open shared object file: No such file or directory
libibverbs: Warning: couldn't load driver 'libbnxt_re-rdmav34.so': libbnxt_re-rdmav34.so: cannot open shared object file: No such file or directory
libibverbs: Warning: couldn't load driver 'libbnxt_re-rdmav34.so': libbnxt_re-rdmav34.so: cannot open shared object file: No such file or directory
libibverbs: Warning: couldn't load driver 'libmthca-rdmav34.so': libmthca-rdmav34.so: cannot open shared object file: No such file or directory
libibverbs: Warning: couldn't load driver 'libbnxt_re-rdmav34.so': libbnxt_re-rdmav34.so: cannot open shared object file: No such file or directory
libibverbs: Warning: couldn't load driver 'libbnxt_re-rdmav34.so': libbnxt_re-rdmav34.so: cannot open shared object file: No such file or directory
libibverbs: Warning: couldn't load driver 'libbnxt_re-rdmav34.so': libbnxt_re-rdmav34.so: cannot open shared object file: No such file or directory
libibverbs: Warning: couldn't load driver 'libmthca-rdmav34.so': libmthca-rdmav34.so: cannot open shared object file: No such file or directory
libibverbs: Warning: couldn't load driver 'libbnxt_re-rdmav34.so': libbnxt_re-rdmav34.so: cannot open shared object file: No such file or directory
libibverbs: Warning: couldn't load driver 'libmthca-rdmav34.so': libmthca-rdmav34.so: cannot open shared object file: No such file or directory
libibverbs: Warning: couldn't load driver 'libbnxt_re-rdmav34.so': libbnxt_re-rdmav34.so: cannot open shared object file: No such file or directory
libibverbs: Warning: couldn't load driver 'libmthca-rdmav34.so': libmthca-rdmav34.so: cannot open shared object file: No such file or directory
libibverbs: Warning: couldn't load driver 'libbnxt_re-rdmav34.so': libbnxt_re-rdmav34.so: cannot open shared object file: No such file or directory
libibverbs: Warning: couldn't load driver 'libmthca-rdmav34.so': libmthca-rdmav34.so: cannot open shared object file: No such file or directory
libibverbs: Warning: couldn't load driver 'libbnxt_re-rdmav34.so': libbnxt_re-rdmav34.so: cannot open shared object file: No such file or directory
libibverbs: Warning: couldn't load driver 'libmthca-rdmav34.so': libmthca-rdmav34.so: cannot open shared object file: No such file or directory
libibverbs: Warning: couldn't load driver 'libmlx4-rdmav34.so': libmlx4-rdmav34.so: cannot open shared object file: No such file or directory
libibverbs: Warning: couldn't load driver 'librxe-rdmav34.so': librxe-rdmav34.so: cannot open shared object file: No such file or directory
libibverbs: Warning: couldn't load driver 'libefa-rdmav34.so': libefa-rdmav34.so: cannot open shared object file: No such file or directory
libibverbs: Warning: couldn't load driver 'libcxgb4-rdmav34.so': libcxgb4-rdmav34.so: cannot open shared object file: No such file or directory
libibverbs: Warning: couldn't load driver 'libqedr-rdmav34.so': libqedr-rdmav34.so: cannot open shared object file: No such file or directory
libibverbs: Warning: couldn't load driver 'libhfi1verbs-rdmav34.so': libhfi1verbs-rdmav34.so: cannot open shared object file: No such file or directory
libibverbs: Warning: couldn't load driver 'libmlx4-rdmav34.so': libmlx4-rdmav34.so: cannot open shared object file: No such file or directory
libibverbs: Warning: couldn't load driver 'librxe-rdmav34.so': librxe-rdmav34.so: cannot open shared object file: No such file or directory
libibverbs: Warning: couldn't load driver 'libbnxt_re-rdmav34.so': libbnxt_re-rdmav34.so: cannot open shared object file: No such file or directory
libibverbs: Warning: couldn't load driver 'libbnxt_re-rdmav34.so': libbnxt_re-rdmav34.so: cannot open shared object file: No such file or directory
libibverbs: Warning: couldn't load driver 'libmthca-rdmav34.so': libmthca-rdmav34.so: cannot open shared object file: No such file or directory
libibverbs: Warning: couldn't load driver 'libefa-rdmav34.so': libefa-rdmav34.so: cannot open shared object file: No such file or directory
libibverbs: Warning: couldn't load driver 'libcxgb4-rdmav34.so': libcxgb4-rdmav34.so: cannot open shared object file: No such file or directory
libibverbs: Warning: couldn't load driver 'libqedr-rdmav34.so': libqedr-rdmav34.so: cannot open shared object file: No such file or directory
libibverbs: Warning: couldn't load driver 'libbnxt_re-rdmav34.so': libbnxt_re-rdmav34.so: cannot open shared object file: No such file or directory
libibverbs: Warning: couldn't load driver 'libmthca-rdmav34.so': libmthca-rdmav34.so: cannot open shared object file: No such file or directory
libibverbs: Warning: couldn't load driver 'libefa-rdmav34.so': libefa-rdmav34.so: cannot open shared object file: No such file or directory
libibverbs: Warning: couldn't load driver 'libcxgb4-rdmav34.so': libcxgb4-rdmav34.so: cannot open shared object file: No such file or directory
libibverbs: Warning: couldn't load driver 'libqedr-rdmav34.so': libqedr-rdmav34.so: cannot open shared object file: No such file or directory
libibverbs: Warning: couldn't load driver 'libhfi1verbs-rdmav34.so': libhfi1verbs-rdmav34.so: cannot open shared object file: No such file or directory
libibverbs: Warning: couldn't load driver 'libbnxt_re-rdmav34.so': libbnxt_re-rdmav34.so: cannot open shared object file: No such file or directory
libibverbs: Warning: couldn't load driver 'libmthca-rdmav34.so': libmthca-rdmav34.so: cannot open shared object file: No such file or directory
libibverbs: Warning: couldn't load driver 'libbnxt_re-rdmav34.so': libbnxt_re-rdmav34.so: cannot open shared object file: No such file or directory
libibverbs: Warning: couldn't load driver 'libmthca-rdmav34.so': libmthca-rdmav34.so: cannot open shared object file: No such file or directory
libibverbs: Warning: couldn't load driver 'libefa-rdmav34.so': libefa-rdmav34.so: cannot open shared object file: No such file or directory
libibverbs: Warning: couldn't load driver 'libcxgb4-rdmav34.so': libcxgb4-rdmav34.so: cannot open shared object file: No such file or directory
libibverbs: Warning: couldn't load driver 'libqedr-rdmav34.so': libqedr-rdmav34.so: cannot open shared object file: No such file or directory
libibverbs: Warning: couldn't load driver 'libhfi1verbs-rdmav34.so': libhfi1verbs-rdmav34.so: cannot open shared object file: No such file or directory
libibverbs: Warning: couldn't load driver 'libmlx4-rdmav34.so': libmlx4-rdmav34.so: cannot open shared object file: No such file or directory
libibverbs: Warning: couldn't load driver 'librxe-rdmav34.so': librxe-rdmav34.so: cannot open shared object file: No such file or directory
libibverbs: Warning: couldn't load driver 'libbnxt_re-rdmav34.so': libbnxt_re-rdmav34.so: cannot open shared object file: No such file or directory
libibverbs: Warning: couldn't load driver 'libmthca-rdmav34.so': libmthca-rdmav34.so: cannot open shared object file: No such file or directory
libibverbs: Warning: couldn't load driver 'libefa-rdmav34.so': libefa-rdmav34.so: cannot open shared object file: No such file or directory
libibverbs: Warning: couldn't load driver 'libcxgb4-rdmav34.so': libcxgb4-rdmav34.so: cannot open shared object file: No such file or directory
libibverbs: Warning: couldn't load driver 'libqedr-rdmav34.so': libqedr-rdmav34.so: cannot open shared object file: No such file or directory
libibverbs: Warning: couldn't load driver 'libbnxt_re-rdmav34.so': libbnxt_re-rdmav34.so: cannot open shared object file: No such file or directory
libibverbs: Warning: couldn't load driver 'libmthca-rdmav34.so': libmthca-rdmav34.so: cannot open shared object file: No such file or directory
libibverbs: Warning: couldn't load driver 'libbnxt_re-rdmav34.so': libbnxt_re-rdmav34.so: cannot open shared object file: No such file or directory
libibverbs: Warning: couldn't load driver 'libmthca-rdmav34.so': libmthca-rdmav34.so: cannot open shared object file: No such file or directory
libibverbs: Warning: couldn't load driver 'libbnxt_re-rdmav34.so': libbnxt_re-rdmav34.so: cannot open shared object file: No such file or directory
libibverbs: Warning: couldn't load driver 'libmthca-rdmav34.so': libmthca-rdmav34.so: cannot open shared object file: No such file or directory
libibverbs: Warning: couldn't load driver 'libbnxt_re-rdmav34.so': libbnxt_re-rdmav34.so: cannot open shared object file: No such file or directory
libibverbs: Warning: couldn't load driver 'libmthca-rdmav34.so': libmthca-rdmav34.so: cannot open shared object file: No such file or directory
libibverbs: Warning: couldn't load driver 'libvmw_pvrdma-rdmav34.so': libvmw_pvrdma-rdmav34.so: cannot open shared object file: No such file or directory
libibverbs: Warning: couldn't load driver 'libefa-rdmav34.so': libefa-rdmav34.so: cannot open shared object file: No such file or directory
libibverbs: Warning: couldn't load driver 'libmthca-rdmav34.so': libmthca-rdmav34.so: cannot open shared object file: No such file or directory
libibverbs: Warning: couldn't load driver 'libmana-rdmav34.so': libmana-rdmav34.so: cannot open shared object file: No such file or directory
libibverbs: Warning: couldn't load driver 'libmthca-rdmav34.so': libmthca-rdmav34.so: cannot open shared object file: No such file or directory
libibverbs: Warning: couldn't load driver 'libmthca-rdmav34.so': libmthca-rdmav34.so: cannot open shared object file: No such file or directory
libibverbs: Warning: couldn't load driver 'libmthca-rdmav34.so': libmthca-rdmav34.so: cannot open shared object file: No such file or directory
libibverbs: Warning: couldn't load driver 'libmana-rdmav34.so': libmana-rdmav34.so: cannot open shared object file: No such file or directory
libibverbs: Warning: couldn't load driver 'libmthca-rdmav34.so': libmthca-rdmav34.so: cannot open shared object file: No such file or directory
libibverbs: Warning: couldn't load driver 'libmthca-rdmav34.so': libmthca-rdmav34.so: cannot open shared object file: No such file or directory
libibverbs: Warning: couldn't load driver 'libmana-rdmav34.so': libmana-rdmav34.so: cannot open shared object file: No such file or directory
libibverbs: Warning: couldn't load driver 'libmthca-rdmav34.so': libmthca-rdmav34.so: cannot open shared object file: No such file or directory
libibverbs: Warning: couldn't load driver 'libmana-rdmav34.so': libmana-rdmav34.so: cannot open shared object file: No such file or directory
libibverbs: Warning: couldn't load driver 'libmthca-rdmav34.so': libmthca-rdmav34.so: cannot open shared object file: No such file or directory
libibverbs: Warning: couldn't load driver 'libmana-rdmav34.so': libmana-rdmav34.so: cannot open shared object file: No such file or directory
libibverbs: Warning: couldn't load driver 'libmthca-rdmav34.so': libmthca-rdmav34.so: cannot open shared object file: No such file or directory
libibverbs: Warning: couldn't load driver 'libmana-rdmav34.so': libmana-rdmav34.so: cannot open shared object file: No such file or directory
libibverbs: Warning: couldn't load driver 'libmthca-rdmav34.so': libmthca-rdmav34.so: cannot open shared object file: No such file or directory
libibverbs: Warning: couldn't load driver 'libmana-rdmav34.so': libmana-rdmav34.so: cannot open shared object file: No such file or directory
libibverbs: Warning: couldn't load driver 'libmthca-rdmav34.so': libmthca-rdmav34.so: cannot open shared object file: No such file or directory
libibverbs: Warning: couldn't load driver 'libmana-rdmav34.so': libmana-rdmav34.so: cannot open shared object file: No such file or directory
libibverbs: Warning: couldn't load driver 'libmthca-rdmav34.so': libmthca-rdmav34.so: cannot open shared object file: No such file or directory
libibverbs: Warning: couldn't load driver 'libmana-rdmav34.so': libmana-rdmav34.so: cannot open shared object file: No such file or directory
libibverbs: Warning: couldn't load driver 'libmthca-rdmav34.so': libmthca-rdmav34.so: cannot open shared object file: No such file or directory
libibverbs: Warning: couldn't load driver 'libmana-rdmav34.so': libmana-rdmav34.so: cannot open shared object file: No such file or directory
libibverbs: Warning: couldn't load driver 'libmthca-rdmav34.so': libmthca-rdmav34.so: cannot open shared object file: No such file or directory
libibverbs: Warning: couldn't load driver 'libmthca-rdmav34.so': libmthca-rdmav34.so: cannot open shared object file: No such file or directory
libibverbs: Warning: couldn't load driver 'libmana-rdmav34.so': libmana-rdmav34.so: cannot open shared object file: No such file or directory
libibverbs: Warning: couldn't load driver 'libmana-rdmav34.so': libmana-rdmav34.so: cannot open shared object file: No such file or directory
libibverbs: Warning: couldn't load driver 'libmthca-rdmav34.so': libmthca-rdmav34.so: cannot open shared object file: No such file or directory
libibverbs: Warning: couldn't load driver 'libmthca-rdmav34.so': libmthca-rdmav34.so: cannot open shared object file: No such file or directory
libibverbs: Warning: couldn't load driver 'libmana-rdmav34.so': libmana-rdmav34.so: cannot open shared object file: No such file or directory
libibverbs: Warning: couldn't load driver 'libmthca-rdmav34.so': libmthca-rdmav34.so: cannot open shared object file: No such file or directory
libibverbs: Warning: couldn't load driver 'libmana-rdmav34.so': libmana-rdmav34.so: cannot open shared object file: No such file or directory
libibverbs: Warning: couldn't load driver 'libbnxt_re-rdmav34.so': libbnxt_re-rdmav34.so: cannot open shared object file: No such file or directory
libibverbs: Warning: couldn't load driver 'libmthca-rdmav34.so': libmthca-rdmav34.so: cannot open shared object file: No such file or directory
libibverbs: Warning: couldn't load driver 'libmana-rdmav34.so': libmana-rdmav34.so: cannot open shared object file: No such file or directory
libibverbs: Warning: couldn't load driver 'libmthca-rdmav34.so': libmthca-rdmav34.so: cannot open shared object file: No such file or directory
libibverbs: Warning: couldn't load driver 'libmana-rdmav34.so': libmana-rdmav34.so: cannot open shared object file: No such file or directory
libibverbs: Warning: couldn't load driver 'libhfi1verbs-rdmav34.so': libhfi1verbs-rdmav34.so: cannot open shared object file: No such file or directory
libibverbs: Warning: couldn't load driver 'libmthca-rdmav34.so': libmthca-rdmav34.so: cannot open shared object file: No such file or directory
libibverbs: Warning: couldn't load driver 'libmana-rdmav34.so': libmana-rdmav34.so: cannot open shared object file: No such file or directory
libibverbs: Warning: couldn't load driver 'libmana-rdmav34.so': libmana-rdmav34.so: cannot open shared object file: No such file or directory
libibverbs: Warning: couldn't load driver 'libmthca-rdmav34.so': libmthca-rdmav34.so: cannot open shared object file: No such file or directory
libibverbs: Warning: couldn't load driver 'libmana-rdmav34.so': libmana-rdmav34.so: cannot open shared object file: No such file or directory
libibverbs: Warning: couldn't load driver 'libhfi1verbs-rdmav34.so': libhfi1verbs-rdmav34.so: cannot open shared object file: No such file or directory
libibverbs: Warning: couldn't load driver 'libqedr-rdmav34.so': libqedr-rdmav34.so: cannot open shared object file: No such file or directory
libibverbs: Warning: couldn't load driver 'libhfi1verbs-rdmav34.so': libhfi1verbs-rdmav34.so: cannot open shared object file: No such file or directory
libibverbs: Warning: couldn't load driver 'libmlx4-rdmav34.so': libmlx4-rdmav34.so: cannot open shared object file: No such file or directory
libibverbs: Warning: couldn't load driver 'libmana-rdmav34.so': libmana-rdmav34.so: cannot open shared object file: No such file or directory
libibverbs: Warning: couldn't load driver 'libmthca-rdmav34.so': libmthca-rdmav34.so: cannot open shared object file: No such file or directory
libibverbs: Warning: couldn't load driver 'libmana-rdmav34.so': libmana-rdmav34.so: cannot open shared object file: No such file or directory
libibverbs: Warning: couldn't load driver 'libmthca-rdmav34.so': libmthca-rdmav34.so: cannot open shared object file: No such file or directory
libibverbs: Warning: couldn't load driver 'libmana-rdmav34.so': libmana-rdmav34.so: cannot open shared object file: No such file or directory
libibverbs: Warning: couldn't load driver 'libmana-rdmav34.so': libmana-rdmav34.so: cannot open shared object file: No such file or directory
libibverbs: Warning: couldn't load driver 'libmana-rdmav34.so': libmana-rdmav34.so: cannot open shared object file: No such file or directory
libibverbs: Warning: couldn't load driver 'libmana-rdmav34.so': libmana-rdmav34.so: cannot open shared object file: No such file or directory
libibverbs: Warning: couldn't load driver 'libmana-rdmav34.so': libmana-rdmav34.so: cannot open shared object file: No such file or directory
libibverbs: Warning: couldn't load driver 'libmana-rdmav34.so': libmana-rdmav34.so: cannot open shared object file: No such file or directory
libibverbs: Warning: couldn't load driver 'libmana-rdmav34.so': libmana-rdmav34.so: cannot open shared object file: No such file or directory
libibverbs: Warning: couldn't load driver 'libmana-rdmav34.so': libmana-rdmav34.so: cannot open shared object file: No such file or directory
libibverbs: Warning: couldn't load driver 'libmana-rdmav34.so': libmana-rdmav34.so: cannot open shared object file: No such file or directory
libibverbs: Warning: couldn't load driver 'libmana-rdmav34.so': libmana-rdmav34.so: cannot open shared object file: No such file or directory
libibverbs: Warning: couldn't load driver 'libmana-rdmav34.so': libmana-rdmav34.so: cannot open shared object file: No such file or directory
libibverbs: Warning: couldn't load driver 'libmana-rdmav34.so': libmana-rdmav34.so: cannot open shared object file: No such file or directory
libibverbs: Warning: couldn't load driver 'libirdma-rdmav34.so': libirdma-rdmav34.so: cannot open shared object file: No such file or directory
libibverbs: Warning: couldn't load driver 'libmlx4-rdmav34.so': libmlx4-rdmav34.so: cannot open shared object file: No such file or directory
libibverbs: Warning: couldn't load driver 'librxe-rdmav34.so': librxe-rdmav34.so: cannot open shared object file: No such file or directory
libibverbs: Warning: couldn't load driver 'libmana-rdmav34.so': libmana-rdmav34.so: cannot open shared object file: No such file or directory
libibverbs: Warning: couldn't load driver 'libmlx4-rdmav34.so': libmlx4-rdmav34.so: cannot open shared object file: No such file or directory
libibverbs: Warning: couldn't load driver 'libmana-rdmav34.so': libmana-rdmav34.so: cannot open shared object file: No such file or directory
libibverbs: Warning: couldn't load driver 'libmlx4-rdmav34.so': libmlx4-rdmav34.so: cannot open shared object file: No such file or directory
libibverbs: Warning: couldn't load driver 'libmana-rdmav34.so': libmana-rdmav34.so: cannot open shared object file: No such file or directory
libibverbs: Warning: couldn't load driver 'libmlx4-rdmav34.so': libmlx4-rdmav34.so: cannot open shared object file: No such file or directory
libibverbs: Warning: couldn't load driver 'libmana-rdmav34.so': libmana-rdmav34.so: cannot open shared object file: No such file or directory
libibverbs: Warning: couldn't load driver 'libmlx4-rdmav34.so': libmlx4-rdmav34.so: cannot open shared object file: No such file or directory
libibverbs: Warning: couldn't load driver 'libmana-rdmav34.so': libmana-rdmav34.so: cannot open shared object file: No such file or directory
libibverbs: Warning: couldn't load driver 'libmana-rdmav34.so': libmana-rdmav34.so: cannot open shared object file: No such file or directory
libibverbs: Warning: couldn't load driver 'libmana-rdmav34.so': libmana-rdmav34.so: cannot open shared object file: No such file or directory
libibverbs: Warning: couldn't load driver 'libcxgb4-rdmav34.so': libcxgb4-rdmav34.so: cannot open shared object file: No such file or directory
libibverbs: Warning: couldn't load driver 'libqedr-rdmav34.so': libqedr-rdmav34.so: cannot open shared object file: No such file or directory
libibverbs: Warning: couldn't load driver 'libocrdma-rdmav34.so': libocrdma-rdmav34.so: cannot open shared object file: No such file or directory
libibverbs: Warning: couldn't load driver 'librxe-rdmav34.so': librxe-rdmav34.so: cannot open shared object file: No such file or directory
libibverbs: Warning: couldn't load driver 'librxe-rdmav34.so': librxe-rdmav34.so: cannot open shared object file: No such file or directory
libibverbs: Warning: couldn't load driver 'librxe-rdmav34.so': librxe-rdmav34.so: cannot open shared object file: No such file or directory
libibverbs: Warning: couldn't load driver 'libsiw-rdmav34.so': libsiw-rdmav34.so: cannot open shared object file: No such file or directory
libibverbs: Warning: couldn't load driver 'libsiw-rdmav34.so': libsiw-rdmav34.so: cannot open shared object file: No such file or directory
libibverbs: Warning: couldn't load driver 'librxe-rdmav34.so': librxe-rdmav34.so: cannot open shared object file: No such file or directory
libibverbs: Warning: couldn't load driver 'libsiw-rdmav34.so': libsiw-rdmav34.so: cannot open shared object file: No such file or directory
libibverbs: Warning: couldn't load driver 'libsiw-rdmav34.so': libsiw-rdmav34.so: cannot open shared object file: No such file or directory
libibverbs: Warning: couldn't load driver 'libsiw-rdmav34.so': libsiw-rdmav34.so: cannot open shared object file: No such file or directory
libibverbs: Warning: couldn't load driver 'libsiw-rdmav34.so': libsiw-rdmav34.so: cannot open shared object file: No such file or directory
libibverbs: Warning: couldn't load driver 'libsiw-rdmav34.so': libsiw-rdmav34.so: cannot open shared object file: No such file or directory
libibverbs: Warning: couldn't load driver 'libsiw-rdmav34.so': libsiw-rdmav34.so: cannot open shared object file: No such file or directory
libibverbs: Warning: couldn't load driver 'libsiw-rdmav34.so': libsiw-rdmav34.so: cannot open shared object file: No such file or directory
libibverbs: Warning: couldn't load driver 'libsiw-rdmav34.so': libsiw-rdmav34.so: cannot open shared object file: No such file or directory
libibverbs: Warning: couldn't load driver 'libsiw-rdmav34.so': libsiw-rdmav34.so: cannot open shared object file: No such file or directory
libibverbs: Warning: couldn't load driver 'libsiw-rdmav34.so': libsiw-rdmav34.so: cannot open shared object file: No such file or directory
libibverbs: Warning: couldn't load driver 'libsiw-rdmav34.so': libsiw-rdmav34.so: cannot open shared object file: No such file or directory
libibverbs: Warning: couldn't load driver 'libsiw-rdmav34.so': libsiw-rdmav34.so: cannot open shared object file: No such file or directory
libibverbs: Warning: couldn't load driver 'libsiw-rdmav34.so': libsiw-rdmav34.so: cannot open shared object file: No such file or directory
libibverbs: Warning: couldn't load driver 'libsiw-rdmav34.so': libsiw-rdmav34.so: cannot open shared object file: No such file or directory
libibverbs: Warning: couldn't load driver 'libsiw-rdmav34.so': libsiw-rdmav34.so: cannot open shared object file: No such file or directory
libibverbs: Warning: couldn't load driver 'libsiw-rdmav34.so': libsiw-rdmav34.so: cannot open shared object file: No such file or directory
libibverbs: Warning: couldn't load driver 'libsiw-rdmav34.so': libsiw-rdmav34.so: cannot open shared object file: No such file or directory
libibverbs: Warning: couldn't load driver 'libsiw-rdmav34.so': libsiw-rdmav34.so: cannot open shared object file: No such file or directory
libibverbs: Warning: couldn't load driver 'libsiw-rdmav34.so': libsiw-rdmav34.so: cannot open shared object file: No such file or directory
libibverbs: Warning: couldn't load driver 'libipathverbs-rdmav34.so': libipathverbs-rdmav34.so: cannot open shared object file: No such file or directory
libibverbs: Warning: couldn't load driver 'libsiw-rdmav34.so': libsiw-rdmav34.so: cannot open shared object file: No such file or directory
libibverbs: Warning: couldn't load driver 'libsiw-rdmav34.so': libsiw-rdmav34.so: cannot open shared object file: No such file or directory
libibverbs: Warning: couldn't load driver 'libsiw-rdmav34.so': libsiw-rdmav34.so: cannot open shared object file: No such file or directory
libibverbs: Warning: couldn't load driver 'libhfi1verbs-rdmav34.so': libhfi1verbs-rdmav34.so: cannot open shared object file: No such file or directory
libibverbs: Warning: couldn't load driver 'libsiw-rdmav34.so': libsiw-rdmav34.so: cannot open shared object file: No such file or directory
libibverbs: Warning: couldn't load driver 'libsiw-rdmav34.so': libsiw-rdmav34.so: cannot open shared object file: No such file or directory
libibverbs: Warning: couldn't load driver 'libsiw-rdmav34.so': libsiw-rdmav34.so: cannot open shared object file: No such file or directory
libibverbs: Warning: couldn't load driver 'libsiw-rdmav34.so': libsiw-rdmav34.so: cannot open shared object file: No such file or directory
libibverbs: Warning: couldn't load driver 'libsiw-rdmav34.so': libsiw-rdmav34.so: cannot open shared object file: No such file or directory
libibverbs: Warning: couldn't load driver 'libsiw-rdmav34.so': libsiw-rdmav34.so: cannot open shared object file: No such file or directory
libibverbs: Warning: couldn't load driver 'libsiw-rdmav34.so': libsiw-rdmav34.so: cannot open shared object file: No such file or directory
libibverbs: Warning: couldn't load driver 'libsiw-rdmav34.so': libsiw-rdmav34.so: cannot open shared object file: No such file or directory
libibverbs: Warning: couldn't load driver 'libsiw-rdmav34.so': libsiw-rdmav34.so: cannot open shared object file: No such file or directory
libibverbs: Warning: couldn't load driver 'libsiw-rdmav34.so': libsiw-rdmav34.so: cannot open shared object file: No such file or directory
libibverbs: Warning: couldn't load driver 'libsiw-rdmav34.so': libsiw-rdmav34.so: cannot open shared object file: No such file or directory
libibverbs: Warning: couldn't load driver 'libsiw-rdmav34.so': libsiw-rdmav34.so: cannot open shared object file: No such file or directory
libibverbs: Warning: couldn't load driver 'libbnxt_re-rdmav34.so': libbnxt_re-rdmav34.so: cannot open shared object file: No such file or directory
libibverbs: Warning: couldn't load driver 'libmthca-rdmav34.so': libmthca-rdmav34.so: cannot open shared object file: No such file or directory
libibverbs: Warning: couldn't load driver 'librxe-rdmav34.so': librxe-rdmav34.so: cannot open shared object file: No such file or directory
libibverbs: Warning: couldn't load driver 'libbnxt_re-rdmav34.so': libbnxt_re-rdmav34.so: cannot open shared object file: No such file or directory
libibverbs: Warning: couldn't load driver 'libbnxt_re-rdmav34.so': libbnxt_re-rdmav34.so: cannot open shared object file: No such file or directory
libibverbs: Warning: couldn't load driver 'libmthca-rdmav34.so': libmthca-rdmav34.so: cannot open shared object file: No such file or directory
libibverbs: Warning: couldn't load driver 'libsiw-rdmav34.so': libsiw-rdmav34.so: cannot open shared object file: No such file or directory
libibverbs: Warning: couldn't load driver 'libbnxt_re-rdmav34.so': libbnxt_re-rdmav34.so: cannot open shared object file: No such file or directory
libibverbs: Warning: couldn't load driver 'libsiw-rdmav34.so': libsiw-rdmav34.so: cannot open shared object file: No such file or directory
libibverbs: Warning: couldn't load driver 'libbnxt_re-rdmav34.so': libbnxt_re-rdmav34.so: cannot open shared object file: No such file or directory
libibverbs: Warning: couldn't load driver 'libmthca-rdmav34.so': libmthca-rdmav34.so: cannot open shared object file: No such file or directory
libibverbs: Warning: couldn't load driver 'libbnxt_re-rdmav34.so': libbnxt_re-rdmav34.so: cannot open shared object file: No such file or directory
libibverbs: Warning: couldn't load driver 'libmthca-rdmav34.so': libmthca-rdmav34.so: cannot open shared object file: No such file or directory
libibverbs: Warning: couldn't load driver 'libsiw-rdmav34.so': libsiw-rdmav34.so: cannot open shared object file: No such file or directory
libibverbs: Warning: couldn't load driver 'libsiw-rdmav34.so': libsiw-rdmav34.so: cannot open shared object file: No such file or directory
libibverbs: Warning: couldn't load driver 'libmana-rdmav34.so': libmana-rdmav34.so: cannot open shared object file: No such file or directory
libibverbs: Warning: couldn't load driver 'libmthca-rdmav34.so': libmthca-rdmav34.so: cannot open shared object file: No such file or directory
libibverbs: Warning: couldn't load driver 'libmthca-rdmav34.so': libmthca-rdmav34.so: cannot open shared object file: No such file or directory
libibverbs: Warning: couldn't load driver 'libmana-rdmav34.so': libmana-rdmav34.so: cannot open shared object file: No such file or directory
libibverbs: Warning: couldn't load driver 'libmlx4-rdmav34.so': libmlx4-rdmav34.so: cannot open shared object file: No such file or directory
libibverbs: Warning: couldn't load driver 'libmana-rdmav34.so': libmana-rdmav34.so: cannot open shared object file: No such file or directory
libibverbs: Warning: couldn't load driver 'libmana-rdmav34.so': libmana-rdmav34.so: cannot open shared object file: No such file or directory
libibverbs: Warning: couldn't load driver 'libmana-rdmav34.so': libmana-rdmav34.so: cannot open shared object file: No such file or directory
libibverbs: Warning: couldn't load driver 'librxe-rdmav34.so': librxe-rdmav34.so: cannot open shared object file: No such file or directory
libibverbs: Warning: couldn't load driver 'libsiw-rdmav34.so': libsiw-rdmav34.so: cannot open shared object file: No such file or directory
libibverbs: Warning: couldn't load driver 'libmana-rdmav34.so': libmana-rdmav34.so: cannot open shared object file: No such file or directory
libibverbs: Warning: couldn't load driver 'libsiw-rdmav34.so': libsiw-rdmav34.so: cannot open shared object file: No such file or directory
libibverbs: Warning: couldn't load driver 'libsiw-rdmav34.so': libsiw-rdmav34.so: cannot open shared object file: No such file or directory
libibverbs: Warning: couldn't load driver 'libsiw-rdmav34.so': libsiw-rdmav34.so: cannot open shared object file: No such file or directory
libibverbs: Warning: couldn't load driver 'libsiw-rdmav34.so': libsiw-rdmav34.so: cannot open shared object file: No such file or directory
libibverbs: Warning: couldn't load driver 'libsiw-rdmav34.so': libsiw-rdmav34.so: cannot open shared object file: No such file or directory
libibverbs: Warning: couldn't load driver 'libbnxt_re-rdmav34.so': libbnxt_re-rdmav34.so: cannot open shared object file: No such file or directory
libibverbs: Warning: couldn't load driver 'libhns-rdmav34.so': libhns-rdmav34.so: cannot open shared object file: No such file or directory
libibverbs: Warning: couldn't load driver 'libmthca-rdmav34.so': libmthca-rdmav34.so: cannot open shared object file: No such file or directory
libibverbs: Warning: couldn't load driver 'libmana-rdmav34.so': libmana-rdmav34.so: cannot open shared object file: No such file or directory
libibverbs: Warning: couldn't load driver 'liberdma-rdmav34.so': liberdma-rdmav34.so: cannot open shared object file: No such file or directory
libibverbs: Warning: couldn't load driver 'libsiw-rdmav34.so': libsiw-rdmav34.so: cannot open shared object file: No such file or directory
libibverbs: Warning: couldn't load driver 'libvmw_pvrdma-rdmav34.so': libvmw_pvrdma-rdmav34.so: cannot open shared object file: No such file or directory
libibverbs: Warning: couldn't load driver 'libefa-rdmav34.so': libefa-rdmav34.so: cannot open shared object file: No such file or directory
libibverbs: Warning: couldn't load driver 'libcxgb4-rdmav34.so': libcxgb4-rdmav34.so: cannot open shared object file: No such file or directory
libibverbs: Warning: couldn't load driver 'libqedr-rdmav34.so': libqedr-rdmav34.so: cannot open shared object file: No such file or directory
libibverbs: Warning: couldn't load driver 'libhfi1verbs-rdmav34.so': libhfi1verbs-rdmav34.so: cannot open shared object file: No such file or directory
libibverbs: Warning: couldn't load driver 'libmlx4-rdmav34.so': libmlx4-rdmav34.so: cannot open shared object file: No such file or directory
libibverbs: Warning: couldn't load driver 'librxe-rdmav34.so': librxe-rdmav34.so: cannot open shared object file: No such file or directory
libibverbs: Warning: couldn't load driver 'libbnxt_re-rdmav34.so': libbnxt_re-rdmav34.so: cannot open shared object file: No such file or directory
libibverbs: Warning: couldn't load driver 'libmthca-rdmav34.so': libmthca-rdmav34.so: cannot open shared object file: No such file or directory
libibverbs: Warning: couldn't load driver 'libmana-rdmav34.so': libmana-rdmav34.so: cannot open shared object file: No such file or directory
libibverbs: Warning: couldn't load driver 'libsiw-rdmav34.so': libsiw-rdmav34.so: cannot open shared object file: No such file or directory
LAMMPS (29 Aug 2024 - Update 3)
  using 1 OpenMP thread(s) per MPI task
Switching to CHARMM coulomb energy conversion constant (src/KSPACE/pair_lj_charmmfsw_coul_long.cpp:63)
Reading data file ...
  orthogonal box = (7.86895 7.86895 7.86895) to (52.13105 52.13105 52.13105)
  3 by 4 by 4 MPI processor grid
  reading atoms ...
  6900 atoms
  scanning bonds ...
  4 = max bonds/atom
  scanning angles ...
  6 = max angles/atom
  scanning dihedrals ...
  21 = max dihedrals/atom
  scanning impropers ...
  3 = max impropers/atom
  orthogonal box = (7.86895 7.86895 7.86895) to (52.13105 52.13105 52.13105)
  3 by 4 by 4 MPI processor grid
  reading bonds ...
  8092 bonds
  reading angles ...
  16760 angles
  reading dihedrals ...
  30880 dihedrals
  reading impropers ...
  1968 impropers
Finding 1-2 1-3 1-4 neighbors ...
  special bond factors lj:    0        0        0.5     
  special bond factors coul:  0        0        0.8333333333333334
     4 = max # of 1-2 neighbors
    10 = max # of 1-3 neighbors
    23 = max # of 1-4 neighbors
    21 = max # of special neighbors
  special bonds CPU = 0.007 seconds
  read_data CPU = 0.229 seconds
PPPM initialization ...
  using 12-bit tables for long-range coulomb (src/kspace.cpp:342)
  G vector (1/distance) = 0.23200355
  grid = 16 16 16
  stencil order = 5
  estimated absolute RMS force accuracy = 0.0032020047
  estimated relative force accuracy = 9.6425129e-06
  using double precision MKL FFT
  3d grid and FFT values/proc = 891 96
Generated 36 of 36 mixed pair_coeff terms from arithmetic mixing rule
Neighbor list info ...
  update: every = 1 steps, delay = 0 steps, check = yes
  max neighbors/atom: 2000, page size: 100000
  master list distance cutoff = 12
  ghost atom cutoff = 12
  binsize = 6, bins = 8 8 8
  1 neighbor lists, perpetual/occasional/extra = 1 0 0
  (1) pair lj/charmmfsw/coul/long, perpetual
      attributes: half, newton on
      pair build: half/bin/newton
      stencil: half/bin/3d
      bin: standard
Setting up cg style minimization ...
  Unit style    : real
  Current step  : 0
Per MPI rank memory allocation (min/avg/max) = 18.61 | 18.63 | 18.82 Mbytes
   Step         Volume          Temp          Press          TotEng         E_vdwl         E_coul         E_bond        E_angle        E_dihed        E_impro        Density    
         0   86715.363      0             -809.78036      42520.563     -1651.2988      2551.2554      662.88885      36692.438      5725.8467      950.19832      0.91270566   
         1   86715.363      0             -792.84886      42518.092     -1652.1396      2551.3434      662.1756       36691.886      5725.3989      950.14756      0.91270566   
Loop time of 0.0114019 on 48 procs for 1 steps with 6900 atoms

99.0% CPU use with 48 MPI tasks x 1 OpenMP threads

Minimization stats:
  Stopping criterion = energy tolerance
  Energy initial, next-to-last, final = 
      42520.5626317756   42520.5626317756   42518.0924228081
  Force two-norm initial, final = 83.045615 50.355082
  Force max component initial, final = 12.427738 7.2392982
  Final line search alpha, max atom move = 0.0080465165 0.058251132
  Iterations, force evaluations = 1 2

MPI task timing breakdown:
Section |  min time  |  avg time  |  max time  |%varavg| %total
---------------------------------------------------------------
Pair    | 0.00219    | 0.003115   | 0.0042465  |   0.8 | 27.32
Bond    | 0.00013027 | 0.00023371 | 0.00030627 |   0.0 |  2.05
Kspace  | 0.0016959  | 0.0028854  | 0.0039166  |   0.9 | 25.31
Neigh   | 0          | 0          | 0          |   0.0 |  0.00
Comm    | 0.00064662 | 0.0006788  | 0.00071147 |   0.0 |  5.95
Output  | 0          | 0          | 0          |   0.0 |  0.00
Modify  | 0          | 0          | 0          |   0.0 |  0.00
Other   |            | 0.004489   |            |       | 39.37

Nlocal:         143.75 ave         181 max          99 min
Histogram: 2 2 1 2 8 12 11 7 2 1
Nghost:         3640.1 ave        3735 max        3545 min
Histogram: 2 0 7 4 8 14 4 4 4 1
Neighs:        41412.3 ave       53631 max       28713 min
Histogram: 3 4 3 3 7 8 11 6 1 2

Total # of neighbors = 1987791
Ave neighs/atom = 288.08565
Ave special neighs/atom = 13.675362
Neighbor list builds = 0
Dangerous builds = 0
PPPM initialization ...
  using 12-bit tables for long-range coulomb (src/kspace.cpp:342)
  G vector (1/distance) = 0.23200355
  grid = 16 16 16
  stencil order = 5
  estimated absolute RMS force accuracy = 0.0032020047
  estimated relative force accuracy = 9.6425129e-06
  using double precision MKL FFT
  3d grid and FFT values/proc = 891 96
Generated 36 of 36 mixed pair_coeff terms from arithmetic mixing rule
Setting up fire style minimization ...
  Unit style    : real
  Current step  : 1
  Parameters for fire:
    dmax  delaystep dtgrow dtshrink alpha0 alphashrink tmax tmin   integrator   halfstepback   abcfire  
     0.1     20      1.1     0.5     0.25     0.99      10  0.02 eulerimplicit      yes          no     
Per MPI rank memory allocation (min/avg/max) = 18.75 | 18.76 | 18.96 Mbytes
   Step         Volume          Temp          Press          TotEng         E_vdwl         E_coul         E_bond        E_angle        E_dihed        E_impro        Density    
         1   86715.363      0             -792.84886      42518.092     -1652.1396      2551.3434      662.1756       36691.886      5725.3989      950.14756      0.91270566   
        23   86715.363      0.88314149    -750.55593      42526.662     -1654.2996      2551.4873      660.66184      36690.422      5720.9574      949.88106      0.91270566   
Loop time of 0.0526753 on 48 procs for 22 steps with 6900 atoms

97.9% CPU use with 48 MPI tasks x 1 OpenMP threads

Minimization stats:
  Stopping criterion = energy tolerance
  Energy initial, next-to-last, final = 
      42518.0924228081   42509.2411761481   42508.5001236892
  Force two-norm initial, final = 50.355082 23.807017
  Force max component initial, final = 7.2392982 4.5792722
  Final line search alpha, max atom move = 0 0
  Iterations, force evaluations = 22 23

MPI task timing breakdown:
Section |  min time  |  avg time  |  max time  |%varavg| %total
---------------------------------------------------------------
Pair    | 0.018299   | 0.025855   | 0.033789   |   2.1 | 49.08
Bond    | 0.00097803 | 0.0016626  | 0.0022567  |   0.6 |  3.16
Kspace  | 0.010416   | 0.018705   | 0.02682    |   2.6 | 35.51
Neigh   | 0          | 0          | 0          |   0.0 |  0.00
Comm    | 0.0022714  | 0.0024147  | 0.0025228  |   0.1 |  4.58
Output  | 0          | 0          | 0          |   0.0 |  0.00
Modify  | 0          | 0          | 0          |   0.0 |  0.00
Other   |            | 0.004038   |            |       |  7.67

Nlocal:         143.75 ave         181 max          99 min
Histogram: 2 2 1 2 8 12 11 7 2 1
Nghost:        3639.92 ave        3735 max        3545 min
Histogram: 2 2 5 4 8 14 4 4 4 1
Neighs:        41412.3 ave       53629 max       28715 min
Histogram: 3 4 3 3 7 8 11 6 1 2

Total # of neighbors = 1987789
Ave neighs/atom = 288.08536
Ave special neighs/atom = 13.675362
Neighbor list builds = 0
Dangerous builds = 0
System init for write_data ...
PPPM initialization ...
  using 12-bit tables for long-range coulomb (src/kspace.cpp:342)
  G vector (1/distance) = 0.23200355
  grid = 16 16 16
  stencil order = 5
  estimated absolute RMS force accuracy = 0.0032020047
  estimated relative force accuracy = 9.6425129e-06
  using double precision MKL FFT
  3d grid and FFT values/proc = 891 96
Generated 36 of 36 mixed pair_coeff terms from arithmetic mixing rule
PPPM initialization ...
  using 12-bit tables for long-range coulomb (src/kspace.cpp:342)
  G vector (1/distance) = 0.23200355
  grid = 16 16 16
  stencil order = 5
  estimated absolute RMS force accuracy = 0.0032020047
  estimated relative force accuracy = 9.6425129e-06
  using double precision MKL FFT
  3d grid and FFT values/proc = 891 96
Generated 36 of 36 mixed pair_coeff terms from arithmetic mixing rule
Setting up Verlet run ...
  Unit style    : real
  Current step  : 23
  Time step     : 0.5
Per MPI rank memory allocation (min/avg/max) = 18.75 | 18.76 | 18.96 Mbytes
   Step         Volume          Temp          Press          TotEng         E_vdwl         E_coul         E_bond        E_angle        E_dihed        E_impro        Density    
        23   86715.363      600            5744.2891      54847.265     -1654.2996      2551.4873      660.66184      36690.422      5720.9574      949.88106      0.91270566   
      1000   86715.363      622.65997      2942.696       67267.861     -955.8196       2537.4643      5120.0832      41800.791      7320.1124      1049.4781      0.91270566   
      2000   86715.363      594.60396      2356.7944      66516.757     -963.0738       2541.3823      5053.5148      41792.818      7233.9255      1040.4416      0.91270566   
      3000   86715.363      597.18421      748.78646      66540.824     -1027.067       2541.0081      5096.4133      41603.872      7404.0901      1049.3239      0.91270566   
      4000   86715.363      596.4294       1185.9935      66776.462     -1018.318       2534.5699      5145.1681      41989.591      7224.1358      1044.2657      0.91270566   
      5000   86715.363      594.13608      642.38571      66488.726     -1046.743       2538.0273      5026.8344      41949.649      7173.08        1039.4537      0.91270566   
      6000   86715.363      596.33079      1296.6271      66567.092     -1075.0932      2539.5353      5137.2524      41968.818      7098.6329      1042.3373      0.91270566   
      7000   86715.363      607.80795      131.1258       66876.175     -1062.4768      2535.7148      5227.2186      41983.033      7070.4807      1032.2304      0.91270566   
      8000   86715.363      592.56645      131.56087      66438.903     -1058.4017      2541.5703      5191.6491      41990.237      6970.5459      1027.6631      0.91270566   
      9000   86715.363      602.53054      493.06788      66752.894     -1103.4287      2542.5567      5270.7097      41769.107      7237.1464      1055.4106      0.91270566   
     10000   86715.363      604.79602      1037.3539      66651.152     -1085.8406      2539.9289      5126.4629      41919.115      7083.9757      1043.5197      0.91270566   
     11000   86715.363      598.58595      395.78088      66587.822     -1148.9786      2538.7038      5108.5232      42070.301      7087.2307      1033.2571      0.91270566   
     12000   86715.363      592.03107     -519.25934      66364.111     -1099.7875      2540.1028      5144.5379      41923.455      7056.3948      1035.0007      0.91270566   
     13000   86715.363      598.75446      1400.4063      66658.762     -1070.2697      2541.4313      5304.4515      41814.648      7126.7702      1040.0633      0.91270566   
     14000   86715.363      602.68894      428.80244      66644.674     -1041.6735      2544.7944      5302.1077      41674.265      7146.5987      1032.6906      0.91270566   
     15000   86715.363      597.73408      1367.6671      66683.248     -1033.0563      2542.151       5078.0152      42190.336      6992.4897      1031.2478      0.91270566   
     16000   86715.363      603.02279      208.20607      66479.814     -1135.8495      2542.6273      5122.8875      42035.171      6891.0898      1034.1414      0.91270566   
     17000   86715.363      596.72906      1387.8644      66330.107     -1075.8802      2536.333       5102.316       41911.094      6964.6972      1029.204       0.91270566   
     18000   86715.363      604.4823       2328.8751      66709.206     -1096.3912      2540.997       5223.1576      41998.229      6991.0551      1032.4679      0.91270566   
     19000   86715.363      602.36965      1327.8699      66589.385     -1088.0364      2538.8499      5204.3564      41878.614      7032.0399      1046.8323      0.91270566   
     20000   86715.363      594.53017     -94.142187      66453.434     -1158.7254      2542.212       5372.1299      41849.481      6993.6776      1037.3113      0.91270566   
     21000   86715.363      603.98522      2353.8842      66740.846     -1082.3044      2539.6698      5258.2973      41943.5        7036.3884      1033.5295      0.91270566   
     22000   86715.363      592.18274      801.87067      66556.674     -1119.6035      2543.0738      5211.9453      41992.232      7119.7515      1041.645       0.91270566   
     23000   86715.363      600.72655      1637.0533      66694.879     -1089.6987      2532.4741      5240.8159      42000.006      7018.5934      1050.3236      0.91270566   
     24000   86715.363      593.96951      971.64466      66422.922     -1172.2687      2536.529       5339.4657      41866.132      7013.9248      1034.4861      0.91270566   
     25000   86715.363      604.87722      238.7106       66563.893     -1117.0005      2537.9677      5198.3692      41917.925      6956.2902      1040.6595      0.91270566   
     26000   86715.363      597.54731     -20.224836      66674.801     -1175.5888      2540.4954      5385.4352      41979.165      7040.8335      1026.6358      0.91270566   
     27000   86715.363      596.62446     -341.23035      66563.082     -1100.5195      2541.4909      5307.8944      41891.119      7026.4674      1036.1939      0.91270566   
     28000   86715.363      593.20936     -229.60169      66340.409     -1093.1121      2542.3396      5220.9211      41776.763      7067.1448      1037.9598      0.91270566   
     29000   86715.363      602.08057     -578.97191      66651.757     -1182.3043      2534.4239      5284.4111      41959.544      7063.0846      1020.0481      0.91270566   
     30000   86715.363      593.90961      1900.3033      66575.382     -1089.2805      2545.0579      5313.377       41911.377      7051.1858      1038.6262      0.91270566   
     31000   86715.363      604.06539      1439.5369      66464.705     -1141.2447      2541.6068      5141.0874      41953.683      6925.6599      1031.5806      0.91270566   
     32000   86715.363      592.04829      1985.8367      66246.357     -1126.8301      2540.7922      5170.6356      41824.487      7029.8041      1040.2534      0.91270566   
     33000   86715.363      602.19419      2093.6383      66570.789     -1087.6312      2542.155       5148.4564      41980.794      6993.8559      1018.6068      0.91270566   
     34000   86715.363      604.66598      173.47706      66936.135     -1118.2685      2537.5624      5284.1763      41969.089      7185.4171      1055.2594      0.91270566   
     35000   86715.363      597.17049      931.50286      66585.804     -1126.4863      2547.735       5151.7892      42197.955      6924.3488      1019.9175      0.91270566   
     36000   86715.363      601.80095     -500.80527      66643.104     -1088.2697      2546.1736      5236.1299      42014.881      6932.5279      1035.1578      0.91270566   
     37000   86715.363      605.11029      81.794566      66673.321     -1174.1847      2544.0084      5235.9364      42134.558      6872.3811      1027.2357      0.91270566   
     38000   86715.363      596.85404      1286.7043      66471.307     -1130.1761      2541.6332      5257.3099      41914.137      6979.2971      1044.917       0.91270566   
     39000   86715.363      604.39336      457.62254      66580.446     -1169.8525      2543.5265      5277.7975      41878.56       7001.1656      1027.4018      0.91270566   
     40000   86715.363      602.22435      1605.4342      66961.767     -1106.5892      2543.5425      5290.5708      42226.519      7001.0242      1031.4538      0.91270566   
     41000   86715.363      601.36193      889.72427      66647.901     -1186.145       2549.0184      5324.7476      42054.032      6917.6551      1031.2535      0.91270566   
     42000   86715.363      601.72652      161.23382      66497.685     -1118.5149      2548.1075      5243.3591      41893.198      6932.985       1032.4724      0.91270566   
     43000   86715.363      598.8007      -471.46596      66519.072     -1174.7497      2540.4954      5248.8328      41906.186      7054.6738      1037.1728      0.91270566   
     44000   86715.363      585.3959       1736.6661      66318.567     -1085.7583      2542.9234      5204.1852      41970.171      7012.1382      1048.0877      0.91270566   
     45000   86715.363      604.61858      290.67453      66691.078     -1149.938       2538.0173      5255.1991      42117.873      6873.4502      1032.548       0.91270566   
     46000   86715.363      599.67884     -637.68036      66548.287     -1199.9576      2537.3468      5384.7648      41740.223      7135.2522      1028.9893      0.91270566   
     47000   86715.363      595.04316      719.57962      66536.426     -1132.6827      2545.6675      5269.9259      42013.289      6962.7231      1049.853       0.91270566   
     48000   86715.363      607.8033       2723.7072      66871.203     -1056.1129      2550.3816      5228.4349      41992.382      7021.0787      1045.6584      0.91270566   
     49000   86715.363      596.74702      1773.6047      66658.629     -1081.9718      2546.9359      5308.853       42088.615      6898.4548      1037.1243      0.91270566   
     50000   86715.363      588.09081     -299.17131      66268.877     -1168.5087      2537.8335      5196.7642      41979.636      6995.0078      1043.423       0.91270566   
     50023   86715.363      598.83694      639.111        66313.019     -1183.7079      2539.7654      5178.2426      41932.909      6899.3059      1042.1678      0.91270566   
Loop time of 77.5248 on 48 procs for 50000 steps with 6900 atoms

Performance: 27.862 ns/day, 0.861 hours/ns, 644.955 timesteps/s, 4.450 Matom-step/s
99.9% CPU use with 48 MPI tasks x 1 OpenMP threads

MPI task timing breakdown:
Section |  min time  |  avg time  |  max time  |%varavg| %total
---------------------------------------------------------------
Pair    | 34.418     | 42.832     | 50.918     |  62.0 | 55.25
Bond    | 2.0829     | 2.8323     | 3.4172     |  18.0 |  3.65
Kspace  | 14.862     | 22.953     | 31.548     |  85.6 | 29.61
Neigh   | 2.9308     | 2.9366     | 2.9407     |   0.2 |  3.79
Comm    | 4.7214     | 5.0698     | 5.6046     |   8.9 |  6.54
Output  | 0.035494   | 0.063188   | 0.091006   |   6.5 |  0.08
Modify  | 0.40327    | 0.47835    | 0.55138    |   5.1 |  0.62
Other   |            | 0.3593     |            |       |  0.46

Nlocal:         143.75 ave         168 max          98 min
Histogram: 3 0 2 0 1 10 11 8 6 7
Nghost:        3619.83 ave        3707 max        3531 min
Histogram: 1 3 7 7 7 8 2 9 0 4
Neighs:        41507.1 ave       55138 max       24204 min
Histogram: 1 2 2 3 11 7 10 8 3 1

Total # of neighbors = 1992342
Ave neighs/atom = 288.74522
Ave special neighs/atom = 13.675362
Neighbor list builds = 1499
Dangerous builds = 0
PPPM initialization ...
  using 12-bit tables for long-range coulomb (src/kspace.cpp:342)
  G vector (1/distance) = 0.23200355
  grid = 16 16 16
  stencil order = 5
  estimated absolute RMS force accuracy = 0.0032020047
  estimated relative force accuracy = 9.6425129e-06
  using double precision MKL FFT
  3d grid and FFT values/proc = 891 96
Generated 36 of 36 mixed pair_coeff terms from arithmetic mixing rule
Setting up Verlet run ...
  Unit style    : real
  Current step  : 50023
  Time step     : 0.5
Per MPI rank memory allocation (min/avg/max) = 18.75 | 18.8 | 18.96 Mbytes
   Step         Volume          Temp          Press          TotEng         E_vdwl         E_coul         E_bond        E_angle        E_dihed        E_impro        Density    
     50023   86715.363      308           -2513.7645      60332.071     -1183.7079      2539.7654      5178.2426      41932.909      6899.3059      1042.1678      0.91270566   
     51000   86715.363      312.16573     -1427.8586      54798.826     -1441.1286      2545.7514      2995.801       39712.451      6009.0026      967.62457      0.91270566   
     52000   86715.363      308.2667      -579.5447       54463.83      -1496.7358      2548.3922      2864.6165      39444.343      6186.4966      987.95906      0.91270566   
     53000   86715.363      310.71852      214.04376      54622.443     -1471.3297      2543.5163      2990.8079      39524.313      6079.9089      975.55908      0.91270566   
     54000   86715.363      305.8458       122.89367      54413.325     -1517.5897      2544.143       2965.5104      39538.849      6033.3759      969.01285      0.91270566   
     55000   86715.363      305.9805      -921.01891      54516.714     -1520.2319      2545.982       3030.9778      39563.236      6035.2826      977.62451      0.91270566   
     56000   86715.363      312.15422      499.40828      54546.468     -1552.3473      2546.0495      2941.2393      39592.931      6036.5483      972.17798      0.91270566   
     57000   86715.363      308.6028       1046.5542      54566.529     -1498.4059      2542.2945      2938.7102      39578.64       6087.7122      981.3658       0.91270566   
     58000   86715.363      302.52811     -145.21289      54445.3       -1540.191       2548.3552      2999.6906      39562.654      6091.9143      970.99328      0.91270566   
     59000   86715.363      311.6472      -282.15005      54540.591     -1541.2518      2545.8569      2942.7143      39442.547      6165.5867      987.28532      0.91270566   
     60000   86715.363      304.7271      -521.57828      54480.797     -1498.6726      2546.9171      3005.7068      39436.544      6143.763       990.78096      0.91270566   
     61000   86715.363      310.61978     -1101.0296      54650.218     -1505.5556      2545.551       3091.7285      39479.623      6092.6107      969.84357      0.91270566   
     62000   86715.363      305.85413      294.68063      54556.801     -1506.614       2545.9635      3036.8569      39506.77       6115.5815      978.2501       0.91270566   
     63000   86715.363      312.04846      296.62325      54619.149     -1475.6421      2544.86        2971.1677      39515.362      6076.4062      980.29754      0.91270566   
     64000   86715.363      314.00115     -367.76131      54644.622     -1495.2102      2551.2645      3026.4809      39472.884      6061.3827      981.39843      0.91270566   
     65000   86715.363      304.34589     -817.0523       54471.204     -1516.884       2548.6508      3066.7249      39498.845      6053.8214      971.95493      0.91270566   
     66000   86715.363      309.01787      22.754153      54676.005     -1536.53        2545.6247      3012.3667      39590.641      6122.7269      997.3396       0.91270566   
     67000   86715.363      311.36791     -360.53312      54495.252     -1555.0922      2548.2561      2980.4853      39464.599      6078.353       985.42901      0.91270566   
     68000   86715.363      306.36197     -30.338574      54396.507     -1551.7103      2546.2233      2962.3728      39412.833      6147.7758      989.82681      0.91270566   
     69000   86715.363      305.26415      403.12808      54553.392     -1520.0083      2545.7918      3053.4268      39564.599      6059.2882      982.66378      0.91270566   
     70000   86715.363      305.10247     -230.54048      54438.832     -1492.8558      2548.6565      2924.6611      39491.002      6128.9279      974.47167      0.91270566   
     71000   86715.363      310.07882      126.99332      54541.43      -1534.3836      2544.0936      2958.0263      39495.153      6126.8226      985.3159       0.91270566   
     72000   86715.363      311.44422      925.5607       54753.192     -1458.6171      2550.3386      3007.0358      39512.343      6148.3154      997.27161      0.91270566   
     73000   86715.363      310.6145       753.21956      54454.766     -1483.8204      2544.003       2940.3648      39511.576      5999.0969      965.60369      0.91270566   
     74000   86715.363      304.70058      848.81071      54437.136     -1541.2098      2544.3819      3004.5431      39363.734      6216.839       992.3315       0.91270566   
     75000   86715.363      307.18155     -976.02238      54547.833     -1542.5206      2544.9133      2959.4649      39620.511      6076.8643      981.8891       0.91270566   
     76000   86715.363      307.22207      10.328638      54395.924     -1507.0501      2547.8131      2947.9152      39451.641      6066.0888      980.66546      0.91270566   
     77000   86715.363      306.67887     -104.49851      54480.72      -1574.2869      2541.8599      3008.9861      39550.339      6074.5158      981.94251      0.91270566   
     78000   86715.363      311.5392      -52.90102       54571.892     -1562.8741      2544.309       2944.5514      39507.64       6154.3396      986.03583      0.91270566   
     79000   86715.363      304.91202     -598.09081      54453.615     -1539.0169      2545.0426      2960.0769      39614.36       6038.2791      974.44341      0.91270566   
     80000   86715.363      306.57861     -590.25084      54551.767     -1556.974       2541.0281      3029.3673      39512.647      6145.2601      986.2407       0.91270566   
     81000   86715.363      306.01546     -620.78434      54469.815     -1553.739       2544.5869      3001.2721      39495.993      6122.8861      975.58884      0.91270566   
     82000   86715.363      306.62769     -39.540917      54443.651     -1563.4916      2548.0243      3075.7326      39556.531      5953.8004      976.2859       0.91270566   
     83000   86715.363      310.4941       744.70912      54460.366     -1543.5534      2548.0107      2928.6161      39503.329      6064.3705      983.22519      0.91270566   
     84000   86715.363      307.3493       900.166        54519.103     -1503.0652      2545.1033      2985.7028      39612.809      5986.0166      981.47458      0.91270566   
     85000   86715.363      302.222        1069.2961      54344.587     -1508.8641      2547.1998      2931.353       39472.825      6110.6964      984.33441      0.91270566   
     86000   86715.363      307.04077      580.43478      54448.265     -1550.7999      2544.9613      3003.1977      39447.727      6115.544       983.57026      0.91270566   
     87000   86715.363      310.33486      521.33426      54634.41      -1541.4369      2545.236       3032.4472      39521.967      6123.9701      977.95043      0.91270566   
     88000   86715.363      309.11351     -837.19949      54526.318     -1552.3514      2548.0579      3025.8636      39495.702      6079.4191      979.83389      0.91270566   
     89000   86715.363      303.61391      472.47332      54357.724     -1538.1994      2550.9518      2948.5178      39499.803      6077.8115      982.93718      0.91270566   
     90000   86715.363      306.85686      295.13008      54418.188     -1553.7058      2550.4878      3001.5152      39521.472      6015.8834      979.69417      0.91270566   
     91000   86715.363      314.19859     -1358.7043      54626.1       -1585.311       2543.7641      2999.4234      39510.586      6121.8609      980.7515       0.91270566   
     92000   86715.363      306.80676      957.83576      54425.797     -1497.3261      2545.3544      2954.8356      39474.774      6078.0716      968.91555      0.91270566   
     93000   86715.363      303.45262     -395.17273      54317.622     -1534.6752      2549.7566      2973.8941      39502.392      6015.0839      978.01416      0.91270566   
     94000   86715.363      311.50358      1121.067       54564.226     -1523.3847      2544.6015      2919.5133      39545.117      6097.3878      983.78139      0.91270566   
     95000   86715.363      300.89439      403.5272       54345.511     -1535.9583      2545.2504      2965.5798      39499.476      6108.8682      982.20277      0.91270566   
     96000   86715.363      309.19982      522.64756      54421.659     -1556.2007      2549.8988      2947.364       39382.193      6154.51        992.86063      0.91270566   
     97000   86715.363      303.37286     -135.55976      54312.257     -1593.7127      2548.6064      2991.6652      39504.798      6056.4699      975.12641      0.91270566   
     98000   86715.363      308.75334     -1149.8948      54571.99      -1606.1254      2546.8652      3072.5584      39601.76       6039.9483      975.35128      0.91270566   
     99000   86715.363      304.76381     -262.66808      54399.646     -1532.9065      2544.4105      2989.3535      39506.18       6050.774       982.9535       0.91270566   
    100000   86715.363      307.43443      57.939997      54514.126     -1541.4743      2546.9048      2949.6078      39480.943      6180.5267      984.04521      0.91270566   
    100023   86715.363      306.42272     -795.95609      54492.764     -1564.3172      2541.9528      3016.2254      39501.471      6124.5583      980.11962      0.91270566   
Loop time of 83.2664 on 48 procs for 50000 steps with 6900 atoms

Performance: 25.941 ns/day, 0.925 hours/ns, 600.482 timesteps/s, 4.143 Matom-step/s
99.9% CPU use with 48 MPI tasks x 1 OpenMP threads

MPI task timing breakdown:
Section |  min time  |  avg time  |  max time  |%varavg| %total
---------------------------------------------------------------
Pair    | 31.443     | 45.267     | 57.775     |  89.2 | 54.36
Bond    | 1.9569     | 3.0447     | 3.6469     |  21.8 |  3.66
Kspace  | 14.43      | 27.051     | 41.187     | 116.4 | 32.49
Neigh   | 1.8731     | 1.8777     | 1.8808     |   0.2 |  2.26
Comm    | 4.7107     | 5.0928     | 5.8069     |  11.7 |  6.12
Output  | 0.036608   | 0.063759   | 0.091926   |   6.5 |  0.08
Modify  | 0.39813    | 0.50357    | 0.60155    |   6.3 |  0.60
Other   |            | 0.3659     |            |       |  0.44

Nlocal:         143.75 ave         172 max         104 min
Histogram: 3 2 3 3 6 5 6 13 4 3
Nghost:        3634.96 ave        3734 max        3529 min
Histogram: 5 1 5 6 6 3 7 8 4 3
Neighs:        41652.4 ave       53199 max       27559 min
Histogram: 3 3 6 3 3 3 12 7 4 4

Total # of neighbors = 1999317
Ave neighs/atom = 289.75609
Ave special neighs/atom = 13.675362
Neighbor list builds = 863
Dangerous builds = 0
PPPM initialization ...
  using 12-bit tables for long-range coulomb (src/kspace.cpp:342)
  G vector (1/distance) = 0.23200355
  grid = 16 16 16
  stencil order = 5
  estimated absolute RMS force accuracy = 0.0032020047
  estimated relative force accuracy = 9.6425129e-06
  using double precision MKL FFT
  3d grid and FFT values/proc = 891 96
Generated 36 of 36 mixed pair_coeff terms from arithmetic mixing rule
Setting up Verlet run ...
  Unit style    : real
  Current step  : 100023
  Time step     : 0.5
Per MPI rank memory allocation (min/avg/max) = 18.75 | 18.81 | 18.96 Mbytes
   Step         Volume          Temp          Press          TotEng         E_vdwl         E_coul         E_bond        E_angle        E_dihed        E_impro        Density    
    100023   86715.363      308           -778.85724      54525.2       -1564.3172      2541.9528      3016.2254      39501.471      6124.5583      980.11962      0.91270566   
    101000   84616.747      305.60234      747.79882      54403.621     -1613.8128      2545.8171      3011.2086      39551.629      6045.2649      987.6158       0.93534206   
    102000   83809.691      307.6799       956.92797      54526.843     -1604.1562      2547.2835      3000.4963      39454.04       6211.0134      1000.7781      0.94434906   
    103000   84053.088      310.02861      1303.6814      54451.588     -1626.323       2548.1228      2938.4367      39498.003      6135.2857      992.10912      0.94161445   
    104000   83611.24       305.41546      730.51056      54365.659     -1643.2167      2546.5235      3009.8178      39528.801      6067.6461      985.00366      0.94659046   
    105000   84030.995      307.83575      361.58474      54478.452     -1604.2699      2547.232       3005.825       39655.504      5981.1156      972.22501      0.94186202   
    106000   84736.106      309.33091      769.12919      54481.178     -1597.0375      2547.2881      2988.4716      39421.396      6180.7628      987.14836      0.93402453   
    107000   84532.238      308.06693      794.22031      54389.672     -1598.5343      2550.9368      3013.4025      39456.682      6074.6585      966.92422      0.93627714   
    108000   84358.601      307.51421      1835.3898      54570.982     -1605.4582      2543.5461      3021.5526      39643.537      6072.1209      980.44872      0.9382043    
    109000   85012.118      310.29758      1343.321       54432.688     -1608.9761      2546.9356      3008.4539      39540.49       5997.5137      976.61765      0.93099201   
    110000   84381.314      305.53723      766.28543      54377.476     -1633.292       2548.8396      2992.6148      39592.261      6027.7644      974.2876       0.93795176   
    111000   83746.822      306.81427      1340.5722      54422.003     -1622.0987      2545.8284      3042.3367      39491.468      6077.7482      987.13959      0.94505798   
    112000   83852.164      314.18723      643.75968      54682.851     -1650.2731      2547.6036      3045.9161      39637.609      6069.0737      980.92905      0.94387072   
    113000   83800.138      308.76166      413.29866      54394.179     -1638.6931      2550.9916      2997.9192      39419.058      6135.7564      988.63999      0.94445671   
    114000   84087.619      312.62413      1623.6873      54540.169     -1614.5448      2547.3566      3034.2192      39393.074      6160.1655      999.47363      0.94122777   
    115000   83733.786      308.96395      1526.1854      54508.556     -1630.3157      2550.6286      3020.6963      39579.093      6057.3178      986.79745      0.94520511   
    116000   83799.822      309.53297      937.67221      54409.154     -1609.5192      2549.2075      2991.4485      39500.812      6044.4516      975.67881      0.94446027   
    117000   83560.584      311.58929      1178.5753      54564.945     -1639.7696      2544.4507      3032.3799      39449.274      6190.5245      991.30037      0.94716431   
    118000   84509.43       303.73153      731.7821       54386.782     -1631.9754      2545.5266      2983.9114      39552.036      6126.3338      974.62682      0.93652984   
    119000   83948.103      307.7014       521.03306      54423.494     -1621.1609      2550.367       3021.1702      39365.988      6205.051       984.157        0.94279203   
    120000   83271.892      313.05395      1915.533       54488.69      -1645.6694      2546.474       2989.5006      39488.353      6098.9795      984.07585      0.95044799   
    121000   83389.5        307.17331      1525.9605      54326.948     -1633.9515      2549.4167      2948.7857      39375.848      6186.851       993.73763      0.94910753   
    122000   83077.548      308.71112      1978.6037      54439.064     -1625.8394      2546.5079      3014.356       39425.87       6149.6983      991.01171      0.95267138   
    123000   83249.725      306.59764      469.78061      54310.904     -1645.1516      2550.7775      2991.4695      39342.283      6195.2741      982.94375      0.95070107   
    124000   82912.985      304.63118     -128.42148      54386.148     -1635.726       2544.1648      3065.835       39366.977      6193.0827      998.00931      0.95456221   
    125000   83584.994      304.95024     -17.41636       54344.174     -1659.7673      2549.3951      2989.9705      39532.589      6097.4813      974.42792      0.9468877    
    126000   84234.905      314.4872      -16.744619      54582.047     -1644.3626      2544.3975      3022.5059      39465.703      6154.5151      982.16168      0.93958202   
    127000   83803.145      311.65048      143.0143       54490.792     -1653.9991      2547.4415      2995.0178      39516.362      6113.6179      973.87767      0.94442282   
    128000   83600.744      307.17011      1189.2966      54249.408     -1669.4648      2542.7398      2984.0588      39415.442      6091.8351      979.23822      0.94670931   
    129000   83355.858      309.19809     -550.68474      54411.526     -1654.968       2545.5802      2975.9614      39378.774      6234.8136      983.15814      0.94949058   
    130000   83836.901      308.94168      618.1203       54515.773     -1608.6641      2551.6145      3042.2905      39477.506      6121.9321      986.73684      0.94404256   
    131000   83537.797      305.60407      2261.8498      54480.868     -1604.9434      2552.7468      3038.5504      39551.387      6086.2525      982.62073      0.94742267   
    132000   83459.525      304.77989      891.18147      54329.261     -1605.674       2551.9597      2968.4128      39426.804      6139.5923      991.78824      0.94831121   
    133000   83541.698      308.76146      280.0955       54409.457     -1664.3802      2545.7446      2988.8336      39481.149      6136.1365      983.90626      0.94737842   
    134000   83055.208      308.015        1722.6998      54458.17      -1608.0889      2548.2438      2963.8832      39360.299      6274.3262      996.85068      0.95292762   
    135000   82823.737      305.743        1085.1348      54286.578     -1657.5725      2547.851       2960.0768      39280.634      6288.1474      990.31182      0.95559082   
    136000   83249.052      307.53262      645.43753      54369.185     -1668.8436      2549.0255      2914.9934      39592.336      6094.0614      974.15779      0.95070875   
    137000   83477.82       307.03306      1681.696       54399.356     -1616.2621      2548.0532      2932.2251      39586.444      6066.6832      979.72414      0.94810337   
    138000   83576.345      307.73364      855.24886      54378.96      -1622.4342      2549.8492      2910.4996      39519.694      6120.5575      983.19418      0.94698568   
    139000   82768.304      308.92617      992.89524      54501.247     -1649.1599      2548.0997      3027.975       39521.714      6128.9383      981.47252      0.95623082   
    140000   83675.424      310.39832      405.96816      54386.733     -1614.6562      2552.4835      3017.8604      39422.987      6056.9838      978.67985      0.94586437   
    141000   84220.091      312.9673       446.29209      54620.265     -1595.5105      2546.0838      3039.4804      39397.231      6214.6086      992.58862      0.9397473    
    142000   83104.53       305.4441       1121.2128      54373.16      -1639.8316      2551.2789      2878.7674      39552.197      6177.4077      983.36079      0.95236208   
    143000   83410.538      302.33611      297.11528      54237.366     -1630.3387      2548.8837      2987.0473      39435.061      6109.3065      981.97953      0.94886814   
    144000   83473.437      303.67038      269.26811      54332.744     -1654.6554      2549.8021      2969.3258      39456.034      6190.7492      986.95929      0.94815315   
    145000   83346.045      308.05617      1248.3185      54397.77      -1616.8929      2545.6706      2934.7563      39390.897      6227.4171      992.86917      0.94960238   
    146000   82870.929      309.41856      400.27323      54390.786     -1700.8785      2550.967       2942.6802      39433.814      6220.5013      992.41034      0.95504665   
    147000   83500.366      302.25514      1278.2216      54340.933     -1638.194       2548.9116      3039.1855      39463.438      6132.254       990.08933      0.94784737   
    148000   83622.88       306.57315      850.84058      54356.849     -1618.8479      2550.011       2927.3475      39470.548      6143.2483      989.28137      0.9464587    
    149000   83477.732      306.36116      767.38492      54474.091     -1635.4332      2547.9624      3012.3005      39582.535      6103.5808      972.9968       0.94810437   
    150000   83259.971      307.16976      974.53958      54493.171     -1658.5497      2549.978       3032.3051      39529.562      6144.9682      987.9451       0.95058407   
    150023   83324.7        306.0661       269.43148      54486.091     -1658.8926      2548.2525      3022.6363      39591.509      6119.6886      978.31093      0.94984563   
Loop time of 88.2253 on 48 procs for 50000 steps with 6900 atoms

Performance: 24.483 ns/day, 0.980 hours/ns, 566.731 timesteps/s, 3.910 Matom-step/s
99.9% CPU use with 48 MPI tasks x 1 OpenMP threads

MPI task timing breakdown:
Section |  min time  |  avg time  |  max time  |%varavg| %total
---------------------------------------------------------------
Pair    | 35.23      | 47.765     | 58.081     |  90.7 | 54.14
Bond    | 3.0269     | 4.265      | 5.0712     |  24.4 |  4.83
Kspace  | 16.04      | 27.133     | 40.952     | 128.7 | 30.75
Neigh   | 1.9431     | 1.9498     | 1.9542     |   0.2 |  2.21
Comm    | 4.3436     | 4.5212     | 4.7351     |   4.0 |  5.12
Output  | 0.03771    | 0.064749   | 0.092477   |   6.4 |  0.07
Modify  | 1.7467     | 2.0207     | 2.2135     |   9.6 |  2.29
Other   |            | 0.5063     |            |       |  0.57

Nlocal:         143.75 ave         165 max         107 min
Histogram: 2 3 0 5 2 5 8 9 9 5
Nghost:        3742.23 ave        3848 max        3651 min
Histogram: 4 6 5 3 8 4 8 7 2 1
Neighs:        43303.9 ave       52213 max       29743 min
Histogram: 2 5 1 2 5 6 6 8 9 4

Total # of neighbors = 2078585
Ave neighs/atom = 301.2442
Ave special neighs/atom = 13.675362
Neighbor list builds = 878
Dangerous builds = 0
PPPM initialization ...
  using 12-bit tables for long-range coulomb (src/kspace.cpp:342)
  G vector (1/distance) = 0.23322837
  grid = 16 16 16
  stencil order = 5
  estimated absolute RMS force accuracy = 0.0030854242
  estimated relative force accuracy = 9.2914425e-06
  using double precision MKL FFT
  3d grid and FFT values/proc = 891 96
Generated 36 of 36 mixed pair_coeff terms from arithmetic mixing rule
Setting up Verlet run ...
  Unit style    : real
  Current step  : 150023
  Time step     : 0.5
Per MPI rank memory allocation (min/avg/max) = 18.75 | 18.81 | 18.96 Mbytes
   Step         Volume          Temp          Press          TotEng         E_vdwl         E_coul         E_bond        E_angle        E_dihed        E_impro        Density    
    150023   83324.7        600            3585.5812      60530.704     -1658.8926      2559.5496      3022.6363      39591.509      6119.6886      978.31093      0.94984563   
    151000   83324.7        588.52119      3376.1652      66067.615     -1220.8841      2558.6249      5035.16        42006.307      6971.9645      1035.4546      0.94984563   
    152000   83324.7        600.17253      767.22976      66714.178     -1269.4609      2550.563       5304.3371      41981.235      7171.5177      1055.9025      0.94984563   
    153000   83324.7        594.41183      3462.2927      66299.319     -1223.6621      2560.9318      5130.8938      42018.881      6964.1104      1047.0673      0.94984563   
    154000   83324.7        608.00429      1958.213       66519.906     -1236.8037      2559.5362      5089.0586      42015.548      6977.7425      1033.4506      0.94984563   
    155000   83324.7        599.98871      2654.1493      66105.6       -1293.6929      2557.3338      5160.7353      41704.271      7032.5022      1029.0429      0.94984563   
    156000   83324.7        595.81555      2363.1957      66416.096     -1241.8407      2560.8853      5295.5837      41825.441      7096.6316      1046.9745      0.94984563   
    157000   83324.7        600.09916      1249.1856      66438.754     -1265.5089      2559.4643      5212.9195      41928.244      7046.2657      1037.7101      0.94984563   
    158000   83324.7        591.64486      2305.6351      66454.227     -1208.9673      2557.3642      5298.3528      41958.672      7058.6956      1045.3584      0.94984563   
    159000   83324.7        601.41449      2617.3191      66596.452     -1209.7384      2558.6737      5277.8636      42038.344      6956.2908      1029.999       0.94984563   
    160000   83324.7        597.59922      547.39954      66399.169     -1196.0771      2560.6449      5260.9316      41949.069      6923.7654      1032.4017      0.94984563   
    161000   83324.7        597.35447      473.69241      66480.841     -1231.086       2559.7128      5234.0059      42043.12       6963.7155      1049.1554      0.94984563   
    162000   83324.7        606.26551      2950.9019      66758.304     -1168.7017      2558.2568      5319.6409      42020.522      6960.7926      1023.0944      0.94984563   
    163000   83324.7        596.60903      945.59851      66454.607     -1240.7767      2553.2577      5221.7159      42032.042      7011.0942      1031.958       0.94984563   
    164000   83324.7        588.06486      207.41296      65950.896     -1288.323       2558.1927      5123.5649      41846.406      7006.5729      1032.911       0.94984563   
    165000   83324.7        594.34982      3317.3892      66570.577     -1166.5599      2556.8416      5224.1562      42091.23       7016.2814      1049.2075      0.94984563   
    166000   83324.7        603.948        2181.5734      66422.989     -1241.4884      2561.2056      5186.4257      41918.728      6956.7972      1043.9113      0.94984563   
    167000   83324.7        599.77407      1586.3114      66222.185     -1253.0725      2549.8377      5091.7063      42033.418      6880.7366      1010.8257      0.94984563   
    168000   83324.7        604.84483      1890.2171      66675.313     -1231.4264      2556.3774      5258.6372      41909.286      7119.1825      1047.6363      0.94984563   
    169000   83324.7        609.13783      1173.2368      66563.045     -1190.3553      2556.0878      5204.3071      41906.9        6947.4984      1034.7556      0.94984563   
    170000   83324.7        603.6783       405.05949      66625.768     -1197.0263      2557.0638      5148.8187      42022.419      7063.6541      1038.3817      0.94984563   
    171000   83324.7        586.21671      2802.4654      66204.3       -1190.2759      2552.2741      5076.7145      42149.447      6948.2919      1035.7297      0.94984563   
    172000   83324.7        602.4918       2393.8038      66677.577     -1256.7344      2553.8301      5292.5102      41995.443      7077.238       1048.3035      0.94984563   
    173000   83324.7        597.03614      1438.7255      66375.077     -1250.5762      2553.6439      5073.9496      42146.753      6953.1335      1043.9048      0.94984563   
    174000   83324.7        599.61482     -1277.2232      66587.045     -1279.9869      2555.0851      5256.0787      42063.967      7033.4483      1050.5118      0.94984563   
    175000   83324.7        596.23609      1830.4411      66199.718     -1272.1463      2558.4107      5208.5683      41865.828      6953.4559      1046.4229      0.94984563   
    176000   83324.7        606.43989      1732.3975      66641.506     -1255.7266      2556.9661      5248.2829      42002.141      7000.0716      1041.9934      0.94984563   
    177000   83324.7        610.33508      1718.1283      66420.267     -1291.7069      2554.2332      5113.4173      41917.411      6975.0264      1022.798       0.94984563   
    178000   83324.7        596.21302      720.67272      66255.283     -1288.8962      2554.9884      5096.303       41991.901      7027.6946      1034.3274      0.94984563   
    179000   83324.7        603.36471      967.55022      66664.404     -1254.4324      2556.3479      5264.7393      42069.484      7007.3633      1035.4153      0.94984563   
    180000   83324.7        603.89311      1649.9824      66846.593     -1174.9077      2558.2681      5448.0472      41991.827      7002.084       1025.621       0.94984563   
    181000   83324.7        601.32209      1121.7907      66466.318     -1248.912       2549.659       5303.9323      41905.291      6968.9512      1046.3421      0.94984563   
    182000   83324.7        605.83913      902.40666      66789.584     -1216.5546      2558.0714      5341.3942      42093.226      6933.0435      1044.0181      0.94984563   
    183000   83324.7        604.08217      188.90276      66648.586     -1283.847       2550.2735      5296.8908      42067.379      6983.4281      1035.9331      0.94984563   
    184000   83324.7        598.14038      2382.0578      66323.007     -1211.5692      2557.9941      5149.9031      41985.821      6927.5171      1037.3714      0.94984563   
    185000   83324.7        611.16918      2969.0575      66788.862     -1202.8882      2556.0383      5271.9741      41919.872      7056.7986      1040.9652      0.94984563   
    186000   83324.7        599.85531      1456.1136      66439.162     -1257.2483      2558.02        5264.1864      42042.818      6883.7206      1033.7885      0.94984563   
    187000   83324.7        603.47367      3468.1916      66562.972     -1233.7745      2548.9945      5085.4776      42109.054      7022.7582      1045.6061      0.94984563   
    188000   83324.7        612.76673      2101.4484      66679.897     -1251.7851      2557.1987      5228.6964      41959.205      6979.4288      1027.3738      0.94984563   
    189000   83324.7        597.24849      2292.3848      66318.912     -1214.0448      2560.698       5219.1985      41782.634      7068.3377      1040.5688      0.94984563   
    190000   83324.7        598.17951      1096.6417      66340.606     -1281.4478      2560.6109      5263.823       42060.749      6822.1752      1036.4925      0.94984563   
    191000   83324.7        593.80356      2206.9115      66445.631     -1230.5786      2559.269       5318.9665      41998.275      6980.3716      1029.3309      0.94984563   
    192000   83324.7        603.77112      1275.4086      66434.566     -1256.7984      2556.515       5375.6953      41642.723      7083.6896      1039.2115      0.94984563   
    193000   83324.7        605.32983      775.11489      66729.633     -1259.0122      2559.0417      5239.1403      42068.182      7064.7795      1032.9098      0.94984563   
    194000   83324.7        593.86492      986.54557      66403.84      -1248.4404      2560.212       5324.7366      42003.265      6936.6253      1038.2453      0.94984563   
    195000   83324.7        594.57897      2186.8274      66512.668     -1219.9078      2555.8184      5286.6508      42165.846      6882.9384      1036.2073      0.94984563   
    196000   83324.7        597.01401      2233.6091      66328.941     -1216.4914      2557.3176      5252.9841      41882.657      6959.6952      1037.7526      0.94984563   
    197000   83324.7        604.11856      2477.249       66620.071     -1213.0865      2556.3764      5203.6         42117.731      6932.9402      1021.663       0.94984563   
    198000   83324.7        603.73295      3059.328       66374.93      -1243.6611      2558.605       5096.5175      42012.532      6926.4483      1033.0798      0.94984563   
    199000   83324.7        600.74538      1433.7007      66478.634     -1281.5138      2558.2724      5326.0227      41898.228      7003.2109      1043.7323      0.94984563   
    200000   83324.7        599.48725      1855.7005      66667.756     -1205.7734      2554.5891      5369.62        42017.362      6987.1336      1039.9106      0.94984563   
    200023   83324.7        599.73778      2751.7588      66710.423     -1232.8131      2558.1284      5225.6483      42113.661      7091.3629      1043.5815      0.94984563   
Loop time of 84.0712 on 48 procs for 50000 steps with 6900 atoms

Performance: 25.693 ns/day, 0.934 hours/ns, 594.734 timesteps/s, 4.104 Matom-step/s
99.9% CPU use with 48 MPI tasks x 1 OpenMP threads

MPI task timing breakdown:
Section |  min time  |  avg time  |  max time  |%varavg| %total
---------------------------------------------------------------
Pair    | 35.392     | 46.912     | 55.791     |  70.1 | 55.80
Bond    | 2.0738     | 3.1227     | 3.7165     |  19.3 |  3.71
Kspace  | 15.963     | 24.632     | 36.628     |  97.2 | 29.30
Neigh   | 3.088      | 3.0958     | 3.1015     |   0.2 |  3.68
Comm    | 4.8822     | 5.3621     | 5.9121     |  10.9 |  6.38
Output  | 0.038426   | 0.064692   | 0.092032   |   6.2 |  0.08
Modify  | 0.41189    | 0.50338    | 0.62815    |   6.1 |  0.60
Other   |            | 0.3786     |            |       |  0.45

Nlocal:         143.75 ave         163 max          93 min
Histogram: 1 0 0 2 3 7 5 10 10 10
Nghost:        3768.48 ave        3916 max        3679 min
Histogram: 3 5 13 8 5 5 5 2 1 1
Neighs:        43133.5 ave       52594 max       25905 min
Histogram: 1 0 2 2 5 8 11 9 4 6

Total # of neighbors = 2070406
Ave neighs/atom = 300.05884
Ave special neighs/atom = 13.675362
Neighbor list builds = 1428
Dangerous builds = 0
PPPM initialization ...
  using 12-bit tables for long-range coulomb (src/kspace.cpp:342)
  G vector (1/distance) = 0.23322837
  grid = 16 16 16
  stencil order = 5
  estimated absolute RMS force accuracy = 0.0030854242
  estimated relative force accuracy = 9.2914425e-06
  using double precision MKL FFT
  3d grid and FFT values/proc = 891 96
Generated 36 of 36 mixed pair_coeff terms from arithmetic mixing rule
Setting up Verlet run ...
  Unit style    : real
  Current step  : 200023
  Time step     : 0.5
Per MPI rank memory allocation (min/avg/max) = 18.75 | 18.81 | 18.96 Mbytes
   Step         Volume          Temp          Press          TotEng         E_vdwl         E_coul         E_bond        E_angle        E_dihed        E_impro        Density    
    200023   83324.7        308           -539.57721      60710.95      -1232.8131      2558.1284      5225.6483      42113.661      7091.3629      1043.5815      0.94984563   
    201000   83324.7        311.47119      346.9734       54643.964     -1635.0466      2557.0857      2979.1903      39623.698      6163.473       973.72602      0.94984563   
    202000   83324.7        304.41879      39.142762      54355.28      -1614.4107      2558.7549      3025.8532      39482.018      6086.0489      979.31653      0.94984563   
    203000   83324.7        311.13947     -656.39988      54515.632     -1653.1452      2562.6098      3038.0924      39486.267      6127.9752      977.61324      0.94984563   
    204000   83324.7        309.39797      659.9867       54495.158     -1646.3465      2558.7585      2993.1675      39559.292      6114.0871      975.6151       0.94984563   
    205000   83324.7        306.05017     -55.868951      54365.903     -1609.6013      2558.3925      2947.1525      39492.405      6122.0608      983.61173      0.94984563   
    206000   83324.7        309.35105      167.28591      54542.006     -1614.5517      2554.6732      3026.63        39514.925      6145.8613      976.95383      0.94984563   
    207000   83324.7        306.50689      1599.3502      54506.879     -1606.9023      2557.6311      3011.2534      39492.886      6186.9768      985.30704      0.94984563   
    208000   83324.7        309.19053      255.38898      54354.666     -1638.8439      2561.2471      2963.0335      39487.789      6063.7706      980.61416      0.94984563   
    209000   83324.7        303.06445      282.52918      54387.17      -1602.429       2560.2908      3012.264       39507.712      6123.922       975.30515      0.94984563   
    210000   83324.7        310.22319      387.90884      54552.498     -1624.4476      2557.6234      2990.8774      39587.207      6103.7039      980.36714      0.94984563   
    211000   83324.7        307.85828      190.2299       54385.121     -1614.2285      2558.1599      2957.3108      39514.637      6077.0991      982.4281       0.94984563   
    212000   83324.7        312.51085      1811.9668      54495.986     -1640.5412      2558.4199      3011.6739      39446.512      6132.9635      983.11664      0.94984563   
    213000   83324.7        304.92861      1088.5812      54445.064     -1569.9564      2558.4652      2988.4112      39428.536      6213.2864      979.45915      0.94984563   
    214000   83324.7        308.08593      1189.3513      54435.881     -1642.995       2558.2331      3032.1274      39448.06       6145.1033      982.11628      0.94984563   
    215000   83324.7        316.94478     -668.20354      54596.733     -1635.9631      2563.0626      3071.8847      39440.692      6084.2178      976.37286      0.94984563   
    216000   83324.7        309.5344       1806.6976      54392.233     -1605.3003      2559.4929      3055.7087      39347.612      6111.2821      979.55428      0.94984563   
    217000   83324.7        307.29891      165.54976      54505.784     -1630.7715      2552.0738      3064.2391      39496.814      6141.0226      984.78986      0.94984563   
    218000   83324.7        308.19358      1371.5103      54395.601     -1619.767       2558.685       2980.9645      39482.819      6093.8021      982.51606      0.94984563   
    219000   83324.7        304.9136       936.81727      54443.762     -1610.6956      2557.8691      2963.7475      39570.675      6130.937       982.80174      0.94984563   
    220000   83324.7        310.55594      927.65305      54563.372     -1598.3569      2559.5419      2957.5364      39567.745      6131.4167      980.98949      0.94984563   
    221000   83324.7        308.74457      64.202661      54418.31      -1606.1336      2555.939       2934.5998      39562.632      6062.1551      981.83405      0.94984563   
    222000   83324.7        305.95748      694.90404      54387.424     -1615.5053      2563.8078      2987.3267      39493.977      6121.9495      966.44901      0.94984563   
    223000   83324.7        311.0913      -859.81975      54492.939     -1648.4256      2559.9824      3086.4143      39493.887      6043.4771      982.59875      0.94984563   
    224000   83324.7        314.98401      838.89584      54608.277     -1589.7856      2560.1586      3048.8605      39461.154      6091.2192      981.61568      0.94984563   
    225000   83324.7        307.84819     -441.96968      54427.135     -1623.2503      2564.4521      3057.8404      39482.727      6061.0361      976.071        0.94984563   
    226000   83324.7        310.14967      126.07791      54423.342     -1628.0305      2559.8363      2965.8036      39465.637      6121.6501      982.51445      0.94984563   
    227000   83324.7        314.40593      609.72789      54554.225     -1616.0376      2561.2167      2982.3253      39473.554      6133.6134      975.88647      0.94984563   
    228000   83324.7        297.78373      637.1563       54270.742     -1640.454       2561.2864      3065.8998      39439.944      6168.161       973.29528      0.94984563   
    229000   83324.7        310.15284     -190.49927      54422.862     -1662.284       2561.3766      2995.9137      39556.475      6042.2038      972.6207       0.94984563   
    230000   83324.7        313.24491      1458.3538      54558.396     -1594.6402      2561.9659      2990.8112      39416.898      6183.2424      982.05518      0.94984563   
    231000   83324.7        310.83946      489.73166      54612.508     -1631.3874      2558.65        2961.8289      39627.557      6150.3561      974.23663      0.94984563   
    232000   83324.7        308.69613      1140.036       54427.477     -1601.739       2563.0648      2968.5784      39497.865      6098.2444      975.09572      0.94984563   
    233000   83324.7        309.45012      14.631337      54502.377     -1632.2437      2561.9824      2987.9826      39501.589      6156.2321      985.11878      0.94984563   
    234000   83324.7        303.33702      1450.0933      54308.637     -1621.8056      2558.281       2963.2081      39536.059      6083.5466      973.77231      0.94984563   
    235000   83324.7        305.94127      127.10909      54428.745     -1621.1261      2559.8194      3019.8784      39512.901      6111.2109      976.13608      0.94984563   
    236000   83324.7        308.93546      1611.3779      54467.986     -1609.1043      2560.4303      2903.7476      39411.038      6278.3678      991.61216      0.94984563   
    237000   83324.7        305.57745      817.99109      54360.76      -1612.1275      2556.5408      2939.1785      39494.445      6141.7447      978.31085      0.94984563   
    238000   83324.7        306.64841      585.07057      54454.25      -1657.6655      2561.112       3001.7003      39592.006      6096.0612      978.5289       0.94984563   
    239000   83324.7        310.44824      364.95975      54407.08      -1634.5751      2563.9748      2960.7924      39455.892      6113.4721      985.69932      0.94984563   
    240000   83324.7        308.59125     -400.6837       54343.529     -1627.8708      2562.6978      2937.3303      39465.679      6105.8173      975.24097      0.94984563   
    241000   83324.7        311.86522      651.32841      54466.799     -1651.3884      2560.8163      2922.417       39692.815      5969.001       982.70604      0.94984563   
    242000   83324.7        302.46218      1037.2775      54453.348     -1602.2273      2559.8697      3047.7         39413.754      6246.1348      990.85847      0.94984563   
    243000   83324.7        309.25671     -950.73757      54384.769     -1703.41        2561.7783      2986.7483      39485.676      6142.5584      972.75647      0.94984563   
    244000   83324.7        304.54651      243.30782      54360.408     -1632.8063      2556.8751      3052.1638      39564.679      6002.4058      976.38865      0.94984563   
    245000   83324.7        313.50442     -665.68984      54553.223     -1685.4891      2555.6348      3007.9297      39479.958      6184.8236      986.91843      0.94984563   
    246000   83324.7        313.60439      256.62176      54435.411     -1680.9891      2560.1961      2963.6671      39577.275      6020.7337      968.61855      0.94984563   
    247000   83324.7        307.4304       2175.4457      54387.53      -1567.7151      2557.5335      2906.3354      39542.156      6070.079       979.83854      0.94984563   
    248000   83324.7        306.80622      1235.9841      54423.231     -1619.716       2558.2171      2988.748       39542.665      6093.5507      974.05148      0.94984563   
    249000   83324.7        302.57234     -160.44856      54298.374     -1623.2982      2555.8101      3029.3632      39462.869      6099.9983      975.14051      0.94984563   
    250000   83324.7        309.9501       1277.4696      54428.398     -1604.2159      2559.6073      2959.7492      39436.389      6148.4178      977.68271      0.94984563   
    251000   83324.7        304.75147     -25.969709      54343.985     -1638.0382      2560.3959      2954.6816      39550.948      6098.9488      971.70598      0.94984563   
    252000   83324.7        301.45971     -212.06823      54382.136     -1658.229       2559.8066      3023.2629      39655.573      6057.7777      967.39552      0.94984563   
    253000   83324.7        306.20852     -820.1099       54354.392     -1604.325       2560.7309      3001.7155      39496.484      6049.5024      975.16894      0.94984563   
    254000   83324.7        313.61144      885.42553      54605.096     -1625.5206      2560.5534      3043.2395      39516.916      6100.908       982.11412      0.94984563   
    255000   83324.7        307.24533      355.23361      54422.806     -1622.3984      2562.2121      3009.306       39403.52       6193.3731      982.16042      0.94984563   
    256000   83324.7        307.17559      598.19231      54453.018     -1617.5973      2562.5547      2949.1802      39534.504      6151.8557      978.52416      0.94984563   
    257000   83324.7        312.87287      1752.5945      54589.725     -1643.5316      2556.4897      3026.4825      39516.065      6147.5528      975.52297      0.94984563   
    258000   83324.7        303.20772     -332.36712      54370.794     -1676.5993      2562.1381      3033.9772      39475.362      6182.2267      980.6711       0.94984563   
    259000   83324.7        308.89059      466.57406      54460.254     -1657.9303      2558.6455      3007.0037      39522.821      6132.6783      967.11402      0.94984563   
    260000   83324.7        306.32565      409.48665      54339.632     -1645.3746      2558.667       3006.859       39445.931      6112.9841      983.90554      0.94984563   
    261000   83324.7        308.76531      649.71022      54538.196     -1662.6404      2559.8467      2989.9927      39575.492      6175.9156      972.81072      0.94984563   
    262000   83324.7        307.19558      424.67337      54348.963     -1625.5339      2556.7458      2941.7147      39504.217      6103.1061      973.40768      0.94984563   
    263000   83324.7        306.81891      826.32153      54607.338     -1618.5966      2560.4147      3061.5301      39590.689      6151.8414      974.26711      0.94984563   
    264000   83324.7        307.70894      1574.1314      54377.23      -1633.1351      2554.5551      2926.2732      39620.659      6021.1551      982.67353      0.94984563   
    265000   83324.7        304.68334      1826.8516      54297.107     -1629.4738      2557.6912      2960.1268      39522.514      6072.4961      969.64529      0.94984563   
    266000   83324.7        306.19272      258.32522      54373.77      -1666.3258      2556.0286      2968.3621      39509.613      6154.7498      976.18014      0.94984563   
    267000   83324.7        305.54048      1764.0481      54419.649     -1604.1855      2562.1003      2948.8269      39558.809      6117.4842      975.34646      0.94984563   
    268000   83324.7        311.06462      1717.2866      54392.022     -1627.3158      2557.0131      2928.961       39463.095      6111.7853      983.70417      0.94984563   
    269000   83324.7        311.46083      331.20874      54499.578     -1621.4023      2556.6712      2951.4403      39510.617      6143.2993      976.39402      0.94984563   
    270000   83324.7        310.79099      2050.9017      54421.252     -1633.515       2557.8301      2969.2356      39380.559      6196.8468      982.03601      0.94984563   
    271000   83324.7        312.85469      965.39255      54520.086     -1616.4404      2558.7099      2969.6023      39533.747      6098.1945      965.69232      0.94984563   
    272000   83324.7        310.86135      1386.6745      54538.782     -1602.7033      2556.2976      2957.6885      39628.404      6051.2876      977.96377      0.94984563   
    273000   83324.7        307.85454      1313.8117      54297.741     -1612.5248      2555.8799      2947.9052      39397.833      6123.6963      976.62666      0.94984563   
    274000   83324.7        307.9305       1156.2673      54483.147     -1599.6997      2558.7591      2995.1907      39572.097      6063.589       982.30971      0.94984563   
    275000   83324.7        305.62741      742.618        54334.748     -1643.073       2558.5829      2966.6827      39555.465      6065.2553      970.86391      0.94984563   
    276000   83324.7        306.06636      1090.5934      54428.328     -1621.5094      2562.4168      3008.1442      39501.581      6131.9589      974.98578      0.94984563   
    277000   83324.7        308.98035      714.72651      54395.303     -1615.729       2561.4789      3034.2707      39367.557      6136.3892      979.65698      0.94984563   
    278000   83324.7        314.75435      455.36184      54716.108     -1579.9991      2556.8773      3127.322       39538.508      6048.744       975.53601      0.94984563   
    279000   83324.7        310.60862      762.52759      54408.53      -1646.1827      2562.1889      3026.9204      39390.238      6126.2319      984.04333      0.94984563   
    280000   83324.7        307.66049     -1465.763       54402.857     -1624.3766      2556.3642      3046.6998      39369.896      6175.4504      975.87353      0.94984563   
    281000   83324.7        302.29664      1699.4804      54340.712     -1606.8467      2557.5709      3048.2464      39522.033      6053.2925      973.31382      0.94984563   
    282000   83324.7        306.11417      1313.353       54494.518     -1569.3862      2556.5184      3002.5168      39591.272      6066.6797      974.85127      0.94984563   
    283000   83324.7        302.95943      582.71395      54289.755     -1625.1117      2557.602       2949.0726      39559.496      6062.7156      979.51819      0.94984563   
    284000   83324.7        312.57081      184.3647       54483.055     -1658.24        2556.6482      3004.7221      39461.049      6143.2992      971.33336      0.94984563   
    285000   83324.7        303.50119      648.45797      54372.92      -1642.1573      2555.8664      3054.6206      39610.21       6009.5272      966.95583      0.94984563   
    286000   83324.7        306.32782      520.29661      54431.719     -1626.2855      2560.7969      3031.6538      39555.033      6066.3373      967.54299      0.94984563   
    287000   83324.7        309.49704      767.57884      54454.758     -1631.0863      2558.6132      2944.0434      39586.473      6075.6494      980.39629      0.94984563   
    288000   83324.7        305.82395      1215.9342      54378.876     -1584.8633      2559.0015      2982.5252      39503.388      6069.1315      983.00178      0.94984563   
    289000   83324.7        310.61043      312.1764       54447.343     -1683.9481      2559.3802      2956.5545      39510.542      6155.1491      983.24984      0.94984563   
    290000   83324.7        307.76113      56.007183      54384.87      -1633.2595      2557.3739      2978.5891      39477.601      6124.3483      973.08759      0.94984563   
    291000   83324.7        305.04686      199.63022      54257.274     -1622.1556      2563.2181      2986.0048      39349.779      6152.3227      975.89451      0.94984563   
    292000   83324.7        311.33982      1217.6104      54482.364     -1607.6811      2559.6126      2968.7579      39460.584      6141.111       981.18223      0.94984563   
    293000   83324.7        305.02646      235.02517      54342.005     -1608.1146      2560.8263      3016.7765      39491.034      6061.043       969.08893      0.94984563   
    294000   83324.7        308.68306      186.8676       54477.164     -1617.013       2561.013       3037.4395      39360.135      6220.3692      990.98749      0.94984563   
    295000   83324.7        304.892       -1464.2773      54426.074     -1650.9081      2559.8528      3084.0091      39569.883      6049.146       966.74961      0.94984563   
    296000   83324.7        307.40993      44.050188      54550.853     -1614.1617      2558.4829      3056.1092      39504.505      6171.7676      974.19164      0.94984563   
    297000   83324.7        306.04572      823.37912      54340.336     -1627.808       2554.8639      2978.0783      39436.147      6150.2373      978.82215      0.94984563   
    298000   83324.7        304.20031      1005.9758      54390.658     -1665.8373      2556.811       3002.9479      39502.375      6174.6452      987.29255      0.94984563   
    299000   83324.7        307.87291      1669.0906      54396.088     -1660.0417      2557.0645      3012.7725      39454.999      6140.7228      982.8511       0.94984563   
    300000   83324.7        303.11897      391.54346      54258.859     -1636.1136      2556.1757      3003.2704      39429.019      6118.6777      976.29584      0.94984563   
    300023   83324.7        303.27925      96.699825      54262.718     -1630.0933      2553.9192      3058.2966      39390.85       6111.2027      964.3746       0.94984563   
Loop time of 164.804 on 48 procs for 100000 steps with 6900 atoms

Performance: 26.213 ns/day, 0.916 hours/ns, 606.783 timesteps/s, 4.187 Matom-step/s
99.9% CPU use with 48 MPI tasks x 1 OpenMP threads

MPI task timing breakdown:
Section |  min time  |  avg time  |  max time  |%varavg| %total
---------------------------------------------------------------
Pair    | 64.241     | 93.789     | 110.62     | 103.7 | 56.91
Bond    | 3.7154     | 6.2319     | 7.6557     |  28.5 |  3.78
Kspace  | 32.169     | 48.6       | 78.996     | 145.1 | 29.49
Neigh   | 3.7398     | 3.7491     | 3.7544     |   0.2 |  2.27
Comm    | 9.3721     | 10.543     | 12.079     |  16.0 |  6.40
Output  | 0.074831   | 0.12719    | 0.18083    |   8.8 |  0.08
Modify  | 0.83774    | 1.0056     | 1.2694     |   8.7 |  0.61
Other   |            | 0.7579     |            |       |  0.46

Nlocal:         143.75 ave         171 max          91 min
Histogram: 1 0 0 2 2 12 7 16 3 5
Nghost:         3767.4 ave        3876 max        3675 min
Histogram: 2 2 8 12 6 5 5 4 2 2
Neighs:        43160.9 ave       54621 max       26521 min
Histogram: 1 0 1 5 7 11 10 6 4 3

Total # of neighbors = 2071725
Ave neighs/atom = 300.25
Ave special neighs/atom = 13.675362
Neighbor list builds = 1725
Dangerous builds = 0
PPPM initialization ...
  using 12-bit tables for long-range coulomb (src/kspace.cpp:342)
  G vector (1/distance) = 0.23322837
  grid = 16 16 16
  stencil order = 5
  estimated absolute RMS force accuracy = 0.0030854242
  estimated relative force accuracy = 9.2914425e-06
  using double precision MKL FFT
  3d grid and FFT values/proc = 891 96
Generated 36 of 36 mixed pair_coeff terms from arithmetic mixing rule
Setting up Verlet run ...
  Unit style    : real
  Current step  : 300023
  Time step     : 0.5
Per MPI rank memory allocation (min/avg/max) = 18.75 | 18.82 | 18.96 Mbytes
   Step         Volume          Temp          Press          TotEng         E_vdwl         E_coul         E_bond        E_angle        E_dihed        E_impro        Density    
    300023   83324.7        308            149.95853      54359.798     -1630.0933      2553.9192      3058.2966      39390.85       6111.2027      964.3746       0.94984563   
    301000   63869.487      309.36783      26502.765      56162.086     -915.69699      2557.9105      2727.5218      39022.265      7734.6687      1104.7104      1.2391771    
    302000   62483.693      304.95115      29013.382      56510.769     -924.25409      2554.8643      2824.0206      39400.087      7735.3032      1085.9592      1.2666601    
    303000   61924.812      309.59633      30110.83       56596         -1017.3754      2562.1949      2791.9988      39337.608      7901.5563      1089.2742      1.2780919    
    304000   61428.281      308.29079      29155.399      56786.71      -1053.2081      2555.5649      2941.7733      39347.255      7989.8522      1101.5808      1.2884229    
    305000   61303.211      301.91807      28318.866      56648.957     -1070.5167      2553.4469      2862.9288      39219.794      8201.6327      1108.0478      1.2910515    
    306000   61112.959      302.03398      30713.704      56484.504     -1091.2001      2550.8403      2842.2761      39291.53       8009.1833      1105.642       1.2950707    
    307000   61008.466      307.88162      28436.812      56853.964     -1076.1896      2553.5684      2986.8494      39428.843      7958.5417      1106.4353      1.2972889    
    308000   61067.292      312.11372      29904.616      56693.124     -1087.0614      2554.5343      2904.485       39321.821      7911.702       1104.268       1.2960392    
    309000   60628.789      306.84297      29401.08       56912.484     -1110.3013      2551.0472      3075.1115      39518.593      7908.3674      1096.1166      1.3054129    
    310000   60686.599      305.40227      28784.455      56684.26      -1138.9561      2555.5291      2959.7371      39414.95       7940.8065      1108.7223      1.3041693    
    311000   60619.35       310.6901       29937.205      56839.443     -1128.7131      2553.7137      2929.6395      39518.04       7914.8379      1099.5211      1.3056162    
    312000   60460.212      307.26954      30712.607      56887.772     -1078.8692      2554.2856      3009.6935      39479.73       7936.3259      1105.0854      1.3090527    
    313000   60511.473      306.26813      30014.662      56734.365     -1150.6066      2554.5733      2922.4979      39351.69       8084.2983      1110.3013      1.3079438    
    314000   60519.106      308.18845      30719.706      56934.459     -1084.3429      2557.8928      3078.6579      39470.763      7901.3409      1108.6441      1.3077788    
    315000   60426.496      308.88041      30949.589      56903.574     -1125.2807      2552.1603      3016.5736      39430.009      8010.6814      1104.2028      1.3097831    
    316000   60526.131      310.05718      28682.45       56892.94      -1177.9853      2554.0648      3110.9041      39405.182      7957.7708      1103.0964      1.307627     
    317000   60486.059      307.76328      29972.941      56917.341     -1116.851       2555.4316      3069.9294      39526.139      7894.7827      1095.1114      1.3084933    
    318000   60278.775      311.16669      31283.638      56906.895     -1169.3877      2547.9147      2989.5766      39494.213      7973.5893      1108.86        1.3129929    
    319000   60543.23       304.04549      29871.584      56828.083     -1121.9568      2547.6756      3106.7669      39512.974      7863.0756      1104.9914      1.3072577    
    320000   60470.172      311.80514      29798.772      57029.942     -1186.6557      2549.7038      3080.1846      39483.5        8023.714       1104.2182      1.3088371    
    321000   60329.856      311.92948      30479.535      56933.706     -1157.1711      2546.4231      2922.7895      39432.22       8106.6244      1106.4873      1.3118812    
    322000   60307.334      305.79909      32146.957      56863.846     -1046.8106      2546.1358      3057.0744      39345.012      8007.7359      1103.2833      1.3123711    
    323000   60410.433      305.58857      30271.043      56861.359     -1153.7786      2549.8134      3057.7776      39577.747      7893.8923      1089.5098      1.3101313    
    324000   60363.988      308.0841       29323.268      56824.912     -1171.127       2546.4013      3060.9048      39503.888      7892.1248      1094.7976      1.3111394    
    325000   60254.078      307.72914      30750.093      56933.577     -1134.9592      2555.3105      3128.3083      39392.273      8001.3517      1098.8345      1.3135311    
    326000   60452.057      309.33434      29617.775      56842.594     -1153.9296      2547.4877      3038.2337      39506.642      7875.4737      1103.5036      1.3092293    
    327000   60343.777      308.33638      29703.408      56950.636     -1171.8292      2551.5635      3091.5802      39434.206      8027.2919      1114.7473      1.3115785    
    328000   60379.285      312.23334      29882.654      56825.608     -1172.3561      2551.1619      2969.2563      39374.512      8000.1779      1118.8988      1.3108072    
    329000   60443.255      306.24378      30060.759      56870.067     -1145.4679      2546.5607      3116.5774      39434.869      7961.0668      1095.9018      1.3094199    
    330000   60486.615      307.49287      29428.338      56761.942     -1185.8515      2549.0006      3065.1685      39380.838      7959.1781      1107.7762      1.3084813    
    331000   60523.496      311.77368      29788.245      56923.304     -1188.0786      2544.6998      3055.949       39514.26       7913.9533      1107.9525      1.3076839    
    332000   60435.369      308.91947      28292.306      56807.306     -1144.9761      2549.5453      3005.3211      39444.447      7925.3043      1111.4311      1.3095908    
    333000   60533.04       307.86079      29143.742      56784.783     -1178.5798      2548.0978      3056.4608      39547.958      7825.8613      1090.5778      1.3074778    
    334000   60351.962      310.41951      30056.481      56889.25      -1123.5799      2546.2497      3041.26        39473.84       7906.8125      1098.4396      1.3114006    
    335000   60441.136      302.58351      29800.481      56711.163     -1179.0401      2549.3394      3009.9879      39399.64       8046.7826      1099.6055      1.3094658    
    336000   60435.442      310.05452      29063.697      56851.985     -1243.9157      2551.2539      3061.0787      39388.747      8044.2353      1111.6442      1.3095892    
    337000   60302.595      309.20413      30102.009      56797.773     -1160.6369      2551.1472      3071.0447      39360.938      7947.8167      1105.8542      1.3124742    
    338000   60289.41       305.63784      30187.874      56863.967     -1149.4705      2546.4613      3006.6731      39472.039      8020.4056      1119.4333      1.3127613    
    339000   60376.812      312.28605      30085.253      56903.101     -1209.3681      2546.5499      3052.2951      39518.147      7915.4994      1095.2837      1.3108609    
    340000   60213.996      306.80864      30338.52       56843.987     -1134.502       2551.4692      3088.3232      39441.204      7924.1805      1102.5011      1.3144054    
    341000   60234.273      309.91776      30317.598      56848.83      -1245.1663      2548.0634      3081.3555      39465.988      7957.1371      1105.9278      1.3139629    
    342000   60084          314.02459      30080.768      57078.514     -1150.6516      2546.9869      3034.321       39425.178      8093.967       1109.6113      1.3172492    
    343000   60328.362      306.75426      30249.571      56760.135     -1183.6763      2547.701       2986.4392      39503.151      7934.0411      1101.3585      1.3119137    
    344000   60058.9        313.79929      30346.435      57145.98      -1143.895       2549.4008      3071.2498      39489.642      8051.4922      1112.3828      1.3177997    
    345000   60429.267      308.21613      29288.737      56758.456     -1229.0351      2550.102       3042.3393      39351.082      8039.1501      1105.3128      1.309723     
    346000   60199.486      306.46042      30081.801      56793.045     -1183.6404      2547.9104      3026.8168      39338.863      8096.7138      1102.7714      1.3147222    
    347000   60158.191      309.03292      28732.711      56994.335     -1218.0886      2547.0966      3074.0234      39447.122      8113.5836      1114.984       1.3156247    
    348000   60059.082      307.01915      29734.981      56994.693     -1175.9932      2549.5689      3150.2229      39450.067      8040.7981      1104.6072      1.3177957    
    349000   60081.94       308.41068      31912.013      56927.409     -1158.4527      2547.5497      3032.0507      39404.141      8099.4923      1098.344       1.3172944    
    350000   60201.347      313.05903      30198.569      56930.461     -1182.5366      2549.8405      2980.3727      39439.483      8037.2072      1107.7855      1.3146816    
    350023   60208.192      310.51338      27837.476      56943.84      -1205.1038      2547.659       3024.5948      39419.849      8109.589       1101.1878      1.3145321    
Loop time of 101.391 on 48 procs for 50000 steps with 6900 atoms

Performance: 21.304 ns/day, 1.127 hours/ns, 493.141 timesteps/s, 3.403 Matom-step/s
99.9% CPU use with 48 MPI tasks x 1 OpenMP threads

MPI task timing breakdown:
Section |  min time  |  avg time  |  max time  |%varavg| %total
---------------------------------------------------------------
Pair    | 54.21      | 62.212     | 70.905     |  53.5 | 61.36
Bond    | 3.3182     | 4.1622     | 4.8886     |  15.4 |  4.11
Kspace  | 15.658     | 24.77      | 33.304     |  87.5 | 24.43
Neigh   | 2.3194     | 2.3249     | 2.3283     |   0.2 |  2.29
Comm    | 5.2124     | 5.3661     | 5.537      |   3.3 |  5.29
Output  | 0.034862   | 0.06174    | 0.089117   |   6.4 |  0.06
Modify  | 1.7645     | 2.0093     | 2.1873     |   9.2 |  1.98
Other   |            | 0.4839     |            |       |  0.48

Nlocal:         143.75 ave         161 max         133 min
Histogram: 6 6 9 5 5 5 8 3 0 1
Nghost:        4707.98 ave        4750 max        4664 min
Histogram: 2 2 2 10 5 12 6 3 3 3
Neighs:        59580.3 ave       69497 max       52156 min
Histogram: 5 7 5 5 6 7 3 7 2 1

Total # of neighbors = 2859855
Ave neighs/atom = 414.47174
Ave special neighs/atom = 13.675362
Neighbor list builds = 849
Dangerous builds = 0
PPPM initialization ...
  using 12-bit tables for long-range coulomb (src/kspace.cpp:342)
  G vector (1/distance) = 0.23724125
  grid = 15 15 15
  stencil order = 5
  estimated absolute RMS force accuracy = 0.0030050288
  estimated relative force accuracy = 9.0493399e-06
  using double precision MKL FFT
  3d grid and FFT values/proc = 1000 90
Generated 36 of 36 mixed pair_coeff terms from arithmetic mixing rule
Setting up Verlet run ...
  Unit style    : real
  Current step  : 350023
  Time step     : 0.5
Per MPI rank memory allocation (min/avg/max) = 18.76 | 18.84 | 18.98 Mbytes
   Step         Volume          Temp          Press          TotEng         E_vdwl         E_coul         E_bond        E_angle        E_dihed        E_impro        Density    
    350023   60208.192      600            32357.82       62896.896     -1205.1038      2585.6211      3024.5948      39419.849      8109.589       1101.1878      1.3145321    
    351000   60208.192      592.83788      33131.111      68550.298     -620.85961      2583.952       5127.7041      41994.436      8615.9926      1134.844       1.3145321    
    352000   60208.192      604.8642       32674.918      69263.66      -583.58057      2580.8763      5299.7122      42129.868      8720.1592      1155.6195      1.3145321    
    353000   60208.192      599.2441       34543.667      68758.774     -618.41175      2585.502       5173.5048      41796.808      8831.3676      1145.3446      1.3145321    
    354000   60208.192      603.29072      35535.804      68909.847     -659.16135      2582.5702      5193.8217      41840.009      8867.53        1155.6071      1.3145321    
    355000   60208.192      610.03393      34105.709      69119.824     -736.14322      2580.8026      5251.3475      41961.59       8834.6894      1158.4987      1.3145321    
    356000   60208.192      602.19043      32729.796      68834.772     -638.51266      2582.9435      5150.1877      41969.37       8715.5979      1148.238       1.3145321    
    357000   60208.192      598.58348      32867.132      69023.017     -639.72414      2582.2742      5305.628       42106.611      8701.2021      1134.2017      1.3145321    
    358000   60208.192      598.31619      32846.936      68901.782     -669.95076      2581.5478      5263.407       42103.572      8661.4518      1134.5149      1.3145321    
    359000   60208.192      593.23951      30055.134      68874.765     -737.50843      2581.803       5201.8247      41997.678      8947.6576      1158.9328      1.3145321    
    360000   60208.192      599.67419      33537.025      68623.917     -724.06407      2586.5417      5124.2658      41779.331      8834.0863      1168.5598      1.3145321    
    361000   60208.192      602.13455      33044.3        69048.471     -679.4049       2578.2428      5229.4843      42002.829      8850.7579      1160.4398      1.3145321    
    362000   60208.192      601.62927      34636.902      68761.114     -738.74213      2582.8074      5180.0141      42017.575      8679.285       1144.0621      1.3145321    
    363000   60208.192      603.81423      33561.177      69139.246     -603.87015      2584.1299      5223.6625      42135.615      8710.5572      1147.3334      1.3145321    
    364000   60208.192      597.57924      31613.087      68957.364     -625.5374       2582.8764      5267.643       42018.782      8758.0873      1143.567       1.3145321    
    365000   60208.192      596.20347      34261.195      68910.471     -618.07904      2582.953       5201.3627      42047.098      8768.2773      1146.1249      1.3145321    
    366000   60208.192      601.33325      33314.918      68910.279     -657.4652       2586.4775      5223.8742      41926.393      8784.8349      1156.9464      1.3145321    
    367000   60208.192      591.32175      33035.67       68686.767     -646.5106       2588.9806      5134.6101      42043.484      8737.81        1145.6824      1.3145321    
    368000   60208.192      613.72125      35005.502      69221.503     -679.83109      2587.6309      5398.7421      42045.8        8583.6452      1140.834       1.3145321    
    369000   60208.192      595.95957      32199.026      68933.94      -726.91668      2586.5524      5306.8902      42062.903      8788.1319      1138.1369      1.3145321    
    370000   60208.192      607.15945      34177.449      69032.538     -755.85504      2580.261       5157.4234      41960.766      8923.4687      1159.3653      1.3145321    
    371000   60208.192      594.93199      30910.672      68756.535     -733.196        2582.7104      5398.1657      41956.798      8658.0464      1136.6337      1.3145321    
    372000   60208.192      600.01649      33542.272      68841.101     -719.74757      2586.4195      5291.3185      41866.589      8808.6626      1144.9837      1.3145321    
    373000   60208.192      604.18897      34304.226      68987.973     -633.55952      2584.7274      5151.0437      41940.313      8844.3576      1152.3957      1.3145321    
    374000   60208.192      603.5806       33777.696      68637.667     -682.49345      2584.9772      5085.8728      41837.9        8730.7977      1146.048       1.3145321    
    375000   60208.192      595.18846      33211.988      68660.686     -685.37992      2585.7194      5254.7418      41770.141      8821.676       1151.7124      1.3145321    
    376000   60208.192      606.08781      31624.894      68972.783     -773.94351      2583.317       5311.5256      41958.451      8768.1462      1138.7631      1.3145321    
    377000   60208.192      605.41993      31960.638      68941.261     -748.81189      2587.3375      5227.8415      41887.029      8870.5315      1144.4954      1.3145321    
    378000   60208.192      604.256        28849.437      68840.008     -794.13135      2589.2713      5272.323       41842.613      8828.93        1153.3996      1.3145321    
    379000   60208.192      599.31913      33705.479      68825.644     -640.20318      2584.2263      5255.1829      41779.641      8838.5842      1161.1684      1.3145321    
    380000   60208.192      603.20149      30865.15       68756.625     -721.0806       2589.8947      5197.829       41759.22       8846.7129      1156.9065      1.3145321    
    381000   60208.192      600.2685       30193.996      68848.45      -775.76033      2583.5227      5169.1802      42147.17       8706.2113      1150.7856      1.3145321    
    382000   60208.192      593.8937       31407.126      68585.992     -790.62529      2586.8196      5211.5799      41875.36       8812.0843      1153.9774      1.3145321    
    383000   60208.192      586.80265      33381.617      68704.368     -737.83223      2583.6953      5301.5193      42075.322      8740.8517      1151.1193      1.3145321    
    384000   60208.192      609.80243      31934.842      69167.194     -689.26448      2589.0004      5246.0375      42076.099      8742.0298      1138.3953      1.3145321    
    385000   60208.192      603.7879       32742.828      68762.452     -804.51615      2586.6346      5237.5193      41720.971      8919.8738      1161.8721      1.3145321    
    386000   60208.192      607.27737      31125.921      68928.123     -709.04329      2584.3846      5227.5887      41875.572      8794.1654      1143.5265      1.3145321    
    387000   60208.192      603.96627      32680.94       69005.932     -745.082        2589.7397      5192.3658      42142.579      8739.4536      1143.7951      1.3145321    
    388000   60208.192      594.07422      32551.143      68677.772     -681.48758      2592.7443      5098.5659      41817.684      8951.7509      1159.147       1.3145321    
    389000   60208.192      607.63183      33182.604      69145.749     -718.64128      2584.7246      5209.4928      41994.078      8909.8844      1147.0893      1.3145321    
    390000   60208.192      601.93721      34742.1        68934.441     -663.12547      2587.7432      5182.8349      41959.6        8809.4093      1156.5997      1.3145321    
    391000   60208.192      585.90775      33902.642      68547.976     -698.53636      2582.2181      5330.4451      41798.202      8800.3302      1163.7875      1.3145321    
    392000   60208.192      599.51945      34021.419      68806.282     -728.10973      2587.9506      5145.7808      41972.322      8819.0655      1156.3373      1.3145321    
    393000   60208.192      610.32807      30415.332      68997.93      -715.35672      2584.2453      5078.8392      41938.602      8882.7909      1153.4962      1.3145321    
    394000   60208.192      593.73682      32357.361      68769.1       -690.82449      2584.0333      5178.1284      41998.399      8805.14        1162.2059      1.3145321    
    395000   60208.192      605.596        33004.751      69100.242     -691.00662      2588.2443      5342.7399      41925.628      8802.8545      1153.4231      1.3145321    
    396000   60208.192      595.9793       33780.638      68746.546     -684.26276      2586.3808      5183.1691      41930.614      8789.8003      1162.2038      1.3145321    
    397000   60208.192      595.03984      31388.595      68813.429     -748.18518      2591.9857      5266.5779      41960.653      8822.3198      1159.0804      1.3145321    
    398000   60208.192      604.59138      33638.956      68929.368     -762.2253       2589.3356      5196.494       42017.177      8769.3385      1162.9686      1.3145321    
    399000   60208.192      606.92621      31777.681      69009.177     -727.46263      2582.1371      5313.2485      41893.055      8799.5206      1144.4025      1.3145321    
    400000   60208.192      600.83784      33361.245      68780.82      -654.26387      2582.5334      5249.0718      41960.513      8617.6919      1146.8188      1.3145321    
    400023   60208.192      603.83732      32651.763      68808.034     -754.58577      2579.1941      5228.7461      41993.509      8661.7855      1159.9756      1.3145321    
Loop time of 95.4814 on 48 procs for 50000 steps with 6900 atoms

Performance: 22.622 ns/day, 1.061 hours/ns, 523.662 timesteps/s, 3.613 Matom-step/s
99.9% CPU use with 48 MPI tasks x 1 OpenMP threads

MPI task timing breakdown:
Section |  min time  |  avg time  |  max time  |%varavg| %total
---------------------------------------------------------------
Pair    | 50.669     | 59.405     | 71.601     |  55.9 | 62.22
Bond    | 2.5394     | 3.2184     | 3.8685     |  13.7 |  3.37
Kspace  | 10.547     | 22.869     | 31.729     |  90.9 | 23.95
Neigh   | 3.8531     | 3.8649     | 3.8721     |   0.3 |  4.05
Comm    | 4.8639     | 5.201      | 5.4486     |   4.9 |  5.45
Output  | 0.030369   | 0.057303   | 0.084992   |   6.7 |  0.06
Modify  | 0.36702    | 0.49956    | 0.63148    |   8.1 |  0.52
Other   |            | 0.3659     |            |       |  0.38

Nlocal:         143.75 ave         165 max         130 min
Histogram: 8 3 5 6 12 6 3 4 0 1
Nghost:        4705.31 ave        4737 max        4667 min
Histogram: 2 2 4 6 5 8 9 3 4 5
Neighs:        59571.8 ave       74373 max       51717 min
Histogram: 4 10 12 4 6 6 3 1 1 1

Total # of neighbors = 2859445
Ave neighs/atom = 414.41232
Ave special neighs/atom = 13.675362
Neighbor list builds = 1371
Dangerous builds = 0
PPPM initialization ...
  using 12-bit tables for long-range coulomb (src/kspace.cpp:342)
  G vector (1/distance) = 0.23724125
  grid = 15 15 15
  stencil order = 5
  estimated absolute RMS force accuracy = 0.0030050288
  estimated relative force accuracy = 9.0493399e-06
  using double precision MKL FFT
  3d grid and FFT values/proc = 1000 90
Generated 36 of 36 mixed pair_coeff terms from arithmetic mixing rule
Setting up Verlet run ...
  Unit style    : real
  Current step  : 400023
  Time step     : 0.5
Per MPI rank memory allocation (min/avg/max) = 18.76 | 18.84 | 18.98 Mbytes
   Step         Volume          Temp          Press          TotEng         E_vdwl         E_coul         E_bond        E_angle        E_dihed        E_impro        Density    
    400023   60208.192      308            28032.735      62724.256     -754.58577      2579.1941      5228.7461      41993.509      8661.7855      1159.9756      1.3145321    
    401000   60208.192      309.86863      26809.736      56968.627     -1274.1572      2583.0488      3055.7439      39512.816      8097.243       1097.6874      1.3145321    
    402000   60208.192      303.20821      28790.425      56610.884     -1319.6483      2587.771       2963.7928      39465.45       8051.6326      1103.7088      1.3145321    
    403000   60208.192      313.20301      27664.03       56930.497     -1330.2884      2588.2788      3033.2147      39293.329      8267.6209      1113.043       1.3145321    
    404000   60208.192      306.04619      28415.744      56682.514     -1292.3405      2585.8546      2992.6676      39343.035      8125.5041      1110.4459      1.3145321    
    405000   60208.192      307.97065      29312.17       56749.876     -1304.3966      2586.2412      2956.855       39334.666      8222.4549      1097.7639      1.3145321    
    406000   60208.192      311.67248      29657.104      56819.245     -1263.1558      2589.4165      2988.2828      39312.503      8155.2562      1102.8955      1.3145321    
    407000   60208.192      299.88549      27498.89       56545.42      -1323.2327      2588.2731      3002.2279      39271.968      8211.3704      1104.2647      1.3145321    
    408000   60208.192      309.53532      28872.205      56776.644     -1319.9021      2588.2538      3025.6217      39276.857      8206.1805      1110.4296      1.3145321    
    409000   60208.192      310.29781      28682.939      56839.069     -1272.9067      2586.3626      2998.6532      39280.659      8224.663       1116.5733      1.3145321    
    410000   60208.192      310.64781      28856.011      56736.976     -1353.2836      2580.0423      3060.988       39228.502      8196.7634      1112.7926      1.3145321    
    411000   60208.192      310.56818      28635.779      56805.793     -1262.0095      2586.5756      2961.8549      39284.59       8206.6279      1117.4814      1.3145321    
    412000   60208.192      307.07193      28616.27       56824.696     -1277.3348      2589.8393      3038.8197      39244.675      8275.66        1113.8018      1.3145321    
    413000   60208.192      304.9731       26862.181      56731.119     -1266.5863      2588.9424      3027.9164      39293.343      8181.4007      1109.8396      1.3145321    
    414000   60208.192      313.76797      27812.313      56957.564     -1286.432       2590.5385      3076.8014      39235.986      8255.3983      1108.7868      1.3145321    
    415000   60208.192      302.50021      27719.136      56643.455     -1317.9597      2589.2897      3030.7731      39296.809      8192.7037      1107.6643      1.3145321    
    416000   60208.192      305.51925      27911.351      56798.953     -1343.7938      2583.1305      3116.1019      39328.506      8199.3888      1109.5495      1.3145321    
    417000   60208.192      307.13069      29104.27       56609.918     -1327.7552      2588.441       2906.5713      39271.403      8222.378       1109.377       1.3145321    
    418000   60208.192      308.71673      26830.012      56668.942     -1345.068       2584.1949      3073.7344      39100.779      8272.3748      1111.1097      1.3145321    
    419000   60208.192      310.71418      28219.858      56899.419     -1276.4036      2588.8231      3068.7723      39269.441      8221.6179      1113.9034      1.3145321    
    420000   60208.192      303.70968      29610.176      56712.234     -1295.0949      2585.297       2952.48        39300.751      8288.7229      1111.262       1.3145321    
    421000   60208.192      301.73471      28284.863      56501.643     -1357.8586      2590.4671      2902.3161      39317.785      8217.0706      1102.7164      1.3145321    
    422000   60208.192      307.03828      28338.391      56761.055     -1285.8453      2586.6298      2988.5514      39295.472      8221.354       1116.3881      1.3145321    
    423000   60208.192      305.35327      27371.37       56666.402     -1292.3249      2586.7815      3046.7288      39226.969      8185.2641      1109.7158      1.3145321    
    424000   60208.192      309.7008       27741.248      56814.429     -1324.2312      2586.01        3060.4502      39313.365      8179.0221      1107.1683      1.3145321    
    425000   60208.192      308.58791      28071.908      56765.262     -1279.4289      2583.6473      2998.6127      39289.136      8187.6291      1117.2501      1.3145321    
    426000   60208.192      308.70884      28811.009      56717.769     -1318.3866      2587.8652      3016.91        39335.928      8124.764       1098.4916      1.3145321    
    427000   60208.192      310.06553      28233.221      56830.239     -1247.0203      2590.5635      2996.4534      39339.744      8137.835       1112.1274      1.3145321    
    428000   60208.192      310.11975      28507.776      56705.136     -1312.5584      2586.1575      2930.3523      39313.905      8176.2908      1109.9528      1.3145321    
    429000   60208.192      313.92762      28820.302      56889.517     -1323.9748      2584.4647      2986.4267      39308.811      8242.7483      1111.3668      1.3145321    
    430000   60208.192      307.20976      28035.966      56794.659     -1235.1918      2588.4423      2979.8027      39419.012      8094.5141      1106.9007      1.3145321    
    431000   60208.192      304.86103      27244.037      56626.983     -1369.1977      2588.9831      2984.5854      39189.606      8326.6326      1113.7907      1.3145321    
    432000   60208.192      316.88798      29333.27       56890.851     -1273.2921      2591.2823      3037.9021      39228.422      8159.1289      1107.1629      1.3145321    
    433000   60208.192      308.56956      28181.844      56729.072     -1276.0914      2584.4337      3029.9088      39188.637      8219.3094      1113.929       1.3145321    
    434000   60208.192      307.0098       29091.227      56778.051     -1283.5141      2583.1255      2986.1333      39359.712      8188.6695      1106.9346      1.3145321    
    435000   60208.192      308.59681      28831.325      56697.742     -1372.9298      2585.5371      2938.6477      39338.932      8219.5737      1118.4747      1.3145321    
    436000   60208.192      309.15364      26694.68       56844.749     -1274.5516      2586.1735      3015.8879      39321.156      8204.9437      1109.3853      1.3145321    
    437000   60208.192      308.05697      28437.368      56799.344     -1246.8802      2590.0529      3026.1184      39297.694      8164.16        1109.6783      1.3145321    
    438000   60208.192      296.83195      28867.404      56434.011     -1336.3537      2584.5754      2915.178       39277.596      8244.5713      1120.8887      1.3145321    
    439000   60208.192      307.63948      28700.49       56743.121     -1294.659       2590.0011      2992.6425      39264.416      8225.5892      1114.1432      1.3145321    
    440000   60208.192      302.99871      28923.594      56702.513     -1307.5896      2584.6535      2999.8658      39368.254      8198.0391      1104.9496      1.3145321    
    441000   60208.192      307.39084      27881.886      56831.421     -1274.2256      2586.2935      2962.4115      39344.875      8244.9203      1121.42        1.3145321    
    442000   60208.192      304.84873      28587.83       56709.04      -1282.3792      2585.5668      3005.4297      39251.049      8241.7758      1115.6007      1.3145321    
    443000   60208.192      306.77322      29141.419      56796.708     -1301.314       2588.2224      3002.1885      39407.947      8165.4425      1102.056       1.3145321    
    444000   60208.192      307.03682      27666.151      56722.834     -1316.6709      2587.6569      3031.7946      39317.76       8162.6464      1101.849       1.3145321    
    445000   60208.192      312.63162      28294.611      56771.501     -1320.3641      2586.4464      3011.8542      39279.773      8155.7224      1106.2642      1.3145321    
    446000   60208.192      304.4081       27568.986      56670.867     -1323.5446      2585.7007      2948.1499      39355.463      8201.7548      1119.2744      1.3145321    
    447000   60208.192      311.41403      27140.187      56869.351     -1381.0789      2585.2526      2966.7307      39410.335      8246.3095      1114.6505      1.3145321    
    448000   60208.192      310.56416      28739.457      56733.532     -1260.4231      2589.5383      2997.2314      39165.995      8224.0588      1106.8653      1.3145321    
    449000   60208.192      314.84535      28009.21       56817.47      -1318.6554      2590.6208      3032.8774      39182.431      8225.2397      1106.4326      1.3145321    
    450000   60208.192      311.01899      29177.436      56824.355     -1340.1538      2589.0981      3011.9687      39267.855      8262.3243      1113.4919      1.3145321    
    451000   60208.192      310.98109      28911.151      56869.818     -1271.7645      2586.732       3011.7059      39248.121      8256.4883      1119.8066      1.3145321    
    452000   60208.192      301.70409      28269.155      56515.823     -1300.5204      2587.0638      2982.8573      39298.685      8107.3987      1112.3322      1.3145321    
    453000   60208.192      307.76565      27890.912      56801.74      -1303.9713      2585.1449      3020.9939      39278.116      8257.112       1112.2851      1.3145321    
    454000   60208.192      304.49522      26611.647      56696.881     -1314.8163      2581.5357      3114.486       39302.998      8123.7577      1104.1914      1.3145321    
    455000   60208.192      306.77997      29138.299      56830.754     -1269.0313      2583.8742      3003.9958      39281.814      8279.5076      1118.4544      1.3145321    
    456000   60208.192      312.02778      29721.79       56818.392     -1302.1632      2587.6413      3002.6543      39232.963      8250.3404      1106.5428      1.3145321    
    457000   60208.192      312.09881      29834.085      56791.853     -1264.2919      2590.22        3009.0839      39270.76       8139.2004      1105.6285      1.3145321    
    458000   60208.192      305.36553      28182.598      56750.679     -1276.6925      2588.4085      3085.4523      39265.723      8182.2787      1101.8196      1.3145321    
    459000   60208.192      306.6898       28320.115      56840.774     -1292.9382      2585.464       3093.0751      39294.324      8218.3127      1112.1035      1.3145321    
    460000   60208.192      307.46526      29565.674      56792.335     -1240.1967      2586.4021      3017.8111      39316.123      8153.3544      1112.5541      1.3145321    
    461000   60208.192      309.79277      28351.598      56808.071     -1276.3886      2590.6953      3043.6569      39323.211      8119.278       1113.5607      1.3145321    
    462000   60208.192      304.27927      29563.512      56683.457     -1338.4816      2582.273       2974.9968      39437.238      8139.1182      1107.2098      1.3145321    
    463000   60208.192      309.21716      27509.457      56742.465     -1333.4218      2591.2197      3040.6724      39240.599      8208.325       1112.3792      1.3145321    
    464000   60208.192      308.29437      27646.996      56780.386     -1353.775       2583.1341      3030.1182      39249.937      8292.3801      1115.2278      1.3145321    
    465000   60208.192      305.94025      28191.926      56605.44      -1314.7314      2586.6357      3027.1129      39187.283      8197.0653      1106.8639      1.3145321    
    466000   60208.192      307.40451      29480.597      56791.044     -1278.1005      2586.5001      3015.2912      39388.754      8123.4475      1109.4665      1.3145321    
    467000   60208.192      307.74771      27661.153      56811.058     -1272.0416      2588.0826      3050.2336      39331.114      8151.3106      1109.3005      1.3145321    
    468000   60208.192      307.21684      28919.934      56649.371     -1296.5568      2583.5437      2996.4953      39228.541      8188.7249      1106.2169      1.3145321    
    469000   60208.192      309.55107      28713.333      56793.123     -1297.2049      2588.3398      3016.1532      39275.042      8214.0858      1107.2466      1.3145321    
    470000   60208.192      304.64607      29150.373      56630.598     -1281.5982      2583.634       3021.4088      39201.465      8204.822       1113.0866      1.3145321    
    471000   60208.192      308.58468      30018.867      56796.88      -1248.5633      2589.3471      2928.6393      39308.725      8243.1383      1106.7789      1.3145321    
    472000   60208.192      304.6033       28262.512      56783.539     -1268.945       2588.1016      3051.25        39380.224      8137.9424      1106.5831      1.3145321    
    473000   60208.192      306.28065      29930.424      56696.167     -1279.1132      2586.9886      2940.645       39374.155      8143.1346      1108.4747      1.3145321    
    474000   60208.192      306.79076      29314.835      56711.649     -1236.332       2588.7528      2969.0748      39311.547      8142.3059      1104.1108      1.3145321    
    475000   60208.192      309.0307       29745.765      56823.725     -1282.2673      2582.61        2948.3349      39473.181      8117.2765      1106.2089      1.3145321    
    476000   60208.192      310.00012      29753.044      56790.204     -1234.0459      2584.2402      3070.3657      39088.269      8265.337       1117.4564      1.3145321    
    477000   60208.192      305.94556      29251.323      56592.861     -1274.4721      2583.4927      3018.709       39117.181      8218.0287      1114.7483      1.3145321    
    478000   60208.192      307.14499      28545.303      56756.968     -1258.5017      2591.4147      2987.9095      39316.73       8175.7589      1103.7566      1.3145321    
    479000   60208.192      303.71996      28546.064      56702.492     -1266.8853      2584.7295      2970.0081      39303.293      8224.4515      1118.9516      1.3145321    
    480000   60208.192      310.58069      29416.85       56857.567     -1341.8223      2586.599       3063.4398      39299.409      8224.0772      1115.4819      1.3145321    
    481000   60208.192      306.31188      29209.256      56621.363     -1287.5626      2585.8206      3082.7648      39186.279      8125.8902      1105.3611      1.3145321    
    482000   60208.192      306.52185      29069.345      56698.896     -1266.9171      2585.0719      3039.4846      39287.542      8119.7609      1107.4727      1.3145321    
    483000   60208.192      312.70766      28746.62       56796.919     -1304.8369      2588.9203      2957.9383      39351.722      8147.3535      1101.8605      1.3145321    
    484000   60208.192      299.579        28261.414      56527.941     -1292.7122      2586.2939      3025.6926      39286.629      8138.0066      1099.1239      1.3145321    
    485000   60208.192      310.63158      28927.028      56867.103     -1307.1401      2582.0013      3024.4058      39309.143      8232.3174      1115.1512      1.3145321    
    486000   60208.192      305.30435      28438.285      56689.392     -1276.8419      2587.4995      3111.4323      39228.541      8122.3653      1114.1697      1.3145321    
    487000   60208.192      309.12681      29458.694      56837.799     -1248.2559      2589.9285      2997.154       39309.798      8196.6541      1111.6186      1.3145321    
    488000   60208.192      301.72136      29671.724      56521.067     -1283.2703      2584.3859      2964.2938      39228.424      8186.2759      1113.5766      1.3145321    
    489000   60208.192      310.58454      28406.306      56879.138     -1275.5118      2584.5318      3096.2247      39220.063      8225.5692      1118.0679      1.3145321    
    490000   60208.192      306.63023      29643.502      56665.376     -1336.013       2583.5348      2923.678       39338.524      8211.6873      1114.4635      1.3145321    
    491000   60208.192      309.22414      29541.339      56768.248     -1331.1453      2585.2529      3024.7022      39384.223      8127.2446      1094.5204      1.3145321    
    492000   60208.192      308.59828      28192.725      56800.295     -1308.9421      2587.6896      2958.7008      39321.139      8257.9648      1113.1614      1.3145321    
    493000   60208.192      310.62288      27642.866      56732.775     -1335.8042      2583.4902      2941.6876      39341.483      8182.2136      1108.8265      1.3145321    
    494000   60208.192      304.78578      28424.454      56677.642     -1283.3898      2583.8776      2989.5819      39266.06       8221.2185      1110.3248      1.3145321    
    495000   60208.192      305.74092      27951.479      56812.762     -1280.7163      2585.7518      3065.1306      39287.053      8235.457       1110.0114      1.3145321    
    496000   60208.192      311.35364      29716.73       56715.914     -1292.5378      2585.4716      2899.757       39334.966      8153.5707      1107.51        1.3145321    
    497000   60208.192      311.84129      27336.282      56864.371     -1329.5875      2587.7016      3016.5034      39332.929      8211.019       1108.3535      1.3145321    
    498000   60208.192      312.0256       28086.313      56878.235     -1285.0079      2582.7994      3028.9944      39333.188      8178.877       1100.4898      1.3145321    
    499000   60208.192      310.68446      28718.478      56832.149     -1311.2865      2589.763       3065.7235      39331.433      8141.2974      1103.1171      1.3145321    
    500000   60208.192      311.32169      29321.612      56804.94      -1264.3305      2582.5657      3023.8931      39325.221      8102.0256      1110.5304      1.3145321    
    500023   60208.192      310.71043      28541.113      56854.058     -1275.7898      2585.4796      3010.6102      39315.314      8194.6638      1112.1358      1.3145321    
Loop time of 189.671 on 48 procs for 100000 steps with 6900 atoms

Performance: 22.776 ns/day, 1.054 hours/ns, 527.229 timesteps/s, 3.638 Matom-step/s
99.9% CPU use with 48 MPI tasks x 1 OpenMP threads

MPI task timing breakdown:
Section |  min time  |  avg time  |  max time  |%varavg| %total
---------------------------------------------------------------
Pair    | 104.39     | 118.89     | 145.95     |  79.9 | 62.68
Bond    | 5.2449     | 6.4306     | 7.8268     |  22.1 |  3.39
Kspace  | 20.218     | 47.744     | 62.633     | 128.2 | 25.17
Neigh   | 4.5366     | 4.5505     | 4.5599     |   0.4 |  2.40
Comm    | 9.5978     | 10.204     | 10.744     |   7.4 |  5.38
Output  | 0.060193   | 0.11423    | 0.16966    |   9.5 |  0.06
Modify  | 0.74461    | 1.015      | 1.2822     |  12.2 |  0.54
Other   |            | 0.7188     |            |       |  0.38

Nlocal:         143.75 ave         165 max         128 min
Histogram: 2 7 6 8 6 9 3 5 1 1
Nghost:        4711.31 ave        4748 max        4667 min
Histogram: 3 3 4 4 5 6 7 8 4 4
Neighs:        59580.4 ave       73482 max       51354 min
Histogram: 6 4 6 12 9 5 3 2 0 1

Total # of neighbors = 2859861
Ave neighs/atom = 414.47261
Ave special neighs/atom = 13.675362
Neighbor list builds = 1606
Dangerous builds = 0
PPPM initialization ...
  using 12-bit tables for long-range coulomb (src/kspace.cpp:342)
  G vector (1/distance) = 0.23724125
  grid = 15 15 15
  stencil order = 5
  estimated absolute RMS force accuracy = 0.0030050288
  estimated relative force accuracy = 9.0493399e-06
  using double precision MKL FFT
  3d grid and FFT values/proc = 1000 90
Generated 36 of 36 mixed pair_coeff terms from arithmetic mixing rule
Setting up Verlet run ...
  Unit style    : real
  Current step  : 500023
  Time step     : 0.5
Per MPI rank memory allocation (min/avg/max) = 18.76 | 18.84 | 18.98 Mbytes
   Step         Volume          Temp          Press          TotEng         E_vdwl         E_coul         E_bond        E_angle        E_dihed        E_impro        Density    
    500023   60208.192      308            28498.794      56798.319     -1275.7898      2585.4796      3010.6102      39315.314      8194.6638      1112.1358      1.3145321    
    501000   56535.212      307.85073      48385.152      58562.678     -257.55998      2585.3232      3119.3382      39260.46       8844.2085      1158.6059      1.3999346    
    502000   56520.984      309.65126      48665.785      58531.793     -343.57134      2583.3025      3118.6173      39350.849      8768.9487      1165.0634      1.400287     
    503000   56355.667      311.60438      50835.922      58757.291     -300.80182      2587.8645      3185.4964      39463.518      8744.0902      1148.4706      1.4043947    
    504000   56446.393      303.12647      50546.522      58529.119     -317.52657      2583.0375      3103.3197      39436.771      8809.1008      1160.0638      1.4021375    
    505000   56474.305      306.74812      49192.784      58457.546     -286.44528      2589.3995      3054.8866      39382.137      8734.3156      1153.6001      1.4014445    
    506000   56312.247      307.04373      51984.081      58722.55      -286.89553      2583.8145      3126.3855      39501.269      8806.2698      1157.031       1.4054776    
    507000   56309.668      305.26016      51132.511      58477.77      -258.76508      2587.5499      3070.597       39465.337      8675.0565      1138.5748      1.405542     
    508000   56287.102      311.08163      52826.951      58754.356     -200.54322      2582.2548      3159.484       39364.457      8773.9832      1157.3334      1.4061055    
    509000   56307.346      309.97905      50015.11       58651.787     -263.44141      2588.7499      3046.8527      39409.545      8813.1476      1160.9473      1.4055999    
    510000   56423.621      306.34986      49528.315      58513.759     -302.6022       2590.9953      3159.6174      39298.976      8788.0179      1157.3286      1.4027034    
    511000   56301.832      303.88906      50081.788      58516.842     -302.96657      2586.8714      3104.7666      39447.911      8749.6261      1159.975       1.4057376    
    512000   56314.875      304.93268      50910.653      58630.851     -192.9445       2587.5821      3149.8588      39369.4        8773.8272      1150.9809      1.405412     
    513000   56241.075      307.2859       50669.414      58726.883     -256.87234      2583.0487      3168.1598      39424.287      8811.2135      1157.0995      1.4072562    
    514000   56257.284      308.56069      49640.248      58626.631     -322.6869       2584.9973      3082.3256      39413.759      8846.7453      1155.5521      1.4068507    
    515000   56193.015      307.18151      51056.414      58747.94      -172.96921      2587.0215      3170.6667      39311.097      8866.9167      1147.5538      1.4084598    
    516000   56325.292      302.7994       50180.021      58574.906     -313.93171      2583.8989      3158.2651      39495.601      8759.7046      1144.4602      1.4051521    
    517000   56362.327      305.22776      49579.023      58528.618     -364.06127      2585.035       3139.0387      39415.923      8805.4283      1150.4054      1.4042288    
    518000   56303.126      306.74899      48536.812      58546.899     -398.79888      2587.0013      3164.4351      39327.366      8881.0216      1158.2446      1.4057053    
    519000   56251.746      309.23802      50948.682      58790.571     -245.13398      2586.885       3144.7559      39464.545      8813.0235      1146.0954      1.4069893    
    520000   56357.325      309.3971       51149.76       58709.666     -337.11172      2588.3096      3095.9907      39482.562      8838.5981      1158.4342      1.4043534    
    521000   56266.507      303.90655      51532.952      58647.278     -200.14665      2586.6363      3162.1015      39422.558      8754.7155      1151.7149      1.4066202    
    522000   56322.47       305.52692      49182.348      58662.333     -333.10843      2589.0241      3118.6684      39450.568      8870.2285      1164.1167      1.4052225    
    523000   56220.253      308.27621      51994.95       58656.053     -270.03218      2589.3825      3058.1564      39503.605      8759.5213      1154.6546      1.4077774    
    524000   56253.414      306.41506      50456.979      58678.593     -326.16258      2587.5784      3164.5125      39447.867      8823.9968      1158.9901      1.4069475    
    525000   56324.845      309.29928      49670.411      58841.83      -321.58527      2585.072       3186.0156      39549.464      8803.8143      1158.4482      1.4051632    
    526000   56376.534      305.45523      50085.072      58573.923     -326.16138      2583.5149      3093.4428      39463.377      8803.06        1153.8155      1.4038749    
    527000   56430.324      309.6378       48718.655      58805.271     -327.80655      2589.3753      3123.3059      39526.972      8847.3014      1158.1874      1.4025367    
    528000   56327.634      307.50272      50038.387      58563.853     -325.55132      2585.8778      3068.2439      39478.008      8754.6284      1158.8157      1.4050937    
    529000   56248.822      303.0525       51476.863      58570.882     -264.39509      2589.9765      3116.7119      39362.801      8851.9095      1161.0031      1.4070624    
    530000   56406.554      311.71761      48305.047      58610.645     -272.21513      2580.589       3131.1509      39246.355      8832.2192      1161.3597      1.4031278    
    531000   56347.664      308.03507      50189.348      58586.852     -295.85591      2589.9014      3247.2939      39275.287      8764.3086      1150.4637      1.4045942    
    532000   56310.541      306.63329      49358.57       58737.466     -294.09307      2587.5799      3170.5629      39436.672      8851.3296      1158.852       1.4055202    
    533000   56452.388      310.31511      48899.362      58490.386     -385.36725      2586.5137      3092.1522      39333.215      8810.6768      1151.1675      1.4019886    
    534000   56393.064      310.96309      49829.925      58576.36      -370.2849       2586.1383      3068.4997      39383.39       8841.6319      1152.2706      1.4034634    
    535000   56318.508      308.10843      49917.115      58747.309     -219.75842      2580.4065      3123.1968      39495.174      8757.2476      1153.9773      1.4053214    
    536000   56365.572      305.62868      50674.322      58538.202     -356.58856      2589.3746      3128.7054      39341.722      8864.2164      1164.1874      1.404148     
    537000   56253.046      301.30543      49974.02       58523.783     -277.83928      2585.8602      3143.6981      39350.619      8846.5023      1157.926       1.4069568    
    538000   56474.877      306.62696      48657.853      58528.43      -352.37536      2586.8681      3115.0708      39391.018      8805.8908      1155.6589      1.4014303    
    539000   56549.696      305.5427       47974.318      58366.02      -401.06352      2580.774       3064.0961      39342.817      8822.8351      1151.8578      1.3995761    
    540000   56278.242      308.77835      51715.979      58701.799     -277.54218      2589.6693      3104.1118      39353.406      8900.788       1161.0775      1.4063268    
    541000   56234.239      304.02621      50262.069      58615.331     -247.04679      2586.9139      3095.5908      39253.164      8981.5312      1171.9244      1.4074273    
    542000   56297.334      311.71612      48441.267      58868.74      -328.10909      2580.9392      3224.7963      39434.313      8876.7267      1149.0722      1.4058499    
    543000   56260.389      302.72717      50650.846      58568.506     -281.55899      2588.7876      3067.1109      39474.13       8824.3215      1149.2371      1.4067731    
    544000   56256.256      307.7425       49775.465      58698.047     -244.23903      2587.2195      3153.5081      39446.875      8752.5142      1153.5166      1.4068765    
    545000   56224.749      308.41633      52127.03       58723.274     -243.28577      2586.1822      3111.1331      39431.749      8833.1639      1141.0223      1.4076648    
    546000   56265.066      310.26987      49475.637      58823.487     -227.45633      2584.3722      3146.2063      39422.844      8832.3716      1165.2241      1.4066562    
    547000   56213.176      308.19157      50158.767      58682.317     -259.02478      2587.6007      3105.9031      39359.121      8872.1421      1156.3016      1.4079546    
    548000   56312.312      309.26419      47738.377      58688.624     -364.62972      2584.2267      3100.767       39528.031      8809.9216      1150.6222      1.405476     
    549000   56348.797      310.78677      50336.918      58632.593     -280.73655      2588.5022      3061.5268      39374.124      8827.6781      1149.7563      1.404566     
    550000   56297.691      307.97285      50489.038      58595.399     -278.35991      2585.4191      3108.4572      39383.674      8794.3248      1147.8766      1.405841     
    550023   56291.544      304.35172      49784.664      58610.151     -282.96491      2583.9472      3097.7536      39439.676      8844.8895      1147.4828      1.4059945    
Loop time of 101.646 on 48 procs for 50000 steps with 6900 atoms

Performance: 21.250 ns/day, 1.129 hours/ns, 491.901 timesteps/s, 3.394 Matom-step/s
99.9% CPU use with 48 MPI tasks x 1 OpenMP threads

MPI task timing breakdown:
Section |  min time  |  avg time  |  max time  |%varavg| %total
---------------------------------------------------------------
Pair    | 56.185     | 63.956     | 76.197     |  53.7 | 62.92
Bond    | 3.7132     | 4.3365     | 5.3191     |  16.9 |  4.27
Kspace  | 10.694     | 23.31      | 31.504     |  91.9 | 22.93
Neigh   | 2.2528     | 2.2594     | 2.2631     |   0.2 |  2.22
Comm    | 5.2566     | 5.4799     | 5.7888     |   5.8 |  5.39
Output  | 0.03009    | 0.05708    | 0.084914   |   6.7 |  0.06
Modify  | 1.4561     | 1.7555     | 2.0017     |  11.1 |  1.73
Other   |            | 0.492      |            |       |  0.48

Nlocal:         143.75 ave         157 max         132 min
Histogram: 2 4 9 5 7 6 5 3 4 3
Nghost:        4935.71 ave        4968 max        4898 min
Histogram: 1 1 2 9 9 5 8 8 1 4
Neighs:        63680.5 ave       75302 max       56324 min
Histogram: 4 9 4 9 7 8 3 1 2 1

Total # of neighbors = 3056664
Ave neighs/atom = 442.99478
Ave special neighs/atom = 13.675362
Neighbor list builds = 781
Dangerous builds = 0
PPPM initialization ...
  using 12-bit tables for long-range coulomb (src/kspace.cpp:342)
  G vector (1/distance) = 0.23927919
  grid = 15 15 15
  stencil order = 5
  estimated absolute RMS force accuracy = 0.0028196224
  estimated relative force accuracy = 8.4910073e-06
  using double precision MKL FFT
  3d grid and FFT values/proc = 1000 90
Generated 36 of 36 mixed pair_coeff terms from arithmetic mixing rule
Setting up Verlet run ...
  Unit style    : real
  Current step  : 550023
  Time step     : 0.5
Per MPI rank memory allocation (min/avg/max) = 18.76 | 18.84 | 18.98 Mbytes
   Step         Volume          Temp          Press          TotEng         E_vdwl         E_coul         E_bond        E_angle        E_dihed        E_impro        Density    
    550023   56291.544      600            54721.98       64690.02      -282.96491      2603.1875      3097.7536      39439.676      8844.8895      1147.4828      1.4059945    
    551000   56291.544      577.88457      53766.305      70409.374      317.02622      2607.3265      5409.4116      42096.561      9391.0326      1202.2064      1.4059945    
    552000   56291.544      607.41005      55380.434      71011.527      415.70897      2598.9969      5343.2487      42047.874      9412.0966      1201.7824      1.4059945    
    553000   56291.544      602.25456      56426.068      70556.545      346.34127      2602.8478      5178.2595      41872.221      9472.2184      1198.2099      1.4059945    
    554000   56291.544      605.04858      54678.525      70906.329      381.95174      2599.0299      5468.8622      41972.16       9347.0632      1192.5602      1.4059945    
    555000   56291.544      601.5225       55415.744      70731.702      454.30541      2608.3826      5307.5003      41875.785      9400.5967      1212.6511      1.4059945    
    555023   56291.544      608.20669      54161.505      70770.942      341.77144      2610.435       5296.6863      41905.671      9402.4549      1204.0832      1.4059945    
Loop time of 9.88406 on 48 procs for 5000 steps with 6900 atoms

Performance: 21.853 ns/day, 1.098 hours/ns, 505.865 timesteps/s, 3.490 Matom-step/s
99.9% CPU use with 48 MPI tasks x 1 OpenMP threads

MPI task timing breakdown:
Section |  min time  |  avg time  |  max time  |%varavg| %total
---------------------------------------------------------------
Pair    | 5.5567     | 6.3017     | 7.5351     |  16.8 | 63.76
Bond    | 0.27315    | 0.31948    | 0.38346    |   4.5 |  3.23
Kspace  | 1.0063     | 2.2531     | 3.0198     |  28.3 | 22.80
Neigh   | 0.38106    | 0.38219    | 0.38293    |   0.1 |  3.87
Comm    | 0.50818    | 0.53468    | 0.56002    |   1.5 |  5.41
Output  | 0.0029779  | 0.0056457  | 0.0083927  |   2.1 |  0.06
Modify  | 0.03843    | 0.050061   | 0.065028   |   2.7 |  0.51
Other   |            | 0.03718    |            |       |  0.38

Nlocal:         143.75 ave         159 max         128 min
Histogram: 2 2 6 7 4 12 4 4 5 2
Nghost:         4944.9 ave        4981 max        4911 min
Histogram: 6 4 1 7 4 7 8 6 4 1
Neighs:        63712.5 ave       76016 max       56539 min
Histogram: 6 9 5 7 9 4 3 4 0 1

Total # of neighbors = 3058202
Ave neighs/atom = 443.21768
Ave special neighs/atom = 13.675362
Neighbor list builds = 131
Dangerous builds = 0
PPPM initialization ...
  using 12-bit tables for long-range coulomb (src/kspace.cpp:342)
  G vector (1/distance) = 0.23927919
  grid = 15 15 15
  stencil order = 5
  estimated absolute RMS force accuracy = 0.0028196224
  estimated relative force accuracy = 8.4910073e-06
  using double precision MKL FFT
  3d grid and FFT values/proc = 1000 90
Generated 36 of 36 mixed pair_coeff terms from arithmetic mixing rule
Setting up Verlet run ...
  Unit style    : real
  Current step  : 555023
  Time step     : 0.5
Per MPI rank memory allocation (min/avg/max) = 18.76 | 18.84 | 18.98 Mbytes
   Step         Volume          Temp          Press          TotEng         E_vdwl         E_coul         E_bond        E_angle        E_dihed        E_impro        Density    
    555023   56291.544      308            49148.127      64597.309      341.77144      2610.435       5296.6863      41905.671      9402.4549      1204.0832      1.4059945    
    556000   56291.544      316.64984      50331.266      58896.376     -326.07603      2609.2466      3214.8628      39369.296      8848.8079      1166.3514      1.4059945    
    557000   56291.544      301.95119      49803.658      58506.533     -329.00555      2613.8499      3134.8652      39365.047      8844.2685      1165.5152      1.4059945    
    558000   56291.544      308.29419      49790.132      58769.095     -280.84709      2610.033       3206.2178      39438.912      8798.8248      1153.9533      1.4059945    
    559000   56291.544      308.86355      49853.388      58605.152     -230.03904      2607.1029      3030.446       39495.445      8695.5891      1153.0495      1.4059945    
    560000   56291.544      308.32913      51478.009      58658.875     -293.84533      2604.8537      3103.0112      39463.068      8784.2695      1155.8186      1.4059945    
    560023   56291.544      308.58799      51009.221      58675.877     -274.45836      2603.8525      3152.271       39395.564      8792.7794      1158.3746      1.4059945    
Loop time of 9.74834 on 48 procs for 5000 steps with 6900 atoms

Performance: 22.158 ns/day, 1.083 hours/ns, 512.908 timesteps/s, 3.539 Matom-step/s
99.9% CPU use with 48 MPI tasks x 1 OpenMP threads

MPI task timing breakdown:
Section |  min time  |  avg time  |  max time  |%varavg| %total
---------------------------------------------------------------
Pair    | 5.4281     | 6.3031     | 7.5334     |  17.1 | 64.66
Bond    | 0.26921    | 0.32129    | 0.38235    |   4.9 |  3.30
Kspace  | 1.0391     | 2.2876     | 3.1883     |  28.8 | 23.47
Neigh   | 0.21938    | 0.22006    | 0.22051    |   0.1 |  2.26
Comm    | 0.49942    | 0.5243     | 0.55155    |   1.6 |  5.38
Output  | 0.0030453  | 0.0057092  | 0.0084453  |   2.1 |  0.06
Modify  | 0.038138   | 0.049568   | 0.064873   |   2.6 |  0.51
Other   |            | 0.03676    |            |       |  0.38

Nlocal:         143.75 ave         165 max         129 min
Histogram: 3 3 6 11 10 8 5 1 0 1
Nghost:        4946.88 ave        4978 max        4909 min
Histogram: 2 4 4 2 8 7 6 6 6 3
Neighs:        63708.1 ave       76164 max       54347 min
Histogram: 1 4 8 10 8 10 4 1 1 1

Total # of neighbors = 3057987
Ave neighs/atom = 443.18652
Ave special neighs/atom = 13.675362
Neighbor list builds = 76
Dangerous builds = 0
PPPM initialization ...
  using 12-bit tables for long-range coulomb (src/kspace.cpp:342)
  G vector (1/distance) = 0.23927919
  grid = 15 15 15
  stencil order = 5
  estimated absolute RMS force accuracy = 0.0028196224
  estimated relative force accuracy = 8.4910073e-06
  using double precision MKL FFT
  3d grid and FFT values/proc = 1000 90
Generated 36 of 36 mixed pair_coeff terms from arithmetic mixing rule
Setting up Verlet run ...
  Unit style    : real
  Current step  : 560023
  Time step     : 0.5
Per MPI rank memory allocation (min/avg/max) = 18.76 | 18.84 | 18.98 Mbytes
   Step         Volume          Temp          Press          TotEng         E_vdwl         E_coul         E_bond        E_angle        E_dihed        E_impro        Density    
    560023   56291.544      308            50999.402      58663.785     -274.45836      2603.8525      3152.271       39395.564      8792.7794      1158.3746      1.4059945    
    561000   61123.46       310.71228      24913.516      56504.899     -1431.1597      2608.2038      2938.6621      39371.853      8028.9709      1093.1251      1.2948482    
    562000   61178.302      307.07699      25473.78       56401.76      -1481.7631      2607.9803      2956.3703      39349.708      8050.1165      1099.0924      1.2936875    
    563000   61294.159      311.68898      23812.378      56475.746     -1507.3777      2605.8414      2975.6749      39280.971      8106.8974      1100.3         1.2912422    
    564000   61189.468      305.45103      24855.672      56280.109     -1502.4996      2614.2111      2971.3324      39383.555      7933.6368      1091.7167      1.2934514    
    565000   61192.572      310.77669      24861.191      56413.3       -1396.6332      2609.1776      2959.2696      39252.887      7996.3699      1097.2307      1.2933858    
    566000   61222.807      308.97105      23769.518      56418.435     -1481.801       2611.9501      2983.3309      39359.852      7987.3239      1098.6991      1.292747     
    567000   61149.208      311.58629      24537.322      56558.027     -1426.4254      2610.9273      3064.3182      39326.58       7966.8474      1102.2116      1.294303     
    568000   61100.871      306.93673      25026.41       56463.201     -1401.2191      2607.5614      3066.3647      39253.654      8023.6565      1097.0932      1.2953269    
    569000   61167.845      304.70376      24147.033      56237.274     -1457.7832      2607.0487      2972.1393      39292.772      7948.9456      1103.3929      1.2939086    
    570000   61205.084      309.41652      24183.471      56544.146     -1503.293       2609.3852      3083.6625      39217.458      8153.9168      1114.7097      1.2931214    
    570023   61203.253      307.67131      24386.494      56515.401     -1451.8509      2606.7589      3039.533       39254.283      8128.089       1105.6531      1.2931601    
Loop time of 19.2559 on 48 procs for 10000 steps with 6900 atoms

Performance: 22.435 ns/day, 1.070 hours/ns, 519.323 timesteps/s, 3.583 Matom-step/s
99.9% CPU use with 48 MPI tasks x 1 OpenMP threads

MPI task timing breakdown:
Section |  min time  |  avg time  |  max time  |%varavg| %total
---------------------------------------------------------------
Pair    | 10.435     | 11.842     | 14.175     |  23.5 | 61.50
Bond    | 0.70341    | 0.86388    | 1.0617     |   8.3 |  4.49
Kspace  | 2.1453     | 4.5813     | 6.0487     |  39.6 | 23.79
Neigh   | 0.45966    | 0.46128    | 0.46232    |   0.1 |  2.40
Comm    | 1.0037     | 1.0501     | 1.1122     |   2.6 |  5.45
Output  | 0.0061041  | 0.011545   | 0.017113   |   3.0 |  0.06
Modify  | 0.28855    | 0.35062    | 0.40219    |   5.1 |  1.82
Other   |            | 0.09516    |            |       |  0.49

Nlocal:         143.75 ave         162 max         128 min
Histogram: 3 2 7 7 6 9 6 6 1 1
Nghost:        4651.98 ave        4698 max        4600 min
Histogram: 1 3 4 8 4 8 9 3 6 2
Neighs:        58606.1 ave       71327 max       51944 min
Histogram: 4 7 14 8 4 5 4 0 1 1

Total # of neighbors = 2813091
Ave neighs/atom = 407.69435
Ave special neighs/atom = 13.675362
Neighbor list builds = 167
Dangerous builds = 0
PPPM initialization ...
  using 12-bit tables for long-range coulomb (src/kspace.cpp:342)
  G vector (1/distance) = 0.23674282
  grid = 15 15 15
  stencil order = 5
  estimated absolute RMS force accuracy = 0.0030518556
  estimated relative force accuracy = 9.190354e-06
  using double precision MKL FFT
  3d grid and FFT values/proc = 1000 90
Generated 36 of 36 mixed pair_coeff terms from arithmetic mixing rule
Setting up Verlet run ...
  Unit style    : real
  Current step  : 570023
  Time step     : 0.5
Per MPI rank memory allocation (min/avg/max) = 18.76 | 18.84 | 18.98 Mbytes
   Step         Volume          Temp          Press          TotEng         E_vdwl         E_coul         E_bond        E_angle        E_dihed        E_impro        Density    
    570023   61203.253      600            28876.45       62527.069     -1451.8509      2582.982       3039.533       39254.283      8128.089       1105.6531      1.2931601    
    571000   61203.253      596.42918      29883.167      68201.571     -931.71691      2581.1011      5135.8135      41713.239      8776.0165      1134.9632      1.2931601    
    572000   61203.253      609.16327      30212.976      68605.466     -869.79555      2581.2773      5158.0614      41870.952      8651.7434      1157.9652      1.2931601    
    573000   61203.253      597.41657      27762.79       68255.301     -944.42194      2583.3914      5155.6809      41946.791      8569.9242      1129.0782      1.2931601    
    574000   61203.253      599.31563      29212.745      68681.436     -935.30399      2583.3868      5218.5821      42116.092      8696.3555      1147.8467      1.2931601    
    575000   61203.253      597.96872      28533.065      68447.78      -936.07004      2581.9294      5253.9407      41917.641      8675.3029      1127.6869      1.2931601    
    575023   61203.253      602.69121      27897.85       68481.047     -942.56629      2572.9592      5271.6052      41755.82       8742.8484      1159.1236      1.2931601    
Loop time of 9.36095 on 48 procs for 5000 steps with 6900 atoms

Performance: 23.075 ns/day, 1.040 hours/ns, 534.134 timesteps/s, 3.686 Matom-step/s
99.9% CPU use with 48 MPI tasks x 1 OpenMP threads

MPI task timing breakdown:
Section |  min time  |  avg time  |  max time  |%varavg| %total
---------------------------------------------------------------
Pair    | 5.1457     | 5.8271     | 6.9926     |  16.6 | 62.25
Bond    | 0.25922    | 0.32114    | 0.3814     |   4.7 |  3.43
Kspace  | 1.0399     | 2.2239     | 2.9212     |  27.3 | 23.76
Neigh   | 0.38028    | 0.38154    | 0.38239    |   0.1 |  4.08
Comm    | 0.48587    | 0.5149     | 0.54215    |   1.6 |  5.50
Output  | 0.003005   | 0.0056693  | 0.008426   |   2.1 |  0.06
Modify  | 0.036748   | 0.050428   | 0.064065   |   2.6 |  0.54
Other   |            | 0.03627    |            |       |  0.39

Nlocal:         143.75 ave         160 max         127 min
Histogram: 2 1 3 9 7 11 5 8 1 1
Nghost:         4657.4 ave        4687 max        4631 min
Histogram: 5 4 6 5 8 2 8 4 1 5
Neighs:        58603.8 ave       70335 max       51466 min
Histogram: 5 7 6 10 6 3 9 0 1 1

Total # of neighbors = 2812981
Ave neighs/atom = 407.67841
Ave special neighs/atom = 13.675362
Neighbor list builds = 137
Dangerous builds = 0
PPPM initialization ...
  using 12-bit tables for long-range coulomb (src/kspace.cpp:342)
  G vector (1/distance) = 0.23674282
  grid = 15 15 15
  stencil order = 5
  estimated absolute RMS force accuracy = 0.0030518556
  estimated relative force accuracy = 9.190354e-06
  using double precision MKL FFT
  3d grid and FFT values/proc = 1000 90
Generated 36 of 36 mixed pair_coeff terms from arithmetic mixing rule
Setting up Verlet run ...
  Unit style    : real
  Current step  : 575023
  Time step     : 0.5
Per MPI rank memory allocation (min/avg/max) = 18.76 | 18.84 | 18.98 Mbytes
   Step         Volume          Temp          Press          TotEng         E_vdwl         E_coul         E_bond        E_angle        E_dihed        E_impro        Density    
    575023   61203.253      308            23371.522      62420.837     -942.56629      2572.9592      5271.6052      41755.82       8742.8484      1159.1236      1.2931601    
    576000   61203.253      314.28473      23906.032      56635.238     -1480.9212      2587.2363      3065.6272      39345.572      8024.3675      1101.359       1.2931601    
    577000   61203.253      306.19585      25272.216      56263.986     -1509.707       2583.458       2966.623       39197.943      8107.2538      1093.3289      1.2931601    
    578000   61203.253      308.78156      25935.264      56469.312     -1416.0429      2582.9154      2952.0377      39319.248      8063.8013      1089.3351      1.2931601    
    579000   61203.253      303.83738      24339.635      56353.495     -1477.1039      2583.3252      3042.1103      39244.026      8082.802       1102.3138      1.2931601    
    580000   61203.253      309.4536       25367.857      56405.948     -1460.2596      2583.3593      2970.2038      39365.604      7957.611       1096.7093      1.2931601    
    580023   61203.253      305.03516      25129.541      56373.103     -1454.587       2583.1713      2972.3648      39324.008      8044.0746      1102.2342      1.2931601    
Loop time of 9.19805 on 48 procs for 5000 steps with 6900 atoms

Performance: 23.483 ns/day, 1.022 hours/ns, 543.594 timesteps/s, 3.751 Matom-step/s
99.9% CPU use with 48 MPI tasks x 1 OpenMP threads

MPI task timing breakdown:
Section |  min time  |  avg time  |  max time  |%varavg| %total
---------------------------------------------------------------
Pair    | 5.2388     | 5.8344     | 7.0476     |  16.8 | 63.43
Bond    | 0.2669     | 0.32141    | 0.37495    |   4.8 |  3.49
Kspace  | 0.9877     | 2.2195     | 2.8351     |  27.6 | 24.13
Neigh   | 0.22754    | 0.22823    | 0.22873    |   0.1 |  2.48
Comm    | 0.47469    | 0.50258    | 0.52859    |   1.6 |  5.46
Output  | 0.0030465  | 0.0057565  | 0.0085532  |   2.1 |  0.06
Modify  | 0.036564   | 0.050642   | 0.064737   |   2.8 |  0.55
Other   |            | 0.03556    |            |       |  0.39

Nlocal:         143.75 ave         160 max         127 min
Histogram: 3 0 4 10 4 9 9 6 1 2
Nghost:        4655.52 ave        4695 max        4619 min
Histogram: 6 3 2 7 9 6 5 2 2 6
Neighs:        58596.9 ave       68932 max       50659 min
Histogram: 1 7 5 13 6 4 4 5 1 2

Total # of neighbors = 2812649
Ave neighs/atom = 407.63029
Ave special neighs/atom = 13.675362
Neighbor list builds = 83
Dangerous builds = 0
PPPM initialization ...
  using 12-bit tables for long-range coulomb (src/kspace.cpp:342)
  G vector (1/distance) = 0.23674282
  grid = 15 15 15
  stencil order = 5
  estimated absolute RMS force accuracy = 0.0030518556
  estimated relative force accuracy = 9.190354e-06
  using double precision MKL FFT
  3d grid and FFT values/proc = 1000 90
Generated 36 of 36 mixed pair_coeff terms from arithmetic mixing rule
Setting up Verlet run ...
  Unit style    : real
  Current step  : 580023
  Time step     : 0.5
Per MPI rank memory allocation (min/avg/max) = 18.76 | 18.84 | 18.98 Mbytes
   Step         Volume          Temp          Press          TotEng         E_vdwl         E_coul         E_bond        E_angle        E_dihed        E_impro        Density    
    580023   61203.253      308            25175.08       56434.074     -1454.587       2583.1713      2972.3648      39324.008      8044.0746      1102.2342      1.2931601    
    581000   71756.298      302.54426      5610.779       54638.764     -1845.1144      2586.5462      2965.5917      39283.741      6867.1061      1020.4401      1.1029778    
    582000   72321.179      313.63278      5749.0468      54842.785     -1834.6758      2589.6446      2905.8139      39352.974      6839.1959      1001.9839      1.0943627    
    583000   72861.98       310.79421      4334.9406      54752.201     -1844.0895      2583.4787      3065.3291      39408.586      6609.4173      999.91716      1.0862401    
    584000   72742.64       310.23525      5282.811       54672.115     -1848.3718      2587.7971      2989.6173      39356.539      6665.8273      1002.4004      1.0880221    
    585000   73034.593      306.3341       4626.469       54668.146     -1853.9405      2590.4979      3023.8255      39342.819      6705.0327      1020.5099      1.0836728    
    586000   72306.343      311.62592      4348.3752      54906.52      -1823.4877      2588.882       3020.6942      39372.158      6785.6076      1016.5697      1.0945873    
    587000   72765.864      302.87736      6088.3074      54695.774     -1801.1562      2588.3719      2919.7919      39490.307      6721.9959      1009.2755      1.0876749    
    588000   72860.673      305.94491      4977.1817      54647.947     -1863.881       2589.9952      3018.7182      39397.325      6665.4731      1009.2725      1.0862596    
    589000   72249.345      302.96684      7437.1606      54609.408     -1799.1415      2590.5771      2995.8797      39336.836      6711.4949      1004.6893      1.0954508    
    590000   72768.145      309.08731      4861.2766      54697.556     -1820.6298      2593.3425      2942.4079      39359.168      6708.7865      1019.6773      1.0876408    
    590023   72760.473      310.80369      6509.5483      54695.059     -1817.7427      2587.983       2892.7388      39441.46       6654.6074      1005.6717      1.0877555    
Loop time of 17.9239 on 48 procs for 10000 steps with 6900 atoms

Performance: 24.102 ns/day, 0.996 hours/ns, 557.913 timesteps/s, 3.850 Matom-step/s
99.9% CPU use with 48 MPI tasks x 1 OpenMP threads

MPI task timing breakdown:
Section |  min time  |  avg time  |  max time  |%varavg| %total
---------------------------------------------------------------
Pair    | 8.3963     | 10.08      | 12.729     |  28.8 | 56.24
Bond    | 0.64327    | 0.85984    | 1.046      |   9.3 |  4.80
Kspace  | 2.2534     | 5.1018     | 6.926      |  42.9 | 28.46
Neigh   | 0.46897    | 0.47027    | 0.47098    |   0.1 |  2.62
Comm    | 0.91926    | 0.95218    | 1.0023     |   2.1 |  5.31
Output  | 0.0063793  | 0.011935   | 0.017618   |   3.0 |  0.07
Modify  | 0.28811    | 0.34699    | 0.38878    |   4.6 |  1.94
Other   |            | 0.1009     |            |       |  0.56

Nlocal:         143.75 ave         169 max         113 min
Histogram: 1 1 2 6 6 12 10 7 1 2
Nghost:         4119.4 ave        4205 max        4080 min
Histogram: 8 9 9 6 8 2 3 1 1 1
Neighs:        49321.2 ave       62737 max       39462 min
Histogram: 3 4 8 8 5 9 8 2 0 1

Total # of neighbors = 2367417
Ave neighs/atom = 343.10391
Ave special neighs/atom = 13.675362
Neighbor list builds = 179
Dangerous builds = 0
PPPM initialization ...
  using 12-bit tables for long-range coulomb (src/kspace.cpp:342)
  G vector (1/distance) = 0.23736273
  grid = 16 16 16
  stencil order = 5
  estimated absolute RMS force accuracy = 0.0027169798
  estimated relative force accuracy = 8.1819095e-06
  using double precision MKL FFT
  3d grid and FFT values/proc = 891 96
Generated 36 of 36 mixed pair_coeff terms from arithmetic mixing rule
Setting up Verlet run ...
  Unit style    : real
  Current step  : 590023
  Time step     : 0.5
Per MPI rank memory allocation (min/avg/max) = 18.77 | 18.84 | 18.97 Mbytes
   Step         Volume          Temp          Press          TotEng         E_vdwl         E_coul         E_bond        E_angle        E_dihed        E_impro        Density    
    590023   72760.473      600            10245.387      60642.363     -1817.7427      2593.7163      2892.7388      39441.46       6654.6074      1005.6717      1.0877555    
    591000   72760.473      592.77024      6677.33        66434.293     -1341.6126      2592.9829      5147.079       41821.549      7432.3329      1057.7255      1.0877555    
    592000   72760.473      604.20854      7570.2631      66862.158     -1397.9334      2590.0998      5116.768       42024.888      7509.5867      1061.5481      1.0877555    
    593000   72760.473      601.24665      7799.5928      66628.195     -1357.5489      2591.1282      5101.2555      41864.396      7471.7907      1061.9697      1.0877555    
    594000   72760.473      600.85064      5853.0404      66668.572     -1467.6428      2590.6959      5129.3253      41926.63       7533.3849      1067.07        1.0877555    
    595000   72760.473      613.05882      8364.0983      67031.32      -1400.1885      2589.3454      5233.8828      41894.724      7509.1303      1063.9992      1.0877555    
    595023   72760.473      603.13818      8225.7041      67005.031     -1383.0279      2588.3873      5200.1459      42035.153      7559.3361      1070.6301      1.0877555    
Loop time of 9.02455 on 48 procs for 5000 steps with 6900 atoms

Performance: 23.935 ns/day, 1.003 hours/ns, 554.044 timesteps/s, 3.823 Matom-step/s
99.9% CPU use with 48 MPI tasks x 1 OpenMP threads

MPI task timing breakdown:
Section |  min time  |  avg time  |  max time  |%varavg| %total
---------------------------------------------------------------
Pair    | 4.2405     | 5.1718     | 6.3669     |  20.0 | 57.31
Bond    | 0.2178     | 0.29888    | 0.3569     |   5.6 |  3.31
Kspace  | 1.3207     | 2.5521     | 3.5142     |  29.2 | 28.28
Neigh   | 0.35584    | 0.35681    | 0.35746    |   0.1 |  3.95
Comm    | 0.51243    | 0.54986    | 0.58683    |   2.1 |  6.09
Output  | 0.0036387  | 0.0062459  | 0.0089035  |   2.0 |  0.07
Modify  | 0.039921   | 0.050501   | 0.060355   |   2.1 |  0.56
Other   |            | 0.03831    |            |       |  0.42

Nlocal:         143.75 ave         164 max         122 min
Histogram: 1 1 5 9 5 11 5 7 1 3
Nghost:        4127.79 ave        4195 max        4051 min
Histogram: 1 3 4 6 6 8 10 4 4 2
Neighs:        49282.5 ave       61616 max       40940 min
Histogram: 4 6 8 5 9 7 5 2 0 2

Total # of neighbors = 2365558
Ave neighs/atom = 342.83449
Ave special neighs/atom = 13.675362
Neighbor list builds = 144
Dangerous builds = 0
PPPM initialization ...
  using 12-bit tables for long-range coulomb (src/kspace.cpp:342)
  G vector (1/distance) = 0.23736273
  grid = 16 16 16
  stencil order = 5
  estimated absolute RMS force accuracy = 0.0027169798
  estimated relative force accuracy = 8.1819095e-06
  using double precision MKL FFT
  3d grid and FFT values/proc = 891 96
Generated 36 of 36 mixed pair_coeff terms from arithmetic mixing rule
Setting up Verlet run ...
  Unit style    : real
  Current step  : 595023
  Time step     : 0.5
Per MPI rank memory allocation (min/avg/max) = 18.77 | 18.84 | 18.97 Mbytes
   Step         Volume          Temp          Press          TotEng         E_vdwl         E_coul         E_bond        E_angle        E_dihed        E_impro        Density    
    595023   72760.473      308            4412.5603      60935.63      -1383.0279      2588.3873      5200.1459      42035.153      7559.3361      1070.6301      1.0877555    
    596000   72760.473      313.45796      4050.8195      54868.794     -1833.2507      2597.1059      3058.4026      39398.951      6658.1464      1009.9557      1.0877555    
    597000   72760.473      302.78532      4579.541       54523.186     -1842.9103      2592.1595      2914.0954      39429.231      6665.8961      1005.902       1.0877555    
    598000   72760.473      308.14578      3624.8508      54670.049     -1897.1835      2590.0069      2979.9824      39485.805      6639.5696      1000.9442      1.0877555    
    599000   72760.473      308.3543       4671.645       54618.604     -1890.9726      2591.5744      2919.1038      39346.842      6762.0592      1016.8932      1.0877555    
    600000   72760.473      307.85551      4909.4036      54559.635     -1851.9351      2597.2811      2938.1603      39299.462      6697.8378      1015.4468      1.0877555    
    600023   72760.473      304.52253      5206.4415      54552.759     -1833.1209      2598.595       2950.6861      39350.407      6679.7319      1010.6306      1.0877555    
Loop time of 8.82672 on 48 procs for 5000 steps with 6900 atoms

Performance: 24.471 ns/day, 0.981 hours/ns, 566.462 timesteps/s, 3.909 Matom-step/s
99.9% CPU use with 48 MPI tasks x 1 OpenMP threads

MPI task timing breakdown:
Section |  min time  |  avg time  |  max time  |%varavg| %total
---------------------------------------------------------------
Pair    | 4.1862     | 5.1723     | 6.3803     |  19.7 | 58.60
Bond    | 0.22907    | 0.29961    | 0.35628    |   5.7 |  3.39
Kspace  | 1.2838     | 2.52       | 3.5236     |  28.8 | 28.55
Neigh   | 0.20605    | 0.20657    | 0.20688    |   0.1 |  2.34
Comm    | 0.4993     | 0.53513    | 0.57347    |   2.4 |  6.06
Output  | 0.0035247  | 0.0060657  | 0.0087374  |   2.0 |  0.07
Modify  | 0.039225   | 0.049482   | 0.059082   |   2.2 |  0.56
Other   |            | 0.03752    |            |       |  0.43

Nlocal:         143.75 ave         160 max         121 min
Histogram: 1 2 2 4 9 10 7 4 2 7
Nghost:        4125.56 ave        4179 max        4068 min
Histogram: 1 3 6 4 10 7 6 7 1 3
Neighs:        49297.5 ave       61204 max       36241 min
Histogram: 1 0 4 8 10 9 8 5 1 2

Total # of neighbors = 2366279
Ave neighs/atom = 342.93899
Ave special neighs/atom = 13.675362
Neighbor list builds = 83
Dangerous builds = 0
PPPM initialization ...
  using 12-bit tables for long-range coulomb (src/kspace.cpp:342)
  G vector (1/distance) = 0.23736273
  grid = 16 16 16
  stencil order = 5
  estimated absolute RMS force accuracy = 0.0027169798
  estimated relative force accuracy = 8.1819095e-06
  using double precision MKL FFT
  3d grid and FFT values/proc = 891 96
Generated 36 of 36 mixed pair_coeff terms from arithmetic mixing rule
Setting up Verlet run ...
  Unit style    : real
  Current step  : 600023
  Time step     : 0.5
Per MPI rank memory allocation (min/avg/max) = 18.77 | 18.84 | 18.97 Mbytes
   Step         Volume          Temp          Press          TotEng         E_vdwl         E_coul         E_bond        E_angle        E_dihed        E_impro        Density    
    600023   72760.473      308            5251.3699      54624.272     -1833.1209      2598.595       2950.6861      39350.407      6679.7319      1010.6306      1.0877555    
    601000   79339.182      308.90311      189.48225      54501.327     -1719.6158      2593.361       2989.2247      39209.422      6541.8191      996.41797      0.99756011   
    602000   80990.731      306.60808      559.4346       54548.836     -1660.794       2586.8795      2984.4187      39364.425      6434.4352      996.35462      0.97721803   
    603000   81561.646      307.32722      587.64         54515.711     -1699.4772      2592.2189      2950.9849      39296.552      6524.2997      992.2189       0.97037769   
    604000   81440.236      307.74066      500.42135      54550.941     -1657.8244      2590.5064      2992.1543      39285.256      6476.5981      996.86906      0.97182432   
    605000   80908.526      310.8508       1077.9945      54537.258     -1674.2275      2595.1132      3010.9395      39290.133      6395.6766      989.25854      0.97821091   
    606000   81635          307.42805      240.97852      54454.236     -1682.3906      2591.0476      2951.3522      39356.636      6392.7472      984.10743      0.96950576   
    607000   82069.423      309.63469      49.390977      54559.225     -1658.5925      2592.604       3004.4518      39267.856      6441.8939      1005.9768      0.96437381   
    608000   82168.326      312.56597      523.72934      54648.474     -1652.5391      2592.6886      3036.904       39306.251      6417.3634      981.09785      0.96321303   
    609000   82194.685      307.19422      226.0636       54434.246     -1651.8292      2597.3564      2950.583       39261.261      6426.8818      993.2308       0.96290414   
    610000   81939.028      305.09091      519.34877      54467.743     -1691.3861      2593.5036      2982.9156      39364.623      6411.1603      993.00984      0.96590849   
    610023   81908.653      306.29573      43.974855      54456.164     -1701.1808      2593.0579      3022.5732      39332.577      6379.8597      989.47412      0.96626668   
Loop time of 17.5664 on 48 procs for 10000 steps with 6900 atoms

Performance: 24.592 ns/day, 0.976 hours/ns, 569.269 timesteps/s, 3.928 Matom-step/s
99.9% CPU use with 48 MPI tasks x 1 OpenMP threads

MPI task timing breakdown:
Section |  min time  |  avg time  |  max time  |%varavg| %total
---------------------------------------------------------------
Pair    | 6.711      | 9.6542     | 11.519     |  32.1 | 54.96
Bond    | 0.51536    | 0.83567    | 1.0129     |  10.6 |  4.76
Kspace  | 3.2982     | 5.2803     | 8.5409     |  46.8 | 30.06
Neigh   | 0.38048    | 0.38145    | 0.38204    |   0.1 |  2.17
Comm    | 0.87041    | 0.90794    | 0.93813    |   1.5 |  5.17
Output  | 0.007309   | 0.012566   | 0.018018   |   2.8 |  0.07
Modify  | 0.3413     | 0.3948     | 0.43368    |   4.2 |  2.25
Other   |            | 0.09947    |            |       |  0.57

Nlocal:         143.75 ave         174 max          89 min
Histogram: 1 0 0 2 7 6 17 5 8 2
Nghost:        3794.83 ave        3907 max        3693 min
Histogram: 2 2 6 6 11 7 8 1 4 1
Neighs:        43851.3 ave       57350 max       25607 min
Histogram: 1 0 3 6 6 7 10 11 1 3

Total # of neighbors = 2104864
Ave neighs/atom = 305.05275
Ave special neighs/atom = 13.675362
Neighbor list builds = 173
Dangerous builds = 0
PPPM initialization ...
  using 12-bit tables for long-range coulomb (src/kspace.cpp:342)
  G vector (1/distance) = 0.23375361
  grid = 16 16 16
  stencil order = 5
  estimated absolute RMS force accuracy = 0.0030364942
  estimated relative force accuracy = 9.1440949e-06
  using double precision MKL FFT
  3d grid and FFT values/proc = 891 96
Generated 36 of 36 mixed pair_coeff terms from arithmetic mixing rule
Setting up Verlet run ...
  Unit style    : real
  Current step  : 610023
  Time step     : 0.5
Per MPI rank memory allocation (min/avg/max) = 18.77 | 18.84 | 18.97 Mbytes
   Step         Volume          Temp          Press          TotEng         E_vdwl         E_coul         E_bond        E_angle        E_dihed        E_impro        Density    
    610023   81908.653      600            3414.5947      60496.141     -1701.1808      2559.9318      3022.5732      39332.577      6379.8597      989.47412      0.96626668   
    611000   81908.653      596.49264      3196.6824      66155.949     -1262.6346      2559.0045      5122.2296      41726.176      7140.7924      1030.5479      0.96626668   
    612000   81908.653      604.59173      2273.7902      66807.576     -1217.8822      2553.8564      5226.0921      42002.401      7186.5616      1051.234       0.96626668   
    613000   81908.653      592.84681      2938.639       66264.794     -1214.7305      2558.6947      5145.0645      41744.952      7223.5878      1043.9889      0.96626668   
    614000   81908.653      598.51936      2047.9578      66479.868     -1273.4403      2560.5617      5224.5084      41915.692      7131.2582      1039.3252      0.96626668   
    615000   81908.653      590.47939      1604.5215      66311.044     -1252.006       2564.4432      5257.3647      41809.969      7174.6956      1039.5362      0.96626668   
    615023   81908.653      596.03094      2515.1963      66353.935     -1301.0068      2563.8287      5147.8675      41837.885      7228.369       1046.7638      0.96626668   
Loop time of 8.49074 on 48 procs for 5000 steps with 6900 atoms

Performance: 25.439 ns/day, 0.943 hours/ns, 588.877 timesteps/s, 4.063 Matom-step/s
99.9% CPU use with 48 MPI tasks x 1 OpenMP threads

MPI task timing breakdown:
Section |  min time  |  avg time  |  max time  |%varavg| %total
---------------------------------------------------------------
Pair    | 3.6582     | 4.7537     | 5.7455     |  22.8 | 55.99
Bond    | 0.22303    | 0.30957    | 0.38582    |   6.7 |  3.65
Kspace  | 1.4625     | 2.4737     | 3.5874     |  32.2 | 29.13
Neigh   | 0.33236    | 0.33326    | 0.33408    |   0.1 |  3.93
Comm    | 0.49175    | 0.52785    | 0.59148    |   3.0 |  6.22
Output  | 0.0037751  | 0.0064046  | 0.0091233  |   2.0 |  0.08
Modify  | 0.039815   | 0.048711   | 0.05917    |   1.9 |  0.57
Other   |            | 0.0375     |            |       |  0.44

Nlocal:         143.75 ave         166 max         103 min
Histogram: 1 1 0 3 5 10 7 9 6 6
Nghost:        3792.35 ave        3880 max        3658 min
Histogram: 2 0 2 5 4 8 13 5 4 5
Neighs:        43857.3 ave       54047 max       29672 min
Histogram: 2 0 3 3 6 14 4 9 4 3

Total # of neighbors = 2105150
Ave neighs/atom = 305.0942
Ave special neighs/atom = 13.675362
Neighbor list builds = 150
Dangerous builds = 0
PPPM initialization ...
  using 12-bit tables for long-range coulomb (src/kspace.cpp:342)
  G vector (1/distance) = 0.23375361
  grid = 16 16 16
  stencil order = 5
  estimated absolute RMS force accuracy = 0.0030364942
  estimated relative force accuracy = 9.1440949e-06
  using double precision MKL FFT
  3d grid and FFT values/proc = 891 96
Generated 36 of 36 mixed pair_coeff terms from arithmetic mixing rule
Setting up Verlet run ...
  Unit style    : real
  Current step  : 615023
  Time step     : 0.5
Per MPI rank memory allocation (min/avg/max) = 18.77 | 18.84 | 18.97 Mbytes
   Step         Volume          Temp          Press          TotEng         E_vdwl         E_coul         E_bond        E_angle        E_dihed        E_impro        Density    
    615023   81908.653      308           -790.49774      60430.692     -1301.0068      2563.8287      5147.8675      41837.885      7228.369       1046.7638      0.96626668   
    616000   81908.653      316.52747      987.42136      54681.006     -1674.1833      2566.9309      2950.5819      39509.208      6268.6282      977.75395      0.96626668   
    617000   81908.653      306.89307      174.4476       54321.817     -1669.1384      2560.4201      2889.1812      39328.94       6341.4418      988.46043      0.96626668   
    618000   81908.653      309.8744      -555.74331      54501.376     -1698.9102      2561.3879      2906.1847      39518.273      6283.5787      986.0475       0.96626668   
    619000   81908.653      306.31139     -592.28563      54358.416     -1668.0103      2560.9443      2945.2062      39253.04       6401.3377      995.80148      0.96626668   
    620000   81908.653      306.43511     -94.797673      54480.358     -1681.2253      2563.5041      2999.2806      39430.583      6304.7506      991.24685      0.96626668   
    621000   81908.653      307.31882      89.086779      54509.824     -1692.7242      2560.5309      2964.4691      39426.709      6371.4601      989.26365      0.96626668   
    622000   81908.653      304.66269      710.045        54337.116     -1664.8656      2564.6518      2948.8467      39504.521      6175.2016      973.45226      0.96626668   
    623000   81908.653      305.98178      1474.5506      54400.166     -1631.1656      2560.683       2870.7599      39373.576      6380.1429      984.64657      0.96626668   
    624000   81908.653      311.95246      773.4533       54542.292     -1682.1951      2563.3494      2923.3927      39406.897      6348.5838      995.67305      0.96626668   
    625000   81908.653      309.53086      356.81152      54394.579     -1651.2417      2565.6312      2959.5233      39292.595      6311.2251      979.27613      0.96626668   
    625023   81908.653      306.58182      287.36823      54386.561     -1678.5854      2562.8906      2994.3052      39298.943      6355.456       976.49615      0.96626668   
Loop time of 16.7062 on 48 procs for 10000 steps with 6900 atoms

Performance: 25.859 ns/day, 0.928 hours/ns, 598.580 timesteps/s, 4.130 Matom-step/s
99.9% CPU use with 48 MPI tasks x 1 OpenMP threads

MPI task timing breakdown:
Section |  min time  |  avg time  |  max time  |%varavg| %total
---------------------------------------------------------------
Pair    | 6.6938     | 9.5096     | 11.515     |  36.7 | 56.92
Bond    | 0.42018    | 0.61486    | 0.74259    |   9.9 |  3.68
Kspace  | 2.9579     | 4.9835     | 7.8181     |  51.4 | 29.83
Neigh   | 0.36903    | 0.36992    | 0.37044    |   0.1 |  2.21
Comm    | 0.95489    | 1.0437     | 1.1781     |   4.8 |  6.25
Output  | 0.007613   | 0.012668   | 0.017849   |   2.7 |  0.08
Modify  | 0.07957    | 0.097453   | 0.11887    |   2.8 |  0.58
Other   |            | 0.07452    |            |       |  0.45

Nlocal:         143.75 ave         166 max         102 min
Histogram: 1 2 3 2 2 6 8 10 8 6
Nghost:        3799.75 ave        3902 max        3674 min
Histogram: 1 2 2 3 9 11 13 1 4 2
Neighs:        43933.3 ave       54394 max       25976 min
Histogram: 1 1 3 3 3 7 8 9 10 3

Total # of neighbors = 2108800
Ave neighs/atom = 305.62319
Ave special neighs/atom = 13.675362
Neighbor list builds = 170
Dangerous builds = 0
PPPM initialization ...
  using 12-bit tables for long-range coulomb (src/kspace.cpp:342)
  G vector (1/distance) = 0.23375361
  grid = 16 16 16
  stencil order = 5
  estimated absolute RMS force accuracy = 0.0030364942
  estimated relative force accuracy = 9.1440949e-06
  using double precision MKL FFT
  3d grid and FFT values/proc = 891 96
Generated 36 of 36 mixed pair_coeff terms from arithmetic mixing rule
Setting up Verlet run ...
  Unit style    : real
  Current step  : 625023
  Time step     : 0.5
Per MPI rank memory allocation (min/avg/max) = 18.77 | 18.84 | 18.97 Mbytes
   Step         Volume          Temp          Press          TotEng         E_vdwl         E_coul         E_bond        E_angle        E_dihed        E_impro        Density    
    625023   81908.653      308            303.64448      54415.725     -1678.5854      2562.8906      2994.3052      39298.943      6355.456       976.49615      0.96626668   
    626000   83734.707      305.57244     -284.96317      54486.329     -1624.6354      2563.7847      3049.5087      39419.215      6244.0675      978.06803      0.94519471   
    627000   83797.853      307.84375      1285.3959      54444.794     -1624.926       2563.5026      2978.9921      39323.317      6306.8304      993.09607      0.94448246   
    628000   84675.793      312.68333      490.73404      54571.602     -1587.1946      2563.3769      2945.1461      39347.157      6312.1695      987.2992       0.93468983   
    629000   84733.913      307.31024     -372.04106      54339.438     -1624.2284      2566.2053      2935.172       39355.604      6244.8654      969.37551      0.93404871   
    630000   84312.545      305.53285     -33.478904      54443.727     -1571.905       2561.8279      3025.7184      39421.628      6179.7284      970.42252      0.9387168    
    631000   84376.683      311.72044      568.41004      54525.576     -1626.3642      2561.809       3050.3913      39250.23       6314.9139      989.89119      0.93800325   
    632000   83523.831      304.83517      830.8878       54373.334     -1614.367       2563.3365      2937.1551      39483.592      6194.0384      968.26264      0.94758109   
    633000   84194.082      307.48333      979.10096      54353.363     -1565.7822      2565.9062      2909.9869      39338.363      6225.1914      983.45321      0.9400376    
    634000   84820.837      309.83228      1059.6431      54512.917     -1520.2039      2563.2928      2948.0953      39493.367      6117.2744      966.4193       0.93309151   
    635000   83809.249      314.63564      605.54028      54631.545     -1574.702       2563.9993      3036.4978      39391.115      6197.9998      974.56082      0.94435403   
    636000   84593.319      308.26127     -457.71214      54436.36      -1609.5808      2562.4963      2956.5175      39387.117      6243.8592      983.41532      0.9356011    
    637000   84585.317      309.56465     -275.50201      54362.246     -1608.6862      2562.5166      2890.0623      39485.728      6122.7855      970.33532      0.93568961   
    638000   84768.236      306.16912      166.23513      54322.401     -1669.1716      2557.811       2964.4907      39421.43       6201.1435      978.60206      0.93367052   
    639000   84581.542      307.52335     -1110.1346      54388.255     -1620.6267      2562.0812      2991.6493      39396.423      6182.0837      981.11033      0.93573137   
    640000   84683.467      305.95995     -1039.3683      54425.424     -1598.4515      2562.4373      2988.9204      39421.822      6198.7136      988.3926       0.93460512   
    641000   84305.107      306.79795     -362.38546      54341.751     -1627.3402      2562.3052      3027.6827      39385.09       6128.8874      982.85596      0.93879962   
    642000   83882.146      308.12584     -557.47609      54416.24      -1632.2331      2561.109       3040.0133      39327.615      6230.0334      982.07908      0.94353335   
    643000   84481.777      308.03574     -242.85807      54348.082     -1646.7228      2559.0604      2995.976       39338.569      6207.0427      987.90541      0.93683638   
    644000   85016.335      305.80561     -189.57564      54350.111     -1645.0094      2562.3664      2985.8259      39498.608      6115.973       970.97813      0.93094583   
    645000   85521.944      310.5333      -400.30779      54493.2       -1570.4215      2561.3023      2965.6761      39353.59       6242.9089      980.96281      0.92544204   
    646000   85135.233      304.9552      -638.23248      54501.051     -1602.8777      2560.2295      3046.9116      39618.951      6070.9013      963.57577      0.92964569   
    647000   85166.79       307.65536     -125.7037       54409.975     -1565.0668      2564.7743      2957.8237      39299.06       6268.693       986.43516      0.92930123   
    648000   85092.179      303.09665     -519.76753      54372.589     -1593.5049      2563.7686      3034.1739      39411.44       6176.9831      974.89131      0.93011606   
    649000   84958.442      310.08275      327.39398      54451.961     -1604.113       2562.0917      2908.4044      39578.333      6084.3564      973.83852      0.9315802    
    650000   85640.472      304.01167     -576.50858      54248.399     -1526.0547      2562.4515      2957.7809      39411.522      6050.8464      967.79389      0.92416122   
    651000   85738.535      307.93546      132.98602      54464.429     -1588.5509      2562.4682      3015.2914      39525          6076.1662      968.9888       0.92310421   
    652000   85442.171      311.65352      133.3537       54556.547     -1574.7223      2561.3867      3002.6205      39416.224      6186.6259      982.63055      0.92630608   
    653000   85417.981      309.85446     -533.46071      54455.547     -1579.8029      2558.8013      2972.023       39400.754      6178.761       981.7205       0.92656841   
    654000   84920.583      307.78074     -1252.4066      54413.259     -1608.2967      2561.2767      2991.6044      39524.526      6076.289       965.67543      0.93199551   
    655000   84806.341      309.32216     -369.55682      54436.96      -1608.3949      2565.536       2973.8685      39470.175      6138.5241      964.79512      0.93325099   
    656000   85281.826      308.13885     -559.50107      54437.849     -1603.3492      2562.4725      2973.8145      39415.616      6205.4157      974.87186      0.92804769   
    657000   85031.27       312.23453     -1118.6837      54507.325     -1639.0325      2563.0485      2978.0633      39458.102      6177.3925      975.13336      0.93078232   
    658000   85691.611      309.64395     -105.43367      54475.059     -1572.2308      2561.6952      2942.5027      39556.397      6080.3375      966.0545       0.92360969   
    659000   86187.128      303.58524     -1495.2913      54360.848     -1584.6666      2560.2528      2989.0593      39447.601      6161.8045      971.32402      0.91829956   
    660000   85422.606      311.17353     -305.93047      54571.083     -1530.7008      2557.2427      2977.9239      39526.023      6102.45        967.31695      0.92651824   
    661000   85570.072      304.43314     -680.2173       54408.882     -1570.8357      2560.9673      2990.6653      39532.786      6093.7848      968.47093      0.92492153   
    662000   84931.288      304.06106     -364.42644      54261.16      -1647.6971      2562.6807      2995.9555      39506.391      6046.5061      972.45723      0.93187804   
    663000   84985.597      309.30845     -495.53073      54493.358     -1622.7546      2560.1215      3064.6075      39451.807      6135.6185      972.20586      0.93128254   
    664000   86016.517      307.56736     -196.18178      54432.939     -1542.1468      2561.1742      2999.5189      39421.853      6126.845       968.13653      0.92012098   
    665000   85226.648      307.30473      1181.798       54364.905     -1522.9752      2556.148       2928.6964      39344.445      6191.8462      975.55761      0.92864854   
    666000   85245.035      313.65049      332.60056      54633.162     -1590.4657      2556.9076      3038.0017      39442.991      6192.3031      970.36704      0.92844824   
    667000   85116.925      310.24747      1327.5268      54552.42      -1596.9864      2558.5918      3026.5473      39450.137      6180.8273      981.23546      0.92984565   
    668000   85159.553      305.51696     -194.78121      54372.612     -1576.0611      2557.7671      2964.1387      39433.452      6168.7105      970.73876      0.9293802    
    669000   85158.099      311.77379     -1099.303       54454.881     -1568.1336      2559.2015      2989.3448      39349.739      6172.9924      968.73582      0.92939607   
    670000   84944.919      308.5607       20.400723      54367.606     -1625.6989      2554.7208      3001.6522      39398.992      6152.148       968.86845      0.9317285    
    671000   85169.617      311.65053      530.88778      54444.474     -1606.0273      2560.5855      2936.7522      39446.786      6149.9812      974.33996      0.92927038   
    672000   86016.672      309.42098     -464.84386      54520.889     -1609.5399      2557.6706      3004.9216      39510.392      6149.4014      971.99388      0.92011932   
    673000   85379.785      308.61894     -154.39383      54492.577     -1554.6453      2559.9267      2989.2659      39369.551      6228.1737      981.44843      0.92698292   
    674000   84461.127      308.83365      1470.538       54503.465     -1583.8511      2557.0658      2944.6689      39523.385      6162.0328      977.14926      0.93706543   
    675000   85072.66       311.67818      186.21796      54536.72      -1558.3477      2563.0688      3007.2294      39408.778      6164.4172      969.6242       0.93032946   
    676000   84734.374      309.45607     -255.44724      54450.325     -1606.3074      2558.3185      2979.4047      39460.645      6153.9526      968.95712      0.93404363   
    677000   85704.125      311.84721      260.725        54426.857     -1573.6532      2558.208       2892.5916      39420.474      6169.8524      974.87401      0.92347483   
    678000   86088.283      308.19204     -338.9404       54552.114     -1547.4246      2563.1788      3054.7723      39382.429      6210.5575      977.3672       0.91935395   
    679000   85615.656      311.69466      518.41408      54464.711     -1521.2028      2555.4566      2945.2977      39499.281      6037.3382      967.40036      0.92442909   
    680000   85577.731      300.59243     -328.91887      54215.237     -1612.3994      2558.1428      2975.6176      39402.925      6166.8975      970.96786      0.92483876   
    681000   85845.557      308.76547      485.40597      54471.604     -1592.9093      2556.5967      2952.6047      39449.825      6205.548       980.40421      0.92195339   
    682000   85576.399      307.32598      491.70708      54417.693     -1558.2592      2559.0003      2974.4908      39442.032      6132.8869      974.58189      0.92485315   
    683000   85582.578      308.1917       97.319117      54459.942     -1546.3023      2558.9205      3019.6978      39403.679      6138.6473      973.70335      0.92478637   
    684000   84813.172      307.69921      161.736        54375.276     -1619.2925      2560.4317      2978.4722      39427.027      6171.4788      957.73406      0.93317583   
    685000   85574.594      313.64301      895.08561      54611.545     -1513.6477      2559.8585      2975.9076      39483.731      6121.7162      962.61264      0.92487266   
    686000   85040.052      306.96997      177.14025      54326.228     -1606.9674      2561.3677      2995.109       39338.66       6191.1569      962.02454      0.93068619   
    687000   85622.202      313.5838       554.20044      54502.481     -1589.4969      2563.9491      3002.1975      39412.471      6118.8463      973.44885      0.92435841   
    688000   85594.673      311.06527      478.83414      54460.824     -1603.0725      2558.0498      2952.475       39422.936      6187.0902      974.30992      0.92465571   
    689000   85677.787      312.85493      1027.9397      54547.423     -1579.2448      2564.4458      2939.8256      39492.969      6146.5092      977.09144      0.92375872   
    690000   86394.768      302.40502     -490.41855      54298.499     -1634.7027      2556.4443      2988.0707      39572.31       6062.8178      962.08968      0.91609254   
    691000   86515.317      308.71769      79.628144      54536.669     -1549.825       2559.8232      3001.9047      39523.402      6109.5431      969.01766      0.91481607   
    692000   86519.174      307.00703     -1389.7615      54376.215     -1569.292       2558.3599      2972.8183      39411.045      6136.1305      980.45361      0.91477529   
    693000   86269.675      306.84372      31.640428      54406.166     -1558.7175      2558.553       3028.7979      39477.539      6050.3582      967.55679      0.91742089   
    694000   87142.459      307.18908     -417.40692      54421.743     -1526.8234      2559.3037      2982.8212      39386.049      6161.949       968.64066      0.90823237   
    695000   86646.788      310.27523      52.884432      54421.952     -1596.9209      2561.1065      3015.868       39337.147      6187.2937      963.52346      0.91342801   
    696000   87366.75       307.86219     -928.66495      54376.484     -1561.7752      2560.5124      2973.0088      39383.933      6149.5744      966.52533      0.90590072   
    697000   87135.172      308.23474     -383.084        54437.386     -1546.053       2560.8136      3073.1749      39438.943      6035.4019      963.11987      0.90830833   
    698000   86494.553      309.80972     -590.08129      54379.233     -1624.6796      2563.0676      2971.1784      39512.489      6034.9751      977.5757       0.91503568   
    699000   86209.65       311.80876     -762.33205      54519.576     -1641.8518      2558.6926      3013.4039      39547.343      6090.4818      966.9049       0.91805966   
    700000   87480.534      309.12205     -102.53008      54395.944     -1565.7579      2563.1093      2985.1757      39422.932      6098.9442      960.23972      0.90472244   
    701000   86768.275      308.32394      533.58603      54426.185     -1578.3062      2555.9897      3004.8371      39444.656      6111.2248      973.56164      0.91214908   
    702000   87946.663      308.78891     -1387.1184      54448.689     -1540.2783      2560.1068      2966.6268      39532.426      6040.8524      964.25829      0.8999273    
    703000   87419.499      306.04004      1184.6518      54428.908     -1530.329       2561.8091      2960.5005      39543.428      6068.3592      958.5959       0.90535411   
    704000   86687.789      306.61262      543.41725      54340.342     -1537.8051      2563.1467      3003.0262      39316.436      6140.9947      974.75932      0.91299598   
    705000   87385.798      310.67688     -405.00298      54442.92      -1566.9542      2559.6586      2928.6973      39507.86       6094.004       957.87701      0.90570326   
    706000   86670.006      301.94275     -258.45274      54345.88      -1573.0404      2560.6482      2974.5539      39549.62       6088.4493      963.59648      0.91318331   
    707000   87013.513      311.65064      413.53329      54414.586     -1586.6736      2563.9729      2985.5227      39377.368      6124.2946      967.70148      0.90957829   
    708000   87154.057      305.88697      399.37517      54393.79      -1526.5978      2559.5992      3000.5941      39482.92       6053.1028      959.58419      0.90811151   
    709000   87232.731      304.26911      55.707443      54496.57      -1582.6023      2561.6117      3047.676       39608.857      6063.6096      966.21223      0.9072925    
    710000   86639.338      307.12471      46.238279      54307.192     -1612.5051      2558.427       2953.466       39425.863      6124.3722      968.85559      0.91350655   
    711000   86396.999      307.37824     -216.07914      54400.964     -1569.5276      2559.2679      2916.5056      39432.016      6191.898       976.72053      0.91606888   
    712000   86450.845      305.88411     -685.37257      54464.288     -1614.8638      2559.3246      3030.3866      39543.55       6115.4151      966.97371      0.91549831   
    713000   86606.896      306.58535      649.40976      54353.245     -1598.9354      2557.7501      2905.5655      39405.338      6232.6795      973.58364      0.91384874   
    714000   87310.259      307.66734     -532.58169      54460.246     -1534.3064      2560.5828      2893.3934      39620.668      6056.4934      962.93457      0.90648686   
    715000   86948.677      308.70035      1230.7005      54362.171     -1533.2268      2560.3988      2972.4663      39447.084      6027.6575      966.96349      0.91025655   
    716000   87367.209      306.35093     -187.52378      54390.374     -1559.0019      2561.6855      2960.1348      39482.148      6097.5892      973.75475      0.90589596   
    717000   87521.815      309.20403      27.768417      54469.007     -1558.4893      2558.051       2995.109       39531.71       6053.8785      957.22309      0.90429572   
    718000   87134.246      307.58906      586.17214      54343.253     -1529.722       2558.862       2956.9921      39338.085      6145.9006      972.99391      0.90831798   
    719000   87179.615      304.93857      153.77754      54321.115     -1539.8889      2560.791       2958.6115      39397.286      6130.6848      968.80236      0.90784528   
    720000   86918.325      306.20871      44.437567      54245.697     -1584.6617      2559.1085      2975.6424      39422.199      6028.2         974.72564      0.91057441   
    721000   87301.043      307.16375      643.03984      54500.321     -1473.0184      2558.5909      3034.673       39477.458      6052.1144      961.41471      0.90658255   
    722000   87425.451      306.59295      708.64584      54314.289     -1497.253       2561.4639      2954.7073      39390.103      6064.3388      962.37117      0.90529247   
    723000   87176.296      311.71432      979.96459      54473.129     -1521.5622      2562.7679      2954.3488      39465.2        6066.1762      962.18199      0.90787985   
    724000   86389.963      306.42945      1109.0376      54364.376     -1558.3291      2557.7501      2938.6344      39460.454      6139.5621      952.82864      0.91614349   
    725000   87407.003      303.04313      164.66418      54377.425     -1544.9357      2555.4981      2963.6604      39519.643      6112.0838      966.06436      0.90548354   
    726000   86578.577      312.30251      674.41441      54467.52      -1552.2145      2564.4597      2899.4862      39416.13       6168.0874      975.60724      0.91414765   
    727000   86873.179      305.98887     -354.96539      54360.719     -1542.6263      2559.6977      2951.4288      39396.417      6149.192       980.84602      0.91104761   
    728000   87483.958      309.87064      66.553162      54459.926     -1559.3673      2558.6928      2996.4921      39421.269      6127.2197      969.70559      0.90468704   
    729000   87461.807      309.38918      670.89164      54406.33      -1541.3396      2558.8299      2925.6205      39498.795      6066.9508      961.30271      0.90491616   
    730000   87257.329      309.60535      404.02292      54412.46      -1560.6481      2558.9755      2960.2125      39347.269      6198.9497      967.41048      0.90703673   
    731000   86403.09       316.75955      707.27852      54589.605     -1572.0358      2562.1797      2905.0923      39506.604      6130.4619      971.29212      0.9160043    
    732000   87437.161      309.05612      506.19568      54427.031     -1508.7603      2559.665       3080.1112      39296.919      6094.9359      975.14492      0.90517122   
    733000   87090.329      302.49432     -105.24688      54326.378     -1560.5791      2557.8541      3007.8139      39462.823      6102.1274      961.75706      0.90877602   
    734000   86087.941      310.61294      902.29436      54448.147     -1605.63        2564.9178      2888.845       39491.819      6171.987       974.29749      0.91935759   
    735000   86810.445      306.05216      182.68122      54404.635     -1553.4862      2557.883       3016.9959      39343.753      6205.6168      966.20366      0.91170599   
    736000   86183.667      306.08013      905.08867      54304.902     -1552.0282      2561.0409      2947.8285      39434.737      6087.3927      958.79835      0.91833644   
    737000   86282.8        311.24257     -1176.0017      54488.511     -1601.0508      2559.0051      3010.3938      39375.555      6206.5321      964.81267      0.91728134   
    738000   87912.633      304.5729      -37.111642      54359.134     -1495.6956      2560.4103      2940.1519      39413.196      6132.1482      971.82513      0.90027565   
    739000   86627.25       308.47585     -247.24953      54546.387     -1540.4108      2562.5294      3072.312       39446.322      6118.7039      969.21578      0.91363402   
    740000   87610.543      311.67587      419.91026      54566.449     -1515.7687      2562.2529      3101.7751      39460.553      6010.5292      963.24732      0.90337988   
    741000   87569.083      309.97506     -246.62736      54527.342     -1508.0326      2557.3335      3124.1438      39359.909      6081.1927      964.83913      0.9038076    
    742000   87259.3        307.57186      1284.01        54363.449     -1550.2777      2557.5797      2965.7118      39448.181      6069.0401      974.42011      0.90701625   
    743000   86547.135      313.61936      360.30878      54524.307     -1590.1369      2557.4251      3015.3326      39418.93       6125.0108      975.53404      0.91447975   
    744000   86914.362      305.01059     -1524.5989      54353.77      -1589.2717      2555.2411      3061.9554      39388.239      6137.3228      955.35898      0.91061593   
    745000   88107.404      307.19037     -809.66946      54443.82      -1518.1374      2557.3144      2922.6223      39441.891      6179.7556      970.48282      0.89828549   
    746000   87322.616      307.26095      776.90218      54366.275     -1471.228       2558.7165      2984.424       39327.458      6113.1584      962.68016      0.90635858   
    747000   87944.951      306.29921     -482.5999       54467.356     -1522.1656      2558.7397      3048.6337      39443.161      6098.6439      967.76444      0.89994481   
    748000   87690.365      306.39587     -461.2195       54362.919     -1537.6121      2559.1447      2915.0601      39429.289      6155.5823      968.20805      0.90255756   
    749000   87550.093      308.44744     -513.96487      54387.459     -1550.4292      2556.1453      2981.5627      39378.16       6138.5583      965.82436      0.90400363   
    750000   88012.532      311.76322     -252.44438      54613.062     -1545.0753      2556.206       3042.5659      39414.09       6193.0655      968.32749      0.89925378   
    751000   87430.213      304.2973       522.87508      54355.244     -1544.1718      2558.2923      2940.2516      39455.507      6152.1451      961.27964      0.90524316   
    752000   86979.733      309.39493      80.640861      54482.585     -1564.1142      2558.525       2986.2678      39583.774      6022.4991      959.84169      0.90993154   
    753000   87542.771      310.17303      60.868637      54487.928     -1509.2293      2564.5176      3040.0849      39386.167      6091.9461      961.54885      0.90407925   
    754000   87544.15       302.92218     -233.1103       54342.313     -1520.6154      2562.6119      3040.5161      39426.617      6066.2011      962.08931      0.90406501   
    755000   86709.086      307.25287     -282.31192      54431.507     -1602.1314      2560.3987      3028.6533      39548.368      6037.7235      967.45164      0.91277173   
    756000   87094.48       307.9789      -439.29031      54390.793     -1567.4919      2565.6272      2979.8691      39480.614      6059.358       965.47682      0.90873271   
    757000   87157.695      309.0032      -63.962687      54446.852     -1572.6705      2562.1517      2995.6681      39522.471      6051.204       959.0511       0.90807361   
    758000   86668.136      311.93007      530.48495      54627.692     -1545.5632      2559.565       3021.7697      39504.719      6129.4111      969.30466      0.91320301   
    759000   87317.971      308.02951      694.20346      54416.94      -1564.1074      2557.0988      2982.4317      39419.758      6141.9543      971.6143       0.9064068    
    760000   87150.979      310.31189     -736.93349      54506.311     -1562.1889      2558.1265      3001.9747      39475.384      6114.5958      964.8869       0.90814358   
    761000   85719.07       306.56321      660.01701      54347.804     -1603.2172      2558.4016      2928.1787      39500.843      6116.9617      970.54865      0.92331382   
    762000   86957.132      309.96044     -86.939589      54525.546     -1580.2369      2558.4293      3048.0562      39562.831      6021.4987      966.99001      0.91016804   
    763000   87373.307      309.35979      222.7396       54478.496     -1542.5898      2559.5143      2988.8082      39469.633      6095.2575      972.30583      0.90583274   
    764000   87104.853      305.1574      -406.94613      54334.825     -1544.6457      2559.8841      2954.9411      39430.646      6118.2475      967.92438      0.90862449   
    765000   87369.843      309.98477     -154.56639      54493.227     -1543.0037      2556.7868      2995.4263      39470.226      6100.3406      966.18132      0.90586866   
    766000   87742.121      313.66139     -418.06418      54602.495     -1563.9313      2559.9556      3045.5027      39447.664      6126.8538      963.29317      0.90202517   
    767000   86808.098      311.12883      611.15641      54481.119     -1571.1957      2558.7229      2973.2001      39507.279      6075.9616      965.46432      0.91173064   
    768000   86263.834      303.46148      238.69613      54297.655     -1587.9082      2565.2263      2966.0914      39468.754      6104.1297      968.32013      0.91748301   
    769000   87227.066      307.64815      1341.7807      54506.342     -1521.7214      2561.1212      3000.418       39500.252      6099.7512      967.01997      0.90735142   
    770000   87111.812      308.30255      1430.9974      54395.021     -1583.2171      2564.0051      2927.7643      39577.333      6031.8589      963.47156      0.9085519    
    771000   86816.031      310.63356      390.45739      54476.789     -1569.0697      2559.758       2965.7632      39474.926      6113.7754      971.36175      0.91164732   
    772000   86917.721      310.76448      564.70452      54519.904     -1527.4782      2560.7428      2983.764       39463.039      6104.9374      971.65339      0.91058074   
    773000   87379.741      305.82742      1135.2639      54140.267     -1523.3277      2555.411       2897.4221      39312.971      6063.8053      971.85421      0.90576604   
    774000   86921.809      304.61436      36.510814      54428.702     -1557.9287      2563.7917      2965.4068      39575.956      6067.795       973.93255      0.91053791   
    775000   87304.379      309.29997     -680.75067      54398.985     -1527.9254      2563.0361      2988.0306      39423.731      6051.4402      965.26095      0.90654792   
    776000   87291.914      305.07898     -371.60363      54332.614     -1555.7554      2561.5136      2963.457       39365.808      6172.1832      976.88871      0.90667736   
    777000   86665.884      311.24309      495.73615      54480.08      -1584.7709      2561.2567      2961.4308      39511.446      6092.2196      964.21411      0.91322673   
    778000   87358.191      309.18609      871.78614      54470.57      -1547.8411      2564.1238      3011.0309      39532.675      6015.7227      961.95649      0.90598949   
    779000   86885.141      309.68383      1390.24        54450.695     -1573.8022      2562.2339      2957.1879      39627.156      5975.8283      959.33189      0.91092218   
    780000   87832.803      305.92587      839.26822      54384.965     -1499.4432      2558.8878      2975.8534      39593.744      5946.2592      944.67082      0.9010939    
    781000   87473.309      307.6387      -102.2646       54272.587     -1520.464       2561.4625      2945.8053      39424.494      6002.231       959.59622      0.90479717   
    782000   87175.751      310.85312      362.65261      54520.538     -1571.3327      2561.708       3001.9731      39503.038      6084.6794      975.28322      0.90788553   
    783000   86778.658      310.91945      1119.9448      54489.71      -1532.9407      2559.7118      2921.9409      39442.964      6167.822       962.95055      0.91203995   
    784000   87102.064      304.05924      91.662379      54319.648     -1557.3202      2557.9729      2985.4031      39517.317      6023.6931      967.29896      0.90865358   
    785000   86894.71       306.08437      150.7773       54417.492     -1505.0051      2562.2434      3009.7221      39377.869      6137.7744      968.95834      0.91082187   
    786000   86858.902      306.75909     -993.43067      54532.513     -1557.088       2561.9149      3036.5935      39495.602      6144.6258      968.89205      0.91119736   
    787000   86956.013      305.27152     -521.89609      54359.795     -1575.2665      2557.0824      3029.7047      39397.715      6121.9344      978.68065      0.91017975   
    788000   87232.528      310.05751      30.440409      54411.072     -1572.271       2555.7434      2973.2395      39461.975      6078.3065      965.46258      0.90729461   
    789000   87378.228      308.45717      1046.2126      54566.547     -1488.7091      2562.1134      3046.9696      39468.718      6089.0825      971.7802       0.90578172   
    790000   87260.759      307.09796     -216.72521      54499.843     -1521.7307      2562.1227      2984.7957      39558.014      6072.8073      955.00015      0.90700108   
    791000   87184.727      307.37666      137.55939      54410.299     -1538.2591      2557.2986      2957.0485      39502.231      6072.8976      964.50446      0.90779206   
    792000   88373.284      315.80841     -1298.3938      54711.742     -1563.3953      2561.0216      3030.5133      39463.077      6182.4868      969.12441      0.89558291   
    793000   86919.084      308.45025     -1022.0148      54462.323     -1580.0203      2563.0769      2990.7974      39456.366      6140.5307      974.68858      0.91056646   
    794000   86986.024      306.86974      391.5371       54341.009     -1564.9997      2560.591       3013.3188      39397.01       6084.5587      965.8065       0.90986573   
    795000   87242.698      310.0443       335.88911      54516.995     -1528.4522      2558.6367      2972.288       39546.706      6057.9147      958.96016      0.90718885   
    796000   86813.863      306.4579       253.9811       54348.862     -1560.678       2561.9837      2992.3884      39326.904      6177.9179      974.55814      0.91167009   
    797000   86654.283      306.87089      176.00243      54425.428     -1516.0603      2557.735       2966.8094      39455.687      6113.4257      963.03602      0.913349     
    798000   87383.611      309.08849     -730.93624      54473.05      -1575.8625      2555.5152      2998.1861      39519.741      6079.1736      966.24526      0.90572593   
    799000   86976.238      307.26073      852.15227      54334.573     -1571.0473      2558.6847      3007.7988      39414.932      6066.5419      964.48047      0.9099681    
    800000   87184.607      306.60511     -295.87471      54349.785     -1525.7505      2559.2562      2896.3046      39510.435      6065.767       964.24469      0.9077933    
    801000   86673.273      304.23708      1192.8734      54297.796     -1553.6996      2559.3538      2971.4782      39462.337      6067.2573      962.04782      0.91314888   
    802000   87186.86       313.82989      1188.6748      54444.168     -1579.1782      2561.6307      3019.9253      39373.44       6076.47        964.60029      0.90776984   
    803000   86700.54       309.48447     -351.07032      54576.94      -1568.4798      2562.8891      3044.6201      39417.864      6201.0425      981.10951      0.9128617    
    804000   85953.251      312.43244     -146.54574      54434.031     -1623.6367      2557.1081      2966.3262      39444.219      6123.5155      968.77867      0.92079824   
    805000   86073.634      309.18192      169.62809      54453.056     -1573.9053      2559.193       2981.984       39474.887      6108.0241      971.7865       0.91951041   
    806000   86392.417      308.11627     -1148.2078      54364.993     -1602.6307      2556.8856      2959.0892      39477.857      6093.2075      972.23934      0.91611747   
    807000   86725.611      312.03403      129.90123      54441.224     -1573.7128      2561.1628      2998.0674      39388.727      6103.606       973.8632       0.91259781   
    808000   87230.282      302.94023      296.81994      54318.006     -1574.9726      2561.2         2982.5625      39504.102      6070.0597      972.59743      0.90731797   
    809000   87010.435      303.80271      122.91245      54357.028     -1573.4911      2559.3045      3008.2537      39485.651      6094.5554      962.23685      0.90961047   
    810000   86718.221      313.91283     -319.99525      54500.577     -1606.4273      2556.9197      2974.6928      39561.734      6030.0407      954.09503      0.91267558   
    811000   87049.507      305.39704     -112.81066      54381.604     -1579.2951      2558.2165      3047.1579      39554.03       5991.9154      957.01532      0.90920219   
    812000   87392.305      304.07964      50.801654      54342.701     -1531.8944      2562.6189      3017.4832      39459.883      6045.6321      962.5218       0.90563583   
    813000   87382.926      312.95306      747.51621      54502.48      -1585.0432      2560.9083      3003.6769      39471.465      6079.5214      962.69971      0.90573304   
    814000   86726.601      308.86393      1454.5968      54297.168     -1550.2803      2559.4433      2945.4805      39530.425      5931.9831      954.73175      0.91258739   
    815000   86580.996      301.28742      889.75575      54419.754     -1533.4446      2564.7725      3013.6971      39511.881      6125.2498      967.62455      0.9141221    
    816000   86823.272      307.86191     -429.82076      54381.936     -1610.4925      2562.2973      2997.8386      39436.435      6114.8106      977.71283      0.91157129   
    817000   87402.231      312.15552     -1073.9338      54421.851     -1587.271       2562.6887      2942.4979      39448.94       6091.5117      969.84054      0.90553297   
    818000   87335.242      308.78283      48.220896      54364.777     -1581.671       2558.2972      2911.6441      39436.39       6137.5653      980.06594      0.90622755   
    819000   87057.716      311.04348      566.75782      54565.753     -1584.3883      2561.2484      2989.2955      39456.736      6210.2504      963.22744      0.90911646   
    820000   87129.916      304.66789      216.0259       54334.797     -1607.2775      2556.2738      2999.6128      39609.363      5975.14        964.73729      0.90836312   
    821000   87128.809      313.08947      644.49204      54597.873     -1541.1207      2563.3451      2955.1507      39531.569      6109.0347      968.41533      0.90837466   
    822000   86444.554      307.63071      1258.3932      54480.068     -1544.651       2563.7019      2951.5358      39521.186      6123.8925      964.01556      0.91556493   
    823000   86815.411      306.37565      101.47936      54334.965     -1563.426       2563.0778      2981.1259      39441.619      6072.5256      966.19652      0.91165383   
    824000   86999.915      306.28321      358.86984      54439.637     -1580.5854      2558.5217      2962.9225      39545.956      6114.3427      965.79816      0.90972046   
    825000   86358.942      308.33472      413.20531      54483         -1560.1198      2562.5088      3022.761       39410.657      6168.486       965.70697      0.91647259   
    826000   86344.745      310.03876      1147.7361      54379.043     -1581.2825      2556.4969      2958.7808      39540.592      5994.3242      962.6252       0.91662327   
    827000   86181.505      315.82561     -632.91975      54634.291     -1572.5926      2563.9541      3023.0188      39416.788      6160.9835      973.94007      0.91835948   
    828000   87833.672      307.92401     -257.23188      54479.314     -1529.1859      2562.9601      3034.6269      39483.684      6057.852       963.81104      0.90108498   
    829000   86800.406      308.32775     -375.38255      54370.779     -1558.261       2560.4073      2990.2043      39312.173      6186.4238      966.69153      0.91181143   
    830000   86895.75       312.24439      223.08234      54492.618     -1551.4022      2559.6918      3059.4301      39435.113      6035.5055      959.39918      0.91081097   
    831000   87219.267      307.41132      471.92308      54398.36      -1541.5141      2556.7501      3048.6351      39448.684      6028.2163      963.38265      0.90743255   
    832000   86665.962      308.8562       832.53876      54443.245     -1538.6949      2561.0651      3011.4861      39467.315      6055.1634      962.72119      0.91322591   
    833000   86954.311      305.58059     -35.033579      54317.587     -1561.4462      2560.0067      2980.8132      39472.639      6043.3181      964.96103      0.91019756   
    834000   87314.723      312.05926      28.494608      54577.133     -1552.8318      2560.2436      3004.2415      39534.458      6074.209       966.36094      0.90644051   
    835000   86810.273      299.61582     -404.77243      54126.195     -1586.6774      2559.9119      2960.5615      39412.177      6077.4092      966.89917      0.91170779   
    836000   86654.269      308.53017      227.5113       54414.804     -1534.7273      2559.113       2938.33        39420.83       6144.2278      968.68853      0.91334914   
    837000   87195.632      308.33818      512.86003      54370.329     -1560.7462      2560.9661      2895.5563      39469.255      6123.2928      968.81068      0.90767852   
    838000   86571.537      308.24485     -426.53098      54359.349     -1566.7949      2558.7729      2943.6345      39552.363      6004.3725      956.04343      0.91422199   
    839000   87210.26       305.54536     -223.12662      54366.45      -1548.128       2560.828       2999.9569      39526.544      6008.8217      961.91424      0.90752628   
    840000   86461.833      309.48123      592.70855      54580.804     -1589.7483      2559.9204      3045.672       39515.267      6139.815       973.62887      0.91538196   
    841000   86630.551      306.36407      88.931433      54325.94      -1541.5554      2559.9231      2969.6966      39343.811      6157.1128      964.91544      0.9135992    
    842000   86892.586      312.64315      582.8059       54497.097     -1558.962       2561.1309      2956.7432      39534.793      6033.9565      967.73908      0.91084413   
    843000   87575.729      305.8938      -847.93254      54399.291     -1578.3977      2557.9628      3040.3365      39440.968      6106.3944      967.89575      0.903739     
    844000   87037.194      309.83865     -1029.0425      54435.115     -1619.3228      2559.4368      2996.8356      39505.974      6084.4874      964.27794      0.90933081   
    845000   86642.919      310.25144     -742.46061      54421.696     -1601.5312      2562.3331      3028.2818      39400.301      6105.6112      973.66657      0.91346879   
    846000   86788.372      305.55339     -1009.3225      54280.95      -1590.3304      2559.8344      3021.1907      39463.849      6009.9979      960.27583      0.91193786   
    847000   86673.719      311.27995      470.67865      54508.673     -1561.0483      2559.5904      2947.8463      39473.819      6139.2566      974.42658      0.91314419   
    848000   87200.461      309.87661     -447.94872      54565.854     -1528.8263      2564.8039      3052.7018      39416.306      6138.4587      975.60137      0.90762825   
    849000   86853.278      308.78105     -954.12626      54465.843     -1599.9712      2560.9562      3073.2934      39431.865      6106.0496      969.6039       0.91125637   
    850000   87345.348      310.91338     -434.36217      54547.639     -1563.7156      2562.7693      3037.4228      39337.338      6234.755       972.03979      0.9061227    
    851000   86766.428      306.81682     -554.03107      54381.121     -1588.5563      2561.6523      2969.1206      39426.855      6152.7138      977.52267      0.9121685    
    852000   87795.475      305.83156      231.20079      54405.461     -1530.6691      2561.1398      2923.2116      39527.687      6107.4929      953.67347      0.90147701   
    853000   87760.569      308.41137     -457.02222      54458.632     -1544.2729      2560.5814      3010.8219      39498.103      6058.7299      959.36836      0.90183556   
    854000   88117.379      311.30079     -73.255513      54407.974     -1554.7757      2556.0546      2967.6785      39491.773      6014.9364      957.57489      0.8981838    
    855000   87642.75       312.03168     -681.00899      54502.01      -1556.1738      2559.2962      2990.8026      39442.079      6103.6048      971.96748      0.90304791   
    856000   87536.366      306.80253      92.470099      54428.388     -1531.7461      2560.1792      2982.6652      39468.893      6096.0466      968.5466       0.9041454    
    857000   87097.122      314.46815     -153.00405      54465.752     -1587.4131      2562.5387      2948.4133      39464.199      6074.3484      961.86833      0.90870514   
    858000   86813.9        310.45619     -1363.2434      54540.398     -1610.611       2555.8544      3061.2775      39448.497      6149.1316      979.34229      0.9116697    
    859000   87447.453      307.62309      66.430807      54432.073     -1541.7769      2560.102       2948.3868      39477.244      6113.7063      974.78679      0.90506469   
    860000   86951.025      305.77999      824.43228      54323.031     -1544.052       2561.2403      2945.4926      39491.577      6050.4332      956.42403      0.91023197   
    861000   87007.209      302.04349      5.7592545      54394.676     -1554.8397      2561.2344      2982.4934      39621.267      6033.1226      967.43519      0.9096442    
    862000   87507.883      307.369        288.42736      54402.284     -1560.4515      2557.4542      3057.8782      39507.88       5980.561       965.52763      0.90443969   
    863000   87057.488      307.87679     -600.4213       54396.943     -1583.4767      2562.7243      2945.2239      39497.772      6102.717       967.54919      0.90911884   
    864000   86655.607      305.59242      615.54942      54456.298     -1578.1214      2559.0506      3026.3607      39544.454      6072.9465      973.88812      0.91333504   
    865000   86592.898      313.51173      466.33339      54546.051     -1596.4192      2560.4174      3025.6358      39439.063      6131.0814      966.67244      0.91399647   
    866000   86320.289      307.30077      475.07958      54338.507     -1565.2831      2564.6599      2937.5587      39333.497      6200.9859      974.87845      0.91688296   
    867000   86796.654      313.1301      -429.71869      54535.511     -1585.9351      2559.23        2978.4106      39511.962      6091.0284      968.20394      0.91185084   
    868000   87043.61       307.29873     -794.4307       54509.497     -1578.6029      2555.5981      3016.1088      39521.911      6128.7981      973.16082      0.90926379   
    869000   86523.183      307.81052     -1117.8241      54393.355     -1570.1664      2561.0516      3034.5348      39392.257      6103.931       968.35228      0.91473291   
    870000   86593.052      312.04435     -503.68569      54479.318     -1579.849       2559.1667      2983.4816      39388.611      6161.931       975.41814      0.91399483   
    871000   87098.753      309.05168     -115.76385      54450.439     -1543.2868      2559.1796      2992.5633      39381.993      6153.9227      976.63481      0.90868812   
    872000   86576.693      309.11799     -489.92547      54519.347     -1568.3876      2556.5139      3035.4374      39475.068      6118.4391      972.51512      0.91416754   
    873000   86829.657      309.83123     -222.26407      54458.147     -1569.73        2556.8441      2979.4668      39476.148      6106.7062      964.00107      0.91150426   
    874000   87334.166      306.34734      35.162689      54373.297     -1509.4953      2558.9082      2989.486       39393.471      6099.6216      968.17076      0.90623871   
    875000   86849.237      308.65407     -664.23171      54326.456     -1624.2218      2557.9788      2938.7186      39522.898      6051.4701      959.89042      0.91129876   
    876000   87264.19       306.54189     -336.34886      54476.389     -1545.8091      2557.3384      2964.4916      39529.298      6130.5116      963.26447      0.90696542   
    877000   87064.245      307.56316     -196.85084      54361.676     -1542.6324      2560.2474      2965.2803      39415.741      6100.4033      964.20025      0.90904828   
    878000   87671.465      312.34048     -273.82753      54494.549     -1557.227       2560.584       3012.7885      39472.721      6038.1787      969.54154      0.90275214   
    879000   87600.706      309.25971      212.93438      54509.671     -1548.0819      2556.6242      3028.7198      39454.565      6118.6045      965.67542      0.90348133   
    880000   87573.006      314.96468      108.0405       54460.907     -1567.9101      2560.6261      3003.9232      39423.67       6021.9503      967.80348      0.90376711   
    881000   87360.433      307.80107     -129.43212      54529.332     -1491.0668      2559.8864      3028.4547      39450.016      6107.8208      970.14979      0.90596624   
    882000   87087.519      308.25297     -877.67498      54397.901     -1555.9786      2558.5211      2970.3585      39508.842      6043.2963      959.55863      0.90880534   
    883000   86262.2        307.75822     -634.68918      54417.329     -1565.8988      2561.7312      3012.2095      39439.076      6104.1586      964.80727      0.9175004    
    884000   86656.509      308.3407      -144.31118      54495.82      -1575.1878      2557.8094      3091.8877      39571.35       5979.4745      956.86601      0.91332554   
    885000   86524.536      309.26718     -122.76355      54452.272     -1526.2458      2561.2797      3034.7696      39449.613      6035.1527      964.97753      0.9147186    
    886000   86692.791      309.82569     -440.3916       54410.715     -1579.8328      2561.8464      2942.5108      39441.908      6123.4132      974.85308      0.9129433    
    887000   87411.782      308.71805     -864.3079       54511.875     -1547.7579      2562.8179      3030.8691      39536.154      6048.8387      958.87152      0.90543403   
    888000   87576.879      306.22468     -103.58337      54398.129     -1542.8115      2554.9104      3097.492       39359.468      6092.577       965.59436      0.90372714   
    889000   88031.245      304.08958     -585.12963      54419.91      -1534.7926      2558.7172      3056.6242      39429.121      6125.337       957.29407      0.89906262   
    890000   87411.153      311.29818     -959.20259      54344.898     -1571.2668      2558.3193      2940.859       39420.208      6051.6333      969.83741      0.90544055   
    891000   87322.184      312.05984      11.141741      54493.103     -1532.2034      2557.9349      3031.0878      39378.429      6105.2911      961.87174      0.90636307   
    892000   87695.757      305.31779     -1179.3475      54431.009     -1566.1517      2560.2142      3012.4079      39591.98       6019.0026      960.85094      0.90250207   
    893000   87680.048      305.21538     -745.52021      54441.893     -1540.3927      2558.8982      3072.8723      39469.823      6064.8585      965.03671      0.90266377   
    894000   87429.652      305.10103     -18.344857      54301.097     -1565.7906      2556.71        3023.4138      39375.979      6095.7457      966.59737      0.90524897   
    895000   87652.212      308.51188     -680.55849      54391.018     -1586.0098      2561.0984      3026.6823      39411.505      6094.2648      965.02547      0.90295043   
    896000   88013.47       309.90646      515.63251      54399.19      -1546.0902      2561.4436      2940.102       39388.913      6136.5106      971.08813      0.8992442    
    897000   87774.243      310.13768     -195.63088      54584.791     -1556.7175      2560.7906      3105.6323      39451.338      6107.989       963.94704      0.90169507   
    898000   87189.712      305.40079     -255.38233      54367.195     -1573.5562      2557.1132      2977.5519      39504.035      6070.4598      976.8694       0.90774015   
    899000   87599.361      307.48207      421.14279      54483.401     -1518.6409      2556.9781      3059.4822      39437.918      6088.1795      963.05175      0.9034952    
    900000   87579.604      310.11769      379.3294       54409.409     -1528.8585      2557.0931      2998.6289      39436.939      6031.9889      962.81714      0.90369902   
    901000   88135.457      307.66131     -658.52798      54408.669     -1534.4319      2561.1122      2993.3324      39419.584      6101.5134      965.94887      0.89799957   
    902000   87684.891      313.41634     -387.69966      54523.906     -1538.9401      2560.9249      2999.0222      39407.138      6108.3299      967.99388      0.90261391   
    903000   87154.049      302.13233      152.45347      54386.462     -1556.0189      2560.9884      2980.5238      39575.168      6075.4528      963.16507      0.90811159   
    904000   87832.894      307.21252      1229.3354      54479.531     -1521.2343      2558.4148      2944.9124      39534.79       6104.6072      966.25064      0.90109296   
    905000   86616.825      306.03552      128.89067      54366.982     -1566.2547      2562.0153      2965.3587      39418.032      6153.5032      969.47248      0.91374398   
    906000   87113.31       304.34805     -297.45478      54343.737     -1576.4149      2562.533       2997.6665      39455.267      6104.2558      967.76704      0.90853628   
    907000   87731.754      308.03611     -1321.2         54564.441     -1586.2584      2557.7569      3083.1315      39471.881      6168.6779      961.56772      0.90213177   
    908000   87289.018      306.35751      158.1132       54336.066     -1495.5012      2559.3582      2938.3003      39441.446      6060.5427      956.6958       0.90670745   
    909000   88129.584      308.98975     -36.510736      54477.692     -1497.4942      2558.525       2976.0241      39488.911      6056.3634      966.63839      0.89805941   
    910000   88072.473      309.38212      752.58774      54544.386     -1523.2158      2558.1023      2970.7742      39515.605      6129.009       957.05251      0.89864176   
    911000   87546.052      308.33378     -61.057229      54456.137     -1543.1574      2565.5167      3017.1529      39403.751      6127.2427      969.92722      0.90404536   
    912000   87884.072      309.97468      15.712527      54401.977     -1510.3954      2561.4518      2907.0729      39450.841      6081.3009      963.58645      0.90056822   
    913000   87195.559      310.94613      904.39597      54462.87      -1566.2347      2561.2265      2975.8435      39528.639      6030.9114      963.47761      0.90767929   
    914000   87336.996      300.00578      437.49152      54234.77      -1517.7711      2561.8329      2956.9157      39461.731      6062.642       965.80692      0.90620935   
    915000   87406.053      307.90086      284.49354      54415.186     -1583.1281      2562.9143      2978.0942      39512.23       6085.9857      953.22308      0.90549338   
    916000   86303.32       309.80754      188.58183      54372.136     -1570.1627      2561.4479      2984.2124      39317.849      6165.0222      970.52844      0.91706324   
    917000   86716.115      308.48769      582.99986      54435.777     -1575.6986      2563.6798      2989.1618      39569.158      5998.1944      973.30057      0.91269774   
    918000   87155.749      305.34281     -628.3149       54365.651     -1562.7728      2562.3422      3003.0984      39432.007      6107.5453      970.54407      0.90809388   
    919000   87917.022      309.00845     -1267.3349      54530.23      -1541.0421      2559.7165      3050.9633      39498.58       6064.6182      968.14268      0.9002307    
    920000   87378.111      309.38683     -492.24684      54479.218     -1586.7886      2561.5311      2995.2302      39529.927      6074.6987      967.66389      0.90578294   
    921000   86933.123      300.62816     -3.7806948      54294.901     -1517.8394      2557.9686      3001.6962      39440.785      6091.0414      964.99612      0.91041941   
    922000   86765.97       311.01287      828.80409      54450.579     -1586.6977      2557.2147      2990.6564      39484.646      6070.0454      966.77822      0.91217332   
    923000   85805.334      306.95391      494.48073      54472.624     -1552.6438      2555.046       3078.7779      39504.875      6036.0089      966.01784      0.92238557   
    924000   86718.418      307.28975     -16.310238      54401.386     -1567.1563      2559.6122      3007.5459      39302.053      6226.3185      981.11212      0.9126735    
    925000   86468.844      303.4733       146.49304      54250.764     -1574.072       2560.3424      2963.8479      39453.282      6059.5596      974.61984      0.91530774   
    926000   86116.21       306.19042      195.79565      54371.227     -1565.47        2559.7245      3001.2547      39432.823      6110.5206      963.583        0.9190558    
    927000   85820.085      306.20265      526.23856      54258.395     -1588.9013      2558.6086      2973.609       39440.729      6034.4371      970.35184      0.92222704   
    928000   86548.777      309.41038     -185.33433      54488.259     -1626.0306      2562.3621      3083.0461      39472.077      6082.2288      978.39297      0.9144624    
    929000   86189.952      307.54167      365.65586      54339.775     -1515.2114      2564.3648      2972.541       39484.011      5969.2754      968.40112      0.91826948   
    930000   86870.546      302.91554     -565.39924      54368.939     -1575.2346      2561.5905      2974.7827      39518.142      6118.0228      968.78561      0.91107523   
    931000   86538.795      306.8803       1053.9308      54509.689     -1545.5575      2562.5         3020.0201      39502.332      6113.7647      973.14456      0.91456788   
    932000   87185.721      306.42772     -533.58916      54270.563     -1558.6687      2557.5811      3012.2069      39466.959      5953.8926      962.79602      0.90778171   
    933000   86373.803      309.53226      486.65961      54438.997     -1525.711       2565.7695      3045.5865      39374.114      6070.116       970.38526      0.91631489   
    934000   87248.848      308.38922     -688.49413      54505.71      -1571.4119      2560.0564      3007.8666      39559.99       6069.2055      965.51529      0.9071249    
    935000   86779.874      311.1096      -65.385649      54514.397     -1581.5107      2561.0066      2996.3928      39528.512      6074.8079      962.65601      0.91202717   
    936000   87058.909      304.99606     -502.96738      54356.468     -1561.759       2567.8727      2997.397       39323.515      6203.0223      979.22498      0.909104     
    937000   87161.002      305.07111     -435.44157      54393.939     -1556.3588      2559.6151      3044.687       39441.584      6079.9928      978.31223      0.90803915   
    938000   86590.919      301.40378     -730.46404      54300.292     -1598.7924      2561.0391      3021.8748      39512.392      6070.3697      961.89457      0.91401735   
    939000   86991.817      307.18117     -851.78431      54465.688     -1586.9947      2562.1051      3048.3037      39554.987      6032.5694      963.32122      0.90980514   
    940000   86811          312.31654     -1080.8699      54631.899     -1537.6512      2560.4721      3089.8491      39429.651      6122.5165      971.00337      0.91170016   
    941000   86765.782      312.23415     -70.447568      54378.393     -1595.6501      2560.1454      2988.5625      39450.896      6014.7811      965.88181      0.91217529   
    942000   87126.22       308.31004     -150.40898      54547.871     -1581.8224      2561.3378      3037.1688      39558.457      6084.2554      974.71824      0.90840165   
    943000   87052.992      306.90654     -659.37467      54421.342     -1540.4447      2562.5881      2975.1069      39570.753      6012.223       954.97678      0.90916579   
    944000   86823.659      311.43114      862.28656      54477.984     -1558.4717      2561.3334      2924.8804      39434.016      6163.6224      974.38305      0.91156723   
    945000   86452.113      311.92784     -296.42635      54526.864     -1577.2811      2563.2561      2964.8422      39545.72       6083.3194      956.68888      0.91548488   
    946000   86426.437      306.77973      692.72645      54275.594     -1565.7133      2564.0335      2946.9434      39373.485      6095.1166      979.19888      0.91575686   
    947000   86832.451      315.42791      1322.0506      54462.423     -1560.5564      2561.3012      2845.441       39473.41       6107.8016      973.93464      0.91147493   
    948000   86968.219      304.48254     -574.67374      54468.317     -1555.6858      2558.2925      2968.8244      39561.726      6134.1637      965.75186      0.91005201   
    949000   86366.307      303.36459     -852.06694      54322.845     -1582.6079      2554.3714      2993.2056      39432.254      6141.0782      973.36193      0.91639442   
    950000   87404.231      310.94225     -496.19512      54618.924     -1547.2299      2556.3008      3025.4464      39448.159      6189.8299      976.9591       0.90551226   
    951000   87356.209      307.70736     -275.23041      54428.847     -1558.0345      2562.1506      2977.0764      39496.57       6077.8643      970.5134       0.90601004   
    952000   86734.642      308.08051      1459.87        54479.761     -1471.2896      2561.3498      2978.5294      39503.704      6035.3763      962.7568       0.91250279   
    953000   87640.697      305.04499      1053.7677      54309.566     -1496.3649      2561.7789      2932.2917      39425.221      6069.2613      969.42411      0.90306907   
    954000   86862.605      305.61127      383.28272      54463.399     -1561.0311      2560.3674      3052.3823      39395.679      6183.8989      974.13607      0.91115852   
    955000   86815.304      307.02635     -701.7851       54419.554     -1544.6113      2559.6822      2951.2345      39455.779      6137.1292      972.89348      0.91165496   
    956000   87938.786      304.0642       313.90026      54410.936     -1543.582       2560.6634      3001.7156      39477.025      6123.5037      964.56875      0.9000079    
    957000   87639.042      308.4429      -668.74669      54557.75      -1574.6356      2558.3713      3021.199       39588.433      6089.3291      958.46132      0.90308612   
    958000   87511.595      304.55792      591.76072      54347.667     -1494.4077      2559.9052      2881.3619      39513.821      6088.1769      961.93503      0.90440133   
    959000   87937.612      305.34364     -351.2344       54436.384     -1520.8461      2558.0481      2918.2         39574.011      6088.5126      966.57088      0.90001992   
    960000   87475.782      308.18402     -473.61924      54396.187     -1558.5212      2560.2759      2957.7111      39516.536      6042.5709      965.35703      0.90477159   
    961000   87956.201      308.45585      571.79724      54471.48      -1525.8705      2555.6661      2981.9163      39510.816      6075.0734      956.14987      0.8998297    
    962000   86878.924      306.67523     -393.1288       54310.419     -1568.1339      2556.4135      2961.9303      39439.975      6074.8536      965.34425      0.91098737   
    963000   87986.937      311.59055     -1036.6038      54503.958     -1512.5159      2558.762       3000.2459      39252.51       6241.4178      981.81485      0.89951537   
    964000   88318.419      304.53534     -1202.6586      54471.506     -1546.4308      2554.7805      3034.5938      39522.257      6101.4232      969.16333      0.89613926   
    965000   87742.768      303.99668     -690.14316      54382.402     -1550.054       2559.8831      3027.3347      39498.34       6060.0727      961.6069       0.90201853   
    966000   86865.932      305.78561     -511.68513      54202.2       -1569.3482      2563.3356      2959.2134      39320.868      6095.8561      970.13257      0.91112362   
    967000   86932.132      307.73147     -584.61441      54463.434     -1536.391       2561.3217      3027.9842      39424.91       6109.6666      973.1706       0.91042978   
    968000   87273.83       308.87569      741.2406       54559.89      -1520.4566      2559.0866      3035.7373      39620.878      5985.8711      952.42054      0.90686524   
    969000   86944.723      304.27458     -775.4159       54356.293     -1580.3753      2557.1554      2968.1616      39518.558      6091.6198      971.33296      0.91029794   
    970000   87444.464      307.52836     -1277.1682      54445.334     -1547.8442      2562.4496      3038.0265      39458.605      6067.2062      970.01039      0.90509563   
    971000   86957.93       308.57744      56.665619      54459.598     -1557.7878      2560.1894      2978.9389      39498.285      6087.0244      974.24121      0.91015969   
    972000   86822.177      306.91573      1171.8447      54349.034     -1549.242       2558.6424      2946.7985      39422.242      6115.8315      969.84489      0.91158279   
    973000   87496.755      307.47836      144.30354      54467.861     -1547.1056      2560.6502      3025.0953      39458.972      6105.3615      968.21506      0.90455472   
    974000   87471.178      309.75799     -81.669043      54484.705     -1580.7412      2559.7006      2967.1125      39612.203      6018.6686      964.3549       0.90481921   
    975000   87007.305      307.37028      973.52676      54308.747     -1549.2435      2561.3194      2882.2966      39437.545      6121.0994      963.05757      0.90964319   
    976000   87081.02       312.295        71.50448       54508.946     -1565.3369      2563.5385      2998.0851      39519.397      6039.7353      957.26883      0.90887317   
    977000   87451.754      311.49246      344.62244      54455.231     -1543.508       2558.8594      2971.3698      39510.466      6009.5603      968.4105       0.90502018   
    978000   88355.238      305.85707     -136.94344      54338.011     -1539.0551      2560.3339      2983.3849      39424.298      6090.0136      954.52261      0.89576582   
    979000   87560.476      313.13321      927.84685      54418.273     -1511.2025      2562.6138      2917.944       39420.667      6043.1407      970.99627      0.90389644   
    980000   87081.627      307.44308      650.93206      54408.429     -1536.0267      2556.6062      2990.364       39465.13       6067.1549      970.13235      0.90886683   
    981000   86738.903      309.32565      108.1973       54358.818     -1557.9065      2556.0197      2988.228       39419.142      6064.1818      955.45105      0.91245796   
    982000   87386.715      308.04863     -47.585879      54355.762     -1516.4874      2558.672       3029.3967      39395.648      6016.5524      964.37025      0.90569375   
    983000   87099.038      310.13901      437.93881      54586.326     -1561.337       2564.1295      2977.4109      39532.573      6146.5527      973.99145      0.90868515   
    984000   87524.451      311.45374     -1159.241       54455.479     -1550.7289      2561.2297      3021.3093      39391.924      6086.8522      966.68894      0.90426848   
    985000   87147.436      314.30138     -467.39636      54521.027     -1599.7172      2559.0181      3004.7648      39485.995      6068.4632      964.89333      0.9081805    
    986000   87109.473      305.36731     -314.93191      54464.769     -1551.8255      2558.7602      3041.6724      39586.802      6021.0826      955.04643      0.9085763    
    987000   86775.66       306.57399      535.06637      54356.885     -1576.992       2560.3245      2941.3956      39545.73       6034.3212      975.3451       0.91207145   
    988000   87223.765      304.31794      24.109845      54407.545     -1530.0225      2561.4672      2933.2014      39402.615      6236.2513      973.07675      0.90738576   
    989000   86986.59       309.95573     -868.97103      54566.452     -1562.3912      2556.7318      3049.9458      39525.703      6089.1204      960.33487      0.90985981   
    990000   87019.441      305.20658     -324.99195      54326.259     -1581.61        2558.7394      2999.6777      39602.983      5941.3727      955.69771      0.90951632   
    991000   86356.44       311.40779      486.9271       54465.924     -1584.8165      2562.7229      3060.3835      39318.051      6158.5481      973.67039      0.91649913   
    992000   87459.073      310.90807      79.281535      54491.68      -1553.1295      2556.4925      2940.9781      39562.673      6049.9697      968.47001      0.90494445   
    993000   87280.357      313.58315     -93.465068      54541.302     -1550.0814      2564.8647      2953.4924      39481.619      6098.9487      969.3121       0.90679741   
    994000   87030.66       309.33327      435.35224      54416.253     -1534.5949      2556.7516      2953.2906      39470.39       6068.6928      966.34716      0.90939908   
    995000   86800.452      303.83081      447.31602      54365.626     -1511.1961      2559.0823      3033.2535      39317.681      6177.4836      968.55991      0.91181095   
    996000   87158.586      305.87674      789.77482      54461.663     -1566.3026      2559.6092      2993.5737      39611.341      6033.1938      966.26836      0.90806432   
    997000   86967.895      307.27128      609.94775      54366.745     -1559.5056      2560.2984      3009.5955      39495.113      6001.8105      967.59036      0.9100554    
    998000   86468.178      311.44727      9.6124317      54509.452     -1557.1398      2559.7746      3035.139       39454.668      6060.2866      979.50065      0.91531479   
    999000   86864.63       309.82567      58.435687      54446.423     -1547.5395      2558.7476      2922.1869      39459.799      6134.2749      974.3939       0.91113728   
   1000000   86901.811      302.17866      372.20464      54376.776     -1524.9444      2555.3943      2953.5761      39545.389      6094.0559      965.45514      0.91074744   
   1001000   86828.649      312.68398     -370.79897      54459.024     -1589.9172      2558.7434      3021.774       39412.379      6086.0687      965.38407      0.91151484   
   1002000   87228.957      308.17513     -1507.0674      54455.719     -1588.3247      2558.9911      3037.1565      39538.422      6032.8802      966.39542      0.90733175   
   1003000   86738.376      303.59575     -431.4576       54324.698     -1593.1129      2557.3613      2990.5784      39502.268      6091.4331      960.28717      0.9124635    
   1004000   86628.659      305.53545     -571.91925      54405.554     -1583.4319      2560.0951      2977.7392      39500.115      6127.4866      966.34061      0.91361915   
   1005000   86250.802      312.30236      184.03597      54499.338     -1592.4577      2559.9835      3023.283       39430.968      6119.8141      963.52294      0.91762164   
   1006000   86639.085      309.28786      93.773732      54390.132     -1597.4795      2556.7042      2964.3176      39487.665      6077.4867      967.90053      0.91350921   
   1007000   86826.035      311.46663      912.67169      54479.645     -1533.2457      2555.561       3024.4337      39492.003      5998.0962      965.31348      0.91154229   
   1008000   87122.74       308.18219      1636.8173      54364.864     -1488.0003      2556.1822      2901.5365      39354.755      6161.8888      968.99059      0.90843794   
   1009000   86299.517      306.89458      1406.5513      54498.586     -1554.1095      2561.2345      3049.9653      39551.164      6042.2539      964.20727      0.91710366   
   1010000   87426.329      306.26075     -84.912727      54400.108     -1527.9284      2557.0717      3060.0174      39360.074      6114.5667      965.14965      0.90528337   
   1011000   87527.442      299.31709      27.88598       54222.292     -1541.0219      2560.8324      3006.5523      39513.767      5996.6706      957.4857       0.90423758   
   1012000   86910.901      308.26573      408.02062      54473.201     -1563.897       2560.6459      3002.9175      39473.413      6121.4638      964.90482      0.91065219   
   1013000   86633.916      312.12787     -1064.0345      54548.723     -1596.5621      2558.0279      3083.4668      39408.236      6137.0451      966.73642      0.91356372   
   1014000   85979.018      310.5538       773.56327      54349.092     -1562.9808      2560.1637      3000.2706      39333.75       6083.7377      976.38992      0.92052229   
   1015000   86825.672      312.18185     -279.78058      54468.158     -1592.9784      2554.7378      2954.7112      39598.152      5998.3966      963.96478      0.9115461    
   1016000   86998.839      308.56811      1097.325       54385.136     -1543.2676      2556.7457      2993.3563      39377.6        6117.8084      965.11129      0.90973171   
   1017000   86573.373      312.80469      159.44842      54543.077     -1566.2202      2559.0958      2940.2266      39492.576      6146.6728      966.28218      0.9142026    
   1018000   86547.957      312.13583     -795.93779      54455.422     -1605.2006      2554.7532      3019.6404      39443.195      6085.4017      965.80454      0.91447107   
   1019000   86697.661      304.90179     -540.73492      54323.045     -1599.7143      2558.4842      3014.4389      39401.74       6134.968       970.23298      0.91289202   
   1020000   86306.359      308.82964     -159.38816      54423.638     -1622.5758      2559.5431      3015.4434      39484.176      6100.0287      963.49335      0.91703095   
   1021000   86823.653      306.25981      58.663651      54301.363     -1547.2462      2561.0213      2930.3182      39366.045      6149.5808      970.766        0.9115673    
   1022000   85641.739      307.93052      607.56662      54296.696     -1615.1257      2559.2774      2886.3978      39403.109      6185.4846      972.46732      0.92414754   
   1023000   86373.142      307.0838       418.89702      54402.611     -1577.484       2561.1333      2985.8549      39315.575      6250.46        978.61315      0.91632191   
   1024000   86063.29       313.33591     -473.67821      54488.905     -1613.0179      2561.8171      2966.3065      39503.216      6087.0335      967.80157      0.91962092   
   1025000   87169.905      303.94746      1122.9184      54401.235     -1522.7307      2558.8507      3026.074       39421.606      6117.3928      974.88868      0.90794641   
   1026000   86794.337      310.42014      594.19337      54556.791     -1606.646       2558.3234      3087.6875      39550.188      6044.6314      965.57911      0.91187518   
   1027000   86410.442      310.04699      1225.8659      54411.777     -1583.007       2563.3043      2936.7887      39414.973      6157.2614      973.75054      0.91592636   
   1028000   87480.614      304.01238      578.67785      54387.548     -1556.9509      2556.7058      3026.6537      39451.283      6109.6744      973.99396      0.90472161   
   1029000   86708.648      309.96355      624.28971      54383.165     -1547.7731      2563.8686      2952.1551      39388.799      6104.4089      973.16637      0.91277634   
   1030000   87167.915      309.74865      1312.4177      54471.357     -1503.3846      2562.4743      2903.5447      39482.791      6115.7514      967.32564      0.90796714   
   1031000   86610.573      312.6097      -244.13256      54472.907     -1563.7214      2563.0621      2970.0933      39325.608      6206.2436      971.03442      0.91380993   
   1032000   86819.016      308.54819      934.81083      54418.85      -1562.1341      2558.2081      2983.6245      39539.194      6016.7888      965.02401      0.91161598   
   1033000   86345.016      312.51683      411.899        54529.674     -1582.4104      2562.2457      2987.9348      39477.614      6104.5644      980.29302      0.91662039   
   1034000   86731.867      303.05771     -292.98829      54415.027     -1547.6279      2562.822       3002.0271      39533.606      6099.5426      957.42115      0.91253198   
   1035000   86130.589      306.84921      1279.7604      54463.212     -1529.7648      2569.1983      2964.2738      39550.42       6060.2043      964.59009      0.91890237   
   1036000   86978.293      311.33475      356.27005      54437.691     -1531.2868      2562.771       2979.0807      39330.21       6135.9133      984.75832      0.9099466    
   1037000   87544.329      308.52877     -575.84845      54530.162     -1513.6115      2560.3051      3069.1001      39407.95       6116.0208      972.2123       0.90406316   
   1038000   87209.374      306.31207     -555.72499      54416.302     -1525.6129      2560.6271      2953.6555      39446.846      6146.711       962.3023       0.9075355    
   1039000   87370.646      313.11236     -490.1635       54497.621     -1568.3423      2557.8547      2999.3292      39385.099      6142.1187      968.98424      0.90586034   
   1040000   87442.624      313.51981     -580.06014      54542.541     -1573.2389      2559.442       3019.6729      39475.555      6079.2058      959.89182      0.90511468   
   1041000   86978.992      308.68321      335.18674      54318.579     -1552.9783      2562.1202      2954.5173      39368.979      6094.2059      971.99015      0.90993929   
   1042000   86994.721      311.59282     -699.59393      54471.007     -1560.3924      2559.7448      2986.086       39417.621      6115.7379      971.1535       0.90977477   
   1043000   86499.145      306.2027       190.43392      54346.905     -1560.4131      2560.5312      2983.4882      39419.511      6101.1387      973.15112      0.9149871    
   1044000   86848.22       311.45127     -233.21895      54486.841     -1573.3551      2559.1159      2994.9456      39463.618      6099.5528      965.27428      0.91130944   
   1045000   87834.27       309.43897      386.03765      54489.104     -1563.2866      2559.1946      2996.8436      39493.861      6104.7892      961.75021      0.90107885   
   1046000   87007.524      304.36586      331.87858      54397.957     -1588.7076      2559.9857      3012.0133      39509.505      6101.3426      970.41988      0.90964089   
   1047000   87071.121      304.92118     -707.20622      54302.2       -1547.9538      2559.7988      3004.8164      39339.24       6132.9075      969.04879      0.90897649   
   1048000   87312.459      311.11575      822.11153      54493.53      -1526.2201      2556.5119      3003.7327      39522.263      5995.6802      970.51869      0.90646402   
   1049000   87356.662      305.64249     -790.24295      54409.257     -1577.7671      2556.2252      3019.0154      39509.8        6078.8258      962.2983       0.90600534   
   1050000   86549.388      310.5912       448.06964      54403.782     -1542.8291      2556.8871      2942.5201      39507.917      6017.8326      961.3472       0.91445595   
   1051000   86934.096      307.85124     -429.93645      54374.818     -1571.552       2556.9216      2966.816       39533.236      6028.7503      956.44165      0.91040922   
   1052000   86533.661      304.90094     -1311.0908      54419.379     -1611.4983      2561.4819      3032.6195      39596.364      6033.332       963.41148      0.91462214   
   1053000   86997.101      312.39844      14.336976      54556.882     -1557.9792      2554.3574      3023.7916      39464.094      6111.4844      964.80684      0.90974988   
   1054000   87224.364      308.71091     -339.70975      54402.587     -1563.2777      2558.1635      2959.1504      39522.247      6044.2079      960.80681      0.90737953   
   1055000   87619.815      305.71931     -350.01271      54354.626     -1589.2043      2557.9966      2968.8074      39452.639      6135.5696      968.89658      0.90328429   
   1056000   87280.06       308.42231     -1065.8807      54450.091     -1562.2427      2559.6587      3026.2387      39462.183      6080.9553      968.1385       0.90680051   
   1057000   86494.219      310.62835      1042.074       54465.009     -1576.2446      2558.6864      2925.4066      39430.862      6189.1582      976.54648      0.91503922   
   1058000   87176.024      305.40701     -1170.7364      54179.536     -1559.9957      2559.7592      2956.0741      39451.152      5960.6644      957.55633      0.90788268   
   1059000   87679.126      308.72464      40.915042      54398.537     -1546.143       2561.5992      3008.8275      39478.129      6011.5315      962.10666      0.90267326   
   1060000   86965.18       307.48307     -375.89676      54461.948     -1559.2531      2560.901       3014.9961      39573.796      6008.4608      966.13145      0.91008381   
   1061000   87227.427      305.71815     -20.995999      54353.047     -1548.0125      2560.1542      2956.5881      39442.823      6103.4432      977.18959      0.90734766   
   1062000   86962.572      310.60296      352.33195      54479.911     -1560.9875      2560.2861      2995.8631      39544.342      6008.1942      970.35197      0.91011111   
   1063000   86441.718      305.99464      539.56713      54274.83      -1578.035       2560.8619      2961.4348      39394.934      6100.4397      969.18179      0.91559497   
   1064000   87703.372      312.32878     -1180.1361      54454.321     -1618.1039      2556.7482      2989.2713      39408.733      6149.1389      971.19696      0.90242371   
   1065000   87788.169      307.41366      636.79414      54397.906     -1502.9217      2561.4655      2998.238       39388.952      6093.7688      961.99855      0.90155204   
   1066000   87360.788      309.50466      730.33541      54395.524     -1555.9079      2561.031       2954.4703      39553.12       5983.5036      961.66887      0.90596255   
   1067000   87383.949      315.00425     -791.49848      54623.498     -1553.4206      2558.5069      3030.8056      39486.416      6086.4044      963.33237      0.90572243   
   1068000   86484.036      306.05322      542.04307      54357.363     -1571.7614      2560.7268      2961.9288      39511.427      6065.7095      963.10287      0.91514696   
   1069000   87002.187      308.60861      1274.2709      54503.171     -1547.4481      2562.9011      2981.4082      39555.531      6058.9473      972.1057       0.9096967    
   1070000   86804.024      309.9068       631.50378      54369.638     -1538.4874      2561.2396      2935.1463      39507.806      5999.6835      958.57393      0.91177343   
   1071000   87024.447      308.39322     -479.39908      54282.442     -1555.1416      2558.7686      2936.0613      39406.179      6050.6337      970.35916      0.909464     
   1072000   87197.504      307.21727     -329.55765      54398.099     -1554.7813      2561.0094      3036.5802      39403.327      6088.923       970.62265      0.90765903   
   1073000   87339.12       308.46953     -289.62527      54609.093     -1532.8464      2557.0566      3047.9831      39572.076      6076.4798      971.23246      0.90618731   
   1074000   86377.312      312.12823     -410.92347      54465.549     -1592.3454      2556.3203      2989.0101      39330.503      6211.1891      978.45714      0.91627767   
   1075000   86589.77       305.36306     -1002.4626      54328.625     -1586.2936      2561.3101      3044.8176      39452.206      6038.8469      964.65177      0.91402948   
   1076000   86815.416      312.17315      460.15892      54506.781     -1540.6704      2558.8491      3027.9961      39549.873      5966.352       952.49923      0.91165379   
   1077000   87020.983      308.22496     -1077.5149      54368.455     -1606.0731      2554.2608      2950.7725      39465.266      6121.2636      971.74645      0.90950022   
   1078000   86800.689      309.30835     -386.4307       54401.232     -1583.4894      2559.9685      2878.7946      39564.019      6089.3779      958.63981      0.91180845   
   1079000   87204.601      312.98947     -272.15369      54551.006     -1614.2245      2555.9328      3008.4579      39580.667      6052.8468      957.47801      0.90758517   
   1080000   86342.294      310.75322     -271.40934      54351.587     -1606.3869      2559.4892      2964.8757      39462.581      6040.3817      967.55773      0.91664929   
   1081000   86174.979      311.39924      211.5505       54575.775     -1618.5678      2557.0846      3026.5606      39502.919      6161.9105      968.46095      0.91842903   
   1082000   86469.795      311.00889      118.05517      54449.481     -1595.1856      2558.1668      2906.3886      39488.414      6158.0838      966.58724      0.91529767   
   1083000   87348.765      304.05751      302.99321      54333.239     -1554.8701      2561.7794      2959.0538      39468.952      6103.9578      967.97419      0.90608725   
   1084000   86835.148      304.61286     -384.10707      54476.434     -1551.4439      2555.7354      3100.2879      39448.732      6120.6102      966.38345      0.91144663   
   1085000   86319.465      304.97203     -1012.8837      54350.358     -1620.6868      2560.7546      2968.5443      39417.481      6197.6628      981.65699      0.91689172   
   1086000   86674.483      305.01959     -420.8045       54449.879     -1596.714       2562.2291      3058.9036      39653.235      5964.7821      961.45838      0.91313613   
   1087000   87551.357      311.08344      212.46312      54539.019     -1561.4108      2556.6644      3041.5028      39500.669      6065.7874      965.1346       0.90399059   
   1088000   87055.633      305.40964      461.16942      54403.343     -1504.6662      2563.5594      2960.6449      39438.858      6118.8319      972.09857      0.90913821   
   1089000   87260.949      309.54032     -166.67923      54437.375     -1571.1148      2558.5906      3024.3513      39441.521      6094.4716      951.61871      0.90699911   
   1090000   86478.295      313.25318      1053.2739      54497.26      -1557.3888      2559.6989      2956.0468      39482.442      6064.9698      975.87626      0.91520771   
   1091000   87615.177      307.16449      52.974848      54317.019     -1560.8371      2560.492       2905.6643      39501.088      6053.2532      967.6461       0.9033321    
   1092000   87821.014      307.84444     -940.51392      54459.632     -1564.8934      2560.3164      3021.5757      39401.962      6170.4072      964.59442      0.90121485   
   1093000   87291.285      309.03437      129.63782      54541.649     -1525.5327      2558.4707      3017.8793      39474.128      6119.3261      968.22066      0.9066839    
   1094000   87597.198      306.83997     -1273.812       54407.246     -1588.4076      2562.2062      3020.6353      39382.895      6177.5101      968.25571      0.90351751   
   1095000   86658.049      307.11147      488.61737      54451.005     -1555.0573      2561.0097      2959.2192      39485.265      6133.296       978.09662      0.91330931   
   1096000   87018.298      312.63533     -1.7142098      54454.805     -1529.375       2563.9682      2990.1978      39452.195      6014.3798      958.84896      0.90952828   
   1097000   87024.449      307.82106      208.86827      54485.999     -1527.4582      2560.1042      2995.6551      39425.135      6170.9111      957.80649      0.90946399   
   1098000   87810.642      306.53567      683.05176      54561.238     -1497.748       2559.93        2967.6536      39684.068      6007.0927      961.85271      0.9013213    
   1099000   88147.183      306.35798     -304.90125      54382.366     -1559.4955      2559.5308      2982.37        39550.117      6017.4317      957.56321      0.89788011   
   1100000   87782.896      303.38656      692.77685      54497.336     -1470.7922      2563.5262      3029.6131      39491.964      6098.1479      971.49178      0.90160619   
   1101000   86684.143      305.97975      438.75021      54298.744     -1544.8617      2562.5481      3001.6043      39386.105      6066.9453      959.81111      0.91303438   
   1102000   87062.976      309.38057      426.59728      54549.977     -1578.5842      2554.9953      2993.7702      39581.179      6099.4834      963.43244      0.90906153   
   1103000   86830.134      308.9432      -675.43034      54343.332     -1566.1234      2559.0183      2940.9127      39408.969      6106.0255      967.61877      0.91149926   
   1104000   87170.034      312.605        723.11914      54616.478     -1535.6727      2561.1751      3046.1854      39452.665      6114.9723      975.25227      0.90794507   
   1105000   87372.531      304.13779     -288.09849      54393.139     -1544.2767      2563.5814      3011.1063      39515.644      6050.4993      968.69998      0.90584079   
   1106000   87207.201      304.53242      1559.9748      54227.159     -1530.7667      2558.468       2896.0228      39523.956      5987.9562      957.31957      0.90755811   
   1107000   87294.733      312.65762      1253.9943      54431.895     -1532.3728      2559.8057      2915.7614      39396.357      6122.5398      967.18043      0.90664808   
   1108000   87473.78       306.94383      859.40192      54374.38      -1533.4075      2560.2934      2903.844       39455.186      6130.9252      972.73675      0.9047923    
   1109000   86592.717      304.60083     -110.15554      54342.737     -1583.2836      2556.5112      2939.7028      39512.966      6111.432       970.24558      0.91399837   
   1110000   87304.256      309.37539     -18.172766      54456.463     -1552.7098      2557.7067      2943.4041      39470.33       6128.4002      973.35402      0.90654919   
   1111000   86442.71       308.13192     -983.59664      54401.538     -1568.998       2558.14        2991.7436      39442.949      6099.7455      968.49087      0.91558446   
   1112000   87121.047      312.50048      353.55826      54487.554     -1532.6221      2562.8271      2977.5635      39419.923      6101.805       957.81662      0.90845559   
   1113000   87493.74       307.30571      361.49097      54312.842     -1537.6561      2563.2887      2934.7589      39428.519      6062.2758      968.55846      0.90458589   
   1114000   87273.971      305.19716     -814.2175       54380.156     -1573.2461      2563.5292      2995.7888      39383.365      6188.7534      971.46423      0.90686377   
   1115000   87317.85       306.05217      313.0617       54419.683     -1538.2493      2555.2192      3002.7272      39525.943      6045.2207      962.28061      0.90640805   
   1116000   87078.174      305.34299     -497.87264      54279.908     -1581.2775      2558.3761      2957.4007      39538.577      5997.6921      956.97056      0.90890288   
   1117000   87396.161      306.76338      245.6357       54471.772     -1493.2436      2563.1378      2978.5476      39522.301      6057.0731      961.64172      0.90559587   
   1118000   87835.267      305.40476     -526.11281      54305.881     -1576.9591      2561.3026      2956.5074      39385.989      6152.3029      971.66608      0.90106861   
   1119000   87088.59       312.34873      175.92971      54551.17      -1518.2895      2561.8795      3071.0209      39348.971      6123.2019      968.54863      0.90879416   
   1120000   87318.811      310.49433      1139.8131      54426.878     -1514.5538      2563.4177      2964.2877      39375.926      6105.3858      974.03339      0.90639808   
   1121000   87402.756      305.9402       149.50951      54379.524     -1546.2394      2559.0512      3009.9354      39425.301      6103.7003      963.85736      0.90552754   
   1122000   87748.024      309.52907      686.36451      54385.195     -1542.8379      2560.1895      2912.0347      39499.057      6041.1044      976.828        0.9019645    
   1123000   87801.806      307.72819      550.31981      54408.548     -1488.3504      2558.6906      2983.7685      39439.02       6047.4426      965.35459      0.90141201   
   1124000   87523.702      313.03955      1738.2944      54551.493     -1520.6522      2562.9588      2938.8332      39528.927      6064.2927      966.05533      0.90427622   
   1125000   87364.848      305.63656      289.10819      54486.947     -1550.7527      2557.1335      2995.1811      39499.291      6160.3171      968.18313      0.90592045   
   1126000   87211.554      307.19912      783.74262      54343.233     -1518.283       2558.4989      2931.4625      39451.924      6064.1666      965.70507      0.90751281   
   1127000   87435.096      304.47858     -176.714        54397.005     -1521.707       2560.5853      2982.8323      39481.179      6085.4152      973.87895      0.9051926    
   1128000   87387.064      310.44692     -725.59201      54521.5       -1544.6979      2557.7689      3052.9635      39416.565      6116.215       964.57594      0.90569014   
   1129000   86716.541      307.20314      1333.1032      54441.715     -1547.1994      2560.0026      2959.1835      39408.448      6194.4681      977.29753      0.91269326   
   1130000   86587.044      309.13402     -87.844575      54453.872     -1544.4223      2560.1079      2984.4531      39442.092      6107.0192      974.03425      0.91405825   
   1131000   87199.208      312.53299      177.48537      54477.319     -1533.1205      2558.7642      2959.3631      39474.947      6048.1736      968.77331      0.9076413    
   1132000   87137.15       308.11963     -201.76085      54370.511     -1533.6048      2557.2317      3010.5033      39487.229      5983.0897      956.79263      0.90828771   
   1133000   86968.728      312.18158     -795.82646      54466.531     -1555.1103      2557.0778      3004.2332      39412.846      6084.5103      970.57338      0.91004669   
   1134000   87048.34       300.81069      320.8915       54087.099     -1588.3282      2559.9025      2909.9568      39490.485      5989.1263      966.70331      0.90921437   
   1135000   87520.32       310.31885      660.71386      54431.797     -1504.4912      2559.6214      3012.1826      39520.653      5929.1617      960.7697       0.90431117   
   1136000   87909.346      298.5537      -354.19123      54214.538     -1513.0179      2557.8265      2940.5436      39403.251      6141.1845      971.27756      0.9003093    
   1137000   86924.919      308.85027     -659.08992      54480.455     -1541.0805      2558.9445      2970.5876      39484.954      6113.2824      969.33278      0.91050533   
   1138000   87511.426      306.52538      103.43435      54341.087     -1581.5013      2555.9427      2942.3143      39568.861      6015.4898      963.29277      0.90440307   
   1139000   87785.932      311.41924     -675.88699      54534.332     -1533.0531      2559.4579      3046.7597      39420.699      6101.9472      959.43088      0.901575     
   1140000   87556.39       308.88353     -691.22114      54411.115     -1566.881       2562.9726      2974.3523      39433.973      6109.2835      971.20817      0.90393862   
   1141000   86746.125      311.12827      1837.4262      54450.743     -1541.8267      2561.8594      2915.487       39430.902      6135.1826      977.48889      0.912382     
   1142000   88043.068      304.8728       165.17721      54385.946     -1526.5606      2561.7662      2999.753       39469.143      6073.8751      964.6448       0.8989419    
   1143000   87354.541      309.49412      320.32645      54558.08      -1553.8375      2558.2472      3021.467       39510.066      6114.7046      967.69947      0.90602734   
   1144000   87795.896      299.97559     -394.01404      54344.825     -1501.628       2558.8416      2998.1041      39526.309      6057.4448      964.05217      0.90147269   
   1145000   87433.195      303.53799      848.88063      54344.815     -1515.0008      2560.3136      2982.6834      39458.749      6079.0744      962.49301      0.90521229   
   1146000   87379.919      312.13742      103.48778      54490.396     -1538.1763      2559.0947      2977.6363      39467.509      6067.0273      964.5694       0.9057642    
   1147000   88033.007      303.947       -75.708709      54327.921     -1513.8106      2557.3552      2995.3582      39466.851      6036.2948      962.18765      0.89904464   
   1148000   87191.704      310.85808     -210.8573       54443.414     -1597.2769      2557.8601      2962.7765      39450.414      6141.924       961.3216       0.90771941   
   1149000   87655.279      300.79448     -508.0441       54284.044     -1573.246       2557.5115      2977.9779      39519.596      6080.4405      962.42903      0.90291883   
   1150000   87366.411      310.78904     -1006.3939      54499.905     -1574.2497      2562.8937      2971.5672      39429.538      6168.8077      975.48983      0.90590425   
   1151000   86639.904      311.71603      33.035941      54451.984     -1562.5536      2558.1407      2947.2832      39508.315      6063.9055      953.83235      0.91350058   
   1152000   86915.672      304.16765     -207.53135      54342.326     -1552.3462      2562.673       2984.6277      39379.946      6159.6087      978.29143      0.9106022    
   1153000   86962.962      313.75734      453.92806      54518.277     -1545.0582      2560.9124      2956.7075      39492.509      6064.5482      963.14954      0.91010702   
   1154000   86579.272      311.75019      989.22862      54596.281     -1515.6023      2562.928       3018.6446      39509.18       6068.3515      968.11815      0.91414031   
   1155000   87334.33       305.72146      582.76558      54393.684     -1543.2298      2559.552       2950.9792      39420.401      6173.3005      971.61981      0.90623701   
   1156000   88384.473      308.25063     -392.49513      54443.836     -1533.2503      2557.1681      3038.6223      39436.713      6065.0147      965.91407      0.89546953   
   1157000   87978.418      310.13207     -282.1275       54443.893     -1538.7822      2560.3916      3039.96        39397.968      6068.9392      963.04122      0.89960247   
   1158000   87856.595      302.79784     -671.67865      54376.566     -1547.1101      2558.7637      3010.911       39469.816      6107.6232      976.31358      0.90084987   
   1159000   87852.587      307.67362     -373.31322      54491.324     -1565.571       2561.7573      3026.6771      39519.037      6082.2314      965.36225      0.90089097   
   1160000   87271.982      310.04622      836.28807      54559.377     -1474.2752      2566.3075      3004.258       39588.442      5968.4188      956.95567      0.90688444   
   1161000   87389.228      307.85916      70.508606      54365.385     -1543.3894      2556.0739      3045.2667      39461.012      5990.2666      953.28014      0.90566771   
   1162000   87061.926      309.8917      -600.64956      54542.9       -1541.5386      2559.5232      3013.1185      39494.154      6110.1937      960.11715      0.90907249   
   1163000   87555.283      309.33572      364.54225      54571.332     -1506.4568      2557.3442      3031.4053      39457.511      6134.2379      962.9236       0.90395005   
   1164000   86767.268      307.15983      296.06192      54410.737     -1523.1255      2560.812       3020.303       39453.161      6046.7914      963.37122      0.91215967   
   1165000   86212.673      307.46381     -38.53557       54456.928     -1567.7824      2564.0472      2988.1834      39440.409      6155.2093      980.62172      0.91802747   
   1166000   87361.418      307.10687      78.561177      54396.305     -1543.6983      2563.611       2954.3792      39485.861      6088.1988      957.38835      0.90595602   
   1167000   87190.199      309.39258     -1281.6648      54519.206     -1577.5224      2561.5989      2993.4491      39487.567      6143.9392      972.61781      0.90773508   
   1168000   87348.813      307.78677      83.23388       54365.348     -1507.0394      2560.9224      2962.2037      39490.907      5996.9481      958.09198      0.90608675   
   1169000   88016.098      315.20335      558.04661      54571.344     -1479.0227      2562.8217      2980.8157      39310.955      6169.8474      970.94989      0.89921735   
   1170000   87367.243      310.26173     -765.15887      54495.285     -1553.473       2559.3529      3010.2349      39571.821      5995.3198      958.44779      0.90589562   
   1171000   86725.999      313.41781      742.98696      54549.587     -1557.6999      2556.8343      3015.584       39504.64       6048.2868      962.99124      0.91259373   
   1172000   86395.469      310.25231     -467.03074      54358.562     -1601.2346      2560.8018      2982.5682      39465.696      6034.7481      963.76283      0.91608511   
   1173000   86423.294      311.03161     -271.31464      54410.228     -1618.0942      2566.1478      2987.4377      39451.989      6085.1751      966.85669      0.91579016   
   1174000   86800.45       308.12095      188.64286      54343.809     -1552.4196      2557.4337      3019.7704      39275.869      6159.8254      973.99132      0.91181097   
   1175000   86279.633      303.86405      347.03868      54280.801     -1532.3881      2562.0601      2981.6383      39429.279      6052.3471      966.04232      0.91731501   
   1176000   86005.517      308.65979     -405.76614      54454.001     -1531.643       2556.9852      2989.8728      39469.391      6079.8149      970.73985      0.92023867   
   1177000   86791.149      308.41553     -826.0564       54318.568     -1605.66        2555.7819      2965.9635      39390.814      6126.6703      969.51397      0.91190868   
   1178000   87312.511      307.38894      83.63729       54367.928     -1565.4722      2561.9342      3003.4594      39393.523      6111.9177      966.98639      0.90646348   
   1179000   87101.885      303.65996      816.38004      54415.502     -1488.7202      2558.373       2892.6022      39525.147      6138.444       970.83623      0.90865545   
   1180000   86666.341      312.64247      1707.951       54510.531     -1570.1898      2558.9578      2959.45        39495.295      6090.2942      975.48558      0.91322192   
   1181000   87376.472      306.78607      245.32407      54376.114     -1524.9375      2558.4267      3014.2462      39558.042      5926.0552      960.9469       0.90579993   
   1182000   87100.152      311.83611     -1242.1052      54579.518     -1516.6043      2559.7664      3084.9004      39399.863      6095.0515      969.52332      0.90867353   
   1183000   86247.931      303.88526     -106.073        54373.324     -1546.7765      2564.2829      3064.9763      39498.898      6005.6068      963.7272       0.91765218   
   1184000   87129.73       306.23456     -628.73199      54479.231     -1593.1298      2563.6031      3090.5873      39404.157      6160.2238      981.96713      0.90836506   
   1185000   86688.37       311.57734     -687.24398      54384.22      -1592.8654      2562.0532      2971.4269      39470.296      6022.5864      970.83063      0.91298986   
   1186000   86969.148      306.27313      598.64565      54540.692     -1537.0575      2561.0884      3009.2549      39499.468      6154.3728      981.15865      0.91004229   
   1187000   87910.21       308.49365      498.77028      54424.046     -1534.6801      2557.3906      2930.3712      39514.107      6076.4977      963.05295      0.90030046   
   1188000   86608.071      308.67402     -840.86025      54306.86      -1595.9774      2558.733       2992.6828      39381.081      6088.0168      961.91021      0.91383633   
   1189000   86735.455      310.51744      329.08097      54535.856     -1541.6919      2558.3726      3012.8837      39541.454      6038.2076      966.82562      0.91249424   
   1190000   87301.47       312.46623      602.57736      54481.615     -1521.2431      2559.8308      2962.7038      39503.103      6020.1599      958.15687      0.90657812   
   1191000   87327.501      306.45874     -925.75232      54461.626     -1537.4381      2561.7149      3047.3024      39497.81       6048.7773      966.45979      0.90630788   
   1192000   88559.93       305.50995     -418.0477       54347.437     -1491.9323      2561.1243      2940.4401      39525.507      5991.5529      963.78143      0.89369541   
   1193000   88057.908      308.58479     -275.97922      54407.896     -1533.2087      2556.1708      3048.4927      39443.327      6016.6625      956.6847       0.8987904    
   1194000   88350.853      312.25991     -133.46312      54486.591     -1522.0083      2561.8717      2908.3548      39561.81       6017.1981      964.12223      0.89581028   
   1195000   87569.257      304.9215      -580.90757      54366.487     -1617.5283      2563.8564      2945.037       39586.042      6081.0135      964.77751      0.9038058    
   1196000   88462.889      302.94976     -1160.1404      54312.654     -1533.4755      2561.7024      2948.6064      39501.697      6060.1808      969.81448      0.89467576   
   1197000   87274.098      304.92018     -683.55782      54556.367     -1548.5089      2560.9348      3109.6568      39498.984      6125.3278      965.32695      0.90686245   
   1198000   86717.513      306.63271     -96.856856      54391.915     -1583.1991      2562.0172      2991.0155      39504.11       6068.6629      969.88914      0.91268303   
   1199000   86491.148      307.41646      613.53798      54364.738     -1568.8528      2559.9071      2936.0939      39471.811      6107.6374      962.18118      0.91507171   
   1200000   87516.317      308.25683     -104.75366      54445.629     -1539.94        2557.3732      2932.7545      39620.727      6005.8255      957.11783      0.90435253   
   1201000   86530.675      307.02988      209.54609      54530.429     -1542.3667      2557.7525      2964.0308      39557.025      6139.9701      966.27494      0.9146537    
   1202000   86775.481      311.13049      333.12809      54394.858     -1526.4954      2560.9366      2925.2675      39304.341      6190.1392      968.8578       0.91207333   
   1203000   87081.212      308.91871      515.78863      54373.455     -1515.1744      2561.3709      2950.0231      39404.958      6088.7447      957.1696       0.90887117   
   1204000   87439.042      312.31402      373.09438      54556.653     -1556.7205      2560.2379      2987.5194      39575.649      6025.719       966.83548      0.90515176   
   1205000   86670.777      310.89288     -598.48468      54531.831     -1578.5803      2558.0429      3101.2232      39439.173      6073.8928      971.99396      0.91317518   
   1206000   86207.406      308.48126     -209.13012      54496.077     -1598.071       2559.2538      3011.2643      39486.329      6151.604       969.9932       0.91808356   
   1207000   86668.024      308.94203      145.70294      54474.704     -1521.5732      2559.2836      3030.5841      39431.875      6087.3457      960.81456      0.91320418   
   1208000   87141.019      307.20224     -905.34308      54476.53      -1544.6082      2556.3798      3068.2673      39466.429      6078.1781      962.0459       0.90824738   
   1209000   87157.923      301.29135      270.92909      54193.373     -1582.4456      2559.5284      2948.548       39410.498      6118.8825      968.69635      0.90807123   
   1210000   87617.336      311.22012     -174.95178      54497.787     -1513.3328      2562.4839      2933.7481      39555.949      6016.63        968.98346      0.90330985   
   1211000   86846.118      313.26322      301.64872      54474.924     -1583.7721      2559.541       2989.3656      39490.345      6040.3907      962.15883      0.91133149   
   1212000   86413.08       304.98664      249.14782      54290.346     -1580.7993      2559.0635      2940.2676      39528.923      6034.0103      963.30146      0.91589841   
   1213000   86919.216      308.11375      28.695201      54438.904     -1594.8493      2557.9507      2922.5748      39611.162      6059.6675      971.87873      0.91056507   
   1214000   86870.631      309.71824     -507.17443      54482.026     -1519.9769      2559.7378      2969.5861      39482.693      6082.5084      965.17491      0.91107433   
   1215000   87357.34       306.93598     -441.97508      54276.542     -1613.6717      2556.9139      2889.7916      39597.886      6008.9148      952.16539      0.90599831   
   1216000   86763.316      301.63719      517.6598       54351.212     -1560.4808      2557.927       3011.2567      39480.613      6112.9325      971.61498      0.91220121   
   1217000   87475.27       310.28619      212.53288      54443.343     -1527.2404      2559.714       2954.5403      39508.094      6036.9815      956.53041      0.90477689   
   1218000   88075.914      306.55477     -1608.9023      54406.571     -1568.9983      2561.6627      3074.7311      39525.669      5969.2475      966.26423      0.89860666   
   1219000   87640.293      313.78185     -94.364388      54526.423     -1575.2285      2557.7756      2885.5946      39508.33       6143.8786      978.44819      0.90307323   
   1220000   87152.343      304.2337      -150.56948      54310.073     -1585.3741      2559.5419      2977.9582      39503.781      6056.0357      968.90874      0.90812937   
   1221000   87101.674      305.82161     -1154.2681      54391.39      -1553.8274      2561.9109      3052.7042      39392.882      6106.5934      968.05329      0.90865765   
   1222000   87675.498      307.30674     -216.71137      54466.528     -1566.4967      2561.8448      3110.3205      39421.371      6084.8379      959.40026      0.90271061   
   1223000   87605.94       309.8442      -358.48879      54391.855     -1535.3485      2563.833       2984.3698      39493.854      5977.1446      961.57272      0.90342735   
   1224000   87089.658      306.89001     -301.83171      54341.004     -1587.5522      2558.2006      2964.404       39491.501      6066.3935      963.40391      0.90878302   
   1225000   87014.799      307.05343      71.27282       54431.97      -1576.9401      2562.2741      2983.0726      39452.859      6149.0284      973.46694      0.90956485   
   1226000   87652.394      308.12037     -1692.0811      54324.052     -1572.9577      2563.271       3001.2393      39352.755      6096.989       973.70731      0.90294855   
   1227000   87540.001      311.52911      498.08166      54593.751     -1547.7637      2558.563       3075.7862      39596.088      5967.0768      963.88503      0.90410785   
   1228000   87618.007      307.48868     -662.42589      54401.765     -1530.5462      2558.5623      3001.313       39517.129      5999.9326      957.22844      0.90330293   
   1229000   87902.099      309.87133     -292.19209      54464.528     -1539.1217      2563.205       3000.2247      39460.607      6072.4622      961.01017      0.90038353   
   1230000   87667.672      309.4903      -1250.3725      54377.502     -1583.9114      2560.0409      2977.176       39510.357      6018.5908      958.11901      0.90279119   
   1231000   86854.678      309.39156     -643.38458      54434.038     -1587.9525      2557.9897      3065.1809      39423.129      6069.8017      970.56007      0.91124167   
   1232000   87304.001      307.49702     -245.30209      54350.736     -1533.9743      2559.9191      2965.3705      39448.381      6048.4913      964.86032      0.90655184   
   1233000   87030.919      306.14098     -524.64532      54363.633     -1544.7435      2561.8184      3001.042       39536.316      5973.8864      966.1976       0.90939637   
   1234000   87523.423      311.37661      1296.8638      54545.123     -1523.7229      2556.3129      3016.9559      39450.963      6099.9134      966.5787       0.9042791    
   1235000   87644.034      311.45932      1329.9097      54500.802     -1535.3047      2561.0724      2961.0576      39525.289      6043.7532      966.19631      0.90303468   
   1236000   87718.755      302.77251     -489.01885      54321.157     -1531.5042      2558.8594      2940.1601      39531.423      6057.7026      964.33221      0.90226545   
   1237000   86406.624      307.92699      116.48096      54413.962     -1550.5176      2560.7703      2947.8822      39526.981      6061.646       961.73108      0.91596684   
   1238000   87231.881      301.36248     -304.05016      54272.443     -1539.6528      2562.2384      3001.4484      39396.794      6112.6049      968.08277      0.90730133   
   1239000   86513.979      309.06149      41.634171      54419.97      -1557.0302      2561.515       2991.7667      39464.35       6063.3583      966.72508      0.91483022   
   1240000   86416.642      308.26756     -195.25218      54534.313     -1545.5698      2559.3573      3055.7345      39542.942      6041.8487      966.97508      0.91586065   
   1241000   86296.013      309.41775      539.51656      54390.541     -1569.7217      2564.7603      2931.3844      39398.299      6148.7334      979.99031      0.9171409    
   1242000   87554.244      307.07906      98.036799      54534.819     -1479.3473      2564.6212      2959.4275      39530.906      6107.1641      963.37558      0.90396077   
   1243000   87411.003      306.30919     -816.73151      54422.313     -1496.7015      2565.3078      3038.271       39477.065      6006.502       958.36016      0.90544211   
   1244000   87978.948      309.73825     -258.95678      54363.102     -1537.5233      2562.7875      2945.0856      39330.955      6139.7398      978.2925       0.89959705   
   1245000   88384.201      306.63239     -967.11235      54415.496     -1524.8865      2558.4482      2934.218       39559.693      6048.0832      959.60434      0.89547229   
   1246000   87704.079      308.70542     -533.91576      54476.426     -1512.3075      2555.9674      3033.048       39470.839      6037.9028      968.5203       0.90241644   
   1247000   87635.409      308.60469     -319.86563      54546.281     -1525.8132      2558.4355      3004.8564      39598.514      6017.2389      973.87641      0.90312356   
   1248000   88330.967      306.26101     -452.06905      54409.236     -1522.967       2558.2857      2938.6413      39519.642      6079.7348      964.55         0.89601195   
   1249000   88036.708      308.79471     -1120.6405      54383.957     -1509.6191      2560.6197      2971.2766      39393.621      6067.6401      976.74739      0.89900683   
   1250000   87000.018      307.87903      316.05501      54420.592     -1542.7309      2559.1435      3022.7433      39402.106      6117.442       958.57651      0.90971938   
   1251000   87029.612      306.69101      100.33997      54407.249     -1539.0476      2560.6352      2998.6964      39448.368      6093.5875      964.50277      0.90941003   
   1252000   87525.857      310.23554      1867.7458      54550.806     -1473.33        2556.3753      2916.0772      39508.165      6122.5867      968.06164      0.90425395   
   1253000   87891.549      306.80245     -527.30439      54430.967     -1546.9626      2558.7242      2962.3943      39525.978      6079.5388      968.22356      0.90049161   
   1254000   85959.128      314.63434      354.4718       54587.804     -1567.6885      2559.0755      3055.5075      39493.273      6034.7035      970.84283      0.92073529   
   1255000   87373.042      304.96552      172.49493      54409.547     -1556.2765      2558.3477      2936.4812      39492.806      6153.3513      980.04558      0.90583549   
   1256000   87478.275      300.86358      94.047719      54254.456     -1534.6197      2559.2673      2961.117       39506.533      6043.4265      959.88109      0.9047458    
   1257000   87027.027      305.75883      352.10417      54451.043     -1566.4554      2559.8044      3057.9978      39474.543      6099.1113      965.20417      0.90943704   
   1258000   87297.077      310.07106     -97.159587      54472.684     -1567.0754      2560.2123      2999.2187      39335.417      6212.3626      983.00509      0.90662374   
   1259000   86766.511      305.36968      1526.8138      54237.202     -1523.8951      2561.7177      2956.6286      39259.07       6163.9132      966.55616      0.91216762   
   1260000   86271.242      308.65097     -24.20679       54428.518     -1576.9233      2559.0149      3009.4593      39534.318      6018.6283      964.11273      0.91740423   
   1261000   87606.278      311.29072      329.88972      54512.429     -1506.6111      2561.9754      2977.5293      39430.788      6099.3158      974.26141      0.90342386   
   1262000   87879.325      310.65636     -180.48104      54442.408     -1499.7191      2559.3144      3021.6816      39343.018      6086.0171      969.31027      0.90061686   
   1263000   86975.213      305.95817      180.7709       54387.159     -1591.2033      2558.4128      3023.3841      39490.787      6070.0466      969.75123      0.90997882   
   1264000   87354.014      307.12613      660.18266      54481.685     -1555.4305      2559.2191      3080.7758      39567.322      5976.5158      963.4346       0.9060328    
   1265000   87273.38       304.51412     -42.102114      54369.019     -1518.8605      2557.3623      2977.0269      39397.231      6159.5444      960.82988      0.90686991   
   1266000   87007.686      311.47459     -1364.7538      54447.367     -1608.2544      2556.1995      2978.6185      39531.491      6047.3746      964.37482      0.90963921   
   1267000   87294.114      303.60042     -402.37479      54347.018     -1568.0753      2556.9625      3037.2605      39359.813      6177.8716      966.971        0.90665452   
   1268000   87038.475      303.74483      500.0541       54315.018     -1527.2926      2558.5215      2956.3427      39475.16       6070.3259      963.3171       0.90931743   
   1269000   87177.596      311.52236     -28.002304      54590.123     -1533.1825      2558.2653      2985.0277      39523.162      6105.6157      972.47079      0.90786631   
   1270000   87517.392      307.53874     -1738.0792      54461.565     -1576.6584      2557.3835      3066.3124      39463.502      6087.1766      966.21972      0.90434142   
   1271000   86351.164      308.36417     -623.51282      54543.953     -1548.8277      2558.9093      3110.2911      39428.822      6110.7521      968.91897      0.91655513   
   1272000   86336.81       310.29896     -677.61237      54585.53      -1595.8299      2559.1817      3087.2168      39489.448      6129.9851      960.95166      0.91670751   
   1273000   86983.061      304.63544      1781.3044      54379.455     -1503.2396      2561.8585      2976.1021      39382.742      6156.1555      968.26163      0.90989673   
   1274000   87152.414      306.91468      418.91729      54484.067     -1500.7644      2562.6549      3034.052       39495.432      6038.3088      968.9296       0.90812863   
   1275000   86918.519      306.84138      7.7302231      54399.104     -1584.0337      2557.6165      3014.5772      39444.092      6114.2199      968.87873      0.91057238   
   1276000   87582.698      307.87177      121.93844      54434.7       -1548.1586      2557.9172      2982.0246      39501.435      6074.1959      962.8664       0.9036671    
   1277000   87457.199      306.63898      1142.007       54424.686     -1545.3689      2556.9988      2929.9949      39596.031      6048.0861      959.42945      0.90496383   
   1278000   87597.416      306.41115      176.87335      54377.835     -1519.5765      2556.9265      2986.9558      39494.802      6016.8426      967.70336      0.90351527   
   1279000   87445.738      304.95818      127.24824      54390.685     -1557.521       2556.0669      2946.6582      39503.48       6132.3634      965.67257      0.90508244   
   1280000   86791.193      306.03757      390.00608      54433.817     -1546.7928      2557.6212      2993.5352      39510.634      6091.708       960.31488      0.91190822   
   1281000   86677.363      303.32167     -293.19017      54384.587     -1590.4612      2560.5026      3004.7737      39470.493      6156.8832      971.98815      0.9131058    
   1282000   86685.679      312.42821      765.01571      54443.385     -1592.5208      2554.976       2934.2818      39472.016      6109.6571      967.32286      0.91301819   
   1283000   86162.392      305.64982      922.14685      54324.224     -1561.3122      2558.9204      3001.7465      39319.988      6180.272       967.43783      0.9185632    
   1284000   86210.392      305.52088      660.88093      54367.494     -1587.6953      2559.567       2933.8024      39545.704      6086.571       974.82212      0.91805177   
   1285000   86959.683      307.98924      791.5835       54514.09      -1557.6317      2559.904       2989.3137      39499.466      6154.0966      962.50512      0.91014134   
   1286000   86419.021      307.12463      38.960213      54422.89      -1596.871       2556.7789      3021.0235      39512.962      6070.7439      969.72944      0.91583544   
   1287000   87780.781      301.59254      1218.2025      54335.295     -1500.5575      2559.19        3021.8652      39460.477      6063.2547      956.42479      0.90162792   
   1288000   87371.08       311.00732      203.93218      54465.793     -1518.4132      2561.5607      2995.488       39420.025      6067.9876      969.82841      0.90585583   
   1289000   87185.701      307.05915     -370.96928      54628.797     -1572.6904      2561.3708      3048.3492      39599.64       6139.2927      964.51609      0.90778192   
   1290000   86859.655      309.29604      432.66345      54410.618     -1523.2185      2559.8373      2979.8732      39216.102      6258.4743      985.6175       0.91118946   
   1291000   86773.767      311.57877      422.3473       54438.66      -1573.4711      2557.3342      3026.9323      39430.754      6054.7672      960.71257      0.91209135   
   1292000   86856.707      306.55932     -83.441131      54435.606     -1580.7848      2562.8198      2984.4484      39590.236      6041.9758      959.40223      0.91122039   
   1293000   87274.293      309.11806      263.30513      54527.175     -1561.5367      2561.1509      3050.3846      39544.25       6036.4878      965.45592      0.90686043   
   1294000   87921.265      306.14833      226.6452       54415.806     -1521.3006      2559.6443      2964.853       39420.021      6156.7456      965.6975       0.90018726   
   1295000   87111.259      303.98527      766.93171      54237.5       -1535.6484      2558.5683      2890.8036      39488.455      6055.0213      955.76405      0.90855766   
   1296000   88031.61       304.41329     -334.98         54277.712     -1511.5355      2559.9418      2958.4761      39367.91       6095.2295      972.7226       0.8990589    
   1297000   87362.469      305.90589     -510.40199      54364.789     -1552.9222      2560.4993      3035.1502      39502.053      5984.2579      970.22722      0.90594511   
   1298000   87805.781      311.80576     -605.03883      54549.837     -1526.5309      2559.1816      3051.2306      39360.144      6150.9269      969.23421      0.9013712    
   1299000   87269.514      306.20189      630.83073      54271.733     -1546.9382      2560.6314      2899.6         39389.053      6124.1317      974.80022      0.90691009   
   1300000   86592.91       309.16686      376.01585      54415.998     -1560.8381      2561.0293      2980.5048      39473.559      6074.0082      957.09179      0.91399633   
   1301000   87706.028      306.47504      23.666239      54272.5       -1558.2795      2553.66        2923.7317      39476.915      6036.5798      964.10799      0.90239638   
   1302000   87351.26       309.58612     -199.03399      54403.5       -1556.2         2559.7383      3001.5874      39455.821      6041.0275      959.31987      0.90606137   
   1303000   87162.06       308.27722     -571.27678      54444.197     -1584.0369      2560.9779      3037.0783      39490.69       6063.3742      962.78195      0.90802813   
   1304000   87723.05       307.22725      105.26123      54482.492     -1546.6218      2557.3872      2969.4309      39565.041      6082.1935      964.53762      0.90222128   
   1305000   86965.024      300.18597     -611.5871       54261.023     -1583.2044      2559.1771      2963.7063      39423.99       6176.2874      976.20189      0.91008544   
   1306000   87093.328      308.46777     -43.833532      54471.904     -1529.6196      2559.9479      2963.3496      39500.28       6102.1253      959.87022      0.90874473   
   1307000   86737.643      301.31184      224.57173      54323.949     -1554.7921      2560.693       2936.9666      39481.464      6154.1438      976.80885      0.91247121   
   1308000   87437.242      309.46867     -337.45322      54524.757     -1551.8625      2563.9043      3032.1063      39468.379      6104.6282      969.90369      0.90517039   
   1309000   86861.377      309.53517      573.81359      54585.221     -1518.5891      2559.1944      3065.2431      39496.634      6082.2603      962.21719      0.9111714    
   1310000   87206.928      307.79512     -328.38827      54391.489     -1575.1374      2556.9702      2968.0963      39485.604      6087.4897      965.94756      0.90756095   
   1311000   87868.914      308.16373     -307.96537      54519.001     -1562.5513      2557.854       3029.6028      39581.953      6039.4875      962.38352      0.90072358   
   1312000   87275.911      308.83853      285.64141      54369.551     -1500.4373      2562.7516      2912.665       39461.201      6041.8469      967.32868      0.90684361   
   1313000   88048.518      309.59364     -238.96665      54452.326     -1549.0488      2559.6285      3026.6406      39513.324      5999.9701      961.48475      0.89888626   
   1314000   87892.524      306.53341      1446.6912      54509.434     -1528.6517      2559.0241      2952.9666      39529.666      6152.4729      967.38389      0.90048162   
   1315000   87460.834      308.68835      680.55681      54388.919     -1561.259       2560.4094      2981.1314      39458.704      6058.9815      971.32978      0.90492622   
   1316000   86838.008      310.63607      58.211925      54339.772     -1566.9583      2561.0382      2956.6007      39266.888      6190.863       970.19153      0.91141661   
   1317000   86927.23       306.65904     -540.69503      54445.195     -1556.5163      2561.5146      3001.1401      39501.768      6084.1009      973.23691      0.91048112   
   1318000   87109.15       305.77542     -413.17391      54377.507     -1603.2022      2558.2203      3012.1614      39433.389      6142.6423      972.7458       0.90857967   
   1319000   86918.847      310.13228     -576.4354       54481.578     -1550.4964      2559.7353      2967.0024      39408.736      6169.4613      976.02815      0.91056894   
   1320000   87592.505      306.64291      447.57445      54316.983     -1516.5048      2555.8882      2974.5306      39457.391      6000.4855      964.62548      0.90356592   
   1321000   87002.439      308.4029       201.70073      54374.363     -1584.3985      2553.7014      2904.5941      39457.893      6151.9085      976.23571      0.90969406   
   1322000   87088.707      308.87615     -647.70874      54403.149     -1575.6944      2560.9502      3017.2832      39410.472      6105.3843      959.84114      0.90879295   
   1323000   87085.664      305.73428     -206.87295      54330.031     -1547.0288      2561.7194      2914.7218      39453.041      6115.3445      971.14857      0.9088247    
   1324000   86130.982      308.84676     -199.15458      54449.545     -1557.505       2561.4781      2988.6908      39434.746      6125.6048      971.77153      0.91889817   
   1325000   86876.194      304.5265      -373.47871      54259.539     -1580.1507      2558.5877      2942.9188      39433.76       6112.418       956.27559      0.91101599   
   1326000   87735.202      305.472        462.44762      54457.021     -1538.0487      2559.5983      2983.8551      39476.902      6150.4036      968.89793      0.90209632   
   1327000   86860.985      308.17706     -347.04197      54358.07      -1611.7878      2557.9307      2965.5352      39409.118      6155.5584      971.539        0.91117552   
   1328000   87115.277      307.44099     -437.86964      54327.308     -1568.4246      2558.6208      2999.6141      39358.452      6118.1793      965.65263      0.90851576   
   1329000   87170.397      308.698        584.46702      54469.813     -1559.6728      2561.0986      2941.5126      39568.091      6068.8325      967.36651      0.90794129   
   1330000   86889.259      311.36561      332.10207      54590.702     -1531.2326      2560.0058      3011.2705      39506.608      6101.402       967.34072      0.91087901   
   1331000   86596.124      306.23625      922.67843      54476.322     -1557.0055      2558.8672      2978.1572      39451.679      6193.2258      982.99892      0.91396242   
   1332000   87835.342      303.92455      199.60391      54248.846     -1512.8004      2562.105       2955.2542      39403.226      6047.4212      969.90349      0.90106785   
   1333000   87148.248      312.22314     -816.64996      54445.614     -1550.8916      2562.2401      3006.1786      39407.633      6061.7251      964.87338      0.90817204   
   1334000   86933.763      308.35665      797.63529      54328.158     -1542.952       2558.4138      2904.3067      39495.764      6042.1545      955.5754       0.91041271   
   1335000   87202.091      311.70143     -1763.221       54623.463     -1546.8893      2563.4014      3047.799       39592.41       6017.3711      965.35999      0.90761129   
   1336000   87493.34       305.02032     -270.34924      54340.842     -1536.1159      2557.9691      2965.0452      39379.025      6160.3616      968.70612      0.90459002   
   1337000   87209.207      310.42814     -680.66524      54436.264     -1552.6078      2561.8687      2933.5661      39607.599      5961.931       964.6649       0.90753723   
   1338000   87126.344      307.32887     -648.82851      54416.163     -1585.9674      2561.6835      3026.8557      39429.392      6119.812       970.19136      0.90840037   
   1339000   87364.692      302.64524     -153.17833      54255.699     -1546.085       2559.521       2975.9249      39474.858      6037.2542      957.39319      0.90592207   
   1340000   87300.282      308.65246     -74.595473      54411.033     -1515.28        2563.1739      2987.8413      39388.997      6096.3016      968.32376      0.90659045   
   1341000   87287.448      314.02261     -412.78129      54432.044     -1552.1856      2555.2736      2968.9585      39390.379      6078.6174      960.13741      0.90672375   
   1342000   87164.064      305.67189     -760.50466      54368.166     -1557.6284      2557.2269      3034.6519      39449.77       6058.3953      967.08344      0.90800725   
   1343000   86839.342      307.81396      903.6809       54485.012     -1548.1945      2562.1869      2936.6996      39485.544      6181.0016      964.73155      0.9114026    
   1344000   87168.466      305.15454      518.41968      54338.647     -1549.8016      2555.574       3012.3253      39415.219      6093.2058      965.07236      0.9079614    
   1345000   87154.814      308.66503     -593.52621      54534.163     -1544.3505      2562.9069      3033.1242      39533.295      6067.2011      960.61403      0.90810362   
   1346000   87353.803      304.09309     -728.58907      54402.576     -1570.82        2560.4047      3043.7366      39428.609      6136.8718      976.57015      0.906035     
   1347000   87227.25       313.83451      206.92476      54437.516     -1507.1503      2556.3307      2901.9409      39429.621      6067.1174      962.94369      0.9073495    
   1348000   87811.77       308.64725      458.67622      54500.028     -1511.4945      2558.8621      2931.8723      39623.549      6015.9187      961.68535      0.90130973   
   1349000   87363.705      309.70088      598.99754      54370.371     -1541.3617      2558.8005      3019.3325      39397.384      6016.45        976.14821      0.9059323    
   1350000   87124.183      305.36725      89.611664      54418.908     -1562.2282      2559.1317      3015.857       39483.275      6094.2058      974.03252      0.9084229    
   1351000   86917.225      308.4118       140.84231      54395.633     -1584.7671      2557.7977      2953.3564      39487.204      6087.7908      979.10417      0.91058593   
   1352000   87332.79       306.45277     -281.48824      54409.727     -1535.209       2557.4436      2991.1329      39451.294      6101.4181      967.54998      0.906253     
   1353000   86950.065      302.89871     -618.65659      54269.628     -1548.2577      2560.5059      2955.6819      39395.276      6137.1141      966.60904      0.91024201   
   1354000   87701.656      306.25886     -685.58738      54489.899     -1551.0177      2558.0816      3101.4015      39409.232      6128.2806      971.80634      0.90244137   
   1355000   86985.715      301.10778     -912.43159      54206.541     -1591.8068      2556.2279      3000.6448      39407.845      6103.0819      964.72917      0.90986896   
   1356000   87199.297      307.76231      431.5406       54443.028     -1543.7306      2557.8974      2977.4118      39502.898      6079.6432      966.92144      0.90764037   
   1357000   86583.721      306.91636     -1625.2261      54323.828     -1606.0405      2565.0852      3028.4877      39421.645      6059.9784      968.97282      0.91409334   
   1358000   87288.228      313.38303     -221.54908      54484.194     -1568.3352      2562.6497      3022.2105      39412.978      6071.0018      966.06568      0.90671565   
   1359000   87377.484      312.02552      134.19745      54492.106     -1567.3085      2561.2555      3034.7593      39470.418      6040.1902      963.03108      0.90578944   
   1360000   87506.324      309.7034      -555.7958       54425.944     -1551.8567      2560.8858      3021.6778      39427.896      6056.0918      969.67842      0.9044558    
   1361000   87985.124      308.35298     -727.05912      54320.65      -1515.147       2558.2046      2905.4747      39405.67       6083.2617      967.39652      0.89953391   
   1362000   87717.481      306.55965      402.78255      54415.941     -1533.6275      2558.1639      3004.125       39432.024      6116.1374      961.12836      0.90227856   
   1363000   87068.741      306.03598      1023.0624      54492.818     -1555.1904      2555.3845      2984.8716      39589.032      6081.5461      971.37121      0.90900134   
   1364000   87231.873      308.4973       712.50299      54401.936     -1512.8597      2560.1832      2977.369       39420.697      6081.7022      957.71414      0.90730142   
   1365000   87759.066      311.55034      665.93         54325.286     -1554.3004      2562.5243      2951.0352      39458.289      5962.935       965.03853      0.90185102   
   1366000   87800.503      310.33582     -14.567431      54462.032     -1532.3167      2559.8169      2965.0078      39526.989      6032.0977      953.68935      0.90142539   
   1367000   87480.933      306.75595     -325.75112      54364.595     -1548.2599      2554.8829      2936.0604      39502.791      6083.5729      952.19588      0.90471832   
   1368000   86448.957      306.68881     -48.491659      54478.46      -1635.1947      2560.4336      3028.829       39503.658      6170.8349      969.13823      0.9155183    
   1369000   86997.825      306.50226      813.20012      54379.798     -1539.5456      2561.2042      2987.0306      39433.853      6091.1999      969.34711      0.90974231   
   1370000   87049.886      306.76843      1509.0458      54305.82      -1496.8985      2561.2683      2900.5611      39364.977      6125.8908      967.27267      0.90919823   
   1371000   87824.945      309.26828      223.82128      54487.916     -1555.0234      2558.8015      2978.5267      39565.663      6042.4692      964.91454      0.90117452   
   1372000   88766.125      306.86014      196.23243      54372.027     -1528.5535      2557.0504      3003.8023      39417.474      6073.5967      963.66935      0.89161943   
   1373000   87740.083      304.65889     -1089.4626      54250.638     -1553.9636      2556.106       2976.6827      39460.373      6015.7579      958.23506      0.90204613   
   1374000   87677.213      311.42182     -148.38077      54457.328     -1563.5679      2555.9533      3016.3709      39428.263      6089.4609      954.43672      0.90269295   
   1375000   87264.078      307.59851     -449.03525      54456.578     -1577.9591      2561.4137      3012.2825      39435.211      6158.3647      969.30906      0.90696658   
   1376000   87130.297      305.94598     -1134.6228      54344.972     -1541.1594      2563.31        2947.0947      39426.266      6120.0496      964.94364      0.90835914   
   1377000   86638.932      307.19531      1194.2445      54431.086     -1543.624       2558.8285      2991.6744      39532.613      6037.519       963.06252      0.91351083   
   1378000   87471.608      303.81677     -949.99373      54471.037     -1518.1016      2558.8638      3022.7558      39553.726      6072.6751      960.30948      0.90481477   
   1379000   87609.239      311.22806     -181.20111      54439.901     -1521.7286      2559.9712      2991.7473      39451.744      6029.9658      955.41197      0.90339334   
   1380000   87321.175      308.48941     -74.42089       54349.293     -1510.4814      2566.7366      2999.9231      39299.643      6100.0116      975.65301      0.90637354   
   1381000   86907.243      310.79002     -434.84858      54532.42      -1580.6498      2558.5142      2966.536       39459.61       6189.168       974.13186      0.91069052   
   1382000   87324.232      307.88244     -377.09609      54355.103     -1556.4516      2561.1628      2930.5939      39462.254      6080.981       972.27025      0.90634181   
   1383000   87614.385      308.58939     -599.64147      54567.419     -1551.7153      2556.8293      3050.4387      39511.352      6117.1572      965.06067      0.90334027   
   1384000   86829.049      307.82833      206.74211      54420.744     -1592.4894      2560.7249      2969.1309      39572.248      6047.2237      961.16186      0.91151064   
   1385000   87716.184      310.17326     -228.42177      54386.655     -1500.6103      2562.8755      2953.2438      39334.289      6117.6702      966.19846      0.9022919    
   1386000   87330.6        307.83861     -1108.8878      54405.316     -1563.6454      2559.4619      3053.716       39323.267      6157.6674      969.88457      0.90627572   
   1387000   87619.449      312.91768      87.833559      54681.698     -1518.3099      2558.0085      3045.6172      39578.02       6051.6425      958.92629      0.90328806   
   1388000   86937.234      305.51151      123.47883      54386.777     -1570.5216      2559.4141      2992.1774      39500.647      6072.7966      976.9997       0.91037636   
   1389000   87537.243      316.69356      234.08604      54583.522     -1543.0204      2558.1946      2992.0776      39457.954      6067.7107      965.0082       0.90413634   
   1390000   87374.117      306.94062     -596.15827      54339.923     -1547.0009      2556.5648      2984.9019      39330.412      6162.8618      967.67149      0.90582435   
   1391000   87251.504      310.9124      -235.85299      54392.698     -1585.1911      2558.2831      2967.4429      39507.675      6011.05        967.05751      0.90709729   
   1392000   86946.485      309.99255     -455.79446      54460.929     -1577.9987      2552.7789      2985.6959      39419.488      6166.1394      967.25297      0.91027949   
   1393000   87164.268      307.28891     -534.40907      54367.163     -1584.8334      2559.4418      2971.3602      39476.663      6095.4734      957.87963      0.90800513   
   1394000   87808.684      309.83717     -232.13011      54448.262     -1533.8097      2560.651       3000.6807      39448.889      6062.1594      965.08271      0.9013414    
   1395000   87353.751      308.65479      11.190883      54318.622     -1565.0003      2556.8539      2988.1465      39420.484      6043.7978      954.25702      0.90603554   
   1396000   86855.002      307.87339      299.27852      54461.317     -1546.9935      2559.5073      2947.4628      39557.335      6074.1957      965.7504       0.91123828   
   1397000   86912.016      304.37599      899.7372       54407.368     -1510.8356      2559.3126      2985.0158      39517.557      6059.1407      963.9253       0.91064051   
   1398000   86509.057      310.66983      452.56473      54550.056     -1545.6479      2560.1585      2937.143       39435.442      6217.1098      982.23454      0.91488226   
   1399000   86397.542      306.04629     -414.16982      54375.09      -1599.3267      2557.7981      3015.2944      39463.037      6105.619       966.52204      0.91606313   
   1400000   86678.809      307.33887     -1053.0083      54329.573     -1607.4719      2560.068       2945.6403      39526.629      6040.5598      971.13044      0.91309056   
   1401000   86540.544      311.54835      815.47803      54485.978     -1546.1292      2557.4362      3004.804       39386.223      6134.4719      969.303        0.9145494    
   1402000   87609.803      303.52225     -34.142423      54525.239     -1517.6911      2559.3392      3071.6402      39443.52       6179.535       973.30479      0.90338752   
   1403000   87405.535      306.03744      1122.8956      54423.288     -1485.1405      2560.7955      3003.6214      39448.026      6059.4499      969.31041      0.90549875   
   1404000   87625.207      309.75003     -0.82815639     54531.991     -1534.4235      2559.2164      3069.4465      39428.716      6101.4099      963.48105      0.90322871   
   1405000   87156.953      306.36018     -9.701506       54401.107     -1534.4115      2555.9693      3012.3052      39398.509      6131.5518      964.25921      0.90808134   
   1406000   87925.067      305.44816      921.61635      54305.104     -1537.7213      2561.6625      2936.7947      39464.461      6059.6993      965.32685      0.90014833   
   1407000   88496.947      307.51028      116.64304      54478.254     -1515.7717      2560.1004      3017.6494      39433.351      6128.2274      956.93489      0.89433145   
   1408000   87936.646      301.79311      478.39157      54221.154     -1516.0984      2559.714       2975.3921      39448.135      6013.7965      961.4126       0.90002981   
   1409000   87584.74       309.95262     -134.69736      54538.715     -1576.0492      2559.2603      3044.0647      39514.495      6076.7639      973.32412      0.90364603   
   1410000   87496.225      308.01691     -37.773122      54297.646     -1537.7745      2561.5077      2982.5876      39450.859      5973.8578      958.32933      0.90456019   
   1411000   86619.521      307.16426      303.17593      54453.666     -1567.4428      2557.1138      3049.7521      39515.11       6039.4262      970.06327      0.91371554   
   1412000   87088.148      303.35904     -514.86499      54175.276     -1597.9741      2561.5821      2917.4525      39410.057      6101.7303      970.33964      0.90879878   
   1413000   86786.821      310.31772     -167.27372      54455.556     -1558.2714      2561.9475      2963.9034      39428.721      6126.1589      978.66234      0.91195415   
   1414000   87337.187      309.82971      260.15486      54385.37      -1533.3725      2559.9761      2929.8649      39442.531      6066.6728      975.08051      0.90620737   
   1415000   87292.554      304.80793     -1026.4318      54379.017     -1576.7966      2557.6696      2922.6258      39493.012      6164.134       976.78464      0.90667072   
   1416000   86925.625      308.95387      280.60026      54424.186     -1559.1948      2559.721       2983.1894      39364.682      6175.6052      974.30306      0.91049794   
   1417000   87472.302      305.36364      376.9353       54314.568     -1532.5124      2560.794       2947.5881      39479.735      6047.5494      957.60019      0.90480759   
   1418000   87392.35       309.10472      20.403644      54435.498     -1535.9859      2561.177       3038.4448      39382.689      6091.5477      966.09355      0.90563536   
   1419000   87440.456      305.52368      190.81008      54305.343     -1515.7364      2554.6713      2956.9476      39527.551      5968.7257      956.87757      0.90513712   
   1420000   87402.202      306.27533     -400.52126      54356.442     -1560.3388      2559.5203      2971.9074      39532.447      6018.2436      963.27703      0.90553328   
   1421000   87631.712      311.55745      911.08661      54571.659     -1513.6062      2559.8596      3001.0173      39528.124      6045.9549      969.01029      0.90316166   
   1422000   87458.586      305.92762      275.12178      54387.442     -1560.352       2558.1698      2945.6478      39489.563      6114.1857      975.30229      0.90494948   
   1423000   85987.554      308.90544      1270.2067      54446.078     -1547.0478      2557.413       2942.0735      39451.355      6145.632       971.8938       0.92043091   
   1424000   86882.453      307.22602     -380.30103      54494.606     -1554.3488      2561.4085      3032.11        39542.028      6061.617       960.59532      0.91095037   
   1425000   86914.918      307.46057      219.27116      54410.484     -1562.2165      2562.2525      2943.9147      39503.142      6095.3016      971.82399      0.9106101    
   1425023   86951.039      309.26202     -367.16156      54430.694     -1554.1326      2562.5758      2997.0633      39438.8        6083.5572      969.36693      0.91023182   
Loop time of 1399.37 on 48 procs for 800000 steps with 6900 atoms

Performance: 24.697 ns/day, 0.972 hours/ns, 571.685 timesteps/s, 3.945 Matom-step/s
99.9% CPU use with 48 MPI tasks x 1 OpenMP threads

MPI task timing breakdown:
Section |  min time  |  avg time  |  max time  |%varavg| %total
---------------------------------------------------------------
Pair    | 356.56     | 721.82     | 934.86     | 443.9 | 51.58
Bond    | 39.52      | 65.844     | 83.823     | 119.6 |  4.71
Kspace  | 239.02     | 470.97     | 863.38     | 589.8 | 33.66
Neigh   | 30.711     | 30.772     | 30.834     |   0.7 |  2.20
Comm    | 66.333     | 69.687     | 72.515     |  14.7 |  4.98
Output  | 0.65505    | 1.0673     | 1.4831     |  23.7 |  0.08
Modify  | 27.332     | 31.348     | 33.852     |  37.2 |  2.24
Other   |            | 7.865      |            |       |  0.56

Nlocal:         143.75 ave         177 max          88 min
Histogram: 2 0 1 6 2 4 14 8 8 3
Nghost:        3655.29 ave        3809 max        3467 min
Histogram: 1 0 6 7 6 9 6 7 4 2
Neighs:        41570.2 ave       54680 max       20448 min
Histogram: 2 0 2 5 4 5 9 13 5 3

Total # of neighbors = 1995370
Ave neighs/atom = 289.18406
Ave special neighs/atom = 13.675362
Neighbor list builds = 14012
Dangerous builds = 0
System init for write_data ...
PPPM initialization ...
  using 12-bit tables for long-range coulomb (src/kspace.cpp:342)
  G vector (1/distance) = 0.23192008
  grid = 16 16 16
  stencil order = 5
  estimated absolute RMS force accuracy = 0.0032100774
  estimated relative force accuracy = 9.6668232e-06
  using double precision MKL FFT
  3d grid and FFT values/proc = 891 96
Generated 36 of 36 mixed pair_coeff terms from arithmetic mixing rule
Total wall time: 0:42:02
