Loading intel/oneapi/compiler/latest
  Loading requirement: intel/oneapi/tbb/latest intel/oneapi/compiler-rt/latest
    intel/oneapi/umf/latest
libibverbs: Warning: couldn't load driver 'libcxgb4-rdmav34.so': libcxgb4-rdmav34.so: cannot open shared object file: No such file or directory
libibverbs: Warning: couldn't load driver 'libcxgb4-rdmav34.so': libcxgb4-rdmav34.so: cannot open shared object file: No such file or directory
libibverbs: Warning: couldn't load driver 'libcxgb4-rdmav34.so': libcxgb4-rdmav34.so: cannot open shared object file: No such file or directory
libibverbs: Warning: couldn't load driver 'libcxgb4-rdmav34.so': libcxgb4-rdmav34.so: cannot open shared object file: No such file or directory
libibverbs: Warning: couldn't load driver 'libcxgb4-rdmav34.so': libcxgb4-rdmav34.so: cannot open shared object file: No such file or directory
libibverbs: Warning: couldn't load driver 'libcxgb4-rdmav34.so': libcxgb4-rdmav34.so: cannot open shared object file: No such file or directory
libibverbs: Warning: couldn't load driver 'libcxgb4-rdmav34.so': libcxgb4-rdmav34.so: cannot open shared object file: No such file or directory
libibverbs: Warning: couldn't load driver 'libcxgb4-rdmav34.so': libcxgb4-rdmav34.so: cannot open shared object file: No such file or directory
libibverbs: Warning: couldn't load driver 'libhfi1verbs-rdmav34.so': libhfi1verbs-rdmav34.so: cannot open shared object file: No such file or directory
libibverbs: Warning: couldn't load driver 'libcxgb4-rdmav34.so': libcxgb4-rdmav34.so: cannot open shared object file: No such file or directory
libibverbs: Warning: couldn't load driver 'libhfi1verbs-rdmav34.so': libhfi1verbs-rdmav34.so: cannot open shared object file: No such file or directory
libibverbs: Warning: couldn't load driver 'libhfi1verbs-rdmav34.so': libhfi1verbs-rdmav34.so: cannot open shared object file: No such file or directory
libibverbs: Warning: couldn't load driver 'libhfi1verbs-rdmav34.so': libhfi1verbs-rdmav34.so: cannot open shared object file: No such file or directory
libibverbs: Warning: couldn't load driver 'libhfi1verbs-rdmav34.so': libhfi1verbs-rdmav34.so: cannot open shared object file: No such file or directory
libibverbs: Warning: couldn't load driver 'libhfi1verbs-rdmav34.so': libhfi1verbs-rdmav34.so: cannot open shared object file: No such file or directory
libibverbs: Warning: couldn't load driver 'libhfi1verbs-rdmav34.so': libhfi1verbs-rdmav34.so: cannot open shared object file: No such file or directory
libibverbs: Warning: couldn't load driver 'libhfi1verbs-rdmav34.so': libhfi1verbs-rdmav34.so: cannot open shared object file: No such file or directory
libibverbs: Warning: couldn't load driver 'libhfi1verbs-rdmav34.so': libhfi1verbs-rdmav34.so: cannot open shared object file: No such file or directory
libibverbs: Warning: couldn't load driver 'libcxgb4-rdmav34.so': libcxgb4-rdmav34.so: cannot open shared object file: No such file or directory
libibverbs: Warning: couldn't load driver 'libhfi1verbs-rdmav34.so': libhfi1verbs-rdmav34.so: cannot open shared object file: No such file or directory
libibverbs: Warning: couldn't load driver 'libcxgb4-rdmav34.so': libcxgb4-rdmav34.so: cannot open shared object file: No such file or directory
libibverbs: Warning: couldn't load driver 'libhfi1verbs-rdmav34.so': libhfi1verbs-rdmav34.so: cannot open shared object file: No such file or directory
libibverbs: Warning: couldn't load driver 'libmthca-rdmav34.so': libmthca-rdmav34.so: cannot open shared object file: No such file or directory
libibverbs: Warning: couldn't load driver 'libmthca-rdmav34.so': libmthca-rdmav34.so: cannot open shared object file: No such file or directory
libibverbs: Warning: couldn't load driver 'libmthca-rdmav34.so': libmthca-rdmav34.so: cannot open shared object file: No such file or directory
libibverbs: Warning: couldn't load driver 'libmthca-rdmav34.so': libmthca-rdmav34.so: cannot open shared object file: No such file or directory
libibverbs: Warning: couldn't load driver 'libmthca-rdmav34.so': libmthca-rdmav34.so: cannot open shared object file: No such file or directory
libibverbs: Warning: couldn't load driver 'libmthca-rdmav34.so': libmthca-rdmav34.so: cannot open shared object file: No such file or directory
libibverbs: Warning: couldn't load driver 'libmthca-rdmav34.so': libmthca-rdmav34.so: cannot open shared object file: No such file or directory
libibverbs: Warning: couldn't load driver 'libmthca-rdmav34.so': libmthca-rdmav34.so: cannot open shared object file: No such file or directory
libibverbs: Warning: couldn't load driver 'libmthca-rdmav34.so': libmthca-rdmav34.so: cannot open shared object file: No such file or directory
libibverbs: Warning: couldn't load driver 'libmthca-rdmav34.so': libmthca-rdmav34.so: cannot open shared object file: No such file or directory
libibverbs: Warning: couldn't load driver 'libmthca-rdmav34.so': libmthca-rdmav34.so: cannot open shared object file: No such file or directory
libibverbs: Warning: couldn't load driver 'libcxgb4-rdmav34.so': libcxgb4-rdmav34.so: cannot open shared object file: No such file or directory
libibverbs: Warning: couldn't load driver 'libhfi1verbs-rdmav34.so': libhfi1verbs-rdmav34.so: cannot open shared object file: No such file or directory
libibverbs: Warning: couldn't load driver 'libcxgb4-rdmav34.so': libcxgb4-rdmav34.so: cannot open shared object file: No such file or directory
libibverbs: Warning: couldn't load driver 'libhfi1verbs-rdmav34.so': libhfi1verbs-rdmav34.so: cannot open shared object file: No such file or directory
libibverbs: Warning: couldn't load driver 'libmthca-rdmav34.so': libmthca-rdmav34.so: cannot open shared object file: No such file or directory
libibverbs: Warning: couldn't load driver 'libmthca-rdmav34.so': libmthca-rdmav34.so: cannot open shared object file: No such file or directory
libibverbs: Warning: couldn't load driver 'libcxgb4-rdmav34.so': libcxgb4-rdmav34.so: cannot open shared object file: No such file or directory
libibverbs: Warning: couldn't load driver 'libirdma-rdmav34.so': libirdma-rdmav34.so: cannot open shared object file: No such file or directory
libibverbs: Warning: couldn't load driver 'libirdma-rdmav34.so': libirdma-rdmav34.so: cannot open shared object file: No such file or directory
libibverbs: Warning: couldn't load driver 'libirdma-rdmav34.so': libirdma-rdmav34.so: cannot open shared object file: No such file or directory
libibverbs: Warning: couldn't load driver 'libirdma-rdmav34.so': libirdma-rdmav34.so: cannot open shared object file: No such file or directory
libibverbs: Warning: couldn't load driver 'libirdma-rdmav34.so': libirdma-rdmav34.so: cannot open shared object file: No such file or directory
libibverbs: Warning: couldn't load driver 'libirdma-rdmav34.so': libirdma-rdmav34.so: cannot open shared object file: No such file or directory
libibverbs: Warning: couldn't load driver 'libhfi1verbs-rdmav34.so': libhfi1verbs-rdmav34.so: cannot open shared object file: No such file or directory
libibverbs: Warning: couldn't load driver 'libmthca-rdmav34.so': libmthca-rdmav34.so: cannot open shared object file: No such file or directory
libibverbs: Warning: couldn't load driver 'libirdma-rdmav34.so': libirdma-rdmav34.so: cannot open shared object file: No such file or directory
libibverbs: Warning: couldn't load driver 'libirdma-rdmav34.so': libirdma-rdmav34.so: cannot open shared object file: No such file or directory
libibverbs: Warning: couldn't load driver 'libirdma-rdmav34.so': libirdma-rdmav34.so: cannot open shared object file: No such file or directory
libibverbs: Warning: couldn't load driver 'libirdma-rdmav34.so': libirdma-rdmav34.so: cannot open shared object file: No such file or directory
libibverbs: Warning: couldn't load driver 'libirdma-rdmav34.so': libirdma-rdmav34.so: cannot open shared object file: No such file or directory
libibverbs: Warning: couldn't load driver 'libirdma-rdmav34.so': libirdma-rdmav34.so: cannot open shared object file: No such file or directory
libibverbs: Warning: couldn't load driver 'libcxgb4-rdmav34.so': libcxgb4-rdmav34.so: cannot open shared object file: No such file or directory
libibverbs: Warning: couldn't load driver 'libhfi1verbs-rdmav34.so': libhfi1verbs-rdmav34.so: cannot open shared object file: No such file or directory
libibverbs: Warning: couldn't load driver 'libmthca-rdmav34.so': libmthca-rdmav34.so: cannot open shared object file: No such file or directory
libibverbs: Warning: couldn't load driver 'libirdma-rdmav34.so': libirdma-rdmav34.so: cannot open shared object file: No such file or directory
libibverbs: Warning: couldn't load driver 'libirdma-rdmav34.so': libirdma-rdmav34.so: cannot open shared object file: No such file or directory
libibverbs: Warning: couldn't load driver 'libirdma-rdmav34.so': libirdma-rdmav34.so: cannot open shared object file: No such file or directory
libibverbs: Warning: couldn't load driver 'libcxgb4-rdmav34.so': libcxgb4-rdmav34.so: cannot open shared object file: No such file or directory
libibverbs: Warning: couldn't load driver 'libhfi1verbs-rdmav34.so': libhfi1verbs-rdmav34.so: cannot open shared object file: No such file or directory
libibverbs: Warning: couldn't load driver 'libmthca-rdmav34.so': libmthca-rdmav34.so: cannot open shared object file: No such file or directory
libibverbs: Warning: couldn't load driver 'libirdma-rdmav34.so': libirdma-rdmav34.so: cannot open shared object file: No such file or directory
libibverbs: Warning: couldn't load driver 'libcxgb4-rdmav34.so': libcxgb4-rdmav34.so: cannot open shared object file: No such file or directory
libibverbs: Warning: couldn't load driver 'libhfi1verbs-rdmav34.so': libhfi1verbs-rdmav34.so: cannot open shared object file: No such file or directory
libibverbs: Warning: couldn't load driver 'libmthca-rdmav34.so': libmthca-rdmav34.so: cannot open shared object file: No such file or directory
libibverbs: Warning: couldn't load driver 'libirdma-rdmav34.so': libirdma-rdmav34.so: cannot open shared object file: No such file or directory
libibverbs: Warning: couldn't load driver 'libcxgb4-rdmav34.so': libcxgb4-rdmav34.so: cannot open shared object file: No such file or directory
libibverbs: Warning: couldn't load driver 'libhfi1verbs-rdmav34.so': libhfi1verbs-rdmav34.so: cannot open shared object file: No such file or directory
libibverbs: Warning: couldn't load driver 'libcxgb4-rdmav34.so': libcxgb4-rdmav34.so: cannot open shared object file: No such file or directory
libibverbs: Warning: couldn't load driver 'libvmw_pvrdma-rdmav34.so': libvmw_pvrdma-rdmav34.so: cannot open shared object file: No such file or directory
libibverbs: Warning: couldn't load driver 'libvmw_pvrdma-rdmav34.so': libvmw_pvrdma-rdmav34.so: cannot open shared object file: No such file or directory
libibverbs: Warning: couldn't load driver 'libvmw_pvrdma-rdmav34.so': libvmw_pvrdma-rdmav34.so: cannot open shared object file: No such file or directory
libibverbs: Warning: couldn't load driver 'libvmw_pvrdma-rdmav34.so': libvmw_pvrdma-rdmav34.so: cannot open shared object file: No such file or directory
libibverbs: Warning: couldn't load driver 'libvmw_pvrdma-rdmav34.so': libvmw_pvrdma-rdmav34.so: cannot open shared object file: No such file or directory
libibverbs: Warning: couldn't load driver 'libvmw_pvrdma-rdmav34.so': libvmw_pvrdma-rdmav34.so: cannot open shared object file: No such file or directory
libibverbs: Warning: couldn't load driver 'libvmw_pvrdma-rdmav34.so': libvmw_pvrdma-rdmav34.so: cannot open shared object file: No such file or directory
libibverbs: Warning: couldn't load driver 'libvmw_pvrdma-rdmav34.so': libvmw_pvrdma-rdmav34.so: cannot open shared object file: No such file or directory
libibverbs: Warning: couldn't load driver 'libvmw_pvrdma-rdmav34.so': libvmw_pvrdma-rdmav34.so: cannot open shared object file: No such file or directory
libibverbs: Warning: couldn't load driver 'libcxgb4-rdmav34.so': libcxgb4-rdmav34.so: cannot open shared object file: No such file or directory
libibverbs: Warning: couldn't load driver 'libhfi1verbs-rdmav34.so': libhfi1verbs-rdmav34.so: cannot open shared object file: No such file or directory
libibverbs: Warning: couldn't load driver 'libmthca-rdmav34.so': libmthca-rdmav34.so: cannot open shared object file: No such file or directory
libibverbs: Warning: couldn't load driver 'libirdma-rdmav34.so': libirdma-rdmav34.so: cannot open shared object file: No such file or directory
libibverbs: Warning: couldn't load driver 'libvmw_pvrdma-rdmav34.so': libvmw_pvrdma-rdmav34.so: cannot open shared object file: No such file or directory
libibverbs: Warning: couldn't load driver 'libvmw_pvrdma-rdmav34.so': libvmw_pvrdma-rdmav34.so: cannot open shared object file: No such file or directory
libibverbs: Warning: couldn't load driver 'libvmw_pvrdma-rdmav34.so': libvmw_pvrdma-rdmav34.so: cannot open shared object file: No such file or directory
libibverbs: Warning: couldn't load driver 'libvmw_pvrdma-rdmav34.so': libvmw_pvrdma-rdmav34.so: cannot open shared object file: No such file or directory
libibverbs: Warning: couldn't load driver 'libvmw_pvrdma-rdmav34.so': libvmw_pvrdma-rdmav34.so: cannot open shared object file: No such file or directory
libibverbs: Warning: couldn't load driver 'libvmw_pvrdma-rdmav34.so': libvmw_pvrdma-rdmav34.so: cannot open shared object file: No such file or directory
libibverbs: Warning: couldn't load driver 'libvmw_pvrdma-rdmav34.so': libvmw_pvrdma-rdmav34.so: cannot open shared object file: No such file or directory
libibverbs: Warning: couldn't load driver 'libmthca-rdmav34.so': libmthca-rdmav34.so: cannot open shared object file: No such file or directory
libibverbs: Warning: couldn't load driver 'libirdma-rdmav34.so': libirdma-rdmav34.so: cannot open shared object file: No such file or directory
libibverbs: Warning: couldn't load driver 'libvmw_pvrdma-rdmav34.so': libvmw_pvrdma-rdmav34.so: cannot open shared object file: No such file or directory
libibverbs: Warning: couldn't load driver 'libvmw_pvrdma-rdmav34.so': libvmw_pvrdma-rdmav34.so: cannot open shared object file: No such file or directory
libibverbs: Warning: couldn't load driver 'libvmw_pvrdma-rdmav34.so': libvmw_pvrdma-rdmav34.so: cannot open shared object file: No such file or directory
libibverbs: Warning: couldn't load driver 'libhfi1verbs-rdmav34.so': libhfi1verbs-rdmav34.so: cannot open shared object file: No such file or directory
libibverbs: Warning: couldn't load driver 'libmthca-rdmav34.so': libmthca-rdmav34.so: cannot open shared object file: No such file or directory
libibverbs: Warning: couldn't load driver 'libirdma-rdmav34.so': libirdma-rdmav34.so: cannot open shared object file: No such file or directory
libibverbs: Warning: couldn't load driver 'libvmw_pvrdma-rdmav34.so': libvmw_pvrdma-rdmav34.so: cannot open shared object file: No such file or directory
libibverbs: Warning: couldn't load driver 'libcxgb4-rdmav34.so': libcxgb4-rdmav34.so: cannot open shared object file: No such file or directory
libibverbs: Warning: couldn't load driver 'librxe-rdmav34.so': librxe-rdmav34.so: cannot open shared object file: No such file or directory
libibverbs: Warning: couldn't load driver 'librxe-rdmav34.so': librxe-rdmav34.so: cannot open shared object file: No such file or directory
libibverbs: Warning: couldn't load driver 'librxe-rdmav34.so': librxe-rdmav34.so: cannot open shared object file: No such file or directory
libibverbs: Warning: couldn't load driver 'libhfi1verbs-rdmav34.so': libhfi1verbs-rdmav34.so: cannot open shared object file: No such file or directory
libibverbs: Warning: couldn't load driver 'librxe-rdmav34.so': librxe-rdmav34.so: cannot open shared object file: No such file or directory
libibverbs: Warning: couldn't load driver 'librxe-rdmav34.so': librxe-rdmav34.so: cannot open shared object file: No such file or directory
libibverbs: Warning: couldn't load driver 'librxe-rdmav34.so': librxe-rdmav34.so: cannot open shared object file: No such file or directory
libibverbs: Warning: couldn't load driver 'librxe-rdmav34.so': librxe-rdmav34.so: cannot open shared object file: No such file or directory
libibverbs: Warning: couldn't load driver 'librxe-rdmav34.so': librxe-rdmav34.so: cannot open shared object file: No such file or directory
libibverbs: Warning: couldn't load driver 'librxe-rdmav34.so': librxe-rdmav34.so: cannot open shared object file: No such file or directory
libibverbs: Warning: couldn't load driver 'librxe-rdmav34.so': librxe-rdmav34.so: cannot open shared object file: No such file or directory
libibverbs: Warning: couldn't load driver 'librxe-rdmav34.so': librxe-rdmav34.so: cannot open shared object file: No such file or directory
libibverbs: Warning: couldn't load driver 'librxe-rdmav34.so': librxe-rdmav34.so: cannot open shared object file: No such file or directory
libibverbs: Warning: couldn't load driver 'librxe-rdmav34.so': librxe-rdmav34.so: cannot open shared object file: No such file or directory
libibverbs: Warning: couldn't load driver 'librxe-rdmav34.so': librxe-rdmav34.so: cannot open shared object file: No such file or directory
libibverbs: Warning: couldn't load driver 'librxe-rdmav34.so': librxe-rdmav34.so: cannot open shared object file: No such file or directory
libibverbs: Warning: couldn't load driver 'librxe-rdmav34.so': librxe-rdmav34.so: cannot open shared object file: No such file or directory
libibverbs: Warning: couldn't load driver 'librxe-rdmav34.so': librxe-rdmav34.so: cannot open shared object file: No such file or directory
libibverbs: Warning: couldn't load driver 'librxe-rdmav34.so': librxe-rdmav34.so: cannot open shared object file: No such file or directory
libibverbs: Warning: couldn't load driver 'librxe-rdmav34.so': librxe-rdmav34.so: cannot open shared object file: No such file or directory
libibverbs: Warning: couldn't load driver 'liberdma-rdmav34.so': liberdma-rdmav34.so: cannot open shared object file: No such file or directory
libibverbs: Warning: couldn't load driver 'librxe-rdmav34.so': librxe-rdmav34.so: cannot open shared object file: No such file or directory
libibverbs: Warning: couldn't load driver 'liberdma-rdmav34.so': liberdma-rdmav34.so: cannot open shared object file: No such file or directory
libibverbs: Warning: couldn't load driver 'liberdma-rdmav34.so': liberdma-rdmav34.so: cannot open shared object file: No such file or directory
libibverbs: Warning: couldn't load driver 'libmthca-rdmav34.so': libmthca-rdmav34.so: cannot open shared object file: No such file or directory
libibverbs: Warning: couldn't load driver 'libirdma-rdmav34.so': libirdma-rdmav34.so: cannot open shared object file: No such file or directory
libibverbs: Warning: couldn't load driver 'libvmw_pvrdma-rdmav34.so': libvmw_pvrdma-rdmav34.so: cannot open shared object file: No such file or directory
libibverbs: Warning: couldn't load driver 'librxe-rdmav34.so': librxe-rdmav34.so: cannot open shared object file: No such file or directory
libibverbs: Warning: couldn't load driver 'liberdma-rdmav34.so': liberdma-rdmav34.so: cannot open shared object file: No such file or directory
libibverbs: Warning: couldn't load driver 'liberdma-rdmav34.so': liberdma-rdmav34.so: cannot open shared object file: No such file or directory
libibverbs: Warning: couldn't load driver 'liberdma-rdmav34.so': liberdma-rdmav34.so: cannot open shared object file: No such file or directory
libibverbs: Warning: couldn't load driver 'liberdma-rdmav34.so': liberdma-rdmav34.so: cannot open shared object file: No such file or directory
libibverbs: Warning: couldn't load driver 'liberdma-rdmav34.so': liberdma-rdmav34.so: cannot open shared object file: No such file or directory
libibverbs: Warning: couldn't load driver 'liberdma-rdmav34.so': liberdma-rdmav34.so: cannot open shared object file: No such file or directory
libibverbs: Warning: couldn't load driver 'liberdma-rdmav34.so': liberdma-rdmav34.so: cannot open shared object file: No such file or directory
libibverbs: Warning: couldn't load driver 'liberdma-rdmav34.so': liberdma-rdmav34.so: cannot open shared object file: No such file or directory
libibverbs: Warning: couldn't load driver 'liberdma-rdmav34.so': liberdma-rdmav34.so: cannot open shared object file: No such file or directory
libibverbs: Warning: couldn't load driver 'liberdma-rdmav34.so': liberdma-rdmav34.so: cannot open shared object file: No such file or directory
libibverbs: Warning: couldn't load driver 'liberdma-rdmav34.so': liberdma-rdmav34.so: cannot open shared object file: No such file or directory
libibverbs: Warning: couldn't load driver 'liberdma-rdmav34.so': liberdma-rdmav34.so: cannot open shared object file: No such file or directory
libibverbs: Warning: couldn't load driver 'liberdma-rdmav34.so': liberdma-rdmav34.so: cannot open shared object file: No such file or directory
libibverbs: Warning: couldn't load driver 'liberdma-rdmav34.so': liberdma-rdmav34.so: cannot open shared object file: No such file or directory
libibverbs: Warning: couldn't load driver 'liberdma-rdmav34.so': liberdma-rdmav34.so: cannot open shared object file: No such file or directory
libibverbs: Warning: couldn't load driver 'libipathverbs-rdmav34.so': libipathverbs-rdmav34.so: cannot open shared object file: No such file or directory
libibverbs: Warning: couldn't load driver 'liberdma-rdmav34.so': liberdma-rdmav34.so: cannot open shared object file: No such file or directory
libibverbs: Warning: couldn't load driver 'libipathverbs-rdmav34.so': libipathverbs-rdmav34.so: cannot open shared object file: No such file or directory
libibverbs: Warning: couldn't load driver 'liberdma-rdmav34.so': liberdma-rdmav34.so: cannot open shared object file: No such file or directory
libibverbs: Warning: couldn't load driver 'libipathverbs-rdmav34.so': libipathverbs-rdmav34.so: cannot open shared object file: No such file or directory
libibverbs: Warning: couldn't load driver 'liberdma-rdmav34.so': liberdma-rdmav34.so: cannot open shared object file: No such file or directory
libibverbs: Warning: couldn't load driver 'libipathverbs-rdmav34.so': libipathverbs-rdmav34.so: cannot open shared object file: No such file or directory
libibverbs: Warning: couldn't load driver 'libipathverbs-rdmav34.so': libipathverbs-rdmav34.so: cannot open shared object file: No such file or directory
libibverbs: Warning: couldn't load driver 'libipathverbs-rdmav34.so': libipathverbs-rdmav34.so: cannot open shared object file: No such file or directory
libibverbs: Warning: couldn't load driver 'libipathverbs-rdmav34.so': libipathverbs-rdmav34.so: cannot open shared object file: No such file or directory
libibverbs: Warning: couldn't load driver 'libipathverbs-rdmav34.so': libipathverbs-rdmav34.so: cannot open shared object file: No such file or directory
libibverbs: Warning: couldn't load driver 'libipathverbs-rdmav34.so': libipathverbs-rdmav34.so: cannot open shared object file: No such file or directory
libibverbs: Warning: couldn't load driver 'libipathverbs-rdmav34.so': libipathverbs-rdmav34.so: cannot open shared object file: No such file or directory
libibverbs: Warning: couldn't load driver 'libipathverbs-rdmav34.so': libipathverbs-rdmav34.so: cannot open shared object file: No such file or directory
libibverbs: Warning: couldn't load driver 'libipathverbs-rdmav34.so': libipathverbs-rdmav34.so: cannot open shared object file: No such file or directory
libibverbs: Warning: couldn't load driver 'libipathverbs-rdmav34.so': libipathverbs-rdmav34.so: cannot open shared object file: No such file or directory
libibverbs: Warning: couldn't load driver 'libipathverbs-rdmav34.so': libipathverbs-rdmav34.so: cannot open shared object file: No such file or directory
libibverbs: Warning: couldn't load driver 'libipathverbs-rdmav34.so': libipathverbs-rdmav34.so: cannot open shared object file: No such file or directory
libibverbs: Warning: couldn't load driver 'libipathverbs-rdmav34.so': libipathverbs-rdmav34.so: cannot open shared object file: No such file or directory
libibverbs: Warning: couldn't load driver 'libipathverbs-rdmav34.so': libipathverbs-rdmav34.so: cannot open shared object file: No such file or directory
libibverbs: Warning: couldn't load driver 'libipathverbs-rdmav34.so': libipathverbs-rdmav34.so: cannot open shared object file: No such file or directory
libibverbs: Warning: couldn't load driver 'libipathverbs-rdmav34.so': libipathverbs-rdmav34.so: cannot open shared object file: No such file or directory
libibverbs: Warning: couldn't load driver 'libipathverbs-rdmav34.so': libipathverbs-rdmav34.so: cannot open shared object file: No such file or directory
libibverbs: Warning: couldn't load driver 'libipathverbs-rdmav34.so': libipathverbs-rdmav34.so: cannot open shared object file: No such file or directory
libibverbs: Warning: couldn't load driver 'libcxgb4-rdmav34.so': libcxgb4-rdmav34.so: cannot open shared object file: No such file or directory
libibverbs: Warning: couldn't load driver 'libhfi1verbs-rdmav34.so': libhfi1verbs-rdmav34.so: cannot open shared object file: No such file or directory
libibverbs: Warning: couldn't load driver 'libmthca-rdmav34.so': libmthca-rdmav34.so: cannot open shared object file: No such file or directory
libibverbs: Warning: couldn't load driver 'libirdma-rdmav34.so': libirdma-rdmav34.so: cannot open shared object file: No such file or directory
libibverbs: Warning: couldn't load driver 'libcxgb4-rdmav34.so': libcxgb4-rdmav34.so: cannot open shared object file: No such file or directory
libibverbs: Warning: couldn't load driver 'libvmw_pvrdma-rdmav34.so': libvmw_pvrdma-rdmav34.so: cannot open shared object file: No such file or directory
libibverbs: Warning: couldn't load driver 'libhfi1verbs-rdmav34.so': libhfi1verbs-rdmav34.so: cannot open shared object file: No such file or directory
libibverbs: Warning: couldn't load driver 'librxe-rdmav34.so': librxe-rdmav34.so: cannot open shared object file: No such file or directory
libibverbs: Warning: couldn't load driver 'libmthca-rdmav34.so': libmthca-rdmav34.so: cannot open shared object file: No such file or directory
libibverbs: Warning: couldn't load driver 'liberdma-rdmav34.so': liberdma-rdmav34.so: cannot open shared object file: No such file or directory
libibverbs: Warning: couldn't load driver 'libirdma-rdmav34.so': libirdma-rdmav34.so: cannot open shared object file: No such file or directory
libibverbs: Warning: couldn't load driver 'libipathverbs-rdmav34.so': libipathverbs-rdmav34.so: cannot open shared object file: No such file or directory
libibverbs: Warning: couldn't load driver 'libvmw_pvrdma-rdmav34.so': libvmw_pvrdma-rdmav34.so: cannot open shared object file: No such file or directory
libibverbs: Warning: couldn't load driver 'librxe-rdmav34.so': librxe-rdmav34.so: cannot open shared object file: No such file or directory
libibverbs: Warning: couldn't load driver 'liberdma-rdmav34.so': liberdma-rdmav34.so: cannot open shared object file: No such file or directory
libibverbs: Warning: couldn't load driver 'libipathverbs-rdmav34.so': libipathverbs-rdmav34.so: cannot open shared object file: No such file or directory
libibverbs: Warning: couldn't load driver 'libcxgb4-rdmav34.so': libcxgb4-rdmav34.so: cannot open shared object file: No such file or directory
libibverbs: Warning: couldn't load driver 'libhfi1verbs-rdmav34.so': libhfi1verbs-rdmav34.so: cannot open shared object file: No such file or directory
libibverbs: Warning: couldn't load driver 'libmthca-rdmav34.so': libmthca-rdmav34.so: cannot open shared object file: No such file or directory
libibverbs: Warning: couldn't load driver 'libcxgb4-rdmav34.so': libcxgb4-rdmav34.so: cannot open shared object file: No such file or directory
libibverbs: Warning: couldn't load driver 'libirdma-rdmav34.so': libirdma-rdmav34.so: cannot open shared object file: No such file or directory
libibverbs: Warning: couldn't load driver 'libmana-rdmav34.so': libmana-rdmav34.so: cannot open shared object file: No such file or directory
libibverbs: Warning: couldn't load driver 'libmana-rdmav34.so': libmana-rdmav34.so: cannot open shared object file: No such file or directory
libibverbs: Warning: couldn't load driver 'libmana-rdmav34.so': libmana-rdmav34.so: cannot open shared object file: No such file or directory
libibverbs: Warning: couldn't load driver 'libmana-rdmav34.so': libmana-rdmav34.so: cannot open shared object file: No such file or directory
libibverbs: Warning: couldn't load driver 'libmana-rdmav34.so': libmana-rdmav34.so: cannot open shared object file: No such file or directory
libibverbs: Warning: couldn't load driver 'libmana-rdmav34.so': libmana-rdmav34.so: cannot open shared object file: No such file or directory
libibverbs: Warning: couldn't load driver 'libhfi1verbs-rdmav34.so': libhfi1verbs-rdmav34.so: cannot open shared object file: No such file or directory
libibverbs: Warning: couldn't load driver 'libmthca-rdmav34.so': libmthca-rdmav34.so: cannot open shared object file: No such file or directory
libibverbs: Warning: couldn't load driver 'libirdma-rdmav34.so': libirdma-rdmav34.so: cannot open shared object file: No such file or directory
libibverbs: Warning: couldn't load driver 'libmana-rdmav34.so': libmana-rdmav34.so: cannot open shared object file: No such file or directory
libibverbs: Warning: couldn't load driver 'libmana-rdmav34.so': libmana-rdmav34.so: cannot open shared object file: No such file or directory
libibverbs: Warning: couldn't load driver 'libmana-rdmav34.so': libmana-rdmav34.so: cannot open shared object file: No such file or directory
libibverbs: Warning: couldn't load driver 'libvmw_pvrdma-rdmav34.so': libvmw_pvrdma-rdmav34.so: cannot open shared object file: No such file or directory
libibverbs: Warning: couldn't load driver 'librxe-rdmav34.so': librxe-rdmav34.so: cannot open shared object file: No such file or directory
libibverbs: Warning: couldn't load driver 'liberdma-rdmav34.so': liberdma-rdmav34.so: cannot open shared object file: No such file or directory
libibverbs: Warning: couldn't load driver 'libmana-rdmav34.so': libmana-rdmav34.so: cannot open shared object file: No such file or directory
libibverbs: Warning: couldn't load driver 'libmana-rdmav34.so': libmana-rdmav34.so: cannot open shared object file: No such file or directory
libibverbs: Warning: couldn't load driver 'libmana-rdmav34.so': libmana-rdmav34.so: cannot open shared object file: No such file or directory
libibverbs: Warning: couldn't load driver 'libmana-rdmav34.so': libmana-rdmav34.so: cannot open shared object file: No such file or directory
libibverbs: Warning: couldn't load driver 'libmana-rdmav34.so': libmana-rdmav34.so: cannot open shared object file: No such file or directory
libibverbs: Warning: couldn't load driver 'libmana-rdmav34.so': libmana-rdmav34.so: cannot open shared object file: No such file or directory
libibverbs: Warning: couldn't load driver 'libmana-rdmav34.so': libmana-rdmav34.so: cannot open shared object file: No such file or directory
libibverbs: Warning: couldn't load driver 'libmana-rdmav34.so': libmana-rdmav34.so: cannot open shared object file: No such file or directory
libibverbs: Warning: couldn't load driver 'libhns-rdmav34.so': libhns-rdmav34.so: cannot open shared object file: No such file or directory
libibverbs: Warning: couldn't load driver 'libmana-rdmav34.so': libmana-rdmav34.so: cannot open shared object file: No such file or directory
libibverbs: Warning: couldn't load driver 'libmana-rdmav34.so': libmana-rdmav34.so: cannot open shared object file: No such file or directory
libibverbs: Warning: couldn't load driver 'libmana-rdmav34.so': libmana-rdmav34.so: cannot open shared object file: No such file or directory
libibverbs: Warning: couldn't load driver 'libmana-rdmav34.so': libmana-rdmav34.so: cannot open shared object file: No such file or directory
libibverbs: Warning: couldn't load driver 'libhns-rdmav34.so': libhns-rdmav34.so: cannot open shared object file: No such file or directory
libibverbs: Warning: couldn't load driver 'libcxgb4-rdmav34.so': libcxgb4-rdmav34.so: cannot open shared object file: No such file or directory
libibverbs: Warning: couldn't load driver 'libhfi1verbs-rdmav34.so': libhfi1verbs-rdmav34.so: cannot open shared object file: No such file or directory
libibverbs: Warning: couldn't load driver 'libmthca-rdmav34.so': libmthca-rdmav34.so: cannot open shared object file: No such file or directory
libibverbs: Warning: couldn't load driver 'libirdma-rdmav34.so': libirdma-rdmav34.so: cannot open shared object file: No such file or directory
libibverbs: Warning: couldn't load driver 'libmana-rdmav34.so': libmana-rdmav34.so: cannot open shared object file: No such file or directory
libibverbs: Warning: couldn't load driver 'libhns-rdmav34.so': libhns-rdmav34.so: cannot open shared object file: No such file or directory
libibverbs: Warning: couldn't load driver 'libcxgb4-rdmav34.so': libcxgb4-rdmav34.so: cannot open shared object file: No such file or directory
libibverbs: Warning: couldn't load driver 'libhfi1verbs-rdmav34.so': libhfi1verbs-rdmav34.so: cannot open shared object file: No such file or directory
libibverbs: Warning: couldn't load driver 'libmthca-rdmav34.so': libmthca-rdmav34.so: cannot open shared object file: No such file or directory
libibverbs: Warning: couldn't load driver 'libirdma-rdmav34.so': libirdma-rdmav34.so: cannot open shared object file: No such file or directory
libibverbs: Warning: couldn't load driver 'libvmw_pvrdma-rdmav34.so': libvmw_pvrdma-rdmav34.so: cannot open shared object file: No such file or directory
libibverbs: Warning: couldn't load driver 'librxe-rdmav34.so': librxe-rdmav34.so: cannot open shared object file: No such file or directory
libibverbs: Warning: couldn't load driver 'libmana-rdmav34.so': libmana-rdmav34.so: cannot open shared object file: No such file or directory
libibverbs: Warning: couldn't load driver 'libhns-rdmav34.so': libhns-rdmav34.so: cannot open shared object file: No such file or directory
libibverbs: Warning: couldn't load driver 'libcxgb4-rdmav34.so': libcxgb4-rdmav34.so: cannot open shared object file: No such file or directory
libibverbs: Warning: couldn't load driver 'libhfi1verbs-rdmav34.so': libhfi1verbs-rdmav34.so: cannot open shared object file: No such file or directory
libibverbs: Warning: couldn't load driver 'libmthca-rdmav34.so': libmthca-rdmav34.so: cannot open shared object file: No such file or directory
libibverbs: Warning: couldn't load driver 'libirdma-rdmav34.so': libirdma-rdmav34.so: cannot open shared object file: No such file or directory
libibverbs: Warning: couldn't load driver 'libvmw_pvrdma-rdmav34.so': libvmw_pvrdma-rdmav34.so: cannot open shared object file: No such file or directory
libibverbs: Warning: couldn't load driver 'librxe-rdmav34.so': librxe-rdmav34.so: cannot open shared object file: No such file or directory
libibverbs: Warning: couldn't load driver 'libhns-rdmav34.so': libhns-rdmav34.so: cannot open shared object file: No such file or directory
libibverbs: Warning: couldn't load driver 'libhns-rdmav34.so': libhns-rdmav34.so: cannot open shared object file: No such file or directory
libibverbs: Warning: couldn't load driver 'libhns-rdmav34.so': libhns-rdmav34.so: cannot open shared object file: No such file or directory
libibverbs: Warning: couldn't load driver 'libipathverbs-rdmav34.so': libipathverbs-rdmav34.so: cannot open shared object file: No such file or directory
libibverbs: Warning: couldn't load driver 'libhns-rdmav34.so': libhns-rdmav34.so: cannot open shared object file: No such file or directory
libibverbs: Warning: couldn't load driver 'libhns-rdmav34.so': libhns-rdmav34.so: cannot open shared object file: No such file or directory
libibverbs: Warning: couldn't load driver 'libhns-rdmav34.so': libhns-rdmav34.so: cannot open shared object file: No such file or directory
libibverbs: Warning: couldn't load driver 'libhns-rdmav34.so': libhns-rdmav34.so: cannot open shared object file: No such file or directory
libibverbs: Warning: couldn't load driver 'libhns-rdmav34.so': libhns-rdmav34.so: cannot open shared object file: No such file or directory
libibverbs: Warning: couldn't load driver 'libhns-rdmav34.so': libhns-rdmav34.so: cannot open shared object file: No such file or directory
libibverbs: Warning: couldn't load driver 'libhns-rdmav34.so': libhns-rdmav34.so: cannot open shared object file: No such file or directory
libibverbs: Warning: couldn't load driver 'libhns-rdmav34.so': libhns-rdmav34.so: cannot open shared object file: No such file or directory
libibverbs: Warning: couldn't load driver 'libsiw-rdmav34.so': libsiw-rdmav34.so: cannot open shared object file: No such file or directory
libibverbs: Warning: couldn't load driver 'libhns-rdmav34.so': libhns-rdmav34.so: cannot open shared object file: No such file or directory
libibverbs: Warning: couldn't load driver 'libsiw-rdmav34.so': libsiw-rdmav34.so: cannot open shared object file: No such file or directory
libibverbs: Warning: couldn't load driver 'libhns-rdmav34.so': libhns-rdmav34.so: cannot open shared object file: No such file or directory
libibverbs: Warning: couldn't load driver 'libhns-rdmav34.so': libhns-rdmav34.so: cannot open shared object file: No such file or directory
libibverbs: Warning: couldn't load driver 'libsiw-rdmav34.so': libsiw-rdmav34.so: cannot open shared object file: No such file or directory
libibverbs: Warning: couldn't load driver 'libhns-rdmav34.so': libhns-rdmav34.so: cannot open shared object file: No such file or directory
libibverbs: Warning: couldn't load driver 'libsiw-rdmav34.so': libsiw-rdmav34.so: cannot open shared object file: No such file or directory
libibverbs: Warning: couldn't load driver 'libhns-rdmav34.so': libhns-rdmav34.so: cannot open shared object file: No such file or directory
libibverbs: Warning: couldn't load driver 'libsiw-rdmav34.so': libsiw-rdmav34.so: cannot open shared object file: No such file or directory
libibverbs: Warning: couldn't load driver 'libhns-rdmav34.so': libhns-rdmav34.so: cannot open shared object file: No such file or directory
libibverbs: Warning: couldn't load driver 'libsiw-rdmav34.so': libsiw-rdmav34.so: cannot open shared object file: No such file or directory
libibverbs: Warning: couldn't load driver 'libhns-rdmav34.so': libhns-rdmav34.so: cannot open shared object file: No such file or directory
libibverbs: Warning: couldn't load driver 'libsiw-rdmav34.so': libsiw-rdmav34.so: cannot open shared object file: No such file or directory
libibverbs: Warning: couldn't load driver 'libhns-rdmav34.so': libhns-rdmav34.so: cannot open shared object file: No such file or directory
libibverbs: Warning: couldn't load driver 'libsiw-rdmav34.so': libsiw-rdmav34.so: cannot open shared object file: No such file or directory
libibverbs: Warning: couldn't load driver 'libcxgb4-rdmav34.so': libcxgb4-rdmav34.so: cannot open shared object file: No such file or directory
libibverbs: Warning: couldn't load driver 'libhfi1verbs-rdmav34.so': libhfi1verbs-rdmav34.so: cannot open shared object file: No such file or directory
libibverbs: Warning: couldn't load driver 'libmthca-rdmav34.so': libmthca-rdmav34.so: cannot open shared object file: No such file or directory
libibverbs: Warning: couldn't load driver 'libirdma-rdmav34.so': libirdma-rdmav34.so: cannot open shared object file: No such file or directory
libibverbs: Warning: couldn't load driver 'libvmw_pvrdma-rdmav34.so': libvmw_pvrdma-rdmav34.so: cannot open shared object file: No such file or directory
libibverbs: Warning: couldn't load driver 'librxe-rdmav34.so': librxe-rdmav34.so: cannot open shared object file: No such file or directory
libibverbs: Warning: couldn't load driver 'libvmw_pvrdma-rdmav34.so': libvmw_pvrdma-rdmav34.so: cannot open shared object file: No such file or directory
libibverbs: Warning: couldn't load driver 'librxe-rdmav34.so': librxe-rdmav34.so: cannot open shared object file: No such file or directory
libibverbs: Warning: couldn't load driver 'liberdma-rdmav34.so': liberdma-rdmav34.so: cannot open shared object file: No such file or directory
libibverbs: Warning: couldn't load driver 'libipathverbs-rdmav34.so': libipathverbs-rdmav34.so: cannot open shared object file: No such file or directory
libibverbs: Warning: couldn't load driver 'libmana-rdmav34.so': libmana-rdmav34.so: cannot open shared object file: No such file or directory
libibverbs: Warning: couldn't load driver 'libvmw_pvrdma-rdmav34.so': libvmw_pvrdma-rdmav34.so: cannot open shared object file: No such file or directory
libibverbs: Warning: couldn't load driver 'librxe-rdmav34.so': librxe-rdmav34.so: cannot open shared object file: No such file or directory
libibverbs: Warning: couldn't load driver 'liberdma-rdmav34.so': liberdma-rdmav34.so: cannot open shared object file: No such file or directory
libibverbs: Warning: couldn't load driver 'libipathverbs-rdmav34.so': libipathverbs-rdmav34.so: cannot open shared object file: No such file or directory
libibverbs: Warning: couldn't load driver 'libcxgb4-rdmav34.so': libcxgb4-rdmav34.so: cannot open shared object file: No such file or directory
libibverbs: Warning: couldn't load driver 'libhfi1verbs-rdmav34.so': libhfi1verbs-rdmav34.so: cannot open shared object file: No such file or directory
libibverbs: Warning: couldn't load driver 'libmthca-rdmav34.so': libmthca-rdmav34.so: cannot open shared object file: No such file or directory
libibverbs: Warning: couldn't load driver 'libirdma-rdmav34.so': libirdma-rdmav34.so: cannot open shared object file: No such file or directory
libibverbs: Warning: couldn't load driver 'libvmw_pvrdma-rdmav34.so': libvmw_pvrdma-rdmav34.so: cannot open shared object file: No such file or directory
libibverbs: Warning: couldn't load driver 'librxe-rdmav34.so': librxe-rdmav34.so: cannot open shared object file: No such file or directory
libibverbs: Warning: couldn't load driver 'liberdma-rdmav34.so': liberdma-rdmav34.so: cannot open shared object file: No such file or directory
libibverbs: Warning: couldn't load driver 'libcxgb4-rdmav34.so': libcxgb4-rdmav34.so: cannot open shared object file: No such file or directory
libibverbs: Warning: couldn't load driver 'libhfi1verbs-rdmav34.so': libhfi1verbs-rdmav34.so: cannot open shared object file: No such file or directory
libibverbs: Warning: couldn't load driver 'libmthca-rdmav34.so': libmthca-rdmav34.so: cannot open shared object file: No such file or directory
libibverbs: Warning: couldn't load driver 'libirdma-rdmav34.so': libirdma-rdmav34.so: cannot open shared object file: No such file or directory
libibverbs: Warning: couldn't load driver 'libvmw_pvrdma-rdmav34.so': libvmw_pvrdma-rdmav34.so: cannot open shared object file: No such file or directory
libibverbs: Warning: couldn't load driver 'librxe-rdmav34.so': librxe-rdmav34.so: cannot open shared object file: No such file or directory
libibverbs: Warning: couldn't load driver 'liberdma-rdmav34.so': liberdma-rdmav34.so: cannot open shared object file: No such file or directory
libibverbs: Warning: couldn't load driver 'libcxgb4-rdmav34.so': libcxgb4-rdmav34.so: cannot open shared object file: No such file or directory
libibverbs: Warning: couldn't load driver 'libhfi1verbs-rdmav34.so': libhfi1verbs-rdmav34.so: cannot open shared object file: No such file or directory
libibverbs: Warning: couldn't load driver 'libmthca-rdmav34.so': libmthca-rdmav34.so: cannot open shared object file: No such file or directory
libibverbs: Warning: couldn't load driver 'libirdma-rdmav34.so': libirdma-rdmav34.so: cannot open shared object file: No such file or directory
libibverbs: Warning: couldn't load driver 'libvmw_pvrdma-rdmav34.so': libvmw_pvrdma-rdmav34.so: cannot open shared object file: No such file or directory
libibverbs: Warning: couldn't load driver 'librxe-rdmav34.so': librxe-rdmav34.so: cannot open shared object file: No such file or directory
libibverbs: Warning: couldn't load driver 'liberdma-rdmav34.so': liberdma-rdmav34.so: cannot open shared object file: No such file or directory
libibverbs: Warning: couldn't load driver 'libipathverbs-rdmav34.so': libipathverbs-rdmav34.so: cannot open shared object file: No such file or directory
libibverbs: Warning: couldn't load driver 'liberdma-rdmav34.so': liberdma-rdmav34.so: cannot open shared object file: No such file or directory
libibverbs: Warning: couldn't load driver 'libipathverbs-rdmav34.so': libipathverbs-rdmav34.so: cannot open shared object file: No such file or directory
libibverbs: Warning: couldn't load driver 'libmana-rdmav34.so': libmana-rdmav34.so: cannot open shared object file: No such file or directory
libibverbs: Warning: couldn't load driver 'libhns-rdmav34.so': libhns-rdmav34.so: cannot open shared object file: No such file or directory
libibverbs: Warning: couldn't load driver 'libcxgb4-rdmav34.so': libcxgb4-rdmav34.so: cannot open shared object file: No such file or directory
libibverbs: Warning: couldn't load driver 'libhfi1verbs-rdmav34.so': libhfi1verbs-rdmav34.so: cannot open shared object file: No such file or directory
libibverbs: Warning: couldn't load driver 'libmthca-rdmav34.so': libmthca-rdmav34.so: cannot open shared object file: No such file or directory
libibverbs: Warning: couldn't load driver 'libirdma-rdmav34.so': libirdma-rdmav34.so: cannot open shared object file: No such file or directory
libibverbs: Warning: couldn't load driver 'libvmw_pvrdma-rdmav34.so': libvmw_pvrdma-rdmav34.so: cannot open shared object file: No such file or directory
libibverbs: Warning: couldn't load driver 'librxe-rdmav34.so': librxe-rdmav34.so: cannot open shared object file: No such file or directory
libibverbs: Warning: couldn't load driver 'liberdma-rdmav34.so': liberdma-rdmav34.so: cannot open shared object file: No such file or directory
libibverbs: Warning: couldn't load driver 'libcxgb4-rdmav34.so': libcxgb4-rdmav34.so: cannot open shared object file: No such file or directory
libibverbs: Warning: couldn't load driver 'libhfi1verbs-rdmav34.so': libhfi1verbs-rdmav34.so: cannot open shared object file: No such file or directory
libibverbs: Warning: couldn't load driver 'libmthca-rdmav34.so': libmthca-rdmav34.so: cannot open shared object file: No such file or directory
libibverbs: Warning: couldn't load driver 'libirdma-rdmav34.so': libirdma-rdmav34.so: cannot open shared object file: No such file or directory
libibverbs: Warning: couldn't load driver 'libvmw_pvrdma-rdmav34.so': libvmw_pvrdma-rdmav34.so: cannot open shared object file: No such file or directory
libibverbs: Warning: couldn't load driver 'librxe-rdmav34.so': librxe-rdmav34.so: cannot open shared object file: No such file or directory
libibverbs: Warning: couldn't load driver 'libcxgb4-rdmav34.so': libcxgb4-rdmav34.so: cannot open shared object file: No such file or directory
libibverbs: Warning: couldn't load driver 'libhfi1verbs-rdmav34.so': libhfi1verbs-rdmav34.so: cannot open shared object file: No such file or directory
libibverbs: Warning: couldn't load driver 'libmthca-rdmav34.so': libmthca-rdmav34.so: cannot open shared object file: No such file or directory
libibverbs: Warning: couldn't load driver 'libirdma-rdmav34.so': libirdma-rdmav34.so: cannot open shared object file: No such file or directory
libibverbs: Warning: couldn't load driver 'libvmw_pvrdma-rdmav34.so': libvmw_pvrdma-rdmav34.so: cannot open shared object file: No such file or directory
libibverbs: Warning: couldn't load driver 'librxe-rdmav34.so': librxe-rdmav34.so: cannot open shared object file: No such file or directory
libibverbs: Warning: couldn't load driver 'liberdma-rdmav34.so': liberdma-rdmav34.so: cannot open shared object file: No such file or directory
libibverbs: Warning: couldn't load driver 'libcxgb4-rdmav34.so': libcxgb4-rdmav34.so: cannot open shared object file: No such file or directory
libibverbs: Warning: couldn't load driver 'libhfi1verbs-rdmav34.so': libhfi1verbs-rdmav34.so: cannot open shared object file: No such file or directory
libibverbs: Warning: couldn't load driver 'libmthca-rdmav34.so': libmthca-rdmav34.so: cannot open shared object file: No such file or directory
libibverbs: Warning: couldn't load driver 'libirdma-rdmav34.so': libirdma-rdmav34.so: cannot open shared object file: No such file or directory
libibverbs: Warning: couldn't load driver 'libvmw_pvrdma-rdmav34.so': libvmw_pvrdma-rdmav34.so: cannot open shared object file: No such file or directory
libibverbs: Warning: couldn't load driver 'librxe-rdmav34.so': librxe-rdmav34.so: cannot open shared object file: No such file or directory
libibverbs: Warning: couldn't load driver 'liberdma-rdmav34.so': liberdma-rdmav34.so: cannot open shared object file: No such file or directory
libibverbs: Warning: couldn't load driver 'libsiw-rdmav34.so': libsiw-rdmav34.so: cannot open shared object file: No such file or directory
libibverbs: Warning: couldn't load driver 'libsiw-rdmav34.so': libsiw-rdmav34.so: cannot open shared object file: No such file or directory
libibverbs: Warning: couldn't load driver 'libsiw-rdmav34.so': libsiw-rdmav34.so: cannot open shared object file: No such file or directory
libibverbs: Warning: couldn't load driver 'libmana-rdmav34.so': libmana-rdmav34.so: cannot open shared object file: No such file or directory
libibverbs: Warning: couldn't load driver 'libhns-rdmav34.so': libhns-rdmav34.so: cannot open shared object file: No such file or directory
libibverbs: Warning: couldn't load driver 'libsiw-rdmav34.so': libsiw-rdmav34.so: cannot open shared object file: No such file or directory
libibverbs: Warning: couldn't load driver 'libsiw-rdmav34.so': libsiw-rdmav34.so: cannot open shared object file: No such file or directory
libibverbs: Warning: couldn't load driver 'libsiw-rdmav34.so': libsiw-rdmav34.so: cannot open shared object file: No such file or directory
libibverbs: Warning: couldn't load driver 'libsiw-rdmav34.so': libsiw-rdmav34.so: cannot open shared object file: No such file or directory
libibverbs: Warning: couldn't load driver 'libsiw-rdmav34.so': libsiw-rdmav34.so: cannot open shared object file: No such file or directory
libibverbs: Warning: couldn't load driver 'libsiw-rdmav34.so': libsiw-rdmav34.so: cannot open shared object file: No such file or directory
libibverbs: Warning: couldn't load driver 'libsiw-rdmav34.so': libsiw-rdmav34.so: cannot open shared object file: No such file or directory
libibverbs: Warning: couldn't load driver 'libsiw-rdmav34.so': libsiw-rdmav34.so: cannot open shared object file: No such file or directory
libibverbs: Warning: couldn't load driver 'libsiw-rdmav34.so': libsiw-rdmav34.so: cannot open shared object file: No such file or directory
libibverbs: Warning: couldn't load driver 'libsiw-rdmav34.so': libsiw-rdmav34.so: cannot open shared object file: No such file or directory
libibverbs: Warning: couldn't load driver 'libsiw-rdmav34.so': libsiw-rdmav34.so: cannot open shared object file: No such file or directory
libibverbs: Warning: couldn't load driver 'libmlx4-rdmav34.so': libmlx4-rdmav34.so: cannot open shared object file: No such file or directory
libibverbs: Warning: couldn't load driver 'libcxgb4-rdmav34.so': libcxgb4-rdmav34.so: cannot open shared object file: No such file or directory
libibverbs: Warning: couldn't load driver 'libhfi1verbs-rdmav34.so': libhfi1verbs-rdmav34.so: cannot open shared object file: No such file or directory
libibverbs: Warning: couldn't load driver 'libmthca-rdmav34.so': libmthca-rdmav34.so: cannot open shared object file: No such file or directory
libibverbs: Warning: couldn't load driver 'libirdma-rdmav34.so': libirdma-rdmav34.so: cannot open shared object file: No such file or directory
libibverbs: Warning: couldn't load driver 'liberdma-rdmav34.so': liberdma-rdmav34.so: cannot open shared object file: No such file or directory
libibverbs: Warning: couldn't load driver 'libipathverbs-rdmav34.so': libipathverbs-rdmav34.so: cannot open shared object file: No such file or directory
libibverbs: Warning: couldn't load driver 'libcxgb4-rdmav34.so': libcxgb4-rdmav34.so: cannot open shared object file: No such file or directory
libibverbs: Warning: couldn't load driver 'libhfi1verbs-rdmav34.so': libhfi1verbs-rdmav34.so: cannot open shared object file: No such file or directory
libibverbs: Warning: couldn't load driver 'libmthca-rdmav34.so': libmthca-rdmav34.so: cannot open shared object file: No such file or directory
libibverbs: Warning: couldn't load driver 'libirdma-rdmav34.so': libirdma-rdmav34.so: cannot open shared object file: No such file or directory
libibverbs: Warning: couldn't load driver 'libvmw_pvrdma-rdmav34.so': libvmw_pvrdma-rdmav34.so: cannot open shared object file: No such file or directory
libibverbs: Warning: couldn't load driver 'librxe-rdmav34.so': librxe-rdmav34.so: cannot open shared object file: No such file or directory
libibverbs: Warning: couldn't load driver 'libhns-rdmav34.so': libhns-rdmav34.so: cannot open shared object file: No such file or directory
libibverbs: Warning: couldn't load driver 'libsiw-rdmav34.so': libsiw-rdmav34.so: cannot open shared object file: No such file or directory
libibverbs: Warning: couldn't load driver 'libmlx4-rdmav34.so': libmlx4-rdmav34.so: cannot open shared object file: No such file or directory
libibverbs: Warning: couldn't load driver 'libsiw-rdmav34.so': libsiw-rdmav34.so: cannot open shared object file: No such file or directory
libibverbs: Warning: couldn't load driver 'libmlx4-rdmav34.so': libmlx4-rdmav34.so: cannot open shared object file: No such file or directory
libibverbs: Warning: couldn't load driver 'libipathverbs-rdmav34.so': libipathverbs-rdmav34.so: cannot open shared object file: No such file or directory
libibverbs: Warning: couldn't load driver 'libmana-rdmav34.so': libmana-rdmav34.so: cannot open shared object file: No such file or directory
libibverbs: Warning: couldn't load driver 'libhns-rdmav34.so': libhns-rdmav34.so: cannot open shared object file: No such file or directory
libibverbs: Warning: couldn't load driver 'libcxgb4-rdmav34.so': libcxgb4-rdmav34.so: cannot open shared object file: No such file or directory
libibverbs: Warning: couldn't load driver 'libhfi1verbs-rdmav34.so': libhfi1verbs-rdmav34.so: cannot open shared object file: No such file or directory
libibverbs: Warning: couldn't load driver 'libmthca-rdmav34.so': libmthca-rdmav34.so: cannot open shared object file: No such file or directory
libibverbs: Warning: couldn't load driver 'libirdma-rdmav34.so': libirdma-rdmav34.so: cannot open shared object file: No such file or directory
libibverbs: Warning: couldn't load driver 'libipathverbs-rdmav34.so': libipathverbs-rdmav34.so: cannot open shared object file: No such file or directory
libibverbs: Warning: couldn't load driver 'libcxgb4-rdmav34.so': libcxgb4-rdmav34.so: cannot open shared object file: No such file or directory
libibverbs: Warning: couldn't load driver 'libhfi1verbs-rdmav34.so': libhfi1verbs-rdmav34.so: cannot open shared object file: No such file or directory
libibverbs: Warning: couldn't load driver 'libmthca-rdmav34.so': libmthca-rdmav34.so: cannot open shared object file: No such file or directory
libibverbs: Warning: couldn't load driver 'libirdma-rdmav34.so': libirdma-rdmav34.so: cannot open shared object file: No such file or directory
libibverbs: Warning: couldn't load driver 'libvmw_pvrdma-rdmav34.so': libvmw_pvrdma-rdmav34.so: cannot open shared object file: No such file or directory
libibverbs: Warning: couldn't load driver 'librxe-rdmav34.so': librxe-rdmav34.so: cannot open shared object file: No such file or directory
libibverbs: Warning: couldn't load driver 'liberdma-rdmav34.so': liberdma-rdmav34.so: cannot open shared object file: No such file or directory
libibverbs: Warning: couldn't load driver 'libsiw-rdmav34.so': libsiw-rdmav34.so: cannot open shared object file: No such file or directory
libibverbs: Warning: couldn't load driver 'libmlx4-rdmav34.so': libmlx4-rdmav34.so: cannot open shared object file: No such file or directory
libibverbs: Warning: couldn't load driver 'libcxgb4-rdmav34.so': libcxgb4-rdmav34.so: cannot open shared object file: No such file or directory
libibverbs: Warning: couldn't load driver 'libhfi1verbs-rdmav34.so': libhfi1verbs-rdmav34.so: cannot open shared object file: No such file or directory
libibverbs: Warning: couldn't load driver 'libmthca-rdmav34.so': libmthca-rdmav34.so: cannot open shared object file: No such file or directory
libibverbs: Warning: couldn't load driver 'libirdma-rdmav34.so': libirdma-rdmav34.so: cannot open shared object file: No such file or directory
libibverbs: Warning: couldn't load driver 'libvmw_pvrdma-rdmav34.so': libvmw_pvrdma-rdmav34.so: cannot open shared object file: No such file or directory
libibverbs: Warning: couldn't load driver 'librxe-rdmav34.so': librxe-rdmav34.so: cannot open shared object file: No such file or directory
libibverbs: Warning: couldn't load driver 'libipathverbs-rdmav34.so': libipathverbs-rdmav34.so: cannot open shared object file: No such file or directory
libibverbs: Warning: couldn't load driver 'libmana-rdmav34.so': libmana-rdmav34.so: cannot open shared object file: No such file or directory
libibverbs: Warning: couldn't load driver 'libsiw-rdmav34.so': libsiw-rdmav34.so: cannot open shared object file: No such file or directory
libibverbs: Warning: couldn't load driver 'libmlx4-rdmav34.so': libmlx4-rdmav34.so: cannot open shared object file: No such file or directory
libibverbs: Warning: couldn't load driver 'libcxgb4-rdmav34.so': libcxgb4-rdmav34.so: cannot open shared object file: No such file or directory
libibverbs: Warning: couldn't load driver 'libhfi1verbs-rdmav34.so': libhfi1verbs-rdmav34.so: cannot open shared object file: No such file or directory
libibverbs: Warning: couldn't load driver 'libmthca-rdmav34.so': libmthca-rdmav34.so: cannot open shared object file: No such file or directory
libibverbs: Warning: couldn't load driver 'libirdma-rdmav34.so': libirdma-rdmav34.so: cannot open shared object file: No such file or directory
libibverbs: Warning: couldn't load driver 'libvmw_pvrdma-rdmav34.so': libvmw_pvrdma-rdmav34.so: cannot open shared object file: No such file or directory
libibverbs: Warning: couldn't load driver 'librxe-rdmav34.so': librxe-rdmav34.so: cannot open shared object file: No such file or directory
libibverbs: Warning: couldn't load driver 'liberdma-rdmav34.so': liberdma-rdmav34.so: cannot open shared object file: No such file or directory
libibverbs: Warning: couldn't load driver 'liberdma-rdmav34.so': liberdma-rdmav34.so: cannot open shared object file: No such file or directory
libibverbs: Warning: couldn't load driver 'libipathverbs-rdmav34.so': libipathverbs-rdmav34.so: cannot open shared object file: No such file or directory
libibverbs: Warning: couldn't load driver 'libipathverbs-rdmav34.so': libipathverbs-rdmav34.so: cannot open shared object file: No such file or directory
libibverbs: Warning: couldn't load driver 'libmana-rdmav34.so': libmana-rdmav34.so: cannot open shared object file: No such file or directory
libibverbs: Warning: couldn't load driver 'libhns-rdmav34.so': libhns-rdmav34.so: cannot open shared object file: No such file or directory
libibverbs: Warning: couldn't load driver 'liberdma-rdmav34.so': liberdma-rdmav34.so: cannot open shared object file: No such file or directory
libibverbs: Warning: couldn't load driver 'libipathverbs-rdmav34.so': libipathverbs-rdmav34.so: cannot open shared object file: No such file or directory
libibverbs: Warning: couldn't load driver 'libmana-rdmav34.so': libmana-rdmav34.so: cannot open shared object file: No such file or directory
libibverbs: Warning: couldn't load driver 'libhns-rdmav34.so': libhns-rdmav34.so: cannot open shared object file: No such file or directory
libibverbs: Warning: couldn't load driver 'libsiw-rdmav34.so': libsiw-rdmav34.so: cannot open shared object file: No such file or directory
libibverbs: Warning: couldn't load driver 'libmlx4-rdmav34.so': libmlx4-rdmav34.so: cannot open shared object file: No such file or directory
libibverbs: Warning: couldn't load driver 'libocrdma-rdmav34.so': libocrdma-rdmav34.so: cannot open shared object file: No such file or directory
libibverbs: Warning: couldn't load driver 'libcxgb4-rdmav34.so': libcxgb4-rdmav34.so: cannot open shared object file: No such file or directory
libibverbs: Warning: couldn't load driver 'libhfi1verbs-rdmav34.so': libhfi1verbs-rdmav34.so: cannot open shared object file: No such file or directory
libibverbs: Warning: couldn't load driver 'libmthca-rdmav34.so': libmthca-rdmav34.so: cannot open shared object file: No such file or directory
libibverbs: Warning: couldn't load driver 'libirdma-rdmav34.so': libirdma-rdmav34.so: cannot open shared object file: No such file or directory
libibverbs: Warning: couldn't load driver 'libvmw_pvrdma-rdmav34.so': libvmw_pvrdma-rdmav34.so: cannot open shared object file: No such file or directory
libibverbs: Warning: couldn't load driver 'librxe-rdmav34.so': librxe-rdmav34.so: cannot open shared object file: No such file or directory
libibverbs: Warning: couldn't load driver 'libmlx4-rdmav34.so': libmlx4-rdmav34.so: cannot open shared object file: No such file or directory
libibverbs: Warning: couldn't load driver 'libocrdma-rdmav34.so': libocrdma-rdmav34.so: cannot open shared object file: No such file or directory
libibverbs: Warning: couldn't load driver 'libmlx4-rdmav34.so': libmlx4-rdmav34.so: cannot open shared object file: No such file or directory
libibverbs: Warning: couldn't load driver 'libocrdma-rdmav34.so': libocrdma-rdmav34.so: cannot open shared object file: No such file or directory
libibverbs: Warning: couldn't load driver 'libmlx4-rdmav34.so': libmlx4-rdmav34.so: cannot open shared object file: No such file or directory
libibverbs: Warning: couldn't load driver 'libocrdma-rdmav34.so': libocrdma-rdmav34.so: cannot open shared object file: No such file or directory
libibverbs: Warning: couldn't load driver 'libmlx4-rdmav34.so': libmlx4-rdmav34.so: cannot open shared object file: No such file or directory
libibverbs: Warning: couldn't load driver 'libocrdma-rdmav34.so': libocrdma-rdmav34.so: cannot open shared object file: No such file or directory
libibverbs: Warning: couldn't load driver 'libmlx4-rdmav34.so': libmlx4-rdmav34.so: cannot open shared object file: No such file or directory
libibverbs: Warning: couldn't load driver 'libocrdma-rdmav34.so': libocrdma-rdmav34.so: cannot open shared object file: No such file or directory
libibverbs: Warning: couldn't load driver 'libmlx4-rdmav34.so': libmlx4-rdmav34.so: cannot open shared object file: No such file or directory
libibverbs: Warning: couldn't load driver 'libocrdma-rdmav34.so': libocrdma-rdmav34.so: cannot open shared object file: No such file or directory
libibverbs: Warning: couldn't load driver 'libmlx4-rdmav34.so': libmlx4-rdmav34.so: cannot open shared object file: No such file or directory
libibverbs: Warning: couldn't load driver 'libocrdma-rdmav34.so': libocrdma-rdmav34.so: cannot open shared object file: No such file or directory
libibverbs: Warning: couldn't load driver 'libmlx4-rdmav34.so': libmlx4-rdmav34.so: cannot open shared object file: No such file or directory
libibverbs: Warning: couldn't load driver 'libocrdma-rdmav34.so': libocrdma-rdmav34.so: cannot open shared object file: No such file or directory
libibverbs: Warning: couldn't load driver 'libmlx4-rdmav34.so': libmlx4-rdmav34.so: cannot open shared object file: No such file or directory
libibverbs: Warning: couldn't load driver 'libocrdma-rdmav34.so': libocrdma-rdmav34.so: cannot open shared object file: No such file or directory
libibverbs: Warning: couldn't load driver 'libmlx4-rdmav34.so': libmlx4-rdmav34.so: cannot open shared object file: No such file or directory
libibverbs: Warning: couldn't load driver 'libocrdma-rdmav34.so': libocrdma-rdmav34.so: cannot open shared object file: No such file or directory
libibverbs: Warning: couldn't load driver 'libmlx4-rdmav34.so': libmlx4-rdmav34.so: cannot open shared object file: No such file or directory
libibverbs: Warning: couldn't load driver 'libocrdma-rdmav34.so': libocrdma-rdmav34.so: cannot open shared object file: No such file or directory
libibverbs: Warning: couldn't load driver 'libmlx4-rdmav34.so': libmlx4-rdmav34.so: cannot open shared object file: No such file or directory
libibverbs: Warning: couldn't load driver 'libocrdma-rdmav34.so': libocrdma-rdmav34.so: cannot open shared object file: No such file or directory
libibverbs: Warning: couldn't load driver 'libmlx4-rdmav34.so': libmlx4-rdmav34.so: cannot open shared object file: No such file or directory
libibverbs: Warning: couldn't load driver 'libocrdma-rdmav34.so': libocrdma-rdmav34.so: cannot open shared object file: No such file or directory
libibverbs: Warning: couldn't load driver 'libmlx4-rdmav34.so': libmlx4-rdmav34.so: cannot open shared object file: No such file or directory
libibverbs: Warning: couldn't load driver 'libocrdma-rdmav34.so': libocrdma-rdmav34.so: cannot open shared object file: No such file or directory
libibverbs: Warning: couldn't load driver 'libmlx4-rdmav34.so': libmlx4-rdmav34.so: cannot open shared object file: No such file or directory
libibverbs: Warning: couldn't load driver 'libocrdma-rdmav34.so': libocrdma-rdmav34.so: cannot open shared object file: No such file or directory
libibverbs: Warning: couldn't load driver 'libmlx4-rdmav34.so': libmlx4-rdmav34.so: cannot open shared object file: No such file or directory
libibverbs: Warning: couldn't load driver 'libocrdma-rdmav34.so': libocrdma-rdmav34.so: cannot open shared object file: No such file or directory
libibverbs: Warning: couldn't load driver 'libmlx4-rdmav34.so': libmlx4-rdmav34.so: cannot open shared object file: No such file or directory
libibverbs: Warning: couldn't load driver 'libocrdma-rdmav34.so': libocrdma-rdmav34.so: cannot open shared object file: No such file or directory
libibverbs: Warning: couldn't load driver 'libmlx4-rdmav34.so': libmlx4-rdmav34.so: cannot open shared object file: No such file or directory
libibverbs: Warning: couldn't load driver 'libocrdma-rdmav34.so': libocrdma-rdmav34.so: cannot open shared object file: No such file or directory
libibverbs: Warning: couldn't load driver 'libmlx4-rdmav34.so': libmlx4-rdmav34.so: cannot open shared object file: No such file or directory
libibverbs: Warning: couldn't load driver 'libocrdma-rdmav34.so': libocrdma-rdmav34.so: cannot open shared object file: No such file or directory
libibverbs: Warning: couldn't load driver 'libmlx4-rdmav34.so': libmlx4-rdmav34.so: cannot open shared object file: No such file or directory
libibverbs: Warning: couldn't load driver 'libocrdma-rdmav34.so': libocrdma-rdmav34.so: cannot open shared object file: No such file or directory
libibverbs: Warning: couldn't load driver 'libocrdma-rdmav34.so': libocrdma-rdmav34.so: cannot open shared object file: No such file or directory
libibverbs: Warning: couldn't load driver 'libmlx4-rdmav34.so': libmlx4-rdmav34.so: cannot open shared object file: No such file or directory
libibverbs: Warning: couldn't load driver 'libocrdma-rdmav34.so': libocrdma-rdmav34.so: cannot open shared object file: No such file or directory
libibverbs: Warning: couldn't load driver 'libvmw_pvrdma-rdmav34.so': libvmw_pvrdma-rdmav34.so: cannot open shared object file: No such file or directory
libibverbs: Warning: couldn't load driver 'librxe-rdmav34.so': librxe-rdmav34.so: cannot open shared object file: No such file or directory
libibverbs: Warning: couldn't load driver 'liberdma-rdmav34.so': liberdma-rdmav34.so: cannot open shared object file: No such file or directory
libibverbs: Warning: couldn't load driver 'libipathverbs-rdmav34.so': libipathverbs-rdmav34.so: cannot open shared object file: No such file or directory
libibverbs: Warning: couldn't load driver 'libmana-rdmav34.so': libmana-rdmav34.so: cannot open shared object file: No such file or directory
libibverbs: Warning: couldn't load driver 'libhns-rdmav34.so': libhns-rdmav34.so: cannot open shared object file: No such file or directory
libibverbs: Warning: couldn't load driver 'libsiw-rdmav34.so': libsiw-rdmav34.so: cannot open shared object file: No such file or directory
libibverbs: Warning: couldn't load driver 'libmlx4-rdmav34.so': libmlx4-rdmav34.so: cannot open shared object file: No such file or directory
libibverbs: Warning: couldn't load driver 'libocrdma-rdmav34.so': libocrdma-rdmav34.so: cannot open shared object file: No such file or directory
libibverbs: Warning: couldn't load driver 'liberdma-rdmav34.so': liberdma-rdmav34.so: cannot open shared object file: No such file or directory
libibverbs: Warning: couldn't load driver 'libipathverbs-rdmav34.so': libipathverbs-rdmav34.so: cannot open shared object file: No such file or directory
libibverbs: Warning: couldn't load driver 'libmana-rdmav34.so': libmana-rdmav34.so: cannot open shared object file: No such file or directory
libibverbs: Warning: couldn't load driver 'libocrdma-rdmav34.so': libocrdma-rdmav34.so: cannot open shared object file: No such file or directory
libibverbs: Warning: couldn't load driver 'libefa-rdmav34.so': libefa-rdmav34.so: cannot open shared object file: No such file or directory
libibverbs: Warning: couldn't load driver 'libmana-rdmav34.so': libmana-rdmav34.so: cannot open shared object file: No such file or directory
libibverbs: Warning: couldn't load driver 'libhns-rdmav34.so': libhns-rdmav34.so: cannot open shared object file: No such file or directory
libibverbs: Warning: couldn't load driver 'libsiw-rdmav34.so': libsiw-rdmav34.so: cannot open shared object file: No such file or directory
libibverbs: Warning: couldn't load driver 'libmlx4-rdmav34.so': libmlx4-rdmav34.so: cannot open shared object file: No such file or directory
libibverbs: Warning: couldn't load driver 'libocrdma-rdmav34.so': libocrdma-rdmav34.so: cannot open shared object file: No such file or directory
libibverbs: Warning: couldn't load driver 'libefa-rdmav34.so': libefa-rdmav34.so: cannot open shared object file: No such file or directory
libibverbs: Warning: couldn't load driver 'libsiw-rdmav34.so': libsiw-rdmav34.so: cannot open shared object file: No such file or directory
libibverbs: Warning: couldn't load driver 'libmlx4-rdmav34.so': libmlx4-rdmav34.so: cannot open shared object file: No such file or directory
libibverbs: Warning: couldn't load driver 'libocrdma-rdmav34.so': libocrdma-rdmav34.so: cannot open shared object file: No such file or directory
libibverbs: Warning: couldn't load driver 'libefa-rdmav34.so': libefa-rdmav34.so: cannot open shared object file: No such file or directory
libibverbs: Warning: couldn't load driver 'libvmw_pvrdma-rdmav34.so': libvmw_pvrdma-rdmav34.so: cannot open shared object file: No such file or directory
libibverbs: Warning: couldn't load driver 'librxe-rdmav34.so': librxe-rdmav34.so: cannot open shared object file: No such file or directory
libibverbs: Warning: couldn't load driver 'liberdma-rdmav34.so': liberdma-rdmav34.so: cannot open shared object file: No such file or directory
libibverbs: Warning: couldn't load driver 'libipathverbs-rdmav34.so': libipathverbs-rdmav34.so: cannot open shared object file: No such file or directory
libibverbs: Warning: couldn't load driver 'libmana-rdmav34.so': libmana-rdmav34.so: cannot open shared object file: No such file or directory
libibverbs: Warning: couldn't load driver 'libhns-rdmav34.so': libhns-rdmav34.so: cannot open shared object file: No such file or directory
libibverbs: Warning: couldn't load driver 'libsiw-rdmav34.so': libsiw-rdmav34.so: cannot open shared object file: No such file or directory
libibverbs: Warning: couldn't load driver 'libmlx4-rdmav34.so': libmlx4-rdmav34.so: cannot open shared object file: No such file or directory
libibverbs: Warning: couldn't load driver 'libocrdma-rdmav34.so': libocrdma-rdmav34.so: cannot open shared object file: No such file or directory
libibverbs: Warning: couldn't load driver 'libefa-rdmav34.so': libefa-rdmav34.so: cannot open shared object file: No such file or directory
libibverbs: Warning: couldn't load driver 'libipathverbs-rdmav34.so': libipathverbs-rdmav34.so: cannot open shared object file: No such file or directory
libibverbs: Warning: couldn't load driver 'libmana-rdmav34.so': libmana-rdmav34.so: cannot open shared object file: No such file or directory
libibverbs: Warning: couldn't load driver 'libhns-rdmav34.so': libhns-rdmav34.so: cannot open shared object file: No such file or directory
libibverbs: Warning: couldn't load driver 'libmana-rdmav34.so': libmana-rdmav34.so: cannot open shared object file: No such file or directory
libibverbs: Warning: couldn't load driver 'libhns-rdmav34.so': libhns-rdmav34.so: cannot open shared object file: No such file or directory
libibverbs: Warning: couldn't load driver 'libsiw-rdmav34.so': libsiw-rdmav34.so: cannot open shared object file: No such file or directory
libibverbs: Warning: couldn't load driver 'libmlx4-rdmav34.so': libmlx4-rdmav34.so: cannot open shared object file: No such file or directory
libibverbs: Warning: couldn't load driver 'libocrdma-rdmav34.so': libocrdma-rdmav34.so: cannot open shared object file: No such file or directory
libibverbs: Warning: couldn't load driver 'libefa-rdmav34.so': libefa-rdmav34.so: cannot open shared object file: No such file or directory
libibverbs: Warning: couldn't load driver 'libocrdma-rdmav34.so': libocrdma-rdmav34.so: cannot open shared object file: No such file or directory
libibverbs: Warning: couldn't load driver 'libefa-rdmav34.so': libefa-rdmav34.so: cannot open shared object file: No such file or directory
libibverbs: Warning: couldn't load driver 'liberdma-rdmav34.so': liberdma-rdmav34.so: cannot open shared object file: No such file or directory
libibverbs: Warning: couldn't load driver 'libipathverbs-rdmav34.so': libipathverbs-rdmav34.so: cannot open shared object file: No such file or directory
libibverbs: Warning: couldn't load driver 'libmana-rdmav34.so': libmana-rdmav34.so: cannot open shared object file: No such file or directory
libibverbs: Warning: couldn't load driver 'libhns-rdmav34.so': libhns-rdmav34.so: cannot open shared object file: No such file or directory
libibverbs: Warning: couldn't load driver 'libhns-rdmav34.so': libhns-rdmav34.so: cannot open shared object file: No such file or directory
libibverbs: Warning: couldn't load driver 'libsiw-rdmav34.so': libsiw-rdmav34.so: cannot open shared object file: No such file or directory
libibverbs: Warning: couldn't load driver 'libmlx4-rdmav34.so': libmlx4-rdmav34.so: cannot open shared object file: No such file or directory
libibverbs: Warning: couldn't load driver 'libocrdma-rdmav34.so': libocrdma-rdmav34.so: cannot open shared object file: No such file or directory
libibverbs: Warning: couldn't load driver 'libefa-rdmav34.so': libefa-rdmav34.so: cannot open shared object file: No such file or directory
libibverbs: Warning: couldn't load driver 'libocrdma-rdmav34.so': libocrdma-rdmav34.so: cannot open shared object file: No such file or directory
libibverbs: Warning: couldn't load driver 'libefa-rdmav34.so': libefa-rdmav34.so: cannot open shared object file: No such file or directory
libibverbs: Warning: couldn't load driver 'libipathverbs-rdmav34.so': libipathverbs-rdmav34.so: cannot open shared object file: No such file or directory
libibverbs: Warning: couldn't load driver 'libmana-rdmav34.so': libmana-rdmav34.so: cannot open shared object file: No such file or directory
libibverbs: Warning: couldn't load driver 'libhns-rdmav34.so': libhns-rdmav34.so: cannot open shared object file: No such file or directory
libibverbs: Warning: couldn't load driver 'libmana-rdmav34.so': libmana-rdmav34.so: cannot open shared object file: No such file or directory
libibverbs: Warning: couldn't load driver 'libhns-rdmav34.so': libhns-rdmav34.so: cannot open shared object file: No such file or directory
libibverbs: Warning: couldn't load driver 'libsiw-rdmav34.so': libsiw-rdmav34.so: cannot open shared object file: No such file or directory
libibverbs: Warning: couldn't load driver 'libmlx4-rdmav34.so': libmlx4-rdmav34.so: cannot open shared object file: No such file or directory
libibverbs: Warning: couldn't load driver 'libsiw-rdmav34.so': libsiw-rdmav34.so: cannot open shared object file: No such file or directory
libibverbs: Warning: couldn't load driver 'libmlx4-rdmav34.so': libmlx4-rdmav34.so: cannot open shared object file: No such file or directory
libibverbs: Warning: couldn't load driver 'libocrdma-rdmav34.so': libocrdma-rdmav34.so: cannot open shared object file: No such file or directory
libibverbs: Warning: couldn't load driver 'libefa-rdmav34.so': libefa-rdmav34.so: cannot open shared object file: No such file or directory
libibverbs: Warning: couldn't load driver 'libcxgb4-rdmav34.so': libcxgb4-rdmav34.so: cannot open shared object file: No such file or directory
libibverbs: Warning: couldn't load driver 'libhfi1verbs-rdmav34.so': libhfi1verbs-rdmav34.so: cannot open shared object file: No such file or directory
libibverbs: Warning: couldn't load driver 'libmthca-rdmav34.so': libmthca-rdmav34.so: cannot open shared object file: No such file or directory
libibverbs: Warning: couldn't load driver 'libirdma-rdmav34.so': libirdma-rdmav34.so: cannot open shared object file: No such file or directory
libibverbs: Warning: couldn't load driver 'libvmw_pvrdma-rdmav34.so': libvmw_pvrdma-rdmav34.so: cannot open shared object file: No such file or directory
libibverbs: Warning: couldn't load driver 'librxe-rdmav34.so': librxe-rdmav34.so: cannot open shared object file: No such file or directory
libibverbs: Warning: couldn't load driver 'liberdma-rdmav34.so': liberdma-rdmav34.so: cannot open shared object file: No such file or directory
libibverbs: Warning: couldn't load driver 'libipathverbs-rdmav34.so': libipathverbs-rdmav34.so: cannot open shared object file: No such file or directory
libibverbs: Warning: couldn't load driver 'liberdma-rdmav34.so': liberdma-rdmav34.so: cannot open shared object file: No such file or directory
libibverbs: Warning: couldn't load driver 'libipathverbs-rdmav34.so': libipathverbs-rdmav34.so: cannot open shared object file: No such file or directory
libibverbs: Warning: couldn't load driver 'libmana-rdmav34.so': libmana-rdmav34.so: cannot open shared object file: No such file or directory
libibverbs: Warning: couldn't load driver 'libipathverbs-rdmav34.so': libipathverbs-rdmav34.so: cannot open shared object file: No such file or directory
libibverbs: Warning: couldn't load driver 'libmana-rdmav34.so': libmana-rdmav34.so: cannot open shared object file: No such file or directory
libibverbs: Warning: couldn't load driver 'libhns-rdmav34.so': libhns-rdmav34.so: cannot open shared object file: No such file or directory
libibverbs: Warning: couldn't load driver 'libsiw-rdmav34.so': libsiw-rdmav34.so: cannot open shared object file: No such file or directory
libibverbs: Warning: couldn't load driver 'libmlx4-rdmav34.so': libmlx4-rdmav34.so: cannot open shared object file: No such file or directory
libibverbs: Warning: couldn't load driver 'libocrdma-rdmav34.so': libocrdma-rdmav34.so: cannot open shared object file: No such file or directory
libibverbs: Warning: couldn't load driver 'libefa-rdmav34.so': libefa-rdmav34.so: cannot open shared object file: No such file or directory
libibverbs: Warning: couldn't load driver 'libefa-rdmav34.so': libefa-rdmav34.so: cannot open shared object file: No such file or directory
libibverbs: Warning: couldn't load driver 'libqedr-rdmav34.so': libqedr-rdmav34.so: cannot open shared object file: No such file or directory
libibverbs: Warning: couldn't load driver 'libefa-rdmav34.so': libefa-rdmav34.so: cannot open shared object file: No such file or directory
libibverbs: Warning: couldn't load driver 'libqedr-rdmav34.so': libqedr-rdmav34.so: cannot open shared object file: No such file or directory
libibverbs: Warning: couldn't load driver 'libefa-rdmav34.so': libefa-rdmav34.so: cannot open shared object file: No such file or directory
libibverbs: Warning: couldn't load driver 'libqedr-rdmav34.so': libqedr-rdmav34.so: cannot open shared object file: No such file or directory
libibverbs: Warning: couldn't load driver 'libefa-rdmav34.so': libefa-rdmav34.so: cannot open shared object file: No such file or directory
libibverbs: Warning: couldn't load driver 'libqedr-rdmav34.so': libqedr-rdmav34.so: cannot open shared object file: No such file or directory
libibverbs: Warning: couldn't load driver 'libefa-rdmav34.so': libefa-rdmav34.so: cannot open shared object file: No such file or directory
libibverbs: Warning: couldn't load driver 'libqedr-rdmav34.so': libqedr-rdmav34.so: cannot open shared object file: No such file or directory
libibverbs: Warning: couldn't load driver 'libefa-rdmav34.so': libefa-rdmav34.so: cannot open shared object file: No such file or directory
libibverbs: Warning: couldn't load driver 'libqedr-rdmav34.so': libqedr-rdmav34.so: cannot open shared object file: No such file or directory
libibverbs: Warning: couldn't load driver 'libefa-rdmav34.so': libefa-rdmav34.so: cannot open shared object file: No such file or directory
libibverbs: Warning: couldn't load driver 'libqedr-rdmav34.so': libqedr-rdmav34.so: cannot open shared object file: No such file or directory
libibverbs: Warning: couldn't load driver 'libefa-rdmav34.so': libefa-rdmav34.so: cannot open shared object file: No such file or directory
libibverbs: Warning: couldn't load driver 'libqedr-rdmav34.so': libqedr-rdmav34.so: cannot open shared object file: No such file or directory
libibverbs: Warning: couldn't load driver 'libefa-rdmav34.so': libefa-rdmav34.so: cannot open shared object file: No such file or directory
libibverbs: Warning: couldn't load driver 'libqedr-rdmav34.so': libqedr-rdmav34.so: cannot open shared object file: No such file or directory
libibverbs: Warning: couldn't load driver 'libefa-rdmav34.so': libefa-rdmav34.so: cannot open shared object file: No such file or directory
libibverbs: Warning: couldn't load driver 'libqedr-rdmav34.so': libqedr-rdmav34.so: cannot open shared object file: No such file or directory
libibverbs: Warning: couldn't load driver 'libefa-rdmav34.so': libefa-rdmav34.so: cannot open shared object file: No such file or directory
libibverbs: Warning: couldn't load driver 'libqedr-rdmav34.so': libqedr-rdmav34.so: cannot open shared object file: No such file or directory
libibverbs: Warning: couldn't load driver 'libefa-rdmav34.so': libefa-rdmav34.so: cannot open shared object file: No such file or directory
libibverbs: Warning: couldn't load driver 'libqedr-rdmav34.so': libqedr-rdmav34.so: cannot open shared object file: No such file or directory
libibverbs: Warning: couldn't load driver 'libefa-rdmav34.so': libefa-rdmav34.so: cannot open shared object file: No such file or directory
libibverbs: Warning: couldn't load driver 'libqedr-rdmav34.so': libqedr-rdmav34.so: cannot open shared object file: No such file or directory
libibverbs: Warning: couldn't load driver 'libefa-rdmav34.so': libefa-rdmav34.so: cannot open shared object file: No such file or directory
libibverbs: Warning: couldn't load driver 'libqedr-rdmav34.so': libqedr-rdmav34.so: cannot open shared object file: No such file or directory
libibverbs: Warning: couldn't load driver 'libcxgb4-rdmav34.so': libcxgb4-rdmav34.so: cannot open shared object file: No such file or directory
libibverbs: Warning: couldn't load driver 'libhfi1verbs-rdmav34.so': libhfi1verbs-rdmav34.so: cannot open shared object file: No such file or directory
libibverbs: Warning: couldn't load driver 'libmthca-rdmav34.so': libmthca-rdmav34.so: cannot open shared object file: No such file or directory
libibverbs: Warning: couldn't load driver 'libirdma-rdmav34.so': libirdma-rdmav34.so: cannot open shared object file: No such file or directory
libibverbs: Warning: couldn't load driver 'libefa-rdmav34.so': libefa-rdmav34.so: cannot open shared object file: No such file or directory
libibverbs: Warning: couldn't load driver 'libqedr-rdmav34.so': libqedr-rdmav34.so: cannot open shared object file: No such file or directory
libibverbs: Warning: couldn't load driver 'libefa-rdmav34.so': libefa-rdmav34.so: cannot open shared object file: No such file or directory
libibverbs: Warning: couldn't load driver 'libqedr-rdmav34.so': libqedr-rdmav34.so: cannot open shared object file: No such file or directory
libibverbs: Warning: couldn't load driver 'libefa-rdmav34.so': libefa-rdmav34.so: cannot open shared object file: No such file or directory
libibverbs: Warning: couldn't load driver 'libqedr-rdmav34.so': libqedr-rdmav34.so: cannot open shared object file: No such file or directory
libibverbs: Warning: couldn't load driver 'libefa-rdmav34.so': libefa-rdmav34.so: cannot open shared object file: No such file or directory
libibverbs: Warning: couldn't load driver 'libqedr-rdmav34.so': libqedr-rdmav34.so: cannot open shared object file: No such file or directory
libibverbs: Warning: couldn't load driver 'libefa-rdmav34.so': libefa-rdmav34.so: cannot open shared object file: No such file or directory
libibverbs: Warning: couldn't load driver 'libqedr-rdmav34.so': libqedr-rdmav34.so: cannot open shared object file: No such file or directory
libibverbs: Warning: couldn't load driver 'libefa-rdmav34.so': libefa-rdmav34.so: cannot open shared object file: No such file or directory
libibverbs: Warning: couldn't load driver 'libqedr-rdmav34.so': libqedr-rdmav34.so: cannot open shared object file: No such file or directory
libibverbs: Warning: couldn't load driver 'libefa-rdmav34.so': libefa-rdmav34.so: cannot open shared object file: No such file or directory
libibverbs: Warning: couldn't load driver 'libqedr-rdmav34.so': libqedr-rdmav34.so: cannot open shared object file: No such file or directory
libibverbs: Warning: couldn't load driver 'libbnxt_re-rdmav34.so': libbnxt_re-rdmav34.so: cannot open shared object file: No such file or directory
libibverbs: Warning: couldn't load driver 'libefa-rdmav34.so': libefa-rdmav34.so: cannot open shared object file: No such file or directory
libibverbs: Warning: couldn't load driver 'libqedr-rdmav34.so': libqedr-rdmav34.so: cannot open shared object file: No such file or directory
libibverbs: Warning: couldn't load driver 'libmana-rdmav34.so': libmana-rdmav34.so: cannot open shared object file: No such file or directory
libibverbs: Warning: couldn't load driver 'libhns-rdmav34.so': libhns-rdmav34.so: cannot open shared object file: No such file or directory
libibverbs: Warning: couldn't load driver 'libsiw-rdmav34.so': libsiw-rdmav34.so: cannot open shared object file: No such file or directory
libibverbs: Warning: couldn't load driver 'libmlx4-rdmav34.so': libmlx4-rdmav34.so: cannot open shared object file: No such file or directory
libibverbs: Warning: couldn't load driver 'libefa-rdmav34.so': libefa-rdmav34.so: cannot open shared object file: No such file or directory
libibverbs: Warning: couldn't load driver 'libqedr-rdmav34.so': libqedr-rdmav34.so: cannot open shared object file: No such file or directory
libibverbs: Warning: couldn't load driver 'libhns-rdmav34.so': libhns-rdmav34.so: cannot open shared object file: No such file or directory
libibverbs: Warning: couldn't load driver 'libsiw-rdmav34.so': libsiw-rdmav34.so: cannot open shared object file: No such file or directory
libibverbs: Warning: couldn't load driver 'libmlx4-rdmav34.so': libmlx4-rdmav34.so: cannot open shared object file: No such file or directory
libibverbs: Warning: couldn't load driver 'libocrdma-rdmav34.so': libocrdma-rdmav34.so: cannot open shared object file: No such file or directory
libibverbs: Warning: couldn't load driver 'libefa-rdmav34.so': libefa-rdmav34.so: cannot open shared object file: No such file or directory
libibverbs: Warning: couldn't load driver 'libqedr-rdmav34.so': libqedr-rdmav34.so: cannot open shared object file: No such file or directory
libibverbs: Warning: couldn't load driver 'libbnxt_re-rdmav34.so': libbnxt_re-rdmav34.so: cannot open shared object file: No such file or directory
libibverbs: Warning: couldn't load driver 'libqedr-rdmav34.so': libqedr-rdmav34.so: cannot open shared object file: No such file or directory
libibverbs: Warning: couldn't load driver 'libbnxt_re-rdmav34.so': libbnxt_re-rdmav34.so: cannot open shared object file: No such file or directory
libibverbs: Warning: couldn't load driver 'libocrdma-rdmav34.so': libocrdma-rdmav34.so: cannot open shared object file: No such file or directory
libibverbs: Warning: couldn't load driver 'libefa-rdmav34.so': libefa-rdmav34.so: cannot open shared object file: No such file or directory
libibverbs: Warning: couldn't load driver 'libqedr-rdmav34.so': libqedr-rdmav34.so: cannot open shared object file: No such file or directory
libibverbs: Warning: couldn't load driver 'libbnxt_re-rdmav34.so': libbnxt_re-rdmav34.so: cannot open shared object file: No such file or directory
libibverbs: Warning: couldn't load driver 'libqedr-rdmav34.so': libqedr-rdmav34.so: cannot open shared object file: No such file or directory
libibverbs: Warning: couldn't load driver 'libbnxt_re-rdmav34.so': libbnxt_re-rdmav34.so: cannot open shared object file: No such file or directory
libibverbs: Warning: couldn't load driver 'libmana-rdmav34.so': libmana-rdmav34.so: cannot open shared object file: No such file or directory
libibverbs: Warning: couldn't load driver 'libhns-rdmav34.so': libhns-rdmav34.so: cannot open shared object file: No such file or directory
libibverbs: Warning: couldn't load driver 'libsiw-rdmav34.so': libsiw-rdmav34.so: cannot open shared object file: No such file or directory
libibverbs: Warning: couldn't load driver 'libmlx4-rdmav34.so': libmlx4-rdmav34.so: cannot open shared object file: No such file or directory
libibverbs: Warning: couldn't load driver 'libocrdma-rdmav34.so': libocrdma-rdmav34.so: cannot open shared object file: No such file or directory
libibverbs: Warning: couldn't load driver 'libqedr-rdmav34.so': libqedr-rdmav34.so: cannot open shared object file: No such file or directory
libibverbs: Warning: couldn't load driver 'libbnxt_re-rdmav34.so': libbnxt_re-rdmav34.so: cannot open shared object file: No such file or directory
libibverbs: Warning: couldn't load driver 'libsiw-rdmav34.so': libsiw-rdmav34.so: cannot open shared object file: No such file or directory
libibverbs: Warning: couldn't load driver 'libmlx4-rdmav34.so': libmlx4-rdmav34.so: cannot open shared object file: No such file or directory
libibverbs: Warning: couldn't load driver 'libocrdma-rdmav34.so': libocrdma-rdmav34.so: cannot open shared object file: No such file or directory
libibverbs: Warning: couldn't load driver 'libefa-rdmav34.so': libefa-rdmav34.so: cannot open shared object file: No such file or directory
libibverbs: Warning: couldn't load driver 'libqedr-rdmav34.so': libqedr-rdmav34.so: cannot open shared object file: No such file or directory
libibverbs: Warning: couldn't load driver 'libbnxt_re-rdmav34.so': libbnxt_re-rdmav34.so: cannot open shared object file: No such file or directory
libibverbs: Warning: couldn't load driver 'libqedr-rdmav34.so': libqedr-rdmav34.so: cannot open shared object file: No such file or directory
libibverbs: Warning: couldn't load driver 'libbnxt_re-rdmav34.so': libbnxt_re-rdmav34.so: cannot open shared object file: No such file or directory
libibverbs: Warning: couldn't load driver 'libqedr-rdmav34.so': libqedr-rdmav34.so: cannot open shared object file: No such file or directory
libibverbs: Warning: couldn't load driver 'libbnxt_re-rdmav34.so': libbnxt_re-rdmav34.so: cannot open shared object file: No such file or directory
libibverbs: Warning: couldn't load driver 'libsiw-rdmav34.so': libsiw-rdmav34.so: cannot open shared object file: No such file or directory
libibverbs: Warning: couldn't load driver 'libmlx4-rdmav34.so': libmlx4-rdmav34.so: cannot open shared object file: No such file or directory
libibverbs: Warning: couldn't load driver 'libocrdma-rdmav34.so': libocrdma-rdmav34.so: cannot open shared object file: No such file or directory
libibverbs: Warning: couldn't load driver 'libefa-rdmav34.so': libefa-rdmav34.so: cannot open shared object file: No such file or directory
libibverbs: Warning: couldn't load driver 'libqedr-rdmav34.so': libqedr-rdmav34.so: cannot open shared object file: No such file or directory
libibverbs: Warning: couldn't load driver 'libbnxt_re-rdmav34.so': libbnxt_re-rdmav34.so: cannot open shared object file: No such file or directory
libibverbs: Warning: couldn't load driver 'libqedr-rdmav34.so': libqedr-rdmav34.so: cannot open shared object file: No such file or directory
libibverbs: Warning: couldn't load driver 'libbnxt_re-rdmav34.so': libbnxt_re-rdmav34.so: cannot open shared object file: No such file or directory
libibverbs: Warning: couldn't load driver 'libsiw-rdmav34.so': libsiw-rdmav34.so: cannot open shared object file: No such file or directory
libibverbs: Warning: couldn't load driver 'libmlx4-rdmav34.so': libmlx4-rdmav34.so: cannot open shared object file: No such file or directory
libibverbs: Warning: couldn't load driver 'libocrdma-rdmav34.so': libocrdma-rdmav34.so: cannot open shared object file: No such file or directory
libibverbs: Warning: couldn't load driver 'libefa-rdmav34.so': libefa-rdmav34.so: cannot open shared object file: No such file or directory
libibverbs: Warning: couldn't load driver 'libqedr-rdmav34.so': libqedr-rdmav34.so: cannot open shared object file: No such file or directory
libibverbs: Warning: couldn't load driver 'libbnxt_re-rdmav34.so': libbnxt_re-rdmav34.so: cannot open shared object file: No such file or directory
libibverbs: Warning: couldn't load driver 'libocrdma-rdmav34.so': libocrdma-rdmav34.so: cannot open shared object file: No such file or directory
libibverbs: Warning: couldn't load driver 'libefa-rdmav34.so': libefa-rdmav34.so: cannot open shared object file: No such file or directory
libibverbs: Warning: couldn't load driver 'libqedr-rdmav34.so': libqedr-rdmav34.so: cannot open shared object file: No such file or directory
libibverbs: Warning: couldn't load driver 'libbnxt_re-rdmav34.so': libbnxt_re-rdmav34.so: cannot open shared object file: No such file or directory
libibverbs: Warning: couldn't load driver 'libqedr-rdmav34.so': libqedr-rdmav34.so: cannot open shared object file: No such file or directory
libibverbs: Warning: couldn't load driver 'libbnxt_re-rdmav34.so': libbnxt_re-rdmav34.so: cannot open shared object file: No such file or directory
libibverbs: Warning: couldn't load driver 'libmana-rdmav34.so': libmana-rdmav34.so: cannot open shared object file: No such file or directory
libibverbs: Warning: couldn't load driver 'libhns-rdmav34.so': libhns-rdmav34.so: cannot open shared object file: No such file or directory
libibverbs: Warning: couldn't load driver 'libsiw-rdmav34.so': libsiw-rdmav34.so: cannot open shared object file: No such file or directory
libibverbs: Warning: couldn't load driver 'libmlx4-rdmav34.so': libmlx4-rdmav34.so: cannot open shared object file: No such file or directory
libibverbs: Warning: couldn't load driver 'libocrdma-rdmav34.so': libocrdma-rdmav34.so: cannot open shared object file: No such file or directory
libibverbs: Warning: couldn't load driver 'libefa-rdmav34.so': libefa-rdmav34.so: cannot open shared object file: No such file or directory
libibverbs: Warning: couldn't load driver 'libqedr-rdmav34.so': libqedr-rdmav34.so: cannot open shared object file: No such file or directory
libibverbs: Warning: couldn't load driver 'libbnxt_re-rdmav34.so': libbnxt_re-rdmav34.so: cannot open shared object file: No such file or directory
libibverbs: Warning: couldn't load driver 'libefa-rdmav34.so': libefa-rdmav34.so: cannot open shared object file: No such file or directory
libibverbs: Warning: couldn't load driver 'libqedr-rdmav34.so': libqedr-rdmav34.so: cannot open shared object file: No such file or directory
libibverbs: Warning: couldn't load driver 'libbnxt_re-rdmav34.so': libbnxt_re-rdmav34.so: cannot open shared object file: No such file or directory
libibverbs: Warning: couldn't load driver 'libhns-rdmav34.so': libhns-rdmav34.so: cannot open shared object file: No such file or directory
libibverbs: Warning: couldn't load driver 'libsiw-rdmav34.so': libsiw-rdmav34.so: cannot open shared object file: No such file or directory
libibverbs: Warning: couldn't load driver 'libmlx4-rdmav34.so': libmlx4-rdmav34.so: cannot open shared object file: No such file or directory
libibverbs: Warning: couldn't load driver 'libocrdma-rdmav34.so': libocrdma-rdmav34.so: cannot open shared object file: No such file or directory
libibverbs: Warning: couldn't load driver 'libefa-rdmav34.so': libefa-rdmav34.so: cannot open shared object file: No such file or directory
libibverbs: Warning: couldn't load driver 'libqedr-rdmav34.so': libqedr-rdmav34.so: cannot open shared object file: No such file or directory
libibverbs: Warning: couldn't load driver 'libbnxt_re-rdmav34.so': libbnxt_re-rdmav34.so: cannot open shared object file: No such file or directory
libibverbs: Warning: couldn't load driver 'libbnxt_re-rdmav34.so': libbnxt_re-rdmav34.so: cannot open shared object file: No such file or directory
libibverbs: Warning: couldn't load driver 'libbnxt_re-rdmav34.so': libbnxt_re-rdmav34.so: cannot open shared object file: No such file or directory
libibverbs: Warning: couldn't load driver 'libbnxt_re-rdmav34.so': libbnxt_re-rdmav34.so: cannot open shared object file: No such file or directory
libibverbs: Warning: couldn't load driver 'libbnxt_re-rdmav34.so': libbnxt_re-rdmav34.so: cannot open shared object file: No such file or directory
libibverbs: Warning: couldn't load driver 'libbnxt_re-rdmav34.so': libbnxt_re-rdmav34.so: cannot open shared object file: No such file or directory
libibverbs: Warning: couldn't load driver 'libbnxt_re-rdmav34.so': libbnxt_re-rdmav34.so: cannot open shared object file: No such file or directory
libibverbs: Warning: couldn't load driver 'libbnxt_re-rdmav34.so': libbnxt_re-rdmav34.so: cannot open shared object file: No such file or directory
libibverbs: Warning: couldn't load driver 'libbnxt_re-rdmav34.so': libbnxt_re-rdmav34.so: cannot open shared object file: No such file or directory
libibverbs: Warning: couldn't load driver 'libbnxt_re-rdmav34.so': libbnxt_re-rdmav34.so: cannot open shared object file: No such file or directory
libibverbs: Warning: couldn't load driver 'libbnxt_re-rdmav34.so': libbnxt_re-rdmav34.so: cannot open shared object file: No such file or directory
libibverbs: Warning: couldn't load driver 'libbnxt_re-rdmav34.so': libbnxt_re-rdmav34.so: cannot open shared object file: No such file or directory
libibverbs: Warning: couldn't load driver 'libbnxt_re-rdmav34.so': libbnxt_re-rdmav34.so: cannot open shared object file: No such file or directory
libibverbs: Warning: couldn't load driver 'libbnxt_re-rdmav34.so': libbnxt_re-rdmav34.so: cannot open shared object file: No such file or directory
libibverbs: Warning: couldn't load driver 'libbnxt_re-rdmav34.so': libbnxt_re-rdmav34.so: cannot open shared object file: No such file or directory
libibverbs: Warning: couldn't load driver 'libvmw_pvrdma-rdmav34.so': libvmw_pvrdma-rdmav34.so: cannot open shared object file: No such file or directory
libibverbs: Warning: couldn't load driver 'librxe-rdmav34.so': librxe-rdmav34.so: cannot open shared object file: No such file or directory
libibverbs: Warning: couldn't load driver 'liberdma-rdmav34.so': liberdma-rdmav34.so: cannot open shared object file: No such file or directory
libibverbs: Warning: couldn't load driver 'libipathverbs-rdmav34.so': libipathverbs-rdmav34.so: cannot open shared object file: No such file or directory
libibverbs: Warning: couldn't load driver 'libmana-rdmav34.so': libmana-rdmav34.so: cannot open shared object file: No such file or directory
libibverbs: Warning: couldn't load driver 'libhns-rdmav34.so': libhns-rdmav34.so: cannot open shared object file: No such file or directory
libibverbs: Warning: couldn't load driver 'libsiw-rdmav34.so': libsiw-rdmav34.so: cannot open shared object file: No such file or directory
libibverbs: Warning: couldn't load driver 'libmlx4-rdmav34.so': libmlx4-rdmav34.so: cannot open shared object file: No such file or directory
libibverbs: Warning: couldn't load driver 'libocrdma-rdmav34.so': libocrdma-rdmav34.so: cannot open shared object file: No such file or directory
libibverbs: Warning: couldn't load driver 'libbnxt_re-rdmav34.so': libbnxt_re-rdmav34.so: cannot open shared object file: No such file or directory
libibverbs: Warning: couldn't load driver 'libbnxt_re-rdmav34.so': libbnxt_re-rdmav34.so: cannot open shared object file: No such file or directory
libibverbs: Warning: couldn't load driver 'libbnxt_re-rdmav34.so': libbnxt_re-rdmav34.so: cannot open shared object file: No such file or directory
libibverbs: Warning: couldn't load driver 'libbnxt_re-rdmav34.so': libbnxt_re-rdmav34.so: cannot open shared object file: No such file or directory
libibverbs: Warning: couldn't load driver 'libbnxt_re-rdmav34.so': libbnxt_re-rdmav34.so: cannot open shared object file: No such file or directory
libibverbs: Warning: couldn't load driver 'libbnxt_re-rdmav34.so': libbnxt_re-rdmav34.so: cannot open shared object file: No such file or directory
libibverbs: Warning: couldn't load driver 'libbnxt_re-rdmav34.so': libbnxt_re-rdmav34.so: cannot open shared object file: No such file or directory
libibverbs: Warning: couldn't load driver 'libocrdma-rdmav34.so': libocrdma-rdmav34.so: cannot open shared object file: No such file or directory
libibverbs: Warning: couldn't load driver 'libefa-rdmav34.so': libefa-rdmav34.so: cannot open shared object file: No such file or directory
libibverbs: Warning: couldn't load driver 'libqedr-rdmav34.so': libqedr-rdmav34.so: cannot open shared object file: No such file or directory
libibverbs: Warning: couldn't load driver 'libbnxt_re-rdmav34.so': libbnxt_re-rdmav34.so: cannot open shared object file: No such file or directory
libibverbs: Warning: couldn't load driver 'libbnxt_re-rdmav34.so': libbnxt_re-rdmav34.so: cannot open shared object file: No such file or directory
libibverbs: Warning: couldn't load driver 'libqedr-rdmav34.so': libqedr-rdmav34.so: cannot open shared object file: No such file or directory
libibverbs: Warning: couldn't load driver 'libbnxt_re-rdmav34.so': libbnxt_re-rdmav34.so: cannot open shared object file: No such file or directory
libibverbs: Warning: couldn't load driver 'libefa-rdmav34.so': libefa-rdmav34.so: cannot open shared object file: No such file or directory
libibverbs: Warning: couldn't load driver 'libqedr-rdmav34.so': libqedr-rdmav34.so: cannot open shared object file: No such file or directory
libibverbs: Warning: couldn't load driver 'libbnxt_re-rdmav34.so': libbnxt_re-rdmav34.so: cannot open shared object file: No such file or directory
libibverbs: Warning: couldn't load driver 'libqedr-rdmav34.so': libqedr-rdmav34.so: cannot open shared object file: No such file or directory
libibverbs: Warning: couldn't load driver 'libbnxt_re-rdmav34.so': libbnxt_re-rdmav34.so: cannot open shared object file: No such file or directory
libibverbs: Warning: couldn't load driver 'libqedr-rdmav34.so': libqedr-rdmav34.so: cannot open shared object file: No such file or directory
libibverbs: Warning: couldn't load driver 'libbnxt_re-rdmav34.so': libbnxt_re-rdmav34.so: cannot open shared object file: No such file or directory
libibverbs: Warning: couldn't load driver 'libefa-rdmav34.so': libefa-rdmav34.so: cannot open shared object file: No such file or directory
libibverbs: Warning: couldn't load driver 'libqedr-rdmav34.so': libqedr-rdmav34.so: cannot open shared object file: No such file or directory
libibverbs: Warning: couldn't load driver 'libbnxt_re-rdmav34.so': libbnxt_re-rdmav34.so: cannot open shared object file: No such file or directory
libibverbs: Warning: couldn't load driver 'libcxgb4-rdmav34.so': libcxgb4-rdmav34.so: cannot open shared object file: No such file or directory
libibverbs: Warning: couldn't load driver 'libhfi1verbs-rdmav34.so': libhfi1verbs-rdmav34.so: cannot open shared object file: No such file or directory
libibverbs: Warning: couldn't load driver 'libmthca-rdmav34.so': libmthca-rdmav34.so: cannot open shared object file: No such file or directory
libibverbs: Warning: couldn't load driver 'libirdma-rdmav34.so': libirdma-rdmav34.so: cannot open shared object file: No such file or directory
libibverbs: Warning: couldn't load driver 'libvmw_pvrdma-rdmav34.so': libvmw_pvrdma-rdmav34.so: cannot open shared object file: No such file or directory
libibverbs: Warning: couldn't load driver 'librxe-rdmav34.so': librxe-rdmav34.so: cannot open shared object file: No such file or directory
libibverbs: Warning: couldn't load driver 'liberdma-rdmav34.so': liberdma-rdmav34.so: cannot open shared object file: No such file or directory
libibverbs: Warning: couldn't load driver 'libipathverbs-rdmav34.so': libipathverbs-rdmav34.so: cannot open shared object file: No such file or directory
libibverbs: Warning: couldn't load driver 'libmana-rdmav34.so': libmana-rdmav34.so: cannot open shared object file: No such file or directory
libibverbs: Warning: couldn't load driver 'libhns-rdmav34.so': libhns-rdmav34.so: cannot open shared object file: No such file or directory
libibverbs: Warning: couldn't load driver 'libsiw-rdmav34.so': libsiw-rdmav34.so: cannot open shared object file: No such file or directory
libibverbs: Warning: couldn't load driver 'libmlx4-rdmav34.so': libmlx4-rdmav34.so: cannot open shared object file: No such file or directory
libibverbs: Warning: couldn't load driver 'libocrdma-rdmav34.so': libocrdma-rdmav34.so: cannot open shared object file: No such file or directory
libibverbs: Warning: couldn't load driver 'libefa-rdmav34.so': libefa-rdmav34.so: cannot open shared object file: No such file or directory
libibverbs: Warning: couldn't load driver 'libqedr-rdmav34.so': libqedr-rdmav34.so: cannot open shared object file: No such file or directory
libibverbs: Warning: couldn't load driver 'libbnxt_re-rdmav34.so': libbnxt_re-rdmav34.so: cannot open shared object file: No such file or directory
libibverbs: Warning: couldn't load driver 'libcxgb4-rdmav34.so': libcxgb4-rdmav34.so: cannot open shared object file: No such file or directory
libibverbs: Warning: couldn't load driver 'libhfi1verbs-rdmav34.so': libhfi1verbs-rdmav34.so: cannot open shared object file: No such file or directory
libibverbs: Warning: couldn't load driver 'libmthca-rdmav34.so': libmthca-rdmav34.so: cannot open shared object file: No such file or directory
libibverbs: Warning: couldn't load driver 'libirdma-rdmav34.so': libirdma-rdmav34.so: cannot open shared object file: No such file or directory
libibverbs: Warning: couldn't load driver 'libvmw_pvrdma-rdmav34.so': libvmw_pvrdma-rdmav34.so: cannot open shared object file: No such file or directory
libibverbs: Warning: couldn't load driver 'librxe-rdmav34.so': librxe-rdmav34.so: cannot open shared object file: No such file or directory
libibverbs: Warning: couldn't load driver 'liberdma-rdmav34.so': liberdma-rdmav34.so: cannot open shared object file: No such file or directory
libibverbs: Warning: couldn't load driver 'libipathverbs-rdmav34.so': libipathverbs-rdmav34.so: cannot open shared object file: No such file or directory
libibverbs: Warning: couldn't load driver 'libmana-rdmav34.so': libmana-rdmav34.so: cannot open shared object file: No such file or directory
libibverbs: Warning: couldn't load driver 'libhns-rdmav34.so': libhns-rdmav34.so: cannot open shared object file: No such file or directory
libibverbs: Warning: couldn't load driver 'libsiw-rdmav34.so': libsiw-rdmav34.so: cannot open shared object file: No such file or directory
libibverbs: Warning: couldn't load driver 'libmlx4-rdmav34.so': libmlx4-rdmav34.so: cannot open shared object file: No such file or directory
libibverbs: Warning: couldn't load driver 'libocrdma-rdmav34.so': libocrdma-rdmav34.so: cannot open shared object file: No such file or directory
libibverbs: Warning: couldn't load driver 'libefa-rdmav34.so': libefa-rdmav34.so: cannot open shared object file: No such file or directory
libibverbs: Warning: couldn't load driver 'libqedr-rdmav34.so': libqedr-rdmav34.so: cannot open shared object file: No such file or directory
libibverbs: Warning: couldn't load driver 'libbnxt_re-rdmav34.so': libbnxt_re-rdmav34.so: cannot open shared object file: No such file or directory
libibverbs: Warning: couldn't load driver 'libcxgb4-rdmav34.so': libcxgb4-rdmav34.so: cannot open shared object file: No such file or directory
libibverbs: Warning: couldn't load driver 'libhfi1verbs-rdmav34.so': libhfi1verbs-rdmav34.so: cannot open shared object file: No such file or directory
libibverbs: Warning: couldn't load driver 'libmthca-rdmav34.so': libmthca-rdmav34.so: cannot open shared object file: No such file or directory
libibverbs: Warning: couldn't load driver 'libirdma-rdmav34.so': libirdma-rdmav34.so: cannot open shared object file: No such file or directory
libibverbs: Warning: couldn't load driver 'libvmw_pvrdma-rdmav34.so': libvmw_pvrdma-rdmav34.so: cannot open shared object file: No such file or directory
libibverbs: Warning: couldn't load driver 'librxe-rdmav34.so': librxe-rdmav34.so: cannot open shared object file: No such file or directory
libibverbs: Warning: couldn't load driver 'liberdma-rdmav34.so': liberdma-rdmav34.so: cannot open shared object file: No such file or directory
libibverbs: Warning: couldn't load driver 'libipathverbs-rdmav34.so': libipathverbs-rdmav34.so: cannot open shared object file: No such file or directory
libibverbs: Warning: couldn't load driver 'libmana-rdmav34.so': libmana-rdmav34.so: cannot open shared object file: No such file or directory
libibverbs: Warning: couldn't load driver 'libhns-rdmav34.so': libhns-rdmav34.so: cannot open shared object file: No such file or directory
libibverbs: Warning: couldn't load driver 'libsiw-rdmav34.so': libsiw-rdmav34.so: cannot open shared object file: No such file or directory
libibverbs: Warning: couldn't load driver 'libmlx4-rdmav34.so': libmlx4-rdmav34.so: cannot open shared object file: No such file or directory
libibverbs: Warning: couldn't load driver 'libocrdma-rdmav34.so': libocrdma-rdmav34.so: cannot open shared object file: No such file or directory
libibverbs: Warning: couldn't load driver 'libefa-rdmav34.so': libefa-rdmav34.so: cannot open shared object file: No such file or directory
libibverbs: Warning: couldn't load driver 'libqedr-rdmav34.so': libqedr-rdmav34.so: cannot open shared object file: No such file or directory
libibverbs: Warning: couldn't load driver 'libbnxt_re-rdmav34.so': libbnxt_re-rdmav34.so: cannot open shared object file: No such file or directory
LAMMPS (29 Aug 2024 - Update 3)
  using 1 OpenMP thread(s) per MPI task
Reading data file ...
  orthogonal box = (0 0 0) to (44.3022 44.3022 44.3022)
  3 by 4 by 4 MPI processor grid
  reading atoms ...
  3700 atoms
  scanning bonds ...
  3 = max bonds/atom
  scanning angles ...
  6 = max angles/atom
  scanning dihedrals ...
  12 = max dihedrals/atom
  orthogonal box = (0 0 0) to (44.3022 44.3022 44.3022)
  3 by 4 by 4 MPI processor grid
  reading bonds ...
  4892 bonds
  reading angles ...
  8968 angles
  reading dihedrals ...
  15912 dihedrals
Finding 1-2 1-3 1-4 neighbors ...
  special bond factors lj:    0        0        0       
  special bond factors coul:  0        0        0       
     4 = max # of 1-2 neighbors
     6 = max # of 1-3 neighbors
    17 = max # of 1-4 neighbors
    14 = max # of special neighbors
  special bonds CPU = 0.006 seconds
  read_data CPU = 0.135 seconds
Finding 1-2 1-3 1-4 neighbors ...
  special bond factors lj:    0        0        1       
  special bond factors coul:  0        0        0       
     4 = max # of 1-2 neighbors
     6 = max # of 1-3 neighbors
    17 = max # of 1-4 neighbors
    14 = max # of special neighbors
  special bonds CPU = 0.003 seconds
Generated 0 of 1 mixed pair_coeff terms from geometric mixing rule
Neighbor list info ...
  update: every = 1 steps, delay = 0 steps, check = yes
  max neighbors/atom: 2000, page size: 100000
  master list distance cutoff = 14
  ghost atom cutoff = 14
  binsize = 7, bins = 7 7 7
  1 neighbor lists, perpetual/occasional/extra = 1 0 0
  (1) pair table, perpetual
      attributes: half, newton on
      pair build: half/bin/newton
      stencil: half/bin/3d
      bin: standard
Setting up cg style minimization ...
  Unit style    : real
  Current step  : 0
WARNING: Inconsistent image flags (src/domain.cpp:1051)
Per MPI rank memory allocation (min/avg/max) = 13.78 | 13.78 | 13.79 Mbytes
   Step         Volume          Temp          Press          PotEng         KinEng         TotEng         E_vdwl         E_coul         E_bond        E_angle        E_dihed        E_impro        Density    
         0   86951.26       0              22220.528      30605.204      0              30605.204      16702.468      0              1448.2876      3656.4676      8797.9811      0              0.95835483   
        47   86951.26       0              2076.9129      22398.795      0              22398.795      12869.47       0              656.1712       2338.1197      6535.035       0              0.95835483   
Loop time of 0.0740483 on 48 procs for 47 steps with 3700 atoms

95.1% CPU use with 48 MPI tasks x 1 OpenMP threads

Minimization stats:
  Stopping criterion = energy tolerance
  Energy initial, next-to-last, final = 
      30605.2041326002   22400.5956848839   22398.7953718881
  Force two-norm initial, final = 3235.1087 389.69784
  Force max component initial, final = 153.99581 64.614334
  Final line search alpha, max atom move = 0.0012834441 0.082928884
  Iterations, force evaluations = 47 93

MPI task timing breakdown:
Section |  min time  |  avg time  |  max time  |%varavg| %total
---------------------------------------------------------------
Pair    | 0.013257   | 0.036367   | 0.051631   |   4.1 | 49.11
Bond    | 0.0024908  | 0.0055397  | 0.0074626  |   1.3 |  7.48
Neigh   | 0          | 0          | 0          |   0.0 |  0.00
Comm    | 0.011364   | 0.028364   | 0.054437   |   5.2 | 38.30
Output  | 0          | 0          | 0          |   0.0 |  0.00
Modify  | 0          | 0          | 0          |   0.0 |  0.00
Other   |            | 0.003777   |            |       |  5.10

Nlocal:        77.0833 ave          97 max          39 min
Histogram: 1 0 2 2 5 5 13 11 3 6
Nghost:        2682.33 ave        2760 max        2613 min
Histogram: 5 4 5 6 5 7 4 6 4 2
Neighs:        18653.6 ave       26336 max        6841 min
Histogram: 1 0 2 3 8 11 8 8 3 4

Total # of neighbors = 895372
Ave neighs/atom = 241.99243
Ave special neighs/atom = 11.898378
Neighbor list builds = 0
Dangerous builds = 0
Generated 0 of 1 mixed pair_coeff terms from geometric mixing rule
Setting up fire style minimization ...
  Unit style    : real
  Current step  : 47
  Parameters for fire:
    dmax  delaystep dtgrow dtshrink alpha0 alphashrink tmax tmin   integrator   halfstepback   abcfire  
     0.1     20      1.1     0.5     0.25     0.99      10  0.02 eulerimplicit      yes          no     
WARNING: Inconsistent image flags (src/domain.cpp:1051)
Per MPI rank memory allocation (min/avg/max) = 13.92 | 13.92 | 13.93 Mbytes
   Step         Volume          Temp          Press          PotEng         KinEng         TotEng         E_vdwl         E_coul         E_bond        E_angle        E_dihed        E_impro        Density    
        47   86951.26       0              2076.9129      22398.795      0              22398.795      12869.47       0              656.1712       2338.1197      6535.035       0              0.95835483   
        69   86951.26       1.2967651      2090.5048      22325.42       14.298153      22339.718      12862.346      0              649.68354      2331.0304      6482.3599      0              0.95835483   
Loop time of 0.0176135 on 48 procs for 22 steps with 3700 atoms

60.7% CPU use with 48 MPI tasks x 1 OpenMP threads

Minimization stats:
  Stopping criterion = energy tolerance
  Energy initial, next-to-last, final = 
      22398.7953718881   22324.0771923672   22325.4202545855
  Force two-norm initial, final = 389.69784 60.181004
  Force max component initial, final = 64.614334 5.7826446
  Final line search alpha, max atom move = 0 0
  Iterations, force evaluations = 22 23

MPI task timing breakdown:
Section |  min time  |  avg time  |  max time  |%varavg| %total
---------------------------------------------------------------
Pair    | 0.0030026  | 0.0086368  | 0.011891   |   2.0 | 49.03
Bond    | 0.00055903 | 0.0013126  | 0.0016834  |   0.6 |  7.45
Neigh   | 0          | 0          | 0          |   0.0 |  0.00
Comm    | 0.0016941  | 0.0051698  | 0.011522   |   2.8 | 29.35
Output  | 0          | 0          | 0          |   0.0 |  0.00
Modify  | 0          | 0          | 0          |   0.0 |  0.00
Other   |            | 0.002494   |            |       | 14.16

Nlocal:        77.0833 ave          96 max          38 min
Histogram: 1 0 1 2 5 6 8 14 4 7
Nghost:        2683.44 ave        2770 max        2608 min
Histogram: 5 4 5 4 7 10 4 5 1 3
Neighs:        18646.4 ave       25756 max        6694 min
Histogram: 1 0 1 3 6 11 7 10 4 5

Total # of neighbors = 895025
Ave neighs/atom = 241.89865
Ave special neighs/atom = 11.898378
Neighbor list builds = 0
Dangerous builds = 0
System init for write_data ...
Generated 0 of 1 mixed pair_coeff terms from geometric mixing rule
Generated 0 of 1 mixed pair_coeff terms from geometric mixing rule
Setting up Verlet run ...
  Unit style    : real
  Current step  : 69
  Time step     : 0.05
WARNING: Inconsistent image flags (src/domain.cpp:1051)
Per MPI rank memory allocation (min/avg/max) = 13.92 | 13.92 | 13.93 Mbytes
   Step         Volume          Temp          Press          PotEng         KinEng         TotEng         E_vdwl         E_coul         E_bond        E_angle        E_dihed        E_impro        Density    
        69   86951.26       1.2967651      2090.5048      22325.42       14.298153      22339.718      12862.346      0              649.68354      2331.0304      6482.3599      0              0.95835483   
      1069   86951.26       13.162263      1649.4551      22207.842      145.12732      22352.97       12728.075      0              666.49807      2347.494       6465.7755      0              0.95835483   
Loop time of 0.456398 on 48 procs for 1000 steps with 3700 atoms

Performance: 9.465 ns/day, 2.536 hours/ns, 2191.070 timesteps/s, 8.107 Matom-step/s
99.9% CPU use with 48 MPI tasks x 1 OpenMP threads

MPI task timing breakdown:
Section |  min time  |  avg time  |  max time  |%varavg| %total
---------------------------------------------------------------
Pair    | 0.083787   | 0.24689    | 0.33912    |  10.5 | 54.10
Bond    | 0.020503   | 0.047501   | 0.060129   |   3.7 | 10.41
Neigh   | 0          | 0          | 0          |   0.0 |  0.00
Comm    | 0.053349   | 0.15516    | 0.34393    |  15.0 | 34.00
Output  | 4.6137e-05 | 4.8015e-05 | 5.3805e-05 |   0.0 |  0.01
Modify  | 0.00054118 | 0.00093359 | 0.0011231  |   0.0 |  0.20
Other   |            | 0.005864   |            |       |  1.28

Nlocal:        77.0833 ave          96 max          38 min
Histogram: 1 0 1 2 5 6 10 12 4 7
Nghost:        2683.12 ave        2770 max        2608 min
Histogram: 4 6 4 4 7 10 4 5 1 3
Neighs:        18646.1 ave       25758 max        6707 min
Histogram: 1 0 1 3 6 11 7 11 3 5

Total # of neighbors = 895011
Ave neighs/atom = 241.89486
Ave special neighs/atom = 11.898378
Neighbor list builds = 0
Dangerous builds = 0
System init for write_data ...
Generated 0 of 1 mixed pair_coeff terms from geometric mixing rule
Generated 0 of 1 mixed pair_coeff terms from geometric mixing rule
Setting up Verlet run ...
  Unit style    : real
  Current step  : 1069
  Time step     : 0.1
WARNING: Inconsistent image flags (src/domain.cpp:1051)
Per MPI rank memory allocation (min/avg/max) = 13.92 | 13.92 | 13.93 Mbytes
   Step         Volume          Temp          Press          PotEng         KinEng         TotEng         E_vdwl         E_coul         E_bond        E_angle        E_dihed        E_impro        Density    
      1069   86951.26       600            5051.1366      22207.842      6615.6098      28823.452      12728.075      0              666.49807      2347.494       6465.7755      0              0.95835483   
     10000   86951.26       609.74779      3742.9498      27875.599      6723.0892      34598.688      12046.117      0              2669.4339      4523.0826      8636.965       0              0.95835483   
     20000   86951.26       606.68495      3685.7727      27822.952      6689.3182      34512.27       11667.703      0              2774.4607      4549.6081      8831.1802      0              0.95835483   
     30000   86951.26       607.88115      1620.9757      27763.623      6702.5075      34466.13       11440.771      0              2809.7815      4555.3029      8957.7675      0              0.95835483   
     40000   86951.26       586.58129      4280.1453      27736.837      6467.6549      34204.492      11502.551      0              2860.5409      4550.4852      8823.2601      0              0.95835483   
     50000   86951.26       597.58499      3325.8476      27852.406      6588.9819      34441.388      11363.91       0              2892.0504      4623.3173      8973.1278      0              0.95835483   
     60000   86951.26       618.86145      3915.8037      27577.161      6823.5765      34400.738      11194.751      0              2841.784       4612.453       8928.1728      0              0.95835483   
     70000   86951.26       599.24373      4447.3288      27463.616      6607.2712      34070.887      11027.271      0              2840.8658      4668.8079      8926.671       0              0.95835483   
     80000   86951.26       598.91407      3312.8693      27571.515      6603.6363      34175.151      10975.611      0              2874.1425      4707.6614      9014.1         0              0.95835483   
     90000   86951.26       599.11845      2718.7424      27503.079      6605.8898      34108.969      10943.718      0              2999.6704      4630.3967      8929.2941      0              0.95835483   
    100000   86951.26       608.22831      3207.5936      27321.238      6706.3353      34027.574      10743.086      0              2923.4417      4611.0715      9043.6391      0              0.95835483   
    110000   86951.26       596.39227      2927.9915      27350.802      6575.8309      33926.633      10668.972      0              2921.1788      4648.5061      9112.1448      0              0.95835483   
    120000   86951.26       588.01328      2329.4305      27225.566      6483.444       33709.01       10653.309      0              2927.091       4658.3012      8986.8655      0              0.95835483   
    130000   86951.26       597.15473      2644.6713      27223.879      6584.2379      33808.116      10647.771      0              2880.7684      4654.9805      9040.3583      0              0.95835483   
    140000   86951.26       605.80155      4409.2611      27090.418      6679.5778      33769.995      10532.948      0              2913.7293      4580.0746      9063.6661      0              0.95835483   
    150000   86951.26       599.81808      3068.2719      27169.836      6613.604       33783.44       10558.717      0              2846.3748      4647.8855      9116.8579      0              0.95835483   
    160000   86951.26       594.52138      3828.7165      27241.036      6555.2024      33796.238      10552.944      0              2846.5715      4758.9739      9082.5461      0              0.95835483   
    170000   86951.26       606.62384      2613.864       27042.758      6688.6444      33731.403      10447.713      0              2851.8659      4723.4204      9019.759       0              0.95835483   
    180000   86951.26       591.33928      2745.6682      27043.195      6520.1166      33563.311      10451.512      0              2845.2389      4735.7071      9010.7363      0              0.95835483   
    190000   86951.26       597.62525      3376.8034      27346.927      6589.4258      33936.353      10528.305      0              2976.6856      4728.0476      9113.8889      0              0.95835483   
    200000   86951.26       605.51021      3957.5313      27139.178      6676.3655      33815.543      10464.888      0              2876.158       4735.1423      9062.9897      0              0.95835483   
    210000   86951.26       597.71427      3291.5197      27085.16       6590.4073      33675.568      10386.326      0              2965.6         4680.9571      9052.2771      0              0.95835483   
    220000   86951.26       615.24433      2094.5586      26964.25       6783.6941      33747.944      10323.758      0              2964.8682      4580.119       9095.5044      0              0.95835483   
    230000   86951.26       597.39207      3253.3745      27018.65       6586.8547      33605.504      10474.127      0              2875.6182      4662.2308      9006.6737      0              0.95835483   
    240000   86951.26       595.70351      2306.7848      27076.51       6568.2366      33644.747      10339.996      0              2985.548       4739.3416      9011.6241      0              0.95835483   
    250000   86951.26       603.65702      1875.7642      27149.159      6655.9322      33805.091      10383.458      0              2929.8241      4808.0558      9027.821       0              0.95835483   
    260000   86951.26       594.97827      2459.8387      27058.078      6560.2401      33618.318      10315.67       0              2946.8259      4710.001       9085.5806      0              0.95835483   
    270000   86951.26       596.898        4505.7245      27298.726      6581.4071      33880.133      10498.722      0              2980.6207      4771.0835      9048.3004      0              0.95835483   
    280000   86951.26       610.29398      3284.9151      27059.861      6729.1114      33788.973      10428.765      0              2969.0557      4585.9594      9076.0808      0              0.95835483   
    290000   86951.26       599.53426      4109.4802      27170.534      6610.4746      33781.009      10455.316      0              2906.7223      4738.3584      9070.1375      0              0.95835483   
    300000   86951.26       600.46574      3713.122       27099.346      6620.7451      33720.091      10466.771      0              2934.6286      4715.8461      8982.1006      0              0.95835483   
    310000   86951.26       596.20373      3423.1946      27206.532      6573.7521      33780.284      10496.899      0              2920.5808      4713.9891      9075.0626      0              0.95835483   
    320000   86951.26       600.97008      1747.0261      27130.283      6626.3059      33756.589      10296.357      0              2897.4511      4760.02        9176.4546      0              0.95835483   
    330000   86951.26       599.18629      2814.5778      27194.689      6606.6379      33801.327      10342.137      0              2931.3107      4809.1709      9112.071       0              0.95835483   
    340000   86951.26       603.98024      3770.2649      27243.426      6659.496       33902.922      10466.857      0              2978.5697      4774.7022      9023.2979      0              0.95835483   
    350000   86951.26       592.68821      4352.2479      27183.483      6534.9899      33718.473      10544.431      0              2861.7241      4637.7739      9139.5543      0              0.95835483   
    360000   86951.26       607.56238      3215.3259      27039.869      6698.9928      33738.862      10384.467      0              2942.6635      4675.5625      9037.1767      0              0.95835483   
    370000   86951.26       606.91815      2566.4271      27164.376      6691.8895      33856.265      10449.746      0              2987.3098      4608.5638      9118.7565      0              0.95835483   
    380000   86951.26       605.17722      3694.9098      27021.032      6672.694       33693.726      10399.552      0              2876.894       4685.0407      9059.5459      0              0.95835483   
    390000   86951.26       600.4333       3659.3643      27169.519      6620.3874      33789.907      10456.278      0              2920.8978      4734.6796      9057.6639      0              0.95835483   
    400000   86951.26       590.68787      3341.8691      27131.288      6512.9341      33644.223      10365.966      0              2942.8508      4746.7842      9075.6878      0              0.95835483   
    410000   86951.26       596.18761      3619.4903      27049.619      6573.5744      33623.193      10388.046      0              2902.3994      4661.1787      9097.9945      0              0.95835483   
    420000   86951.26       591.70511      3656.9876      27094.991      6524.1502      33619.141      10412.995      0              2918.4809      4695.6845      9067.8305      0              0.95835483   
    430000   86951.26       600.63275      4563.9307      27318.043      6622.5866      33940.629      10681.728      0              2886.5733      4713.14        9036.6015      0              0.95835483   
    440000   86951.26       598.52317      3270.7981      27139.632      6599.3262      33738.958      10405.449      0              2950.622       4749.2944      9034.2665      0              0.95835483   
    450000   86951.26       615.59571      4901.161       26997.474      6787.5684      33785.042      10538.728      0              2858.6151      4591.6432      9008.4879      0              0.95835483   
    460000   86951.26       585.79207      3555.942       27136.145      6458.953       33595.098      10411.597      0              2977.4087      4732.0548      9015.0846      0              0.95835483   
    470000   86951.26       594.13901      2498.0727      27393.522      6550.9864      33944.509      10417.083      0              3070.6328      4795.7477      9110.0584      0              0.95835483   
    480000   86951.26       599.54403      2522.5447      27067.256      6610.5823      33677.838      10326.853      0              2972.1192      4720.1504      9048.133       0              0.95835483   
    490000   86951.26       582.4118       3330.5391      27098.232      6421.6821      33519.914      10303.37       0              3005.0235      4701.3821      9088.4561      0              0.95835483   
    500000   86951.26       597.98918      3241.9788      27142.36       6593.4384      33735.798      10494.993      0              2983.1833      4686.4982      8977.6857      0              0.95835483   
    501069   86951.26       590.76571      3788.005       27392.071      6513.7924      33905.863      10513.199      0              3036.2227      4691.3672      9151.2817      0              0.95835483   
Loop time of 308.092 on 48 procs for 500000 steps with 3700 atoms

Performance: 14.022 ns/day, 1.712 hours/ns, 1622.893 timesteps/s, 6.005 Matom-step/s
99.9% CPU use with 48 MPI tasks x 1 OpenMP threads

MPI task timing breakdown:
Section |  min time  |  avg time  |  max time  |%varavg| %total
---------------------------------------------------------------
Pair    | 74.024     | 141.53     | 235.11     | 289.5 | 45.94
Bond    | 13.804     | 25.995     | 39.194     | 101.0 |  8.44
Neigh   | 0.98382    | 0.9897     | 0.99485    |   0.3 |  0.32
Comm    | 28.4       | 134.33     | 212.98     | 336.0 | 43.60
Output  | 0.024545   | 0.046671   | 0.066003   |   5.3 |  0.02
Modify  | 2.2198     | 2.9621     | 4.0338     |  28.8 |  0.96
Other   |            | 2.242      |            |       |  0.73

Nlocal:        77.0833 ave         110 max          37 min
Histogram: 1 4 1 6 5 9 8 8 4 2
Nghost:        2710.31 ave        2826 max        2603 min
Histogram: 2 4 4 7 10 6 7 2 4 2
Neighs:        18586.3 ave       31560 max        8947 min
Histogram: 4 6 2 8 10 9 5 2 1 1

Total # of neighbors = 892142
Ave neighs/atom = 241.11946
Ave special neighs/atom = 11.898378
Neighbor list builds = 909
Dangerous builds = 0
Generated 0 of 1 mixed pair_coeff terms from geometric mixing rule
Setting up Verlet run ...
  Unit style    : real
  Current step  : 501069
  Time step     : 0.1
WARNING: Inconsistent image flags (src/domain.cpp:1051)
Per MPI rank memory allocation (min/avg/max) = 13.92 | 13.94 | 14.39 Mbytes
   Step         Volume          Temp          Press          PotEng         KinEng         TotEng         E_vdwl         E_coul         E_bond        E_angle        E_dihed        E_impro        Density    
    501069   86951.26       308            2148.9167      27392.071      3396.013       30788.084      10513.199      0              3036.2227      4691.3672      9151.2817      0              0.95835483   
    510000   86951.26       314.05809      3125.7048      23582.59       3462.8096      27045.4        9995.4519      0              1830.3644      3636.4796      8120.2944      0              0.95835483   
    520000   86951.26       307.28802      3239.7942      23695.17       3388.1627      27083.333      10075.727      0              1838.5007      3640.9855      8139.9571      0              0.95835483   
    530000   86951.26       309.02016      3447.3438      23664.905      3407.2614      27072.167      10008.509      0              1843.8924      3611.844       8200.66        0              0.95835483   
    540000   86951.26       309.44602      3038.9306      23557.173      3411.9569      26969.13       9968.5446      0              1792.364       3625.1178      8171.1465      0              0.95835483   
    550000   86951.26       309.71968      2689.7748      23559.891      3414.9743      26974.865      9905.1434      0              1890.1151      3658.5582      8106.0741      0              0.95835483   
    560000   86951.26       316.35443      3288.0376      23581.082      3488.1291      27069.211      9956.3487      0              1803.4687      3691.5607      8129.704       0              0.95835483   
    570000   86951.26       307.12803      3284.8078      23569.725      3386.3987      26956.123      9938.3936      0              1852.7201      3652.9365      8125.6745      0              0.95835483   
    580000   86951.26       304.44613      2689.7302      23477.887      3356.8281      26834.715      9943.8299      0              1812.2367      3622.2712      8099.5488      0              0.95835483   
    590000   86951.26       293.48923      3299.7729      23502.111      3236.0171      26738.128      9915.7563      0              1799.4601      3647.1641      8139.7306      0              0.95835483   
    600000   86951.26       301.70612      3240.4588      23648.135      3326.6166      26974.751      9993.2493      0              1770.7377      3676.034       8208.1136      0              0.95835483   
    610000   86951.26       302.03019      2575.1641      23561.267      3330.1898      26891.457      9897.4236      0              1856.2556      3679.1399      8128.4482      0              0.95835483   
    620000   86951.26       308.85329      3371.4195      23592.017      3405.4214      26997.439      9898.5038      0              1832.27        3693.7971      8167.4464      0              0.95835483   
    630000   86951.26       316.74795      3181.5119      23471.156      3492.4681      26963.624      9887.5385      0              1783.3166      3652.2801      8148.0204      0              0.95835483   
    640000   86951.26       303.9657       2342.7429      23545.064      3351.5308      26896.594      9875.2068      0              1869.4583      3655.0504      8145.3481      0              0.95835483   
    650000   86951.26       308.81547      3737.5604      23516.961      3405.0044      26921.965      9948.5702      0              1838.3365      3635.8249      8094.2293      0              0.95835483   
    660000   86951.26       306.53099      3422.7527      23612.48       3379.8157      26992.296      9934.5336      0              1853.0562      3651.6595      8173.2311      0              0.95835483   
    670000   86951.26       306.47069      2474.0544      23600.192      3379.1508      26979.343      9917.5683      0              1870.3573      3654.7957      8157.4708      0              0.95835483   
    680000   86951.26       299.19725      1956.0723      23489.996      3298.9538      26788.95       9785.11        0              1875.9051      3703.2216      8125.7598      0              0.95835483   
    690000   86951.26       304.07874      2387.7135      23632.562      3352.7771      26985.339      9945.7071      0              1837.2535      3650.2258      8199.3752      0              0.95835483   
    700000   86951.26       315.26239      3300.4576      23530.262      3476.0883      27006.35       9977.6288      0              1823.5587      3603.8857      8125.1883      0              0.95835483   
    710000   86951.26       307.20626      3145.7999      23567.406      3387.2612      26954.668      9905.7388      0              1819.7752      3683.2095      8158.6828      0              0.95835483   
    720000   86951.26       304.86458      3197.5355      23556.895      3361.4418      26918.336      9980.3636      0              1791.5503      3642.7823      8142.1984      0              0.95835483   
    730000   86951.26       306.29186      3114.9201      23490.288      3377.1791      26867.468      9840.3873      0              1853.3168      3675.1476      8121.4368      0              0.95835483   
    740000   86951.26       316.32391      2700.8186      23665.042      3487.7926      27152.835      9972.0708      0              1858.4608      3689.1741      8145.3365      0              0.95835483   
    750000   86951.26       302.55468      3658.3929      23555.645      3335.9729      26891.618      9944.7366      0              1858.795       3592.5818      8159.5314      0              0.95835483   
    760000   86951.26       313.0047       2153.1442      23569.892      3451.195       27021.087      9903.4782      0              1882.5879      3697.3572      8086.4685      0              0.95835483   
    770000   86951.26       301.36141      2420.6295      23558.339      3322.8159      26881.155      9825.2121      0              1909.9774      3662.4919      8160.658       0              0.95835483   
    780000   86951.26       306.52458      2639.8174      23482.548      3379.7451      26862.293      9930.8396      0              1829.79        3625.5689      8096.3495      0              0.95835483   
    790000   86951.26       309.57047      3325.0979      23576.445      3413.3291      26989.774      9986.1048      0              1819.0832      3616.7656      8154.4918      0              0.95835483   
    800000   86951.26       303.39519      2243.9221      23453.033      3345.2403      26798.273      9947.1577      0              1853.7295      3569.0914      8083.0543      0              0.95835483   
    810000   86951.26       312.7442       3280.1378      23423.901      3448.3227      26872.223      9860.134       0              1782.9168      3610.4007      8170.4491      0              0.95835483   
    820000   86951.26       306.26372      2459.1053      23606.766      3376.8688      26983.635      9954.1363      0              1883.9659      3642.7015      8125.9621      0              0.95835483   
    830000   86951.26       308.18673      2689.3095      23609.609      3398.072       27007.681      9889.6207      0              1863.6916      3698.0441      8158.253       0              0.95835483   
    840000   86951.26       303.86863      2954.5304      23482.986      3350.4605      26833.447      9917.3345      0              1826.475       3649.9914      8089.1851      0              0.95835483   
    850000   86951.26       305.66329      2627.6924      23526.227      3370.2485      26896.476      9964.5661      0              1866.3734      3598.6757      8096.6121      0              0.95835483   
    860000   86951.26       307.73322      3262.3203      23583.421      3393.0716      26976.492      9960.4862      0              1854.8957      3663.1917      8104.847       0              0.95835483   
    870000   86951.26       310.2119       2713.8481      23576.049      3420.4015      26996.45       9859.2388      0              1879.6604      3707.6216      8129.5282      0              0.95835483   
    880000   86951.26       305.62612      3276.9441      23552.64       3369.8386      26922.478      9986.3852      0              1872.4592      3571.1418      8122.6536      0              0.95835483   
    890000   86951.26       312.92999      3374.8317      23469.818      3450.3712      26920.19       9955.8837      0              1810.4802      3583.7663      8119.6881      0              0.95835483   
    900000   86951.26       305.11672      2215.4698      23528.85       3364.222       26893.072      9858.5207      0              1877.5445      3666.9844      8125.8001      0              0.95835483   
    910000   86951.26       308.05751      2619.5891      23543.279      3396.6471      26939.926      9922.041       0              1853.6285      3644.755       8122.8541      0              0.95835483   
    920000   86951.26       307.56398      3070.9549      23639.338      3391.2055      27030.544      9952.0604      0              1858.9363      3653.2589      8175.0829      0              0.95835483   
    930000   86951.26       312.50539      2777.2161      23587.726      3445.6896      27033.415      9884.0411      0              1858.3324      3666.721       8178.6311      0              0.95835483   
    940000   86951.26       305.84567      3869.7641      23564.153      3372.2594      26936.412      9951.5719      0              1800.8506      3667.9934      8143.737       0              0.95835483   
    950000   86951.26       304.95664      3747.7661      23616.257      3362.4569      26978.714      10001.403      0              1770.6143      3691.7333      8152.5068      0              0.95835483   
    960000   86951.26       307.30804      2261.9306      23660.874      3388.3834      27049.257      9953.5512      0              1929.3196      3625.0043      8152.9989      0              0.95835483   
    970000   86951.26       303.02269      2885.6294      23684.574      3341.1332      27025.707      9990.8621      0              1836.0496      3656.1817      8201.4804      0              0.95835483   
    980000   86951.26       310.84857      3595.451       23631.408      3427.4214      27058.829      9933.0033      0              1810.1985      3655.1122      8233.094       0              0.95835483   
    990000   86951.26       312.15015      2311.2666      23689.168      3441.7726      27130.94       9980.164       0              1865.2748      3646.5893      8197.1397      0              0.95835483   
   1000000   86951.26       310.21526      3294.9108      23518.387      3420.4386      26938.826      9959.6236      0              1822.6978      3617.0493      8119.0166      0              0.95835483   
   1001069   86951.26       306.47257      3328.6314      23540.024      3379.1715      26919.196      9906.8884      0              1778.062       3705.4059      8149.6678      0              0.95835483   
Loop time of 306.578 on 48 procs for 500000 steps with 3700 atoms

Performance: 14.091 ns/day, 1.703 hours/ns, 1630.906 timesteps/s, 6.034 Matom-step/s
99.9% CPU use with 48 MPI tasks x 1 OpenMP threads

MPI task timing breakdown:
Section |  min time  |  avg time  |  max time  |%varavg| %total
---------------------------------------------------------------
Pair    | 52.416     | 140.6      | 235.13     | 320.0 | 45.86
Bond    | 12.664     | 25.693     | 38.764     | 114.6 |  8.38
Neigh   | 0.56822    | 0.57095    | 0.57359    |   0.2 |  0.19
Comm    | 27.816     | 134.53     | 234.12     | 371.5 | 43.88
Output  | 0.022425   | 0.06011    | 0.081225   |   4.8 |  0.02
Modify  | 2.1235     | 2.9278     | 4.0543     |  30.0 |  0.96
Other   |            | 2.197      |            |       |  0.72

Nlocal:        77.0833 ave         109 max          37 min
Histogram: 2 3 1 3 6 12 8 6 6 1
Nghost:        2718.85 ave        2824 max        2612 min
Histogram: 2 2 6 5 7 8 11 1 2 4
Neighs:        18603.9 ave       30778 max        6697 min
Histogram: 1 5 2 4 12 11 6 4 2 1

Total # of neighbors = 892986
Ave neighs/atom = 241.34757
Ave special neighs/atom = 11.898378
Neighbor list builds = 522
Dangerous builds = 0
Generated 0 of 1 mixed pair_coeff terms from geometric mixing rule
Setting up Verlet run ...
  Unit style    : real
  Current step  : 1001069
  Time step     : 0.1
WARNING: Inconsistent image flags (src/domain.cpp:1051)
Per MPI rank memory allocation (min/avg/max) = 13.92 | 13.94 | 14.39 Mbytes
   Step         Volume          Temp          Press          PotEng         KinEng         TotEng         E_vdwl         E_coul         E_bond        E_angle        E_dihed        E_impro        Density    
   1001069   86951.26       308            3337.4854      23540.024      3396.013       26936.037      9906.8884      0              1778.062       3705.4059      8149.6678      0              0.95835483   
   1010000   91137.398      307.64355      339.73289      23189.335      3392.0828      26581.418      9493.2264      0              1921.8824      3666.5443      8107.682       0              0.91433552   
   1020000   91197.223      309.81102      352.83164      23254.893      3415.9813      26670.874      9593.2326      0              1908.7023      3634.6957      8118.2623      0              0.91373572   
   1030000   91345.704      313.54013      852.89696      23114.72       3457.0986      26571.819      9562.614       0              1823.8471      3642.3175      8085.9413      0              0.91225046   
   1040000   91733.232      304.89774      1193.3904      23253.369      3361.8075      26615.176      9609.2003      0              1852.8562      3674.683       8116.6292      0              0.90839665   
   1050000   91879.08       308.7184       1282.52        23201.184      3403.9342      26605.118      9611.2644      0              1837.8439      3684.8884      8067.1872      0              0.90695466   
   1060000   92479.776      310.23914      423.8852       23165.661      3420.7019      26586.363      9524.4584      0              1942.988       3621.3626      8076.8524      0              0.90106361   
   1070000   92717.593      304.51773      467.43394      23238.789      3357.6174      26596.406      9493.0295      0              1972.2774      3707.4305      8066.0516      0              0.89875241   
   1080000   91727.153      310.48282      1596.726       23238.45       3423.3887      26661.838      9657.4844      0              1861.7786      3679.0861      8040.1006      0              0.90845685   
   1090000   92438.808      315.16338      844.91506      23186.118      3474.9966      26661.114      9531.8348      0              1907.6174      3667.2336      8079.4317      0              0.90146295   
   1100000   93284.832      313.80936      1443.8178      23233.365      3460.0672      26693.432      9656.4113      0              1851.945       3660.6155      8064.3935      0              0.89328735   
   1110000   92763.934      304.93308      943.05784      23285.06       3362.1972      26647.257      9661.0523      0              1897.6937      3697.0107      8029.3035      0              0.89830344   
   1120000   92708.244      316.04423      537.53912      23266.883      3484.7089      26751.592      9584.8348      0              1940.3415      3700.527       8041.18        0              0.89884305   
   1130000   93323.824      302.44378      885.83611      23297.549      3334.7501      26632.299      9644.0528      0              1901.9784      3685.7529      8065.765       0              0.89291412   
   1140000   92907.048      312.21108      1046.0901      23320.074      3442.4445      26762.518      9716.19        0              1887.0119      3680.3101      8036.5618      0              0.89691969   
   1150000   92612.112      309.12578      248.27249      23228.153      3408.426       26636.579      9639.3749      0              1904.5684      3652.9315      8031.2778      0              0.89977605   
   1160000   92896.2        314.71323      832.29446      23252.34       3470.0333      26722.374      9649.4167      0              1862.9779      3711.0514      8028.8943      0              0.89702443   
   1170000   92766.183      306.31734      574.77576      23151.558      3377.46        26529.018      9603.2878      0              1849.4819      3677.8822      8020.9061      0              0.89828166   
   1180000   93234.655      310.02776      474.13042      23268.427      3418.3712      26686.799      9629.2132      0              1920.1049      3660.5536      8058.5558      0              0.8937681    
   1190000   93056.55       310.25498      1051.9721      23161.98       3420.8764      26582.856      9581.3087      0              1884.4724      3646.5809      8049.6179      0              0.89547872   
   1200000   93236.627      312.96339      1639.3724      23133.596      3450.7394      26584.335      9473.4062      0              1852.2333      3691.5779      8116.3783      0              0.89374919   
   1210000   93461.3        305.23698      1175.0306      23271.874      3365.5479      26637.422      9650.929       0              1904.4995      3658.1675      8058.2781      0              0.89160069   
   1220000   93541.683      310.08351      1248.1071      23155.946      3418.9859      26574.931      9476.6846      0              1905.671       3692.2193      8081.3706      0              0.89083453   
   1230000   93764.166      308.18098      814.35864      23327.44       3398.0086      26725.449      9589.5498      0              1877.4507      3732.0169      8128.4228      0              0.88872076   
   1240000   93879.938      307.2571       801.9616       23084.8        3387.8219      26472.622      9507.9491      0              1881.7071      3649.8657      8045.2782      0              0.8876248    
   1250000   93420.182      306.93226      1068.3605      23277.049      3384.2402      26661.29       9643.6091      0              1891.7239      3665.0075      8076.709       0              0.89199313   
   1260000   94242.241      308.40016      511.94808      23230.434      3400.4252      26630.859      9450.6969      0              1967.9572      3743.6793      8068.1005      0              0.88421243   
   1270000   93296.893      304.25224      289.94699      23224.935      3354.6902      26579.625      9548.5042      0              1921.6086      3684.3829      8070.439       0              0.89317187   
   1280000   94028.734      307.33298      924.38563      23164.205      3388.6585      26552.864      9528.5708      0              1873.3634      3677.5863      8084.6849      0              0.88622017   
   1290000   92874.825      307.82817      1436.1482      23260.925      3394.1185      26655.043      9704.0503      0              1856.8751      3665.2191      8034.7801      0              0.89723088   
   1300000   93302.248      304.26515      2088.7387      23269.275      3354.8325      26624.108      9630.4233      0              1880.8769      3664.5821      8093.393       0              0.89312061   
   1310000   94157.225      307.24448      118.24925      23107.654      3387.6827      26495.337      9433.2933      0              1893.0983      3707.1295      8074.1333      0              0.8850108    
   1320000   94188.149      308.84715      539.26966      23112.791      3405.3537      26518.145      9472.455       0              1909.3817      3642.135       8088.8196      0              0.88472022   
   1330000   93331.292      296.00617      345.71758      23221.271      3263.7689      26485.039      9552.2673      0              1895.0494      3690.275       8083.6788      0              0.89284267   
   1340000   93442.19       305.48623      1064.1296      23168.439      3368.2962      26536.735      9538.7854      0              1868.3153      3670.3773      8090.9613      0              0.89178304   
   1350000   93669.664      307.3627       891.37291      23146.97       3388.9862      26535.957      9590.6263      0              1887.0283      3666.0785      8003.2372      0              0.88961738   
   1360000   93554.451      309.11399      1289.657       23091.308      3408.2959      26499.604      9535.3458      0              1855.5545      3663.1256      8037.2823      0              0.89071295   
   1370000   94020.306      313.29279      577.22105      23085.948      3454.3714      26540.319      9461.988       0              1916.2266      3641.8769      8065.8565      0              0.88629961   
   1380000   93599.465      308.94861      1760.6583      23199.576      3406.4724      26606.049      9695.1905      0              1812.1517      3662.4735      8029.7607      0              0.89028458   
   1390000   93366.433      315.69709      324.99268      23191.3        3480.8813      26672.181      9507.0788      0              1958.9835      3659.9236      8065.3142      0              0.89250663   
   1400000   93113.996      308.41991      617.26077      23178.409      3400.643       26579.052      9524.7629      0              1877.3924      3677.2431      8099.0112      0              0.89492627   
   1410000   93867.092      318.11446      1252.7624      23126.297      3507.5352      26633.833      9451.7943      0              1927.3197      3689.2622      8057.9211      0              0.88774627   
   1420000   94318.82       302.91333      537.92877      23098.309      3339.9274      26438.236      9524.7579      0              1876.4212      3662.5211      8034.6087      0              0.88349452   
   1430000   94263.941      301.57435      314.94786      23085.201      3325.1637      26410.365      9498.0013      0              1861.1537      3685.0612      8040.9846      0              0.88400887   
   1440000   93822.347      310.65296      1292.9533      23184.56       3425.2646      26609.825      9540.5187      0              1860.9748      3722.3243      8060.7423      0              0.88816964   
   1450000   94268.57       302.38836      718.60186      23162.666      3334.139       26496.805      9462.7788      0              1922.0827      3729.8996      8047.9049      0              0.88396547   
   1460000   93586.891      306.71876      1683.155       23144.544      3381.886       26526.43       9621.1723      0              1812.3995      3678.2872      8032.6853      0              0.8904042    
   1470000   94066.976      303.11102      1258.935       23182.63       3342.1071      26524.737      9507.5312      0              1883.6929      3654.2876      8137.1183      0              0.88585989   
   1480000   93973.06       313.96124      1101.7637      23193.382      3461.7418      26655.124      9393.9422      0              1923.9088      3720.5858      8154.945       0              0.88674521   
   1490000   94558.946      312.66146      836.12255      23110.629      3447.4104      26558.039      9556.6352      0              1864.1         3616.7941      8073.0997      0              0.88125095   
   1500000   94038.737      304.1843       1181.3713      23039.937      3353.9411      26393.878      9432.1735      0              1865.8317      3686.3098      8055.6223      0              0.8861259    
   1501069   94063.064      308.04781      1145.4933      23160.799      3396.5402      26557.339      9474.4708      0              1874.8666      3719.5431      8091.9182      0              0.88589672   
Loop time of 326.133 on 48 procs for 500000 steps with 3700 atoms

Performance: 13.246 ns/day, 1.812 hours/ns, 1533.118 timesteps/s, 5.673 Matom-step/s
99.9% CPU use with 48 MPI tasks x 1 OpenMP threads

MPI task timing breakdown:
Section |  min time  |  avg time  |  max time  |%varavg| %total
---------------------------------------------------------------
Pair    | 39.245     | 134.82     | 239.26     | 349.5 | 41.34
Bond    | 12.903     | 30.48      | 48.249     | 140.6 |  9.35
Neigh   | 0.60814    | 0.61084    | 0.61325    |   0.2 |  0.19
Comm    | 28.006     | 149.29     | 261.6      | 390.1 | 45.77
Output  | 0.020849   | 0.038555   | 0.054986   |   4.8 |  0.01
Modify  | 7.8719     | 8.6037     | 9.6502     |  16.7 |  2.64
Other   |            | 2.294      |            |       |  0.70

Nlocal:        77.0833 ave         113 max          33 min
Histogram: 2 1 5 4 6 7 9 5 7 2
Nghost:         2563.1 ave        2678 max        2458 min
Histogram: 1 6 6 3 10 9 5 2 5 1
Neighs:        17217.2 ave       30174 max        6044 min
Histogram: 3 4 3 5 13 8 6 3 2 1

Total # of neighbors = 826424
Ave neighs/atom = 223.35784
Ave special neighs/atom = 11.898378
Neighbor list builds = 554
Dangerous builds = 0
Generated 0 of 1 mixed pair_coeff terms from geometric mixing rule
Setting up Verlet run ...
  Unit style    : real
  Current step  : 1501069
  Time step     : 0.1
WARNING: Inconsistent image flags (src/domain.cpp:1051)
Per MPI rank memory allocation (min/avg/max) = 13.92 | 13.95 | 14.39 Mbytes
   Step         Volume          Temp          Press          PotEng         KinEng         TotEng         E_vdwl         E_coul         E_bond        E_angle        E_dihed        E_impro        Density    
   1501069   94063.064      600            2709.8799      23160.799      6615.6098      29776.408      9474.4708      0              1874.8666      3719.5431      8091.9182      0              0.88589672   
   1510000   94063.064      596.06205      1713.5289      26661.629      6572.1899      33233.819      9940.2481      0              2946.962       4719.9169      9054.5024      0              0.88589672   
   1520000   94063.064      600.336        1270.2982      26575.861      6619.3145      33195.176      10026.296      0              3015.3902      4571.9213      8962.2542      0              0.88589672   
   1530000   94063.064      607.77485      2635.8905      26800.608      6701.3355      33501.943      10092.496      0              2993.3467      4605.854       9108.9113      0              0.88589672   
   1540000   94063.064      606.09224      1502.7991      26713.372      6682.783       33396.155      10006.765      0              3028.0595      4620.2554      9058.2928      0              0.88589672   
   1550000   94063.064      596.80455      2248.7476      26654.702      6580.3767      33235.079      10089.226      0              2875.8223      4761.6895      8927.9642      0              0.88589672   
   1560000   94063.064      598.27305      3752.8769      26672.051      6596.5685      33268.62       10149.833      0              2867.2153      4663.3716      8991.6312      0              0.88589672   
   1570000   94063.064      602.61721      3237.1228      26611.885      6644.4672      33256.353      9995.082       0              2870.058       4702.5559      9044.1895      0              0.88589672   
   1580000   94063.064      598.6046       2547.1828      26728.603      6600.2241      33328.827      10016.469      0              2940.5002      4714.2472      9057.3865      0              0.88589672   
   1590000   94063.064      597.35556      2994.8912      26735.516      6586.4522      33321.968      10073.676      0              2974.7978      4672.8177      9014.225       0              0.88589672   
   1600000   94063.064      591.90019      1845.5576      26696.32       6526.3012      33222.621      9957.8526      0              2962.0566      4694.7891      9081.6215      0              0.88589672   
   1610000   94063.064      605.79227      1845.8037      26454.263      6679.4755      33133.738      9888.5788      0              2928.375       4678.0924      8959.2164      0              0.88589672   
   1620000   94063.064      600.42522      1692.5528      26351.649      6620.2983      32971.948      9891.4218      0              2852.8854      4646.446       8960.8962      0              0.88589672   
   1630000   94063.064      590.72406      1366.3225      26345.766      6513.3332      32859.099      9892.7479      0              2886.454       4670.3825      8896.1816      0              0.88589672   
   1640000   94063.064      606.10867      1526.7331      26494.133      6682.9642      33177.097      9904.4289      0              2950.7358      4778.0435      8860.9245      0              0.88589672   
   1650000   94063.064      588.4805       2737.7526      26549.494      6488.5956      33038.089      9927.8376      0              2930.3461      4626.9279      9064.382       0              0.88589672   
   1660000   94063.064      588.17991      1743.6289      26474.364      6485.2813      32959.645      9906.8222      0              2995.0448      4635.1507      8937.346       0              0.88589672   
   1670000   94063.064      614.21525      2116.1421      26573.504      6772.3474      33345.852      9995.368       0              3026.2505      4611.9521      8939.9338      0              0.88589672   
   1680000   94063.064      616.09994      1963.0862      26512.184      6793.128       33305.312      9990.7643      0              2934.4977      4584.6826      9002.2398      0              0.88589672   
   1690000   94063.064      608.40269      2604.3315      26570.458      6708.258       33278.716      9959.4319      0              2940.8549      4684.8594      8985.3123      0              0.88589672   
   1700000   94063.064      595.102        1853.0549      26429.029      6561.6044      32990.633      9839.247       0              2918.2455      4555.8085      9115.7279      0              0.88589672   
   1710000   94063.064      585.93425      2471.6553      26622.979      6460.5206      33083.5        10122.894      0              2885.4183      4663.5962      8951.071       0              0.88589672   
   1720000   94063.064      605.74891      2468.8894      26417.17       6678.9974      33096.168      9995.2366      0              2813.4225      4640.2066      8968.3046      0              0.88589672   
   1730000   94063.064      593.61845      1897.0633      26420.3        6545.2467      32965.547      9945.4242      0              2948.129       4551.2671      8975.4797      0              0.88589672   
   1740000   94063.064      603.42358      1903.3889      26619.403      6653.3583      33272.761      9906.1482      0              2977.1625      4796.911       8939.1814      0              0.88589672   
   1750000   94063.064      598.73251      2341.1139      26656.437      6601.6344      33258.071      9975.365       0              2875.2788      4782.2266      9023.5662      0              0.88589672   
   1760000   94063.064      605.44396      1044.6825      26507.45       6675.635       33183.085      9964.1472      0              3028.3095      4635.2421      8879.7509      0              0.88589672   
   1770000   94063.064      604.44428      2452.1832      26578.542      6664.6125      33243.154      10030.868      0              2869.2504      4671.6651      9006.7588      0              0.88589672   
   1780000   94063.064      604.10256      2525.1942      26636.89       6660.8447      33297.734      10008.534      0              2888.0217      4739.64        9000.6941      0              0.88589672   
   1790000   94063.064      602.89032      2501.9227      26686.978      6647.4785      33334.456      10018.011      0              2949.6062      4697.9467      9021.4139      0              0.88589672   
   1800000   94063.064      595.77789      1852.4622      26704.433      6569.0568      33273.49       10153.629      0              2973.39        4652.7349      8924.6787      0              0.88589672   
   1810000   94063.064      599.91461      2071.0021      26596.389      6614.6684      33211.058      9971.9156      0              2956.3713      4659.8065      9008.2961      0              0.88589672   
   1820000   94063.064      599.32169      1818.4219      26401.298      6608.1308      33009.429      9891.4871      0              2878.3319      4678.5915      8952.888       0              0.88589672   
   1830000   94063.064      603.81177      2135.9128      26721.302      6657.6385      33378.941      10009.139      0              2974.1248      4739.0687      8998.9696      0              0.88589672   
   1840000   94063.064      606.24194      2118.6589      26631.388      6684.4336      33315.822      9917.2325      0              2991.4312      4740.3069      8982.4177      0              0.88589672   
   1850000   94063.064      599.25726      1599.9769      26613.572      6607.4204      33220.992      10002.238      0              3046.6462      4619.8388      8944.8493      0              0.88589672   
   1860000   94063.064      594.22385      1141.7516      26379.584      6551.9218      32931.505      9778.1199      0              2969.6406      4617.1227      9014.7004      0              0.88589672   
   1870000   94063.064      592.95413      1609.9239      26530.01       6537.922       33067.932      9905.836       0              2995.0332      4681.4612      8947.6795      0              0.88589672   
   1880000   94063.064      603.52767      1569.575       26552.79       6654.506       33207.296      9824.9543      0              2979.1852      4730.6531      9017.9975      0              0.88589672   
   1890000   94063.064      604.21272      2201.8668      26623.511      6662.0593      33285.57       9854.6827      0              2947.7463      4738.2925      9082.7892      0              0.88589672   
   1900000   94063.064      598.907        2785.9508      26661.8        6603.5583      33265.359      9899.58        0              2939.1048      4766.9541      9056.1613      0              0.88589672   
   1910000   94063.064      593.81483      1812.4924      26581.925      6547.412       33129.337      9851.0036      0              2979.2203      4687.8588      9063.8425      0              0.88589672   
   1920000   94063.064      603.74114      1207.1771      26466.513      6656.8597      33123.372      9862.0635      0              2908.5674      4648.565       9047.3169      0              0.88589672   
   1930000   94063.064      599.84248      2640.6253      26680.456      6613.873       33294.329      9855.5608      0              3034.5398      4729.0102      9061.345       0              0.88589672   
   1940000   94063.064      613.18887      2467.0934      26492.156      6761.0306      33253.186      9983.5         0              2875.746       4619.3439      9013.5657      0              0.88589672   
   1950000   94063.064      588.86038      2134.1853      26432.584      6492.7842      32925.368      9758.7325      0              2918.7324      4672.137       9082.9817      0              0.88589672   
   1960000   94063.064      599.42342      1481.3909      26628.472      6609.2524      33237.724      9923.6664      0              2987.8754      4708.3307      9008.5996      0              0.88589672   
   1970000   94063.064      605.60447      1879.847       26358.85       6677.4048      33036.255      9756.2179      0              2943.6452      4672.9429      8986.0442      0              0.88589672   
   1980000   94063.064      612.19399      246.5943       26392.998      6750.0609      33143.059      9696.907       0              3029.7819      4601.9783      9064.3308      0              0.88589672   
   1990000   94063.064      593.52559      1287.9164      26436.135      6544.2229      32980.358      9757.2024      0              2967.5194      4640.7533      9070.6603      0              0.88589672   
   2000000   94063.064      608.65197      2529.6429      26362.391      6711.0066      33073.398      9843.6844      0              2856.2331      4718.3806      8944.093       0              0.88589672   
   2001069   94063.064      604.35411      1923.3175      26662.141      6663.6183      33325.759      9810.6775      0              2926.0813      4866.787       9058.5954      0              0.88589672   
Loop time of 306.205 on 48 procs for 500000 steps with 3700 atoms

Performance: 14.108 ns/day, 1.701 hours/ns, 1632.892 timesteps/s, 6.042 Matom-step/s
99.9% CPU use with 48 MPI tasks x 1 OpenMP threads

MPI task timing breakdown:
Section |  min time  |  avg time  |  max time  |%varavg| %total
---------------------------------------------------------------
Pair    | 19.935     | 128.38     | 233.38     | 345.3 | 41.92
Bond    | 7.472      | 25.488     | 40.626     | 120.2 |  8.32
Neigh   | 0.96214    | 0.96716    | 0.97183    |   0.3 |  0.32
Comm    | 27.031     | 146.26     | 271.27     | 368.4 | 47.76
Output  | 0.02149    | 0.039534   | 0.055946   |   4.7 |  0.01
Modify  | 2.1308     | 2.9242     | 4.2035     |  31.7 |  0.95
Other   |            | 2.152      |            |       |  0.70

Nlocal:        77.0833 ave         118 max          23 min
Histogram: 1 2 0 7 6 6 12 11 2 1
Nghost:        2556.79 ave        2708 max        2444 min
Histogram: 3 8 6 7 4 8 6 1 2 3
Neighs:        17178.4 ave       31627 max        3163 min
Histogram: 1 2 5 7 6 14 8 4 0 1

Total # of neighbors = 824565
Ave neighs/atom = 222.85541
Ave special neighs/atom = 11.898378
Neighbor list builds = 893
Dangerous builds = 0
Generated 0 of 1 mixed pair_coeff terms from geometric mixing rule
Setting up Verlet run ...
  Unit style    : real
  Current step  : 2001069
  Time step     : 0.1
WARNING: Inconsistent image flags (src/domain.cpp:1051)
Per MPI rank memory allocation (min/avg/max) = 13.92 | 13.95 | 14.39 Mbytes
   Step         Volume          Temp          Press          PotEng         KinEng         TotEng         E_vdwl         E_coul         E_bond        E_angle        E_dihed        E_impro        Density    
   2001069   94063.064      308            335.34378      26662.141      3396.013       30058.154      9810.6775      0              2926.0813      4866.787       9058.5954      0              0.88589672   
   2010000   94063.064      315.25923      2205.1712      23049.239      3476.0534      26525.292      9421.8454      0              1808.2775      3685.7221      8133.3939      0              0.88589672   
   2020000   94063.064      308.74804      1996.2541      23025.955      3404.2609      26430.216      9523.6773      0              1865.3485      3598.3828      8038.5463      0              0.88589672   
   2030000   94063.064      312.67742      1876.8951      23052.137      3447.5864      26499.724      9448.3141      0              1895.425       3669.5298      8038.8681      0              0.88589672   
   2040000   94063.064      305.40016      1798.8857      22937.433      3367.3472      26304.78       9377.3231      0              1884.5271      3596.4562      8079.1268      0              0.88589672   
   2050000   94063.064      302.2592       2283.6437      22922.939      3332.7149      26255.654      9468.4473      0              1801.6257      3619.6474      8033.2186      0              0.88589672   
   2060000   94063.064      305.54625      1590.8723      22928.428      3368.958       26297.386      9352.5972      0              1858.7574      3597.4372      8119.6365      0              0.88589672   
   2070000   94063.064      307.57165      930.80431      22950.664      3391.29        26341.954      9399.7983      0              1902.0303      3605.2131      8043.6225      0              0.88589672   
   2080000   94063.064      307.78462      1670.8319      22924.23       3393.6383      26317.868      9422.7181      0              1816.3847      3631.0284      8054.0989      0              0.88589672   
   2090000   94063.064      305.58301      827.42353      22990.824      3369.3632      26360.187      9414.3041      0              1842.3169      3699.6127      8034.5905      0              0.88589672   
   2100000   94063.064      311.92573      1718.3076      22930.753      3439.2982      26370.051      9441.4261      0              1836.843       3655.727       7996.7565      0              0.88589672   
   2110000   94063.064      309.40993      1855.1495      22918.71       3411.5589      26330.269      9334.2874      0              1858.1705      3660.0298      8066.2221      0              0.88589672   
   2120000   94063.064      311.8658       2221.0996      22917.642      3438.6374      26356.28       9426.425       0              1801.9927      3640.2727      8048.9519      0              0.88589672   
   2130000   94063.064      314.28924      1332.1846      22890.533      3465.3583      26355.891      9345.2514      0              1857.1229      3592.0692      8096.0894      0              0.88589672   
   2140000   94063.064      299.51327      1545.9364      23020.068      3302.4382      26322.506      9448.0639      0              1914.7172      3638.2048      8019.0818      0              0.88589672   
   2150000   94063.064      303.87158      1089.9455      22933.191      3350.493       26283.684      9311.3984      0              1874.9569      3662.8442      8083.9912      0              0.88589672   
   2160000   94063.064      301.06127      1016.8116      22916.528      3319.5065      26236.035      9373.2071      0              1928.0488      3571.458       8043.8144      0              0.88589672   
   2170000   94063.064      308.51414      2064.4415      22979.805      3401.682       26381.487      9424.2251      0              1815.4232      3604.3049      8135.8516      0              0.88589672   
   2180000   94063.064      307.0107       1441.6682      22857.354      3385.105       26242.459      9434.3376      0              1826.3457      3540.912       8055.7582      0              0.88589672   
   2190000   94063.064      310.87481      1754.3211      22932.227      3427.7107      26359.938      9317.9472      0              1857.3172      3692.0109      8064.9517      0              0.88589672   
   2200000   94063.064      306.59451      1498.0558      22839.581      3380.5161      26220.097      9420.0221      0              1857.3937      3548.1608      8014.0048      0              0.88589672   
   2210000   94063.064      315.05178      1122.7435      22842.715      3473.766       26316.481      9351.1169      0              1837.0506      3562.768       8091.7798      0              0.88589672   
   2220000   94063.064      311.70923      820.12754      23017.4        3436.9111      26454.311      9403.8616      0              1882.812       3621.3774      8109.3489      0              0.88589672   
   2230000   94063.064      307.78649      1177.2943      22851.752      3393.6589      26245.411      9340.2868      0              1855.2976      3641.7244      8014.4429      0              0.88589672   
   2240000   94063.064      314.45471      1136.6576      22892.51       3467.1827      26359.693      9302.9087      0              1852.4729      3641.125       8096.0037      0              0.88589672   
   2250000   94063.064      301.17097      1509.0672      22928.452      3320.7161      26249.168      9359.3271      0              1834.8202      3615.519       8118.7853      0              0.88589672   
   2260000   94063.064      306.35572      1048.0908      22889.582      3377.8832      26267.465      9285.4943      0              1925.8659      3641.3174      8036.904       0              0.88589672   
   2270000   94063.064      309.40414      1169.3851      22901.435      3411.4952      26312.93       9305.9334      0              1835.6578      3667.9324      8091.9118      0              0.88589672   
   2280000   94063.064      310.89486      1599.3046      22865.15       3427.9318      26293.082      9277.3007      0              1855.6728      3647.8151      8084.3616      0              0.88589672   
   2290000   94063.064      304.60638      1527.8794      22879.952      3358.595       26238.547      9370.4262      0              1824.8789      3606.1702      8078.4765      0              0.88589672   
   2300000   94063.064      304.41406      813.16212      22893.925      3356.4744      26250.399      9280.3692      0              1892.2985      3691.2427      8030.0146      0              0.88589672   
   2310000   94063.064      315.91544      2055.3379      22925.236      3483.2888      26408.525      9429.9934      0              1820.2117      3661.7148      8013.3165      0              0.88589672   
   2320000   94063.064      303.49282      1615.4016      22902.028      3346.3168      26248.345      9314.993       0              1853.9326      3615.9743      8117.1284      0              0.88589672   
   2330000   94063.064      316.55841      2025.5446      22871.46       3490.3782      26361.838      9328.3698      0              1807.8266      3699.2142      8036.0495      0              0.88589672   
   2340000   94063.064      312.9819       695.21248      22958.553      3450.9436      26409.497      9356.7642      0              1911.7897      3662.6804      8027.3192      0              0.88589672   
   2350000   94063.064      307.12194      1837.6691      22974.468      3386.3315      26360.8        9392.1798      0              1869.3273      3699.7454      8013.2156      0              0.88589672   
   2360000   94063.064      317.54191      1632.8927      22906.59       3501.2223      26407.813      9359.6378      0              1852.4192      3648.8847      8045.6485      0              0.88589672   
   2370000   94063.064      312.68518      1035.5126      22999.457      3447.6719      26447.129      9347.8625      0              1916.2295      3644.3395      8091.0259      0              0.88589672   
   2380000   94063.064      306.53289      1371.2061      22918.131      3379.8367      26297.968      9364.524       0              1870.1122      3628.8106      8054.6843      0              0.88589672   
   2390000   94063.064      309.10544      1628.2676      22876.038      3408.2016      26284.239      9370.5914      0              1863.6028      3640.0809      8001.7627      0              0.88589672   
   2400000   94063.064      310.9152       1893.2584      22969.324      3428.1561      26397.481      9339.6521      0              1867.1951      3648.8596      8113.6176      0              0.88589672   
   2410000   94063.064      305.34108      1466.7119      22917.483      3366.6957      26284.179      9366.5648      0              1859.8345      3680.1401      8010.9437      0              0.88589672   
   2420000   94063.064      301.45952      908.58479      22932.199      3323.8976      26256.096      9341.0371      0              1831.7693      3690.8395      8068.5527      0              0.88589672   
   2430000   94063.064      303.68731      1070.9849      22871.528      3348.4613      26219.99       9306.4491      0              1851.1531      3667.7391      8046.1871      0              0.88589672   
   2440000   94063.064      307.40109      1505.2967      22814.61       3389.4095      26204.019      9317.8803      0              1825.0451      3586.0147      8085.6696      0              0.88589672   
   2450000   94063.064      316.10421      873.97332      22898.704      3485.3702      26384.074      9323.7047      0              1885.2877      3657.207       8032.5042      0              0.88589672   
   2460000   94063.064      319.74258      1887.9233      22882.875      3525.487       26408.362      9423.4745      0              1830.7662      3586.5841      8042.0506      0              0.88589672   
   2470000   94063.064      314.80722      1442.1747      22934.216      3471.0696      26405.286      9277.5337      0              1903.6735      3647.843       8105.1661      0              0.88589672   
   2480000   94063.064      304.78964      1852.3123      22904.895      3360.6155      26265.51       9354.499       0              1869.6644      3630.0994      8050.6318      0              0.88589672   
   2490000   94063.064      302.04168      1054.6394      22909.244      3330.3165      26239.56       9320.9662      0              1842.9483      3658.9748      8086.3546      0              0.88589672   
   2500000   94063.064      306.38322      1331.389       22985.553      3378.1864      26363.739      9443.1071      0              1883.6169      3596.9514      8061.8776      0              0.88589672   
   2510000   94063.064      312.89346      1859.5038      22853.057      3449.9684      26303.026      9330.2007      0              1848.018       3649.4762      8025.3623      0              0.88589672   
   2520000   94063.064      310.4654       2273.5117      22936.923      3423.1965      26360.119      9322.8092      0              1877.1953      3678.3938      8058.5246      0              0.88589672   
   2530000   94063.064      307.69901      1478.4748      22978.21       3392.6944      26370.904      9357.9435      0              1892.5503      3661.5987      8066.1172      0              0.88589672   
   2540000   94063.064      311.37094      1600.8086      22996.204      3433.1811      26429.385      9392.6833      0              1871.7622      3649.9914      8081.7673      0              0.88589672   
   2550000   94063.064      310.27278      1378.5355      22972.754      3421.0727      26393.826      9352.2252      0              1908.2029      3658.1437      8054.1818      0              0.88589672   
   2560000   94063.064      303.65657      2200.3954      22923.176      3348.1223      26271.298      9390.0483      0              1872.7852      3629.9022      8030.4402      0              0.88589672   
   2570000   94063.064      306.69755      1264.2083      22971.711      3381.6522      26353.363      9327.0268      0              1860.5835      3701.8595      8082.2411      0              0.88589672   
   2580000   94063.064      308.73743      1585.8855      22921.718      3404.144       26325.862      9406.9835      0              1840.9436      3619.5411      8054.2498      0              0.88589672   
   2590000   94063.064      307.47734      1341.2986      22903.013      3390.2502      26293.264      9350.4693      0              1890.0487      3595.0585      8067.4368      0              0.88589672   
   2600000   94063.064      304.38736      1043.8139      22902.51       3356.18        26258.69       9316.8272      0              1858.3509      3677.9117      8049.4201      0              0.88589672   
   2610000   94063.064      311.2769       1075.5728      22914.806      3432.1442      26346.95       9275.9844      0              1910.6196      3648.7701      8079.4315      0              0.88589672   
   2620000   94063.064      308.97503      1836.0037      22895.461      3406.7637      26302.224      9317.1173      0              1802.164       3652.2705      8123.9088      0              0.88589672   
   2630000   94063.064      300.88566      1141.1959      22931.151      3317.5702      26248.721      9245.1076      0              1885.818       3704.7176      8095.5079      0              0.88589672   
   2640000   94063.064      302.44425      2050.0156      22857.119      3334.7553      26191.875      9407.9045      0              1746.4604      3635.4896      8067.2649      0              0.88589672   
   2650000   94063.064      306.18548      1416.9916      22895.69       3376.0061      26271.696      9272.1946      0              1831.6468      3646.9851      8144.8632      0              0.88589672   
   2660000   94063.064      299.91646      1330.4238      22891.366      3306.8838      26198.25       9358.5885      0              1869.1111      3575.234       8088.4327      0              0.88589672   
   2670000   94063.064      307.41052      1035.2985      23048.035      3389.5135      26437.548      9428.8477      0              1885.7424      3641.0863      8092.3582      0              0.88589672   
   2680000   94063.064      313.69906      1975.0359      22976.755      3458.851       26435.606      9343.6042      0              1853.2159      3652.2702      8127.665       0              0.88589672   
   2690000   94063.064      309.64292      451.77313      23017.03       3414.1279      26431.158      9266.0385      0              1941.241       3720.6276      8089.123       0              0.88589672   
   2700000   94063.064      310.45008      1466.6418      22975.694      3423.0277      26398.722      9387.9923      0              1860.6074      3611.4044      8115.6903      0              0.88589672   
   2710000   94063.064      310.96424      1108.3084      22877.441      3428.6968      26306.138      9322.5925      0              1819.719       3651.3385      8083.7911      0              0.88589672   
   2720000   94063.064      310.33436      931.34767      22940.824      3421.7517      26362.576      9264.7382      0              1873.3545      3699.787       8102.9447      0              0.88589672   
   2730000   94063.064      307.27302      976.45072      22935.582      3387.9973      26323.579      9302.2821      0              1904.7592      3703.05        8025.4908      0              0.88589672   
   2740000   94063.064      306.86397      1045.406       22913.603      3383.4872      26297.09       9380.5853      0              1870.5642      3633.9981      8028.4553      0              0.88589672   
   2750000   94063.064      311.69482      1598.6481      22984.622      3436.7522      26421.374      9380.4896      0              1839.4608      3688.2754      8076.3963      0              0.88589672   
   2760000   94063.064      309.8545       1261.0926      22849.013      3416.4608      26265.474      9293.3289      0              1845.0274      3634.6717      8075.9848      0              0.88589672   
   2770000   94063.064      317.70785      1523.0624      22953.16       3503.052       26456.212      9338.9747      0              1849.8272      3681.6067      8082.751       0              0.88589672   
   2780000   94063.064      306.79895      1915.9588      22985.064      3382.7703      26367.834      9362.5636      0              1826.118       3667.7405      8128.6415      0              0.88589672   
   2790000   94063.064      305.25399      1783.3774      22970.581      3365.7355      26336.316      9451.437       0              1827.1915      3623.3539      8068.5984      0              0.88589672   
   2800000   94063.064      311.58361      1157.8398      22897.462      3435.526       26332.988      9322.3187      0              1856.5298      3656.637       8061.9767      0              0.88589672   
   2810000   94063.064      308.25702      1051.6502      22990.024      3398.8469      26388.871      9324.1572      0              1913.9601      3703.9829      8047.9238      0              0.88589672   
   2820000   94063.064      310.34844      1201.9509      22937.847      3421.907       26359.754      9314.5486      0              1843.8114      3666.0099      8113.4768      0              0.88589672   
   2830000   94063.064      303.96231      1835.6436      23014.03       3351.4934      26365.523      9364.727       0              1880.8644      3668.08        8100.3583      0              0.88589672   
   2840000   94063.064      303.868        1715.2699      22868.168      3350.4535      26218.622      9295.6207      0              1837.7365      3654.2941      8080.5169      0              0.88589672   
   2850000   94063.064      307.3454       956.1595       22953.586      3388.7954      26342.381      9349.6552      0              1878.5142      3682.085       8043.3311      0              0.88589672   
   2860000   94063.064      305.01859      1402.7766      22809.707      3363.1399      26172.847      9320.0814      0              1806.9798      3600.2101      8082.4359      0              0.88589672   
   2870000   94063.064      310.51842      1527.6542      22876.7        3423.7811      26300.481      9279.8607      0              1834.9332      3668.8376      8093.0687      0              0.88589672   
   2880000   94063.064      308.53049      673.24147      22990.451      3401.8622      26392.313      9399.6607      0              1898.5669      3634.2169      8058.0064      0              0.88589672   
   2890000   94063.064      315.31677      2149.0142      22961.129      3476.6878      26437.817      9399.07        0              1861.9453      3642.6459      8057.4676      0              0.88589672   
   2900000   94063.064      308.53168      745.69917      22860.548      3401.8754      26262.423      9270.7593      0              1889.2721      3657.5344      8042.9817      0              0.88589672   
   2910000   94063.064      311.93754      1649.0361      22855.393      3439.4284      26294.822      9300.6932      0              1865.9286      3638.0711      8050.7002      0              0.88589672   
   2920000   94063.064      313.96855      1616.3871      22929.653      3461.8223      26391.475      9333.6369      0              1856.5423      3637.3675      8102.1063      0              0.88589672   
   2930000   94063.064      300.60837      1335.5321      22871.547      3314.5128      26186.06       9349.1753      0              1883.5688      3579.5041      8059.299       0              0.88589672   
   2940000   94063.064      306.99431      1522.7922      22970.25       3384.9242      26355.174      9384.4769      0              1860.4782      3645.9524      8079.3421      0              0.88589672   
   2950000   94063.064      312.56943      1236.7778      22911.023      3446.3956      26357.418      9331.0631      0              1836.6544      3651.0438      8092.2614      0              0.88589672   
   2960000   94063.064      306.14424      1214.3589      23004.487      3375.5514      26380.039      9388.1436      0              1872.1957      3679.2258      8064.9221      0              0.88589672   
   2970000   94063.064      313.15875      1302.312       22953.165      3452.8935      26406.058      9368.224       0              1817.1337      3674.6073      8093.1997      0              0.88589672   
   2980000   94063.064      313.41064      1110.3429      22903.28       3455.6709      26358.951      9299.5379      0              1857.0239      3655.5524      8091.1658      0              0.88589672   
   2990000   94063.064      312.45502      1210.6829      22799.641      3445.1342      26244.775      9305.6719      0              1853.4421      3643.2887      7997.2379      0              0.88589672   
   3000000   94063.064      304.29095      952.68323      22888.213      3355.117       26243.33       9323.5128      0              1854.4467      3666.8664      8043.3873      0              0.88589672   
   3001069   94063.064      307.79111      1101.2366      22838.361      3393.7098      26232.071      9233.0603      0              1827.5799      3683.9248      8093.7957      0              0.88589672   
Loop time of 611.913 on 48 procs for 1000000 steps with 3700 atoms

Performance: 14.120 ns/day, 1.700 hours/ns, 1634.220 timesteps/s, 6.047 Matom-step/s
99.9% CPU use with 48 MPI tasks x 1 OpenMP threads

MPI task timing breakdown:
Section |  min time  |  avg time  |  max time  |%varavg| %total
---------------------------------------------------------------
Pair    | 36.311     | 257.34     | 467.1      | 492.5 | 42.05
Bond    | 12.747     | 50.998     | 81.299     | 171.0 |  8.33
Neigh   | 1.1225     | 1.1287     | 1.1338     |   0.3 |  0.18
Comm    | 53.973     | 292.23     | 548.51     | 525.4 | 47.76
Output  | 0.041022   | 0.07581    | 0.10849    |   6.7 |  0.01
Modify  | 4.1678     | 5.8269     | 8.425      |  45.7 |  0.95
Other   |            | 4.32       |            |       |  0.71

Nlocal:        77.0833 ave         115 max          27 min
Histogram: 1 2 0 7 4 13 6 10 4 1
Nghost:        2551.17 ave        2707 max        2425 min
Histogram: 2 6 7 8 6 7 5 1 3 3
Neighs:        17156.3 ave       30472 max        3721 min
Histogram: 1 2 5 5 12 7 9 5 1 1

Total # of neighbors = 823502
Ave neighs/atom = 222.56811
Ave special neighs/atom = 11.898378
Neighbor list builds = 1051
Dangerous builds = 0
Generated 0 of 1 mixed pair_coeff terms from geometric mixing rule
Setting up Verlet run ...
  Unit style    : real
  Current step  : 3001069
  Time step     : 0.1
WARNING: Inconsistent image flags (src/domain.cpp:1051)
Per MPI rank memory allocation (min/avg/max) = 13.92 | 13.95 | 14.39 Mbytes
   Step         Volume          Temp          Press          PotEng         KinEng         TotEng         E_vdwl         E_coul         E_bond        E_angle        E_dihed        E_impro        Density    
   3001069   94063.064      308            1102.3559      22838.361      3396.013       26234.374      9233.0603      0              1827.5799      3683.9248      8093.7957      0              0.88589672   
   3010000   62240.197      311.98871      29082.57       28700.287      3439.9926      32140.279      14243.275      0              1463.3165      3771.7642      9221.9308      0              1.338848     
   3020000   59514.062      306.95335      31299.709      28993.904      3384.4727      32378.376      13927.449      0              1622.1194      3934.1115      9510.2238      0              1.400176     
   3030000   59585.437      303.91984      28566.11       28551.252      3351.0252      31902.277      13379.676      0              1705.2949      3937.0905      9529.1901      0              1.3984988    
   3040000   59218.892      302.40104      30035.508      28816.682      3334.2788      32150.961      13534.508      0              1724.6602      3967.961       9589.553       0              1.407155     
   3050000   58993.278      302.87638      29666.593      28967.355      3339.5199      32306.875      13581.371      0              1775.5878      4016.5327      9593.8637      0              1.4125365    
   3060000   58748.071      310.44858      30600.686      28861.6        3423.0111      32284.611      13462.456      0              1794.1068      3992.3881      9612.6494      0              1.4184323    
   3070000   58678.328      303.62955      29960.022      28815.808      3347.8244      32163.633      13397.304      0              1709.4909      3966.9783      9742.0353      0              1.4201182    
   3080000   58710.272      309.09877      28846.371      28900.326      3408.1281      32308.454      13324.939      0              1809.8497      4094.9085      9670.6286      0              1.4193455    
   3090000   58484.953      309.19463      31254.717      29005.176      3409.1851      32414.361      13522.258      0              1719.1979      4007.5253      9756.1949      0              1.4248137    
   3100000   58815.295      310.33733      30440.544      28784.174      3421.7845      32205.959      13324.154      0              1711.3205      4042.9028      9705.7974      0              1.4168111    
   3110000   58509.408      312.34358      30402.055      28887.859      3443.9054      32331.764      13417.555      0              1700.4722      4029.9212      9739.9103      0              1.4242181    
   3120000   58729.335      312.51552      29474.508      28715.367      3445.8012      32161.168      13314.857      0              1763.1347      3963.0261      9674.3489      0              1.4188848    
   3130000   58792.309      308.81694      27915.936      28875.867      3405.0206      32280.888      13322.126      0              1761.5772      4040.7673      9751.3969      0              1.417365     
   3140000   58720.063      309.57759      29495.717      28742.815      3413.4075      32156.222      13288.659      0              1733.7799      4039.7927      9680.5837      0              1.4191088    
   3150000   58530.291      314.41974      29968.022      28929.704      3466.7972      32396.502      13405.859      0              1767.7714      4017.7551      9738.3194      0              1.42371      
   3160000   58494.899      311.0512       29322.113      28950.402      3429.6557      32380.058      13474.561      0              1801.4041      4026.6382      9647.7995      0              1.4245714    
   3170000   58459.267      302.54526      28610.273      28993.883      3335.869       32329.752      13433.642      0              1839.389       4027.3054      9693.5463      0              1.4254397    
   3180000   58385.599      308.03968      30600.242      29013.94       3396.4506      32410.391      13437.352      0              1750.0267      4013.7643      9812.7979      0              1.4272382    
   3190000   58400.678      307.75662      29879.743      29010.53       3393.3295      32403.859      13517.279      0              1752.7119      4025.8055      9714.7333      0              1.4268697    
   3200000   58396.653      306.90186      28243.329      29038.06       3383.905       32421.965      13431.986      0              1796.1364      4008.445       9801.4923      0              1.4269681    
   3210000   58382.108      309.52684      30744.982      29029.653      3412.848       32442.501      13471.022      0              1752.4845      4010.8325      9795.3144      0              1.4273236    
   3220000   58354.453      306.57433      28412.154      29006.754      3380.2935      32387.048      13309.069      0              1821.3322      4038.3909      9837.9625      0              1.428        
   3230000   58222.499      300.01437      30329.757      29145.958      3307.9634      32453.921      13460.146      0              1787.2452      4061.8683      9836.6979      0              1.4312364    
   3240000   58014.146      310.11584      31328.952      29146.182      3419.3423      32565.524      13510.834      0              1760.0777      4017.552       9857.7175      0              1.4363766    
   3250000   58211.364      314.54935      29993.421      29062.061      3468.2263      32530.288      13399.846      0              1756.1372      4048.2943      9857.7841      0              1.4315102    
   3260000   58057.724      303.81972      30697.828      29025.253      3349.9212      32375.175      13401.196      0              1790.9868      4006.0356      9827.0351      0              1.4352984    
   3270000   58150.956      305.01207      29338.391      29005.331      3363.0681      32368.399      13377.078      0              1719.3024      4038.6614      9870.2895      0              1.4329973    
   3280000   57917.318      314.94631      30271.21       29155.737      3472.6032      32628.34       13422.234      0              1808.4905      4014.2389      9910.7733      0              1.438778     
   3290000   58018.29       303.74077      29942.866      28947.857      3349.0507      32296.908      13271.725      0              1786.2821      3979.8151      9910.0355      0              1.436274     
   3300000   58151.649      308.85461      29007.003      29068.821      3405.436       32474.257      13386.171      0              1754.987       4103.351       9824.3119      0              1.4329802    
   3310000   58275.517      310.77113      29456.51       28907.341      3426.5676      32333.909      13192.901      0              1770.2997      4034.8907      9909.2494      0              1.4299343    
   3320000   58019.806      307.46294      31967.282      29036.333      3390.0914      32426.424      13441.82       0              1713.8297      4039.9739      9840.7096      0              1.4362365    
   3330000   58241.116      300.38838      28156.06       28948.546      3312.0872      32260.633      13244.397      0              1768.9334      4058.944       9876.2717      0              1.4307789    
   3340000   58183.787      310.39324      28983.14       28951.09       3422.4009      32373.491      13348.682      0              1734.2437      4070.5943      9797.5707      0              1.4321887    
   3350000   58162.331      310.00069      29324.299      28900.641      3418.0726      32318.713      13249.576      0              1769.1344      4076.5947      9805.3354      0              1.432717     
   3360000   58108.367      304.37458      30483.959      29075.85       3356.0391      32431.889      13466.118      0              1756.4435      3965.4897      9887.7983      0              1.4340475    
   3370000   58202.556      308.14118      29872.51       29069.248      3397.5697      32466.818      13386.095      0              1770.2339      4050.7841      9862.1348      0              1.4317268    
   3380000   58255.931      308.66261      30302.526      28844.666      3403.319       32247.985      13274.781      0              1729.9794      3977.2904      9862.6147      0              1.4304151    
   3390000   58099.927      303.36837      29972.465      28963.772      3344.9446      32308.717      13382.29       0              1745.2738      4065.2019      9771.0062      0              1.4342559    
   3400000   58193.046      308.56149      31365.801      29019.403      3402.2041      32421.607      13384.904      0              1779.7891      4060.3655      9794.3438      0              1.4319608    
   3410000   58050.626      301.62336      29135.087      28960.194      3325.7041      32285.898      13320.409      0              1827.5367      3985.6608      9826.5875      0              1.4354739    
   3420000   58101.895      310.61655      30118.373      29130.456      3424.8631      32555.319      13470.093      0              1803.0933      4067.3746      9789.8957      0              1.4342073    
   3430000   57936.404      304.97588      29783.079      29049.969      3362.6691      32412.639      13428.577      0              1807.8718      4011.9684      9801.5526      0              1.438304     
   3440000   58039.875      307.56387      30153.562      29034.127      3391.2042      32425.331      13401.007      0              1750.9241      4054.7356      9827.4607      0              1.4357398    
   3450000   57977.498      308.48941      30650.836      29046.453      3401.4093      32447.862      13393.783      0              1724.7851      4005.9392      9921.9453      0              1.4372845    
   3460000   58019.478      303.61505      30149.818      29095.598      3347.6646      32443.262      13417.326      0              1788.0955      4006.3545      9883.8217      0              1.4362446    
   3470000   58089.824      304.59884      30367.033      28976.243      3358.5118      32334.755      13376.796      0              1730.9716      4029.6767      9838.7992      0              1.4345053    
   3480000   58124.875      304.84673      29298.113      29010.046      3361.245       32371.291      13323.439      0              1792.8893      4034.1403      9859.5781      0              1.4336402    
   3490000   58073.558      304.1141       29534.69       28973.742      3353.167       32326.909      13356.28       0              1767.6755      4022.9383      9826.8483      0              1.4349071    
   3500000   58106.037      304.8289       29838.017      28977.163      3361.0484      32338.211      13380.563      0              1735.1594      3969.2576      9892.1827      0              1.434105     
   3501069   58028.71       306.18371      30622.024      29123.825      3375.9866      32499.812      13456.111      0              1789.4344      4012.128       9866.1516      0              1.4360161    
Loop time of 359.004 on 48 procs for 500000 steps with 3700 atoms

Performance: 12.033 ns/day, 1.994 hours/ns, 1392.740 timesteps/s, 5.153 Matom-step/s
99.9% CPU use with 48 MPI tasks x 1 OpenMP threads

MPI task timing breakdown:
Section |  min time  |  avg time  |  max time  |%varavg| %total
---------------------------------------------------------------
Pair    | 184.71     | 218.86     | 266.86     | 122.4 | 60.96
Bond    | 24.84      | 31.124     | 39.26      |  50.6 |  8.67
Neigh   | 0.55908    | 0.5613     | 0.56339    |   0.2 |  0.16
Comm    | 40.399     | 96.286     | 134.22     | 207.1 | 26.82
Output  | 0.021162   | 0.039028   | 0.055224   |   4.7 |  0.01
Modify  | 8.8709     | 9.282      | 10.007     |   9.6 |  2.59
Other   |            | 2.854      |            |       |  0.80

Nlocal:        77.0833 ave          92 max          66 min
Histogram: 5 5 2 6 12 7 7 1 1 2
Nghost:        3638.71 ave        3666 max        3604 min
Histogram: 2 2 2 8 3 8 7 9 3 4
Neighs:        27948.1 ave       35778 max       22786 min
Histogram: 4 7 3 12 8 6 6 1 0 1

Total # of neighbors = 1341510
Ave neighs/atom = 362.57027
Ave special neighs/atom = 11.898378
Neighbor list builds = 452
Dangerous builds = 0
Generated 0 of 1 mixed pair_coeff terms from geometric mixing rule
Setting up Verlet run ...
  Unit style    : real
  Current step  : 3501069
  Time step     : 0.1
WARNING: Inconsistent image flags (src/domain.cpp:1051)
Per MPI rank memory allocation (min/avg/max) = 13.94 | 13.97 | 14.4 Mbytes
   Step         Volume          Temp          Press          PotEng         KinEng         TotEng         E_vdwl         E_coul         E_bond        E_angle        E_dihed        E_impro        Density    
   3501069   58028.71       600            33174.046      29123.825      6615.6098      35739.435      13456.111      0              1789.4344      4012.128       9866.1516      0              1.4360161    
   3510000   58028.71       603.98118      33420.525      32621.443      6659.5064      39280.95       14046.191      0              2766.3395      5046.3252      10762.588      0              1.4360161    
   3520000   58028.71       591.55181      32797.097      32388.754      6522.4599      38911.214      13843.741      0              2622.8375      5111.5238      10810.652      0              1.4360161    
   3530000   58028.71       593.75778      32186.855      32292.104      6546.783       38838.887      13821.859      0              2707.3577      4972.141       10790.746      0              1.4360161    
   3540000   58028.71       606.36903      29674.626      32485.548      6685.8348      39171.383      13852.311      0              2727.3033      5004.079       10901.854      0              1.4360161    
   3550000   58028.71       593.32649      31937.705      32485.267      6542.0275      39027.295      13802.796      0              2811.1492      5100.1499      10771.172      0              1.4360161    
   3560000   58028.71       619.69669      31380.423      32437.59       6832.7859      39270.376      13738.447      0              2837.3512      5029.8586      10831.934      0              1.4360161    
   3570000   58028.71       611.64356      31877.745      32449.126      6743.9919      39193.118      13815.139      0              2758.7523      5086.7407      10788.494      0              1.4360161    
   3580000   58028.71       594.40108      31469.404      32326.22       6553.876       38880.096      13723.177      0              2780.07        5075.1927      10747.78       0              1.4360161    
   3590000   58028.71       598.9146       30096.699      32217.981      6603.6421      38821.623      13688.655      0              2829.7963      5030.4381      10669.092      0              1.4360161    
   3600000   58028.71       595.61716      31192.134      32255.967      6567.2846      38823.252      13633.857      0              2768.2805      5032.398       10821.432      0              1.4360161    
   3610000   58028.71       601.7403       29154.075      32031.294      6634.7984      38666.093      13571.238      0              2758.2452      5021.6007      10680.21       0              1.4360161    
   3620000   58028.71       607.92543      29690.239      32148.6        6702.9958      38851.596      13695.784      0              2837.398       4961.4902      10653.928      0              1.4360161    
   3630000   58028.71       616.87284      30787.603      32331.004      6801.65        39132.654      13740.145      0              2825.9162      5084.4117      10680.53       0              1.4360161    
   3640000   58028.71       598.94513      31476.749      32441.121      6603.9788      39045.1        13803.109      0              2806.5957      5160.7241      10670.692      0              1.4360161    
   3650000   58028.71       587.68864      31135.708      32215.668      6479.8646      38695.533      13582.079      0              2874.0132      4991.8126      10767.763      0              1.4360161    
   3660000   58028.71       612.30445      30933.437      32296.344      6751.2788      39047.623      13716.646      0              2802.0214      5050.1178      10727.559      0              1.4360161    
   3670000   58028.71       607.62924      31204.233      32057.672      6699.73        38757.402      13515.929      0              2710.8148      5020.0004      10810.927      0              1.4360161    
   3680000   58028.71       598.14396      31648.127      32291.159      6595.1451      38886.304      13676.284      0              2753.3159      5060.9645      10800.595      0              1.4360161    
   3690000   58028.71       597.15846      30460.114      32417.264      6584.279       39001.543      13730.491      0              2851.7213      5079.5669      10755.484      0              1.4360161    
   3700000   58028.71       600.92385      30749          32419.434      6625.7962      39045.23       13562.089      0              2861.7551      5168.939       10826.651      0              1.4360161    
   3710000   58028.71       604.31501      29136.009      32304.017      6663.1872      38967.205      13456.215      0              2955.7211      5067.23        10824.852      0              1.4360161    
   3720000   58028.71       594.06979      30364.433      32275.976      6550.2232      38826.199      13548.216      0              2864.6426      5050.6905      10812.426      0              1.4360161    
   3730000   58028.71       584.64107      30332.523      32224.105      6446.262       38670.367      13591.86       0              2818.8096      5084.9709      10728.465      0              1.4360161    
   3740000   58028.71       605.28092      31062.742      32309.258      6673.8373      38983.095      13458.672      0              2842.7428      5162.4808      10845.362      0              1.4360161    
   3750000   58028.71       604.45381      31502.877      32150.049      6664.7176      38814.767      13583.039      0              2753.9276      5152.6725      10660.41       0              1.4360161    
   3760000   58028.71       597.81698      30907.479      32523.882      6591.5398      39115.422      13761.42       0              2903.0227      5038.6821      10820.757      0              1.4360161    
   3770000   58028.71       601.41984      32657.445      32380.521      6631.2651      39011.786      13799.555      0              2830.5791      5061.7757      10688.612      0              1.4360161    
   3780000   58028.71       591.54909      30886.62       32368.519      6522.4299      38890.949      13699.832      0              2873.0554      5028.2858      10767.346      0              1.4360161    
   3790000   58028.71       595.97385      31547.625      32353.843      6571.2174      38925.061      13717.167      0              2740.1093      5078.0705      10818.497      0              1.4360161    
   3800000   58028.71       599.76442      30860.269      32370.578      6613.0123      38983.59       13695.117      0              2812.1224      5056.6827      10806.656      0              1.4360161    
   3810000   58028.71       588.06197      30747.689      32386.813      6483.981       38870.794      13604.362      0              2902.5107      5175.0517      10704.888      0              1.4360161    
   3820000   58028.71       591.07117      28999.865      32299.047      6517.1604      38816.208      13646.682      0              2858.2128      5125.5232      10668.63       0              1.4360161    
   3830000   58028.71       593.33705      31035.326      32338.104      6542.144       38880.248      13607.406      0              2804.528       5144.979       10781.191      0              1.4360161    
   3840000   58028.71       593.52844      31171.367      32173.375      6544.2542      38717.629      13539.016      0              2878.5998      5018.1423      10737.617      0              1.4360161    
   3850000   58028.71       591.10309      28678.469      32294.144      6517.5124      38811.657      13540.18       0              2872.262       5102.3668      10779.336      0              1.4360161    
   3860000   58028.71       597.55748      30886.769      32551.459      6588.6785      39140.138      13700.842      0              2870.7318      5227.6778      10752.208      0              1.4360161    
   3870000   58028.71       591.60369      29830.537      32188.883      6523.032       38711.915      13656.283      0              2744.2628      4956.1388      10832.198      0              1.4360161    
   3880000   58028.71       584.84423      30633.607      32120.244      6448.502       38568.746      13510.488      0              2840.1595      5086.106       10683.49       0              1.4360161    
   3890000   58028.71       586.2546       31370.117      32276.912      6464.0529      38740.965      13683.605      0              2792.6658      5050.4524      10750.189      0              1.4360161    
   3900000   58028.71       594.06441      32150.473      32141.794      6550.1639      38691.958      13585.976      0              2735.9399      5111.3193      10708.559      0              1.4360161    
   3910000   58028.71       586.82053      31834.41       32446.853      6470.2927      38917.145      13780.199      0              2827.8866      5137.6958      10701.071      0              1.4360161    
   3920000   58028.71       599.15522      30416.94       32216.163      6606.2953      38822.458      13657.178      0              2826.073       5069.5299      10663.382      0              1.4360161    
   3930000   58028.71       584.60331      31448.753      32332.629      6445.8457      38778.475      13598.559      0              2877.818       5137.7249      10718.527      0              1.4360161    
   3940000   58028.71       601.17778      30969.154      32223.711      6628.5961      38852.307      13582.937      0              2797.4453      5097.63        10745.699      0              1.4360161    
   3950000   58028.71       599.17633      32177.233      32235.532      6606.528       38842.06       13640.473      0              2755.1427      5090.3873      10749.53       0              1.4360161    
   3960000   58028.71       594.84779      31092.353      32551.379      6558.8015      39110.181      13633.465      0              2772.1172      5248.1481      10897.649      0              1.4360161    
   3970000   58028.71       603.31017      30091.214      32153.502      6652.1078      38805.61       13634.646      0              2725.9661      5071.2657      10721.624      0              1.4360161    
   3980000   58028.71       586.65203      29879.338      32177.031      6468.4349      38645.466      13533.9        0              2813.9792      5053.6144      10775.538      0              1.4360161    
   3990000   58028.71       595.41154      30948.105      32261.491      6565.0174      38826.508      13598.429      0              2812.3538      5103.6259      10747.082      0              1.4360161    
   4000000   58028.71       593.52589      29359.146      32143.125      6544.2262      38687.352      13359.64       0              2835.9982      5175.6621      10771.825      0              1.4360161    
   4001069   58028.71       596.66438      30358.405      32053.69       6578.8312      38632.521      13420.091      0              2896.1778      5093.1313      10644.29       0              1.4360161    
Loop time of 334.737 on 48 procs for 500000 steps with 3700 atoms

Performance: 12.906 ns/day, 1.860 hours/ns, 1493.711 timesteps/s, 5.527 Matom-step/s
99.9% CPU use with 48 MPI tasks x 1 OpenMP threads

MPI task timing breakdown:
Section |  min time  |  avg time  |  max time  |%varavg| %total
---------------------------------------------------------------
Pair    | 177.61     | 215.45     | 254.46     | 129.3 | 64.36
Bond    | 20.853     | 25.977     | 30.116     |  45.6 |  7.76
Neigh   | 1.0059     | 1.0115     | 1.0151     |   0.2 |  0.30
Comm    | 47.072     | 86.927     | 127.37     | 222.4 | 25.97
Output  | 0.021156   | 0.038703   | 0.054644   |   4.7 |  0.01
Modify  | 2.3968     | 2.9553     | 3.7536     |  18.9 |  0.88
Other   |            | 2.379      |            |       |  0.71

Nlocal:        77.0833 ave          89 max          65 min
Histogram: 3 1 3 8 5 14 4 6 3 1
Nghost:        3635.77 ave        3665 max        3606 min
Histogram: 3 5 3 7 6 6 6 6 3 3
Neighs:        27952.4 ave       33726 max       22486 min
Histogram: 2 3 4 9 10 5 5 6 2 2

Total # of neighbors = 1341714
Ave neighs/atom = 362.62541
Ave special neighs/atom = 11.898378
Neighbor list builds = 823
Dangerous builds = 0
Generated 0 of 1 mixed pair_coeff terms from geometric mixing rule
Setting up Verlet run ...
  Unit style    : real
  Current step  : 4001069
  Time step     : 0.1
WARNING: Inconsistent image flags (src/domain.cpp:1051)
Per MPI rank memory allocation (min/avg/max) = 13.94 | 13.97 | 14.4 Mbytes
   Step         Volume          Temp          Press          PotEng         KinEng         TotEng         E_vdwl         E_coul         E_bond        E_angle        E_dihed        E_impro        Density    
   4001069   58028.71       308            27851.131      32053.69       3396.013       35449.703      13420.091      0              2896.1778      5093.1313      10644.29       0              1.4360161    
   4010000   58028.71       307.76387      27772.038      28638.595      3393.4095      32032.005      13068.09       0              1805.9741      4049.4451      9715.0864      0              1.4360161    
   4020000   58028.71       307.79324      28879.784      28642.13       3393.7333      32035.863      13087.329      0              1702.5947      4088.0067      9764.1993      0              1.4360161    
   4030000   58028.71       294.94646      28934.211      28745.177      3252.0845      31997.261      13012.154      0              1780.8259      4134.1724      9818.0239      0              1.4360161    
   4040000   58028.71       308.00378      27334.918      28528.843      3396.0547      31924.897      12934.68       0              1784.6637      4054.1594      9755.3391      0              1.4360161    
   4050000   58028.71       312.46438      27831.648      28738.148      3445.2374      32183.386      13009.988      0              1845.7939      4096.5236      9785.8428      0              1.4360161    
   4060000   58028.71       310.86765      28960.236      28746.217      3427.6318      32173.849      13048.042      0              1847.2917      4073.113       9777.7704      0              1.4360161    
   4070000   58028.71       301.61986      28330.477      28728.705      3325.6655      32054.371      13144.788      0              1792.5207      4039.9751      9751.4212      0              1.4360161    
   4080000   58028.71       300.2662       28369.816      28663.521      3310.74        31974.261      13137.423      0              1745.8431      4022.4346      9757.8201      0              1.4360161    
   4090000   58028.71       316.7576       29185.731      28695.553      3492.5744      32188.128      12974.103      0              1780.6708      4113.9882      9826.7918      0              1.4360161    
   4100000   58028.71       304.19099      27193.312      28627.851      3354.0148      31981.866      12960.468      0              1714.6313      4106.0287      9846.7229      0              1.4360161    
   4110000   58028.71       309.87709      28629.318      28674.962      3416.7099      32091.672      13017.167      0              1769.0358      4035.518       9853.2406      0              1.4360161    
   4120000   58028.71       309.54531      28576.053      28613.95       3413.0517      32027.002      12972.591      0              1772.063       4016.2324      9853.0636      0              1.4360161    
   4130000   58028.71       310.58478      26539.752      28568.804      3424.5128      31993.317      12906.605      0              1774.1803      4064.4065      9823.6115      0              1.4360161    
   4140000   58028.71       302.54513      28176.899      28636.3        3335.8676      31972.167      12970.862      0              1769.8686      4101.1195      9794.4496      0              1.4360161    
   4150000   58028.71       304.62851      27062.412      28618.035      3358.8389      31976.874      12914.104      0              1845.1557      4060.8272      9797.9486      0              1.4360161    
   4160000   58028.71       309.18889      27173.171      28568.05       3409.1217      31977.171      12842.178      0              1832.7         4037.1896      9855.9819      0              1.4360161    
   4170000   58028.71       305.33374      26935.253      28637.487      3366.6148      32004.102      12934.291      0              1755.9611      4072.0411      9875.1935      0              1.4360161    
   4180000   58028.71       309.096        27450.257      28533.259      3408.0976      31941.356      12932.067      0              1749.7345      4051.4983      9799.9592      0              1.4360161    
   4190000   58028.71       304.50738      27118.166      28562.046      3357.5033      31919.55       12792.224      0              1817.2113      4155.9202      9796.6906      0              1.4360161    
   4200000   58028.71       308.71861      29450.264      28658.793      3403.9364      32062.729      13041.456      0              1761.1181      4034.3438      9821.8753      0              1.4360161    
   4210000   58028.71       303.28688      29006.909      28549.395      3344.0461      31893.441      12976.005      0              1789.8453      4060.2466      9723.2976      0              1.4360161    
   4220000   58028.71       299.04336      27928.523      28524.037      3297.2569      31821.294      12870.912      0              1725.4798      4083.5872      9844.0574      0              1.4360161    
   4230000   58028.71       303.4417       27839.741      28545.352      3345.7531      31891.105      12879.322      0              1800.3544      4019.8287      9845.8464      0              1.4360161    
   4240000   58028.71       320.37183      28963.183      28479.702      3532.4251      32012.127      12850.149      0              1686.9123      4081.9555      9860.6858      0              1.4360161    
   4250000   58028.71       309.01441      27836.144      28438.791      3407.1979      31845.988      12808.415      0              1790.5544      4027.487       9812.3344      0              1.4360161    
   4260000   58028.71       304.6781       28464.742      28657.193      3359.3857      32016.578      12982.531      0              1832.4731      4049.2929      9792.8954      0              1.4360161    
   4270000   58028.71       308.42544      27083.315      28465.941      3400.7039      31866.644      12829.527      0              1847.4868      3990.5679      9798.3585      0              1.4360161    
   4280000   58028.71       308.21209      28053.093      28501.029      3398.3516      31899.38       12941.974      0              1737.1247      4000.7029      9821.2275      0              1.4360161    
   4290000   58028.71       298.59755      28457.455      28625.714      3292.3414      31918.055      12888.252      0              1795.8479      4127.9666      9813.6475      0              1.4360161    
   4300000   58028.71       316.00433      28089.573      28583.447      3484.2689      32067.716      12961.169      0              1772.3337      4031.3586      9818.5855      0              1.4360161    
   4310000   58028.71       311.2647       27784.633      28555.12       3432.0096      31987.129      12811.914      0              1818.2217      4063.5222      9861.4615      0              1.4360161    
   4320000   58028.71       318.57129      27877.501      28583.745      3512.5722      32096.318      12916.918      0              1777.7859      4031.872       9857.1697      0              1.4360161    
   4330000   58028.71       300.35145      27370.999      28619.191      3311.68        31930.871      12984.42       0              1823.5869      4062.2784      9748.906       0              1.4360161    
   4340000   58028.71       305.29547      28828.709      28607.398      3366.1928      31973.591      12921.433      0              1738.2274      4090.0251      9857.7133      0              1.4360161    
   4350000   58028.71       311.66778      28097.732      28466.993      3436.454       31903.447      12927.665      0              1783.1242      4025.0575      9731.1461      0              1.4360161    
   4360000   58028.71       311.32339      27855.052      28642.387      3432.6568      32075.044      12985.763      0              1823.3952      4057.4253      9775.8037      0              1.4360161    
   4370000   58028.71       305.85859      28362.948      28588.466      3372.4018      31960.868      12887.197      0              1822.5785      4075.2312      9803.459       0              1.4360161    
   4380000   58028.71       307.0893       28610.781      28592.404      3385.9717      31978.375      12912.863      0              1789.5769      4046.864       9843.0997      0              1.4360161    
   4390000   58028.71       310.16371      28189.151      28650.338      3419.8701      32070.208      13034.271      0              1754.2408      4035.1554      9826.6706      0              1.4360161    
   4400000   58028.71       310.62175      28848.233      28586.722      3424.9205      32011.642      12906.398      0              1778.4404      4104.0599      9797.8229      0              1.4360161    
   4410000   58028.71       316.11336      27382.529      28579.916      3485.4711      32065.387      12839.519      0              1775.4491      4089.9239      9875.0241      0              1.4360161    
   4420000   58028.71       305.19621      28597.299      28600.335      3365.0984      31965.433      12959.429      0              1758.4689      4034.1827      9848.2545      0              1.4360161    
   4430000   58028.71       308.36371      28212.821      28459.833      3400.0233      31859.856      12785.672      0              1793.7746      4042.1475      9838.2385      0              1.4360161    
   4440000   58028.71       309.03437      28033.921      28542.885      3407.4181      31950.303      12861.276      0              1778.53        4080.5066      9822.5724      0              1.4360161    
   4450000   58028.71       314.47403      27227.239      28619.546      3467.3958      32086.942      12949.212      0              1806.7136      4082.3207      9781.2994      0              1.4360161    
   4460000   58028.71       313.74022      28071.553      28515.624      3459.3048      31974.928      12797.673      0              1774.7029      4111.202       9832.0458      0              1.4360161    
   4470000   58028.71       309.69115      27352.875      28602.87       3414.6597      32017.53       12838.969      0              1823.9377      4101.3636      9838.6005      0              1.4360161    
   4480000   58028.71       311.43698      27470.79       28600.001      3433.9093      32033.91       12985.637      0              1787.2663      4041.9707      9785.1263      0              1.4360161    
   4490000   58028.71       309.90476      26511.74       28529.481      3417.015       31946.496      12841.426      0              1782.9954      4047.769       9857.2906      0              1.4360161    
   4500000   58028.71       297.32918      27794.05       28486.039      3278.3564      31764.396      12884.775      0              1744.3659      4121.1         9735.7983      0              1.4360161    
   4510000   58028.71       304.47132      27126.319      28556.652      3357.1057      31913.758      12925.747      0              1765.7433      4070.2296      9794.9315      0              1.4360161    
   4520000   58028.71       310.0117       27671.217      28595.045      3418.1941      32013.239      12830.859      0              1839.4681      4094.0216      9830.6966      0              1.4360161    
   4530000   58028.71       304.42732      27408.617      28525.735      3356.6207      31882.356      12854.962      0              1789.3421      4053.6497      9827.7819      0              1.4360161    
   4540000   58028.71       309.77764      27181.833      28548.893      3415.6133      31964.507      12814.719      0              1778.6028      4097.489       9858.0825      0              1.4360161    
   4550000   58028.71       311.57871      29298.804      28551.155      3435.4719      31986.627      12850.572      0              1814.6474      4092.8333      9793.1026      0              1.4360161    
   4560000   58028.71       299.77924      27283.34       28484.155      3305.3708      31789.525      12838.485      0              1756.2747      4116.6305      9772.7642      0              1.4360161    
   4570000   58028.71       308.4751       27241.544      28528.78       3401.2515      31930.031      12832.06       0              1749.8568      4109.7599      9837.1031      0              1.4360161    
   4580000   58028.71       308.52072      27815.314      28659.698      3401.7545      32061.453      12952.819      0              1832.2145      4055.8742      9818.7907      0              1.4360161    
   4590000   58028.71       311.84652      26960.029      28514.631      3438.4248      31953.055      12893.868      0              1767.814       4044.9525      9807.996       0              1.4360161    
   4600000   58028.71       304.88516      28114.464      28485.006      3361.6688      31846.675      12862.125      0              1712.1065      4022.6523      9888.1216      0              1.4360161    
   4610000   58028.71       310.14773      27393.697      28592.624      3419.694       32012.318      12856.32       0              1798.437       4086.195       9851.6723      0              1.4360161    
   4620000   58028.71       307.68619      27734.349      28555.759      3392.5529      31948.312      12840.825      0              1827.494       4090.8737      9796.5664      0              1.4360161    
   4630000   58028.71       310.63144      28075.228      28562.379      3425.0274      31987.406      12928.144      0              1774.4272      4104.2668      9755.541       0              1.4360161    
   4640000   58028.71       303.95846      27113.99       28496.969      3351.451       31848.42       12898.189      0              1786.8512      4043.1748      9768.7546      0              1.4360161    
   4650000   58028.71       313.07295      27594.113      28487.721      3451.9475      31939.668      12713.506      0              1876.8226      4071.1088      9826.2829      0              1.4360161    
   4660000   58028.71       313.87824      28870.023      28508.317      3460.8266      31969.144      12900.883      0              1754.158       4114.4382      9738.8379      0              1.4360161    
   4670000   58028.71       310.13525      27279.177      28526.597      3419.5563      31946.153      12827.512      0              1801.1967      4033.8759      9864.0123      0              1.4360161    
   4680000   58028.71       306.89136      27160.387      28523.845      3383.7891      31907.634      12883.771      0              1757.6838      4100.4942      9781.8957      0              1.4360161    
   4690000   58028.71       308.81086      27471.373      28564.763      3404.9536      31969.717      12893.358      0              1859.8774      4020.6192      9790.9088      0              1.4360161    
   4700000   58028.71       310.5167       27857.3        28506.227      3423.7623      31929.99       12843.597      0              1769.3193      4043.9932      9849.3179      0              1.4360161    
   4710000   58028.71       315.84994      29010.265      28565.302      3482.5666      32047.869      12914.934      0              1812.5822      4009.2491      9828.5374      0              1.4360161    
   4720000   58028.71       307.60168      29040.51       28505.338      3391.6212      31896.96       12913.336      0              1719.9255      4058.9038      9813.1726      0              1.4360161    
   4730000   58028.71       305.56569      27665.495      28557.226      3369.1723      31926.398      12926.653      0              1835.6997      4014.6064      9780.2666      0              1.4360161    
   4740000   58028.71       313.7202       28653.393      28505.062      3459.0841      31964.147      12848.717      0              1800.3917      4064.3564      9791.5969      0              1.4360161    
   4750000   58028.71       310.6161       28452.984      28542.094      3424.8582      31966.953      12960.77       0              1854.569       4002.6276      9724.1274      0              1.4360161    
   4760000   58028.71       314.69046      27511.78       28721.713      3469.7822      32191.495      13003.134      0              1814.1453      4078.9599      9825.4738      0              1.4360161    
   4770000   58028.71       310.16997      27985.2        28470.351      3419.9392      31890.29       12876.4        0              1752.8159      4018.9627      9822.1723      0              1.4360161    
   4780000   58028.71       306.62667      28185.647      28491.249      3380.8707      31872.12       12832.37       0              1800.3662      4055.3779      9803.1346      0              1.4360161    
   4790000   58028.71       307.43539      27771.003      28578.333      3389.7876      31968.121      13011.926      0              1713.2232      3992.4453      9860.7385      0              1.4360161    
   4800000   58028.71       305.44956      27471.443      28530.084      3367.8918      31897.976      12908.467      0              1774.0111      4045.9048      9801.7014      0              1.4360161    
   4810000   58028.71       313.76258      26986.022      28523.504      3459.5514      31983.055      12853.768      0              1766.7746      4105.2007      9797.7611      0              1.4360161    
   4820000   58028.71       305.55876      27958.269      28483.832      3369.0959      31852.928      12896.652      0              1783.973       3982.9854      9820.2219      0              1.4360161    
   4830000   58028.71       309.84177      28233.972      28524.261      3416.3205      31940.582      12894.88       0              1760.9999      4040.1967      9828.1846      0              1.4360161    
   4840000   58028.71       310.22882      27363.87       28592.688      3420.5881      32013.276      12836.728      0              1803.7018      4052.5771      9899.6802      0              1.4360161    
   4850000   58028.71       307.01621      26236.516      28619.834      3385.1658      32005          12884.998      0              1865.7701      4038.3751      9830.691       0              1.4360161    
   4860000   58028.71       314.26795      27634.965      28505.932      3465.1235      31971.056      12943.375      0              1759.8287      4028.3761      9774.3527      0              1.4360161    
   4870000   58028.71       308.5563       26879.356      28622.23       3402.1469      32024.377      12846.884      0              1819.8313      4147.7588      9807.7555      0              1.4360161    
   4880000   58028.71       311.83902      27232.719      28571.751      3438.3422      32010.093      12902.284      0              1854.075       4032.7378      9782.6535      0              1.4360161    
   4890000   58028.71       315.89429      26913.267      28443.907      3483.0556      31926.962      12811.66       0              1754.9525      4087.6901      9789.6043      0              1.4360161    
   4900000   58028.71       311.74212      27431.112      28513.403      3437.2737      31950.677      12971.518      0              1764.2524      4024.855       9752.7775      0              1.4360161    
   4910000   58028.71       309.68656      27708.77       28490.052      3414.6091      31904.661      12828.281      0              1820.7264      4024.3172      9816.7277      0              1.4360161    
   4920000   58028.71       304.84937      27662.546      28520.709      3361.2742      31881.983      12890          0              1795.1162      4033.0931      9802.4995      0              1.4360161    
   4930000   58028.71       307.72162      27821.053      28477.191      3392.9436      31870.135      12908.407      0              1720.7184      4053.2057      9794.8601      0              1.4360161    
   4940000   58028.71       306.32634      27884.811      28495.755      3377.5592      31873.314      12860.645      0              1788.5925      4015.7779      9830.739       0              1.4360161    
   4950000   58028.71       303.53437      27235.527      28519.836      3346.7749      31866.611      13037.557      0              1772.5838      3975.3544      9734.3409      0              1.4360161    
   4960000   58028.71       309.02669      28396.057      28443.518      3407.3333      31850.852      12851.078      0              1723.5029      4123.6526      9745.2848      0              1.4360161    
   4970000   58028.71       317.00506      26899.909      28560.103      3495.303       32055.406      12929.456      0              1784.817       4052.6403      9793.1893      0              1.4360161    
   4980000   58028.71       302.77076      28652.846      28624.638      3338.3553      31962.993      12985.285      0              1800.3587      4047.9513      9791.0425      0              1.4360161    
   4990000   58028.71       305.61264      27619.861      28584.16       3369.69        31953.85       12885.498      0              1773.5156      4075.8631      9849.2836      0              1.4360161    
   5000000   58028.71       307.82204      27653.455      28510.22       3394.0508      31904.271      12836.07       0              1789.5272      4062.995       9821.6287      0              1.4360161    
   5001069   58028.71       309.71233      28293.663      28344.832      3414.8932      31759.725      12799.814      0              1730.2772      4064.0494      9750.6914      0              1.4360161    
Loop time of 685.28 on 48 procs for 1000000 steps with 3700 atoms

Performance: 12.608 ns/day, 1.904 hours/ns, 1459.257 timesteps/s, 5.399 Matom-step/s
99.9% CPU use with 48 MPI tasks x 1 OpenMP threads

MPI task timing breakdown:
Section |  min time  |  avg time  |  max time  |%varavg| %total
---------------------------------------------------------------
Pair    | 324.45     | 430.06     | 540.71     | 213.3 | 62.76
Bond    | 40.475     | 51.745     | 61.424     |  78.6 |  7.55
Neigh   | 0.945      | 0.95014    | 0.95328    |   0.2 |  0.14
Comm    | 73.952     | 191.73     | 307.84     | 352.0 | 27.98
Output  | 0.041995   | 0.076847   | 0.10882    |   6.6 |  0.01
Modify  | 4.7188     | 5.9372     | 7.575      |  29.4 |  0.87
Other   |            | 4.778      |            |       |  0.70

Nlocal:        77.0833 ave          88 max          63 min
Histogram: 1 0 8 3 7 6 6 6 7 4
Nghost:         3635.1 ave        3659 max        3612 min
Histogram: 4 1 5 4 11 9 4 4 4 2
Neighs:        27942.8 ave       33891 max       21513 min
Histogram: 1 1 6 7 9 7 6 6 2 3

Total # of neighbors = 1341252
Ave neighs/atom = 362.50054
Ave special neighs/atom = 11.898378
Neighbor list builds = 764
Dangerous builds = 0
Generated 0 of 1 mixed pair_coeff terms from geometric mixing rule
Setting up Verlet run ...
  Unit style    : real
  Current step  : 5001069
  Time step     : 0.1
WARNING: Inconsistent image flags (src/domain.cpp:1051)
Per MPI rank memory allocation (min/avg/max) = 13.94 | 13.97 | 14.4 Mbytes
   Step         Volume          Temp          Press          PotEng         KinEng         TotEng         E_vdwl         E_coul         E_bond        E_angle        E_dihed        E_impro        Density    
   5001069   58028.71       308            28278.79       28344.832      3396.013       31740.845      12799.814      0              1730.2772      4064.0494      9750.6914      0              1.4360161    
   5010000   53775.49       313.64708      48618.305      31121.919      3458.2778      34580.197      15098.951      0              1702.6977      4172.9505      10147.32       0              1.5495937    
   5020000   53471.054      308.30828      50313.907      31383.02       3399.4122      34782.432      15145.18       0              1727.6703      4176.2941      10333.875      0              1.5584163    
   5030000   53655.723      309.06863      50352.638      31126.689      3407.7958      34534.485      15186.634      0              1655.5358      4119.9017      10164.618      0              1.5530526    
   5040000   53412.835      308.77636      50595.471      31442.761      3404.5732      34847.334      15241.007      0              1704.8694      4209.6587      10287.226      0              1.5601149    
   5050000   53565.651      311.60194      50500.347      31220.541      3435.7281      34656.269      15096.112      0              1657.2305      4230.1763      10237.021      0              1.5556641    
   5060000   53486.908      307.58138      50444.843      31367.187      3391.3974      34758.584      15063.419      0              1766.9368      4210.2239      10326.607      0              1.5579543    
   5070000   53682.655      299.19015      47412.559      31158.212      3298.8755      34457.088      14952.086      0              1806.6761      4217.0011      10182.449      0              1.5522735    
   5080000   53569.97       313.66882      49125.816      31200.624      3458.5176      34659.142      15095.788      0              1694.6369      4149.6923      10260.506      0              1.5555387    
   5090000   53527.01       310.40714      50222.331      31292.401      3422.5542      34714.955      15093.593      0              1735.6284      4195.3598      10267.82       0              1.5567871    
   5100000   53458.733      300.25654      50274.221      31272.966      3310.6335      34583.6        15102.04       0              1722.8968      4199.6485      10248.381      0              1.5587755    
   5110000   53622.97       306.70134      48860.057      31143.06       3381.694       34524.754      14866.892      0              1744.7595      4270.9364      10260.472      0              1.5540012    
   5120000   53557.996      308.28944      48733.342      31250.143      3399.2045      34649.347      15013.889      0              1788.4104      4170.2996      10277.543      0              1.5558864    
   5130000   53535.729      310.88418      50478.153      31333.061      3427.814       34760.875      15178.638      0              1723.4857      4162.1095      10268.827      0              1.5565336    
   5140000   53410.749      300.93467      50352.473      31410.958      3318.1106      34729.069      15153.808      0              1720.8278      4223.6207      10312.701      0              1.5601759    
   5150000   53587.033      315.32545      49182.008      31265.247      3476.7836      34742.03       15117.564      0              1752.3973      4196.1613      10199.124      0              1.5550434    
   5160000   53338.877      308.8409       51075.796      31509.344      3405.2848      34914.629      15245.531      0              1705.2921      4168.467       10390.053      0              1.5622781    
   5170000   53603.581      303.57506      49112.809      31202.543      3347.2236      34549.766      15019.903      0              1687.0637      4181.6577      10313.918      0              1.5545633    
   5180000   53409.618      310.67438      51537.014      31274.299      3425.5008      34699.8        15037.175      0              1713.4385      4172.9045      10350.782      0              1.5602089    
   5190000   53531.465      312.56611      50804.186      31256.35       3446.359       34702.709      15152.468      0              1723.0061      4172.2563      10208.619      0              1.5566576    
   5200000   53420.946      311.06259      49441.144      31350.67       3429.7812      34780.452      15154.171      0              1752.4828      4136.2828      10307.734      0              1.559878     
   5210000   53472.514      305.95555      52036.548      31287.804      3373.4709      34661.275      15156.553      0              1675.4691      4104.0206      10351.761      0              1.5583737    
   5220000   53367.636      307.65786      50758.097      31464.792      3392.2406      34857.033      15168.202      0              1784.4551      4220.8531      10291.281      0              1.5614362    
   5230000   53529.121      313.01393      49490.724      31279.812      3451.2967      34731.108      15022.814      0              1781.2835      4150.3237      10325.391      0              1.5567257    
   5240000   53454.472      312.31465      50767.668      31370.605      3443.5864      34814.191      15131.779      0              1728.4735      4152.7138      10357.639      0              1.5588997    
   5250000   53598.768      299.25016      49645.576      31222.432      3299.5372      34521.969      15046.514      0              1742.9719      4179.2465      10253.699      0              1.5547029    
   5260000   53490.447      306.3173       51267.928      31323.158      3377.4596      34700.618      15082.05       0              1733.1754      4204.872       10303.061      0              1.5578513    
   5270000   53321.852      306.98209      50995.079      31407.334      3384.7895      34792.124      15199.135      0              1751.1908      4158.2847      10298.723      0              1.5627769    
   5280000   53389.65       304.38338      50367.304      31412.401      3356.1362      34768.537      15200.869      0              1792.8305      4150.4985      10268.202      0              1.5607924    
   5290000   53460.666      311.05284      50371.72       31187.752      3429.6737      34617.425      15149.201      0              1686.688       4114.5495      10237.313      0              1.5587191    
   5300000   53572.02       303.02425      51028.947      31217.058      3341.1503      34558.208      15126.148      0              1708.1181      4134.2167      10248.576      0              1.5554792    
   5310000   53466.14       303.77185      50022.976      31313.691      3349.3934      34663.084      15106.03       0              1786.0495      4175.888       10245.723      0              1.5585595    
   5320000   53496.986      310.03378      49604.302      31227.72       3418.4375      34646.158      15052.551      0              1701.8601      4124.9079      10348.401      0              1.5576609    
   5330000   53398.436      305.87111      50259.941      31266.916      3372.5399      34639.456      15122.333      0              1665.5209      4203.3654      10275.697      0              1.5605356    
   5340000   53559.317      301.89386      49698.373      31145.449      3328.6867      34474.136      15042.101      0              1700.5174      4135.5465      10267.284      0              1.5558481    
   5350000   53442.347      308.46773      49326.797      31348.367      3401.1702      34749.537      15117.906      0              1732.5132      4181.0955      10316.853      0              1.5592534    
   5360000   53603.503      311.09831      49361.679      31294.686      3430.1751      34724.861      15089.201      0              1705.0296      4183.0051      10317.45       0              1.5545656    
   5370000   53447.009      318.68299      50258.939      31366.073      3513.8039      34879.877      15097.672      0              1698.3057      4169.2491      10400.846      0              1.5591174    
   5380000   53429.981      309.19497      50915.057      31353.829      3409.1888      34763.018      15198.064      0              1756.7739      4130.4801      10268.511      0              1.5596143    
   5390000   53425.365      303.69846      51189.548      31312.507      3348.5842      34661.091      15197.352      0              1670.0602      4115.3957      10329.698      0              1.559749     
   5400000   53448.158      301.80526      50935.961      31337.531      3327.7097      34665.241      15150.257      0              1705.6439      4247.5109      10234.12       0              1.5590839    
   5410000   53324.503      313.18222      51583.12       31316.898      3453.1523      34770.05       15153.358      0              1682.8635      4102.0667      10378.609      0              1.5626992    
   5420000   53424.151      307.73794      50356.309      31291.5        3393.1235      34684.624      15024.738      0              1727.5205      4190.4241      10348.817      0              1.5597845    
   5430000   53362.425      306.64294      50571.902      31376.151      3381.0501      34757.201      15160.411      0              1751.6789      4155.9113      10308.15       0              1.5615887    
   5440000   53466.985      306.61896      48575.403      31350.591      3380.7857      34731.377      15069.109      0              1778.7259      4190.6057      10312.151      0              1.5585349    
   5450000   53459.385      309.14478      48661.393      31364.652      3408.6354      34773.287      15124.987      0              1763.3977      4160.2636      10316.003      0              1.5587564    
   5460000   53444.45       303.85757      49301.257      31308.15       3350.3386      34658.489      15073.872      0              1791.3204      4118.5506      10324.407      0              1.559192     
   5470000   53417.239      311.15884      50019.169      31330.588      3430.8425      34761.43       15099.301      0              1762.173       4148.5318      10320.582      0              1.5599863    
   5480000   53430.525      304.96377      49497.168      31294.688      3362.5355      34657.224      15020.497      0              1759.0066      4177.5218      10337.662      0              1.5595984    
   5490000   53343.266      305.58022      50899.556      31433.716      3369.3325      34803.048      15142.734      0              1775.7639      4177.5507      10337.667      0              1.5621496    
   5500000   53390.24       305.46563      49666.884      31265.697      3368.0691      34633.767      15000.443      0              1747.9962      4220.5866      10296.672      0              1.5607752    
   5501069   53418.052      304.05886      48806.059      31254.371      3352.558       34606.929      15038.171      0              1770.4755      4163.1136      10282.611      0              1.5599625    
Loop time of 378.886 on 48 procs for 500000 steps with 3700 atoms

Performance: 11.402 ns/day, 2.105 hours/ns, 1319.659 timesteps/s, 4.883 Matom-step/s
99.9% CPU use with 48 MPI tasks x 1 OpenMP threads

MPI task timing breakdown:
Section |  min time  |  avg time  |  max time  |%varavg| %total
---------------------------------------------------------------
Pair    | 192.28     | 239.85     | 282.58     | 137.6 | 63.30
Bond    | 24.039     | 31.305     | 36.525     |  56.1 |  8.26
Neigh   | 0.41926    | 0.42124    | 0.42259    |   0.1 |  0.11
Comm    | 48.563     | 95.748     | 148.58     | 243.3 | 25.27
Output  | 0.020885   | 0.038616   | 0.054735   |   4.7 |  0.01
Modify  | 8.1674     | 8.7776     | 9.4863     |  11.0 |  2.32
Other   |            | 2.748      |            |       |  0.73

Nlocal:        77.0833 ave          88 max          64 min
Histogram: 1 3 6 4 5 7 6 7 6 3
Nghost:        3861.98 ave        3881 max        3837 min
Histogram: 1 0 5 5 4 13 6 7 5 2
Neighs:        30320.2 ave       36991 max       25593 min
Histogram: 6 2 11 8 4 6 3 5 1 2

Total # of neighbors = 1455368
Ave neighs/atom = 393.3427
Ave special neighs/atom = 11.898378
Neighbor list builds = 327
Dangerous builds = 0
Generated 0 of 1 mixed pair_coeff terms from geometric mixing rule
Setting up Verlet run ...
  Unit style    : real
  Current step  : 5501069
  Time step     : 0.1
WARNING: Inconsistent image flags (src/domain.cpp:1051)
Per MPI rank memory allocation (min/avg/max) = 13.94 | 13.97 | 14.41 Mbytes
   Step         Volume          Temp          Press          PotEng         KinEng         TotEng         E_vdwl         E_coul         E_bond        E_angle        E_dihed        E_impro        Density    
   5501069   53418.052      600            51598.402      31254.371      6615.6098      37869.981      15038.171      0              1770.4755      4163.1136      10282.611      0              1.5599625    
   5510000   53418.052      588.41781      50003.592      34807.258      6487.9044      41295.162      15482.26       0              2809.405       5267.4026      11248.19       0              1.5599625    
   5520000   53418.052      600.65358      52808.396      34596.635      6622.8162      41219.451      15496.676      0              2684.6646      5176.321       11238.973      0              1.5599625    
   5530000   53418.052      601.37144      50726.322      34783.473      6630.7314      41414.204      15486.365      0              2856.2423      5163.9701      11276.895      0              1.5599625    
   5540000   53418.052      596.50392      50713.045      34568.526      6577.0619      41145.588      15366.033      0              2747.7308      5157.5036      11297.258      0              1.5599625    
   5550000   53418.052      601.36748      52171.136      34764.7        6630.6877      41395.388      15490.009      0              2721.1681      5194.0484      11359.475      0              1.5599625    
   5551069   53418.052      593.66092      52083.689      34568.4        6545.7151      41114.115      15466.537      0              2833.8955      5121.1843      11146.782      0              1.5599625    
Loop time of 35.6923 on 48 procs for 50000 steps with 3700 atoms

Performance: 12.103 ns/day, 1.983 hours/ns, 1400.864 timesteps/s, 5.183 Matom-step/s
99.9% CPU use with 48 MPI tasks x 1 OpenMP threads

MPI task timing breakdown:
Section |  min time  |  avg time  |  max time  |%varavg| %total
---------------------------------------------------------------
Pair    | 18.697     | 23.36      | 27.973     |  41.9 | 65.45
Bond    | 2.0435     | 2.606      | 3.0409     |  15.6 |  7.30
Neigh   | 0.098941   | 0.09944    | 0.099795   |   0.1 |  0.28
Comm    | 4.1689     | 9.0693     | 14.155     |  73.6 | 25.41
Output  | 0.0022102  | 0.0040157  | 0.005624   |   1.5 |  0.01
Modify  | 0.24576    | 0.30763    | 0.38292    |   6.1 |  0.86
Other   |            | 0.2459     |            |       |  0.69

Nlocal:        77.0833 ave          87 max          66 min
Histogram: 3 3 8 4 4 3 8 7 4 4
Nghost:         3866.1 ave        3887 max        3843 min
Histogram: 2 2 2 7 5 12 9 4 2 3
Neighs:        30361.8 ave       36136 max       24297 min
Histogram: 1 2 5 9 8 8 3 4 5 3

Total # of neighbors = 1457368
Ave neighs/atom = 393.88324
Ave special neighs/atom = 11.898378
Neighbor list builds = 77
Dangerous builds = 0
Generated 0 of 1 mixed pair_coeff terms from geometric mixing rule
Setting up Verlet run ...
  Unit style    : real
  Current step  : 5551069
  Time step     : 0.1
WARNING: Inconsistent image flags (src/domain.cpp:1051)
Per MPI rank memory allocation (min/avg/max) = 13.94 | 13.97 | 14.41 Mbytes
   Step         Volume          Temp          Press          PotEng         KinEng         TotEng         E_vdwl         E_coul         E_bond        E_angle        E_dihed        E_impro        Density    
   5551069   53418.052      308            49388.344      34568.4        3396.013       37964.413      15466.537      0              2833.8955      5121.1843      11146.782      0              1.5599625    
   5560000   53418.052      313.88166      48263.52       31268.561      3460.8644      34729.425      15013.296      0              1748.0817      4203.2883      10303.895      0              1.5599625    
   5570000   53418.052      301.23011      50475.025      31316.079      3321.3681      34637.447      15088.417      0              1673.9221      4223.3985      10330.341      0              1.5599625    
   5580000   53418.052      311.51734      49706.224      31193.616      3434.7953      34628.412      14937.612      0              1740.0061      4197.6127      10318.385      0              1.5599625    
   5590000   53418.052      314.22932      50764.091      31357.724      3464.6976      34822.422      15084.194      0              1780.0584      4159.5061      10333.966      0              1.5599625    
   5600000   53418.052      316.2558       49983.198      31295.184      3487.0417      34782.225      15009.388      0              1691.0984      4228.6662      10366.031      0              1.5599625    
   5601069   53418.052      299.5958       51331.446      31223.146      3303.3482      34526.494      15066.526      0              1710.291       4195.1891      10251.14       0              1.5599625    
Loop time of 35.1704 on 48 procs for 50000 steps with 3700 atoms

Performance: 12.283 ns/day, 1.954 hours/ns, 1421.652 timesteps/s, 5.260 Matom-step/s
99.9% CPU use with 48 MPI tasks x 1 OpenMP threads

MPI task timing breakdown:
Section |  min time  |  avg time  |  max time  |%varavg| %total
---------------------------------------------------------------
Pair    | 18.473     | 23.353     | 27.334     |  43.6 | 66.40
Bond    | 1.9853     | 2.5964     | 2.9779     |  16.2 |  7.38
Neigh   | 0.042102   | 0.042303   | 0.042434   |   0.0 |  0.12
Comm    | 4.2766     | 8.6358     | 13.983     |  78.5 | 24.55
Output  | 0.0020958  | 0.003837   | 0.0054341  |   1.5 |  0.01
Modify  | 0.23758    | 0.29737    | 0.36932    |   6.1 |  0.85
Other   |            | 0.242      |            |       |  0.69

Nlocal:        77.0833 ave          87 max          62 min
Histogram: 1 0 6 3 5 5 8 7 9 4
Nghost:        3853.71 ave        3872 max        3833 min
Histogram: 1 2 4 5 8 11 7 6 3 1
Neighs:        30366.5 ave       36074 max       23515 min
Histogram: 1 1 5 4 9 9 8 3 4 4

Total # of neighbors = 1457594
Ave neighs/atom = 393.94432
Ave special neighs/atom = 11.898378
Neighbor list builds = 33
Dangerous builds = 0
Generated 0 of 1 mixed pair_coeff terms from geometric mixing rule
Setting up Verlet run ...
  Unit style    : real
  Current step  : 5601069
  Time step     : 0.1
WARNING: Inconsistent image flags (src/domain.cpp:1051)
Per MPI rank memory allocation (min/avg/max) = 13.94 | 13.97 | 14.41 Mbytes
   Step         Volume          Temp          Press          PotEng         KinEng         TotEng         E_vdwl         E_coul         E_bond        E_angle        E_dihed        E_impro        Density    
   5601069   53418.052      308            51410.743      31223.146      3396.013       34619.159      15066.526      0              1710.291       4195.1891      10251.14       0              1.5599625    
   5610000   58628.705      311.97524      23987.841      28179.837      3439.8441      31619.681      12466.975      0              1830.57        4085.1815      9797.1098      0              1.4213202    
   5620000   58437.519      297.55327      25143.754      28283.815      3280.8273      31564.642      12600.1        0              1766.9256      4053.2298      9863.5593      0              1.4259702    
   5630000   58310.72       302.73278      25961.228      28410.157      3337.9366      31748.094      12666.8        0              1763.079       4076.0459      9904.2323      0              1.429071     
   5640000   58514.505      299.71798      25199.155      28339.348      3304.6953      31644.043      12638.205      0              1792.8283      4076.1574      9832.1569      0              1.4240941    
   5650000   58619.835      314.03604      25087.409      28268.046      3462.5665      31730.613      12613.811      0              1813.0105      4073.2969      9767.9275      0              1.4215352    
   5660000   58598.997      312.81441      24955.041      28365.876      3449.0968      31814.973      12586.842      0              1851.5251      4106.7455      9820.7629      0              1.4220407    
   5670000   58726.936      310.49633      24457.943      28201.26       3423.5376      31624.797      12559.397      0              1795.2862      4080.4572      9766.1189      0              1.4189428    
   5680000   58652.035      304.25769      25246.352      28166.566      3354.7503      31521.316      12557.677      0              1808.706       4032.8784      9767.3042      0              1.4207548    
   5690000   58704.506      300.75929      24329.134      28211.356      3316.1769      31527.533      12517.177      0              1778.9669      4090.2883      9824.9233      0              1.4194849    
   5700000   58601.684      306.33258      25628.19       28341.48       3377.628       31719.108      12636.442      0              1745.9331      4144.7111      9814.3934      0              1.4219755    
   5701069   58839.604      309.56761      23356.903      28130.388      3413.2976      31543.685      12400.717      0              1845.0407      4067.1349      9817.4951      0              1.4162257    
Loop time of 71.2931 on 48 procs for 100000 steps with 3700 atoms

Performance: 12.119 ns/day, 1.980 hours/ns, 1402.660 timesteps/s, 5.190 Matom-step/s
99.9% CPU use with 48 MPI tasks x 1 OpenMP threads

MPI task timing breakdown:
Section |  min time  |  avg time  |  max time  |%varavg| %total
---------------------------------------------------------------
Pair    | 33.732     | 43.766     | 52.739     |  66.5 | 61.39
Bond    | 4.8246     | 6.1985     | 7.3943     |  27.4 |  8.69
Neigh   | 0.1051     | 0.10563    | 0.10595    |   0.1 |  0.15
Comm    | 8.6544     | 18.681     | 30.013     | 114.6 | 26.20
Output  | 0.0042233  | 0.0077997  | 0.011067   |   2.1 |  0.01
Modify  | 1.8405     | 1.954      | 2.1295     |   4.8 |  2.74
Other   |            | 0.5798     |            |       |  0.81

Nlocal:        77.0833 ave          87 max          61 min
Histogram: 2 2 2 3 4 9 7 3 7 9
Nghost:        3605.38 ave        3638 max        3570 min
Histogram: 2 2 4 6 8 8 6 8 2 2
Neighs:        27600.4 ave       32938 max       20469 min
Histogram: 1 1 8 0 7 10 6 7 4 4

Total # of neighbors = 1324821
Ave neighs/atom = 358.05973
Ave special neighs/atom = 11.898378
Neighbor list builds = 86
Dangerous builds = 0
Generated 0 of 1 mixed pair_coeff terms from geometric mixing rule
Setting up Verlet run ...
  Unit style    : real
  Current step  : 5701069
  Time step     : 0.1
WARNING: Inconsistent image flags (src/domain.cpp:1051)
Per MPI rank memory allocation (min/avg/max) = 13.94 | 13.97 | 14.41 Mbytes
   Step         Volume          Temp          Press          PotEng         KinEng         TotEng         E_vdwl         E_coul         E_bond        E_angle        E_dihed        E_impro        Density    
   5701069   58839.604      600            25844.768      28130.388      6615.6098      34745.998      12400.717      0              1845.0407      4067.1349      9817.4951      0              1.4162257    
   5710000   58839.604      601.7115       25531.985      31829.428      6634.4808      38463.909      13172.616      0              2919.8534      5038.0523      10698.906      0              1.4162257    
   5720000   58839.604      608.49106      26419.307      31789.125      6709.2324      38498.358      13161.756      0              2873.7793      5049.1848      10704.405      0              1.4162257    
   5730000   58839.604      603.57858      26176.556      31661.169      6655.0673      38316.236      13080.9        0              2821.4565      5116.0667      10642.746      0              1.4162257    
   5740000   58839.604      602.55323      26890.441      31608.729      6643.7617      38252.49       13054.321      0              2819.1525      5129.1861      10606.07       0              1.4162257    
   5750000   58839.604      602.38104      28871.251      31554.176      6641.8632      38196.039      13058.045      0              2739.3916      5093.0573      10663.682      0              1.4162257    
   5751069   58839.604      602.34292      26690.492      31589.085      6641.4429      38230.528      12933.886      0              2826.8946      5157.6109      10670.694      0              1.4162257    
Loop time of 32.9377 on 48 procs for 50000 steps with 3700 atoms

Performance: 13.116 ns/day, 1.830 hours/ns, 1518.016 timesteps/s, 5.617 Matom-step/s
99.9% CPU use with 48 MPI tasks x 1 OpenMP threads

MPI task timing breakdown:
Section |  min time  |  avg time  |  max time  |%varavg| %total
---------------------------------------------------------------
Pair    | 16.172     | 21.187     | 25.004     |  46.3 | 64.33
Bond    | 1.9761     | 2.5898     | 3.0039     |  17.8 |  7.86
Neigh   | 0.1012     | 0.10172    | 0.10202    |   0.1 |  0.31
Comm    | 4.4892     | 8.5221     | 14.065     |  81.0 | 25.87
Output  | 0.0021422  | 0.0039125  | 0.0054992  |   1.5 |  0.01
Modify  | 0.23581    | 0.29641    | 0.37822    |   6.3 |  0.90
Other   |            | 0.2363     |            |       |  0.72

Nlocal:        77.0833 ave          91 max          63 min
Histogram: 4 2 5 7 3 6 10 5 5 1
Nghost:        3592.83 ave        3616 max        3562 min
Histogram: 3 4 2 2 4 10 7 6 6 4
Neighs:        27569.5 ave       33493 max       21282 min
Histogram: 3 1 6 6 3 9 10 6 3 1

Total # of neighbors = 1323338
Ave neighs/atom = 357.65892
Ave special neighs/atom = 11.898378
Neighbor list builds = 84
Dangerous builds = 0
Generated 0 of 1 mixed pair_coeff terms from geometric mixing rule
Setting up Verlet run ...
  Unit style    : real
  Current step  : 5751069
  Time step     : 0.1
WARNING: Inconsistent image flags (src/domain.cpp:1051)
Per MPI rank memory allocation (min/avg/max) = 13.94 | 13.97 | 14.41 Mbytes
   Step         Volume          Temp          Press          PotEng         KinEng         TotEng         E_vdwl         E_coul         E_bond        E_angle        E_dihed        E_impro        Density    
   5751069   58839.604      308            24169.129      31589.085      3396.013       34985.098      12933.886      0              2826.8946      5157.6109      10670.694      0              1.4162257    
   5760000   58839.604      306.81242      25681.869      28072.281      3382.9188      31455.2        12557.786      0              1742.4944      4084.6637      9687.3371      0              1.4162257    
   5770000   58839.604      302.48123      24644.216      28169.693      3335.163       31504.855      12439.002      0              1846.5016      4088.3087      9795.8799      0              1.4162257    
   5780000   58839.604      307.83768      24806.162      28207.441      3394.2233      31601.664      12542.675      0              1840.985       4171.5674      9652.2132      0              1.4162257    
   5790000   58839.604      315.19337      24577.873      28141.086      3475.3273      31616.413      12397.173      0              1840.0051      4095.9495      9807.9587      0              1.4162257    
   5800000   58839.604      308.42427      25037.029      28106.202      3400.6911      31506.893      12380.386      0              1836.2299      4142.0795      9747.5072      0              1.4162257    
   5801069   58839.604      310.25498      24034.105      28153.654      3420.8765      31574.531      12453.554      0              1856.8763      4104.5831      9738.6412      0              1.4162257    
Loop time of 32.9756 on 48 procs for 50000 steps with 3700 atoms

Performance: 13.101 ns/day, 1.832 hours/ns, 1516.270 timesteps/s, 5.610 Matom-step/s
99.9% CPU use with 48 MPI tasks x 1 OpenMP threads

MPI task timing breakdown:
Section |  min time  |  avg time  |  max time  |%varavg| %total
---------------------------------------------------------------
Pair    | 16.456     | 21.215     | 25.303     |  46.2 | 64.34
Bond    | 1.9315     | 2.5846     | 3.0023     |  18.2 |  7.84
Neigh   | 0.049261   | 0.049521   | 0.049672   |   0.0 |  0.15
Comm    | 4.2125     | 8.5876     | 13.902     |  80.8 | 26.04
Output  | 0.0021511  | 0.0039388  | 0.0055472  |   1.5 |  0.01
Modify  | 0.2348     | 0.29769    | 0.38823    |   6.5 |  0.90
Other   |            | 0.237      |            |       |  0.72

Nlocal:        77.0833 ave          89 max          61 min
Histogram: 1 3 3 5 4 8 8 9 3 4
Nghost:        3594.92 ave        3630 max        3560 min
Histogram: 4 2 2 7 6 9 9 4 4 1
Neighs:        27552.5 ave       33920 max       22106 min
Histogram: 3 2 9 7 7 4 7 5 2 2

Total # of neighbors = 1322521
Ave neighs/atom = 357.43811
Ave special neighs/atom = 11.898378
Neighbor list builds = 41
Dangerous builds = 0
Generated 0 of 1 mixed pair_coeff terms from geometric mixing rule
Setting up Verlet run ...
  Unit style    : real
  Current step  : 5801069
  Time step     : 0.1
WARNING: Inconsistent image flags (src/domain.cpp:1051)
Per MPI rank memory allocation (min/avg/max) = 13.94 | 13.97 | 14.41 Mbytes
   Step         Volume          Temp          Press          PotEng         KinEng         TotEng         E_vdwl         E_coul         E_bond        E_angle        E_dihed        E_impro        Density    
   5801069   58839.604      308            24014.789      28153.654      3396.013       31549.667      12453.554      0              1856.8763      4104.5831      9738.6412      0              1.4162257    
   5810000   71503.481      314.93904      3995.9424      25121.613      3472.523       28594.136      10329.624      0              1902.2298      3897.0605      8992.6985      0              1.1654001    
   5820000   72425.841      309.49707      4877.6732      25048.59       3412.5197      28461.109      10299.321      0              1864.8749      3899.6548      8984.7388      0              1.1505584    
   5830000   72460.009      309.64494      5043.1253      24889.142      3414.1502      28303.292      10233.542      0              1969.1395      3852.4093      8834.0505      0              1.1500159    
   5840000   71962.918      299.98249      5855.6531      24870.598      3307.6118      28178.21       10248.492      0              1866.876       3885.8984      8869.3317      0              1.1579597    
   5850000   72452.487      315.34965      5189.5973      24763.157      3477.0504      28240.207      10233.124      0              1834.7683      3883.3643      8811.8999      0              1.1501353    
   5860000   73218.758      309.20599      5218.0034      24588.209      3409.3103      27997.52       10190.11       0              1891.131       3830.7818      8676.1871      0              1.1380985    
   5870000   73292.194      300.38908      4296.957       24547.314      3312.0949      27859.409      10033.404      0              1900.0254      3873.8942      8739.9902      0              1.1369582    
   5880000   72716.621      308.38569      5469.395       24790.814      3400.2657      28191.08       10137.533      0              1901.8049      3961.9429      8789.5333      0              1.1459575    
   5890000   73121.714      301.80235      5390.3174      24623.873      3327.6776      27951.55       10020.201      0              1896.0513      3897.9497      8809.671       0              1.139609     
   5900000   73398.489      303.39323      4812.8877      24627.936      3345.2187      27973.154      9999.046       0              1901.2087      3857.2666      8870.4144      0              1.1353117    
   5901069   73178.672      306.99827      4681.4944      24604.151      3384.968       27989.119      10088.947      0              1917.8047      3848.7659      8748.6326      0              1.138722     
Loop time of 64.9025 on 48 procs for 100000 steps with 3700 atoms

Performance: 13.312 ns/day, 1.803 hours/ns, 1540.773 timesteps/s, 5.701 Matom-step/s
99.9% CPU use with 48 MPI tasks x 1 OpenMP threads

MPI task timing breakdown:
Section |  min time  |  avg time  |  max time  |%varavg| %total
---------------------------------------------------------------
Pair    | 15.631     | 35.768     | 47.5       | 101.0 | 55.11
Bond    | 3.2438     | 6.1701     | 7.7385     |  37.4 |  9.51
Neigh   | 0.13129    | 0.13199    | 0.13252    |   0.1 |  0.20
Comm    | 7.4441     | 20.608     | 43.573     | 151.1 | 31.75
Output  | 0.0041672  | 0.0077104  | 0.010957   |   2.1 |  0.01
Modify  | 1.6062     | 1.7285     | 1.9595     |   5.7 |  2.66
Other   |            | 0.4879     |            |       |  0.75

Nlocal:        77.0833 ave          97 max          37 min
Histogram: 1 1 2 2 1 2 13 11 11 4
Nghost:        3063.42 ave        3160 max        2997 min
Histogram: 5 3 12 3 9 7 2 5 1 1
Neighs:        22071.2 ave       30752 max        7998 min
Histogram: 1 2 0 3 1 9 17 10 4 1

Total # of neighbors = 1059417
Ave neighs/atom = 286.32892
Ave special neighs/atom = 11.898378
Neighbor list builds = 117
Dangerous builds = 0
Generated 0 of 1 mixed pair_coeff terms from geometric mixing rule
Setting up Verlet run ...
  Unit style    : real
  Current step  : 5901069
  Time step     : 0.1
WARNING: Inconsistent image flags (src/domain.cpp:1051)
Per MPI rank memory allocation (min/avg/max) = 13.94 | 13.97 | 14.41 Mbytes
   Step         Volume          Temp          Press          PotEng         KinEng         TotEng         E_vdwl         E_coul         E_bond        E_angle        E_dihed        E_impro        Density    
   5901069   73178.672      600            6699.5686      24604.151      6615.6098      31219.76       10088.947      0              1917.8047      3848.7659      8748.6326      0              1.138722     
   5910000   73178.672      599.44489      6244.3099      28008.847      6609.4892      34618.337      10627.5        0              2923.7512      4825.2953      9632.3006      0              1.138722     
   5920000   73178.672      606.49261      6655.1738      28162.247      6687.1975      34849.445      10433.301      0              2942.9841      4957.9877      9827.9749      0              1.138722     
   5930000   73178.672      607.7621       4799.0334      28095.777      6701.1948      34796.972      10399.444      0              3025.6886      4984.9572      9685.6878      0              1.138722     
   5940000   73178.672      596.95056      6385.3358      28023.133      6581.9867      34605.119      10427.751      0              2864.0431      4929.0718      9802.2669      0              1.138722     
   5950000   73178.672      609.15779      5471.3523      27887.834      6716.5838      34604.418      10294.983      0              2930.338       4857.4309      9805.0817      0              1.138722     
   5951069   73178.672      599.94555      6422.4283      27944.802      6615.0094      34559.812      10396.799      0              2867.57        4861.8539      9818.5798      0              1.138722     
Loop time of 30.1598 on 48 procs for 50000 steps with 3700 atoms

Performance: 14.324 ns/day, 1.676 hours/ns, 1657.835 timesteps/s, 6.134 Matom-step/s
99.8% CPU use with 48 MPI tasks x 1 OpenMP threads

MPI task timing breakdown:
Section |  min time  |  avg time  |  max time  |%varavg| %total
---------------------------------------------------------------
Pair    | 6.5826     | 17.179     | 22.833     |  78.2 | 56.96
Bond    | 1.3631     | 2.5877     | 3.41       |  27.6 |  8.58
Neigh   | 0.098995   | 0.099547   | 0.099899   |   0.1 |  0.33
Comm    | 3.3172     | 9.7434     | 21.486     | 116.1 | 32.31
Output  | 0.016251   | 0.018383   | 0.02018    |   0.8 |  0.06
Modify  | 0.22746    | 0.30452    | 0.45011    |   8.5 |  1.01
Other   |            | 0.2273     |            |       |  0.75

Nlocal:        77.0833 ave         104 max          38 min
Histogram: 1 2 1 1 4 15 9 9 5 1
Nghost:         3058.4 ave        3176 max        2990 min
Histogram: 4 7 12 9 2 4 5 4 0 1
Neighs:          22128 ave       31702 max        8151 min
Histogram: 1 1 2 2 6 12 10 9 4 1

Total # of neighbors = 1062142
Ave neighs/atom = 287.06541
Ave special neighs/atom = 11.898378
Neighbor list builds = 88
Dangerous builds = 0
Generated 0 of 1 mixed pair_coeff terms from geometric mixing rule
Setting up Verlet run ...
  Unit style    : real
  Current step  : 5951069
  Time step     : 0.1
WARNING: Inconsistent image flags (src/domain.cpp:1051)
Per MPI rank memory allocation (min/avg/max) = 13.94 | 13.97 | 14.41 Mbytes
   Step         Volume          Temp          Press          PotEng         KinEng         TotEng         E_vdwl         E_coul         E_bond        E_angle        E_dihed        E_impro        Density    
   5951069   73178.672      308            4411.6286      27944.802      3396.013       31340.815      10396.799      0              2867.57        4861.8539      9818.5798      0              1.138722     
   5960000   73178.672      307.05961      4974.6057      24399.364      3385.6443      27785.008      9857.6405      0              1879.9696      3837.1034      8824.6502      0              1.138722     
   5970000   73178.672      308.94981      4604.6355      24513.12       3406.4857      27919.606      9963.7065      0              1898.112       3889.7826      8761.5186      0              1.138722     
   5980000   73178.672      310.91901      4960.0046      24456.63       3428.1981      27884.828      9910.026       0              1885.5238      3907.9527      8753.1278      0              1.138722     
   5990000   73178.672      306.74719      5354.8675      24423.977      3382.1995      27806.177      9910.9459      0              1886.1216      3828.222       8798.6879      0              1.138722     
   6000000   73178.672      314.97911      5100.1002      24336.433      3472.9648      27809.398      9831.9962      0              1881.8181      3862.7863      8759.8328      0              1.138722     
   6001069   73178.672      309.93047      5615.2236      24444.357      3417.2985      27861.656      9918.8966      0              1898.1629      3832.6156      8794.6821      0              1.138722     
Loop time of 30.8844 on 48 procs for 50000 steps with 3700 atoms

Performance: 13.988 ns/day, 1.716 hours/ns, 1618.942 timesteps/s, 5.990 Matom-step/s
99.9% CPU use with 48 MPI tasks x 1 OpenMP threads

MPI task timing breakdown:
Section |  min time  |  avg time  |  max time  |%varavg| %total
---------------------------------------------------------------
Pair    | 7.3549     | 17.137     | 23.704     |  78.1 | 55.49
Bond    | 1.4748     | 2.575      | 3.5472     |  26.9 |  8.34
Neigh   | 0.058249   | 0.05854    | 0.058756   |   0.1 |  0.19
Comm    | 3.1083     | 10.582     | 21.4       | 110.6 | 34.26
Output  | 0.0021329  | 0.0038866  | 0.0055053  |   1.5 |  0.01
Modify  | 0.22898    | 0.30324    | 0.45151    |   8.6 |  0.98
Other   |            | 0.2246     |            |       |  0.73

Nlocal:        77.0833 ave          99 max          41 min
Histogram: 1 2 1 2 2 13 11 5 8 3
Nghost:        3055.02 ave        3160 max        3001 min
Histogram: 7 9 10 5 5 2 6 3 0 1
Neighs:        22122.9 ave       30574 max       10010 min
Histogram: 2 0 2 5 3 12 10 7 4 3

Total # of neighbors = 1061899
Ave neighs/atom = 286.99973
Ave special neighs/atom = 11.898378
Neighbor list builds = 51
Dangerous builds = 0
Generated 0 of 1 mixed pair_coeff terms from geometric mixing rule
Setting up Verlet run ...
  Unit style    : real
  Current step  : 6001069
  Time step     : 0.1
WARNING: Inconsistent image flags (src/domain.cpp:1051)
Per MPI rank memory allocation (min/avg/max) = 13.94 | 13.97 | 14.41 Mbytes
   Step         Volume          Temp          Press          PotEng         KinEng         TotEng         E_vdwl         E_coul         E_bond        E_angle        E_dihed        E_impro        Density    
   6001069   73178.672      308            5601.9273      24444.357      3396.013       27840.37       9918.8966      0              1898.1629      3832.6156      8794.6821      0              1.138722     
   6010000   79964.909      311.37856      516.09355      23877.162      3433.2651      27310.427      9531.9208      0              1940.5007      3825.5132      8579.2268      0              1.0420841    
   6020000   81770.299      305.9707       900.90116      23714.683      3373.6379      27088.321      9441.117       0              1905.3792      3786.6771      8581.5096      0              1.0190761    
   6030000   83212.121      309.74427      1085.7206      23586.488      3415.2454      27001.734      9460.311       0              1898.8869      3752.3241      8474.9664      0              1.0014185    
   6040000   85170.813      309.57644      71.344922      23536.47       3413.3949      26949.864      9436.2047      0              1940.9442      3776.6807      8382.6399      0              0.9783887    
   6050000   88075.249      300.14094      362.99951      23248.639      3309.3589      26557.998      9319.7902      0              1851.1443      3758.7169      8318.9879      0              0.94612461   
   6060000   90199.286      301.30477      489.41231      23246.109      3322.1913      26568.3        9292.0157      0              1925.0235      3691.264       8337.8054      0              0.92384501   
   6070000   90583.536      296.46875     -579.12614      23349.858      3268.8693      26618.727      9235.3838      0              2003.8433      3799.2125      8311.418       0              0.91992611   
   6080000   90803.342      316.30754      999.55357      23199.026      3487.6121      26686.638      9381.9015      0              1852.7376      3668.2366      8296.1505      0              0.91769927   
   6090000   90348.007      305.08683      1817.0581      23334.213      3363.8924      26698.106      9515.1006      0              1797.4504      3700           8321.6623      0              0.92232428   
   6100000   90953.25       315.20329      571.53179      23346.33       3475.4367      26821.766      9425.6509      0              1910.9675      3744.795       8264.9163      0              0.91618673   
   6101069   91095.62       310.2614       297.98304      23291.961      3420.9473      26712.908      9306.7717      0              1930.023       3725.0326      8330.1338      0              0.91475485   
Loop time of 63.5427 on 48 procs for 100000 steps with 3700 atoms

Performance: 13.597 ns/day, 1.765 hours/ns, 1573.746 timesteps/s, 5.823 Matom-step/s
99.9% CPU use with 48 MPI tasks x 1 OpenMP threads

MPI task timing breakdown:
Section |  min time  |  avg time  |  max time  |%varavg| %total
---------------------------------------------------------------
Pair    | 12.279     | 29.324     | 45.479     | 143.4 | 46.15
Bond    | 2.8903     | 6.1298     | 8.8361     |  51.7 |  9.65
Neigh   | 0.11699    | 0.11768    | 0.11829    |   0.1 |  0.19
Comm    | 7.0518     | 25.78      | 45.468     | 175.5 | 40.57
Output  | 0.0040995  | 0.0077082  | 0.011529   |   2.3 |  0.01
Modify  | 1.5514     | 1.7051     | 1.8816     |   6.0 |  2.68
Other   |            | 0.4785     |            |       |  0.75

Nlocal:        77.0833 ave         104 max          20 min
Histogram: 1 0 2 1 4 5 13 9 6 7
Nghost:        2618.08 ave        2734 max        2517 min
Histogram: 3 1 8 10 7 7 4 2 2 4
Neighs:        17844.2 ave       30015 max        4284 min
Histogram: 2 0 6 6 9 9 6 4 3 3

Total # of neighbors = 856523
Ave neighs/atom = 231.4927
Ave special neighs/atom = 11.898378
Neighbor list builds = 114
Dangerous builds = 0
Generated 0 of 1 mixed pair_coeff terms from geometric mixing rule
Setting up Verlet run ...
  Unit style    : real
  Current step  : 6101069
  Time step     : 0.1
WARNING: Inconsistent image flags (src/domain.cpp:1051)
Per MPI rank memory allocation (min/avg/max) = 13.93 | 13.97 | 14.4 Mbytes
   Step         Volume          Temp          Press          PotEng         KinEng         TotEng         E_vdwl         E_coul         E_bond        E_angle        E_dihed        E_impro        Density    
   6101069   91095.62       600            1901.0821      23291.961      6615.6098      29907.571      9306.7717      0              1930.023       3725.0326      8330.1338      0              0.91475485   
   6110000   91095.62       595.1595       1568.1884      26807.387      6562.2384      33369.625      9884.1309      0              2895.7621      4805.8276      9221.6663      0              0.91475485   
   6120000   91095.62       615.89969      485.44255      26772.973      6790.9201      33563.893      9669.7768      0              3054.0803      4780.887       9268.2286      0              0.91475485   
   6130000   91095.62       597.39477      863.77965      26621.239      6586.8845      33208.124      9685.242       0              2976.5206      4777.0547      9182.422       0              0.91475485   
   6140000   91095.62       600.3895       1344.1593      26710.42       6619.9044      33330.324      9850.5633      0              2956.4641      4787.8357      9115.5569      0              0.91475485   
   6150000   91095.62       596.29765      2450.5523      26783.737      6574.7876      33358.525      9841.3585      0              2999.7966      4835.3768      9107.2055      0              0.91475485   
   6151069   91095.62       594.92156      888.41741      26663.03       6559.6149      33222.645      9790.5419      0              3088.3557      4761.9535      9022.1792      0              0.91475485   
Loop time of 29.0441 on 48 procs for 50000 steps with 3700 atoms

Performance: 14.874 ns/day, 1.614 hours/ns, 1721.519 timesteps/s, 6.370 Matom-step/s
99.9% CPU use with 48 MPI tasks x 1 OpenMP threads

MPI task timing breakdown:
Section |  min time  |  avg time  |  max time  |%varavg| %total
---------------------------------------------------------------
Pair    | 3.3725     | 13.363     | 22.04      | 113.8 | 46.01
Bond    | 0.67695    | 2.5499     | 3.5923     |  36.9 |  8.78
Neigh   | 0.090037   | 0.090593   | 0.091098   |   0.1 |  0.31
Comm    | 3.037      | 12.521     | 24.353     | 132.4 | 43.11
Output  | 0.0020954  | 0.0038589  | 0.0054509  |   1.5 |  0.01
Modify  | 0.20751    | 0.29195    | 0.36535    |   7.1 |  1.01
Other   |            | 0.2231     |            |       |  0.77

Nlocal:        77.0833 ave         101 max          22 min
Histogram: 1 0 2 1 3 4 12 10 6 9
Nghost:        2614.71 ave        2741 max        2491 min
Histogram: 2 0 9 8 6 8 6 3 3 3
Neighs:        17860.4 ave       27203 max        5482 min
Histogram: 1 2 2 7 10 4 4 8 6 4

Total # of neighbors = 857298
Ave neighs/atom = 231.70216
Ave special neighs/atom = 11.898378
Neighbor list builds = 89
Dangerous builds = 0
Generated 0 of 1 mixed pair_coeff terms from geometric mixing rule
Setting up Verlet run ...
  Unit style    : real
  Current step  : 6151069
  Time step     : 0.1
WARNING: Inconsistent image flags (src/domain.cpp:1051)
Per MPI rank memory allocation (min/avg/max) = 13.93 | 13.98 | 14.4 Mbytes
   Step         Volume          Temp          Press          PotEng         KinEng         TotEng         E_vdwl         E_coul         E_bond        E_angle        E_dihed        E_impro        Density    
   6151069   91095.62       308           -699.09518      26663.03       3396.013       30059.043      9790.5419      0              3088.3557      4761.9535      9022.1792      0              0.91475485   
   6160000   91095.62       304.08859      1511.9346      23208.018      3352.8858      26560.904      9512.2914      0              1874.9478      3660.8362      8159.9431      0              0.91475485   
   6170000   91095.62       310.96786      1143.9176      23259.277      3428.7367      26688.014      9456.8144      0              1926.7618      3698.4337      8177.2669      0              0.91475485   
   6180000   91095.62       307.47801      879.31835      23133.882      3390.2576      26524.14       9351.7148      0              1860.3813      3716.0462      8205.7398      0              0.91475485   
   6190000   91095.62       307.29904      1526.895       23107.746      3388.2842      26496.03       9392.5511      0              1880.0184      3672.6199      8162.5564      0              0.91475485   
   6200000   91095.62       308.26648      1510.0853      23094.748      3398.9512      26493.699      9311.09        0              1879.3133      3745.7776      8158.5672      0              0.91475485   
   6210000   91095.62       312.25944      1331.4561      23283.126      3442.9777      26726.104      9450.4073      0              1943.8839      3705.4475      8183.3878      0              0.91475485   
   6220000   91095.62       312.03124      1723.5642      23234.436      3440.4616      26674.897      9460.6325      0              1898.9304      3672.4467      8202.4261      0              0.91475485   
   6230000   91095.62       311.55337      1329.2105      23235.658      3435.1925      26670.851      9499.2171      0              1827.8039      3709.5595      8199.0776      0              0.91475485   
   6240000   91095.62       306.46812      583.20926      23264.805      3379.1225      26643.928      9393.7576      0              1959.1011      3750.3606      8161.5861      0              0.91475485   
   6250000   91095.62       313.43308      1124.9149      23195.507      3455.9183      26651.425      9428.7869      0              1880.254       3730.7714      8155.6946      0              0.91475485   
   6251069   91095.62       313.63659      1690.4482      23299.633      3458.1622      26757.795      9487.9685      0              1935.9484      3717.0287      8158.6876      0              0.91475485   
Loop time of 58.971 on 48 procs for 100000 steps with 3700 atoms

Performance: 14.651 ns/day, 1.638 hours/ns, 1695.749 timesteps/s, 6.274 Matom-step/s
99.9% CPU use with 48 MPI tasks x 1 OpenMP threads

MPI task timing breakdown:
Section |  min time  |  avg time  |  max time  |%varavg| %total
---------------------------------------------------------------
Pair    | 6.0415     | 26.757     | 44.572     | 163.7 | 45.37
Bond    | 1.1639     | 5.0892     | 7.23       |  53.2 |  8.63
Neigh   | 0.11113    | 0.11181    | 0.11243    |   0.1 |  0.19
Comm    | 6.15       | 25.988     | 50.575     | 186.8 | 44.07
Output  | 0.0040683  | 0.0075489  | 0.010765   |   2.1 |  0.01
Modify  | 0.40281    | 0.57764    | 0.74111    |  10.7 |  0.98
Other   |            | 0.4394     |            |       |  0.75

Nlocal:        77.0833 ave         105 max          26 min
Histogram: 1 0 2 3 5 7 11 9 3 7
Nghost:        2622.67 ave        2759 max        2519 min
Histogram: 2 3 11 9 6 6 4 2 3 2
Neighs:        17859.1 ave       28585 max        6035 min
Histogram: 1 4 3 9 8 5 8 4 1 5

Total # of neighbors = 857239
Ave neighs/atom = 231.68622
Ave special neighs/atom = 11.898378
Neighbor list builds = 109
Dangerous builds = 0
Generated 0 of 1 mixed pair_coeff terms from geometric mixing rule
Setting up Verlet run ...
  Unit style    : real
  Current step  : 6251069
  Time step     : 0.1
WARNING: Inconsistent image flags (src/domain.cpp:1051)
Per MPI rank memory allocation (min/avg/max) = 13.93 | 13.99 | 14.4 Mbytes
   Step         Volume          Temp          Press          PotEng         KinEng         TotEng         E_vdwl         E_coul         E_bond        E_angle        E_dihed        E_impro        Density    
   6251069   91095.62       308            1659.2615      23299.633      3396.013       26695.646      9487.9685      0              1935.9484      3717.0287      8158.6876      0              0.91475485   
   6260000   95347.824      313.9094      -66.962881      23071.198      3461.1702      26532.368      9261.3746      0              1941.1055      3722.0581      8146.6593      0              0.87395975   
   6270000   95475.1        312.2248      -156.22329      22945.013      3442.5958      26387.609      9277.0322      0              1844.6193      3710.7933      8112.5685      0              0.87279469   
   6280000   95671.705      305.26178      54.490186      22935.534      3365.8214      26301.356      9319.1053      0              1873.9768      3700.1282      8042.3239      0              0.8710011    
   6290000   96491.194      307.96331      230.47386      22989.338      3395.6085      26384.947      9366.1103      0              1894.0439      3674.9023      8054.2817      0              0.86360379   
   6300000   96753.498      308.61777      314.10115      23080.52       3402.8246      26483.345      9308.2099      0              1936.1081      3776.7285      8059.4737      0              0.86126251   
   6310000   97401.17       305.56387      56.530709      23005.483      3369.1522      26374.635      9287.4837      0              1929.4198      3748.9154      8039.6637      0              0.85553552   
   6320000   96586.576      305.27645     -351.53339      23065.257      3365.9832      26431.24       9262.5049      0              1951.3451      3780.2073      8071.1993      0              0.86275095   
   6330000   97665.62       307.38488      118.21732      23073.161      3389.2307      26462.392      9348.2311      0              1939.888       3747.3831      8037.6585      0              0.85321897   
   6340000   97729.299      307.2035      -67.271972      23046.678      3387.2308      26433.909      9302.3403      0              1932.8044      3739.7592      8071.7744      0              0.85266303   
   6350000   98148.948      315.43959     -136.49374      23056.127      3478.0421      26534.169      9209.9514      0              1961.8639      3754.9605      8129.3507      0              0.84901736   
   6360000   98036.547      306.52114     -80.284665      23025.036      3379.7071      26404.743      9226.4927      0              1954.1168      3743.626       8100.8006      0              0.84999078   
   6370000   97846.836      303.43351     -217.88109      23077.407      3345.6628      26423.07       9255.4299      0              1989.6527      3731.8041      8100.5203      0              0.85163878   
   6380000   97338.417      314.65408     -102.71725      22944.618      3469.381       26413.999      9197.6707      0              1919.9365      3711.0566      8115.9544      0              0.85608708   
   6390000   96753.367      308.96381     -99.82253       23057.868      3406.64        26464.508      9276.7506      0              1942.7468      3734.6434      8103.7275      0              0.86126368   
   6400000   97593.228      302.57628     -551.49272      22965.015      3336.211       26301.226      9144.9689      0              1962.6109      3716.6918      8140.7436      0              0.85385188   
   6410000   97610.462      305.03251      226.02458      22935.633      3363.2934      26298.927      9192.3796      0              1928.6991      3717.8122      8096.7423      0              0.85370112   
   6420000   97791.1        304.75318     -373.1779       22983.042      3360.2136      26343.256      9111.9761      0              1956.3482      3788.6164      8126.1014      0              0.85212418   
   6430000   97811.116      303.99768      136.53407      22975.029      3351.8834      26326.912      9293.3803      0              1937.7458      3696.2271      8047.6755      0              0.8519498    
   6440000   98832.128      310.81762     -244.2572       22968.081      3427.0801      26395.162      9187.9964      0              1933.0195      3704.5259      8142.5396      0              0.8431485    
   6450000   98143.654      305.67843     -322.7442       22989.593      3370.4154      26360.008      9230.9598      0              1949.6855      3713.3907      8095.5567      0              0.84906315   
   6460000   97480.42       313.16283      616.41308      22966.168      3452.9385      26419.106      9272.6092      0              1907.7868      3677.9352      8107.8366      0              0.85483998   
   6470000   97815.689      313.02274      153.61725      23053.507      3451.3939      26504.901      9330.2873      0              1917.5354      3704.0417      8101.6431      0              0.85190997   
   6480000   98177.103      309.27916      230.40475      23024.079      3410.1171      26434.196      9284.3851      0              1864.8544      3784.1108      8090.7289      0              0.84877387   
   6490000   98312.995      310.93371     -197.04902      22984.364      3428.3601      26412.725      9196.9949      0              1967.8841      3694.6485      8124.837       0              0.84760067   
   6500000   99224.6        307.86392     -30.161432      23054.057      3394.5126      26448.569      9240.742       0              1979.0999      3763.5924      8070.6223      0              0.83981352   
   6510000   99767.244      307.48573      109.11425      22970.208      3390.3427      26360.55       9086.3804      0              1954.313       3759.3853      8170.1288      0              0.83524569   
   6520000   100768.22      305.11026      553.44282      22985.046      3364.1507      26349.197      9335.7711      0              1859.2513      3721.7961      8068.2278      0              0.82694882   
   6530000   100592.95      313.72178     -320.92994      22974.21       3459.1014      26433.311      9213.8888      0              1898.1014      3718.8954      8143.3241      0              0.82838968   
   6540000   101101.8       305.66239     -167.55943      23013.583      3370.2385      26383.822      9272.1343      0              1937.7035      3685.2066      8118.539       0              0.82422036   
   6550000   100443.92      305.13163      206.57961      22934.159      3364.3863      26298.545      9318.2064      0              1877.5155      3680.6441      8057.7928      0              0.82961874   
   6560000   101316.16      305.1799      -32.351192      22921.348      3364.9186      26286.267      9291.1062      0              1932.9193      3675.3269      8021.9957      0              0.82247654   
   6570000   101587.12      311.8426       140.33175      22941.436      3438.3816      26379.818      9273.5197      0              1899.118       3746.7807      8022.018       0              0.82028272   
   6580000   100900.8       306.14468      344.72114      23021.403      3375.5563      26396.959      9271.0269      0              1908.3993      3704.0937      8137.8832      0              0.82586226   
   6590000   101634.07      300.40302     -384.63164      23005.385      3312.2486      26317.633      9292.9465      0              1949.2845      3694.6314      8068.5224      0              0.8199038    
   6600000   101852.88      312.78156      157.57045      22974.239      3448.7346      26422.974      9270.4517      0              1902.0377      3720.0953      8081.6547      0              0.81814239   
   6610000   101741.62      312.23749      325.28107      22962.556      3442.7357      26405.292      9306.9022      0              1905.7285      3736.5255      8013.4002      0              0.81903705   
   6620000   101254.77      308.70628     -660.97956      22907.85       3403.8005      26311.65       9213.2598      0              1974.8426      3717.5567      8002.1908      0              0.82297517   
   6630000   101574.39      305.18078     -247.65973      22928.616      3364.9283      26293.544      9207.5079      0              1906.5465      3716.9389      8097.6225      0              0.82038551   
   6640000   101193.98      313.75974      262.05085      22923.222      3459.52        26382.742      9256.5271      0              1910.9088      3699.1945      8056.592       0              0.82346953   
   6650000   102267.95      304.23627      320.07461      22819.003      3354.5141      26173.517      9169.4164      0              1828.9775      3700.9344      8119.6745      0              0.81482182   
   6660000   102187.32      313.95136      817.44707      22857.158      3461.6328      26318.791      9209.6414      0              1827.307       3715.6654      8104.5441      0              0.81546475   
   6670000   103024.67      305.29049      475.3867       22921.211      3366.1379      26287.349      9293.937       0              1837.4281      3700.4707      8089.3751      0              0.80883697   
   6680000   102882.45      303.50672      399.77543      22976.47       3346.47        26322.94       9271.9446      0              1920.2739      3674.5493      8109.7027      0              0.80995505   
   6690000   102746.79      310.39321     -61.594298      22883.875      3422.4006      26306.276      9193.4983      0              1878.6463      3713.0285      8098.7018      0              0.81102447   
   6700000   103765.17      305.7227      -143.22611      23008.842      3370.9034      26379.745      9300.1852      0              1914.3715      3723.8833      8070.402       0              0.80306482   
   6710000   103262.77      305.24254      280.55302      22803.967      3365.6093      26169.576      9197.3047      0              1842.0919      3688.6432      8075.9269      0              0.80697195   
   6720000   104085.62      307.46515      758.70514      22920.864      3390.1157      26310.98       9294.9873      0              1857.7564      3713.8621      8054.2584      0              0.80059241   
   6730000   103723.71      302.35851      159.309        22857.58       3333.8099      26191.389      9320.103       0              1864.3557      3629.4888      8043.632       0              0.80338586   
   6740000   103562.63      310.22831     -248.78819      22934.575      3420.5824      26355.158      9269.7747      0              1905.7408      3661.9772      8097.0827      0              0.80463539   
   6750000   103000.24      305.76065     -147.88832      23036.328      3371.3219      26407.65       9286.6691      0              1935.6832      3686.9693      8127.0062      0              0.80902881   
   6760000   104293.28      306.10427     -657.68476      22991.046      3375.1107      26366.156      9245.7056      0              1957.5084      3684.1923      8103.6394      0              0.7989984    
   6770000   103376.34      309.42795     -99.086971      22982.605      3411.7577      26394.363      9243.9147      0              1928.4819      3674.3098      8135.8987      0              0.80608542   
   6780000   103460.66      307.79317     -500.17611      22890.256      3393.7325      26283.989      9217.4749      0              1910.893       3705.2946      8056.594       0              0.80542846   
   6790000   103792.15      302.15369     -373.63822      23115.352      3331.5515      26446.903      9357.768       0              1968.2687      3675.7567      8113.5582      0              0.80285607   
   6800000   102865.45      301.28091      36.220932      22949.185      3321.9283      26271.113      9210.1189      0              1898.2865      3737.4576      8103.3215      0              0.8100889    
   6810000   104389.26      317.25149     -112.18469      22919.735      3498.0201      26417.755      9228.7088      0              1921.7956      3700.3765      8068.8537      0              0.79826373   
   6820000   104113.16      301.58526      367.73134      22871.705      3325.284       26196.989      9294.9314      0              1860.7389      3661.7914      8054.2437      0              0.8003807    
   6830000   104382.43      307.27011      201.91636      22898.288      3387.9653      26286.254      9197.4458      0              1887.8672      3699.6002      8113.3752      0              0.79831599   
   6840000   105286.02      310.65575     -195.4172       22951.088      3425.2954      26376.383      9148.4269      0              1961.4928      3742.2519      8098.9162      0              0.79146462   
   6850000   105698.06      315.96906     -188.72836      22894.612      3483.88        26378.492      9170.0241      0              1910.7162      3738.9556      8074.9162      0              0.78837931   
   6860000   105287.02      308.83156      616.35506      22958.026      3405.1818      26363.208      9242.8273      0              1879.8941      3733.7356      8101.5691      0              0.79145709   
   6870000   105306.86      306.29251     -358.51585      22979.828      3377.1862      26357.014      9191.4382      0              1933.7009      3731.8643      8122.8247      0              0.79130802   
   6880000   104847.54      313.55916      56.692414      22875.839      3457.3084      26333.147      9118.5251      0              1900.3351      3752.7031      8104.2755      0              0.79477461   
   6890000   105647.12      307.83059      785.73444      22798.971      3394.1452      26193.116      9188.5785      0              1843.8069      3683.4925      8083.0931      0              0.78875938   
   6900000   104613.62      315.03677      612.60908      22895.562      3473.6005      26369.163      9246.4298      0              1849.3993      3703.5779      8096.1551      0              0.79655173   
   6910000   105029.63      306.78726     -16.627453      22866.548      3382.6413      26249.189      9205.5357      0              1890.9499      3704.9432      8065.1189      0              0.7933967    
   6920000   105083.95      306.87352      487.15854      22891.689      3383.5925      26275.281      9217.3435      0              1856.8922      3660.8466      8156.6067      0              0.79298654   
   6930000   104654.87      294.16269     -1.3836282      22907.856      3243.4426      26151.299      9073.1862      0              1881.4943      3785.4301      8167.7454      0              0.79623774   
   6940000   104927.1       308.93224     -181.46999      22790.493      3406.292       26196.785      9028.142       0              1898.698       3741.9192      8121.7335      0              0.79417195   
   6950000   104909.11      308.96788      249.1428       22831.045      3406.685       26237.73       9196.4725      0              1862.6251      3683.2013      8088.7459      0              0.79430815   
   6960000   104835.53      308.33885      460.67996      23044.416      3399.7492      26444.165      9234.0937      0              1923.1697      3728.4122      8158.74        0              0.79486567   
   6970000   105269.46      313.5442      -536.10895      22760.717      3457.1434      26217.86       9106.8361      0              1950.0076      3656.4877      8047.3856      0              0.7915891    
   6980000   104793.81      301.99214     -207.79936      22902.981      3329.7702      26232.751      9190.6119      0              1871.9243      3695.1235      8145.3213      0              0.79518207   
   6990000   105462.34      311.39065     -27.46655       22883.747      3433.3984      26317.146      9192.3298      0              1879.8463      3676.6561      8134.9152      0              0.7901414    
   7000000   105196.5       310.14814     -183.8339       23002.526      3419.6985      26422.224      9185.2609      0              1939.5695      3714.2308      8163.4646      0              0.79213815   
   7010000   105734.6       306.2418       237.37789      22915.483      3376.6271      26292.111      9174.3375      0              1903.6275      3695.4977      8142.0207      0              0.78810683   
   7020000   105096.86      303.34019      102.14954      22917.272      3344.6339      26261.906      9137.8111      0              1911.5943      3740.6772      8127.1896      0              0.79288913   
   7030000   105640.73      306.86738     -281.32814      22820.852      3383.5247      26204.377      9175.1312      0              1901.851       3645.4808      8098.389       0              0.7888071    
   7040000   105928.1       307.39431     -503.95997      22907.516      3389.3346      26296.851      9137.7962      0              1886.9142      3734.9601      8147.8456      0              0.78666721   
   7050000   105237.56      303.98858      316.20755      22864.334      3351.783       26216.117      9154.8791      0              1886.475       3724.9466      8098.0335      0              0.79182904   
   7060000   105923.81      308.08667     -108.26385      22752.446      3396.9686      26149.415      9125.305       0              1876.0244      3630.5829      8120.5337      0              0.78669905   
   7070000   105936.89      308.38676      461.37712      22855.963      3400.2774      26256.24       9284.4649      0              1815.7912      3676.3843      8079.3223      0              0.78660194   
   7080000   105516.1       309.43861     -249.1451       22858.542      3411.8752      26270.417      9131.9868      0              1892.2164      3702.3464      8131.9919      0              0.78973883   
   7090000   105285.69      307.72111     -61.934987      22984.588      3392.938       26377.526      9175.2486      0              1967.6344      3751.7614      8089.9431      0              0.79146714   
   7100000   105731.84      306.09627     -187.79811      22830.911      3375.0225      26205.933      9090.8335      0              1888.807       3708.6665      8142.6039      0              0.7881274    
   7110000   106064.83      304.60372     -145.96855      22795.024      3358.5656      26153.59       9107.937       0              1879.8087      3662.7207      8144.5579      0              0.78565305   
   7120000   105997.97      313.54535      75.720573      22852.715      3457.1562      26309.871      9107.8861      0              1887.6934      3668.6928      8188.4423      0              0.78614863   
   7130000   105607.7       308.62696      538.57585      22896.084      3402.9259      26299.01       9208.4365      0              1859.9906      3705.5958      8122.0616      0              0.7890538    
   7140000   106299.37      305.43753      516.50234      22829.753      3367.7592      26197.513      9193.506       0              1867.8744      3668.8142      8099.5587      0              0.78391961   
   7150000   105571.48      308.84393      250.49641      22885.59       3405.3182      26290.908      9172.4323      0              1929.6005      3682.1878      8101.3695      0              0.78932452   
   7160000   105543.78      308.06518      193.90288      22743.398      3396.7318      26140.13       9140.5898      0              1865.9095      3647.0107      8089.8886      0              0.7895317    
   7170000   104863.64      313.17176      98.373475      22883.482      3453.0369      26336.519      9196.2695      0              1815.4433      3710.5779      8161.1911      0              0.79465255   
   7180000   106402.33      308.54077     -741.35623      22825.427      3401.9756      26227.403      9025.3212      0              1908.8339      3747.5357      8143.7365      0              0.78316107   
   7190000   106066.34      313.38266     -658.46685      22786.771      3455.3624      26242.134      9109.9196      0              1901.0355      3673.8635      8101.9527      0              0.78564191   
   7200000   105670.74      307.02136     -164.51162      22837.35       3385.2225      26222.573      9143.1775      0              1895.7687      3677.3516      8121.0523      0              0.78858311   
   7210000   105199.05      309.63541      574.93823      22820.156      3414.0451      26234.201      9134.1893      0              1893.2083      3633.75        8159.0087      0              0.79211894   
   7220000   105257.9       307.67588     -457.24303      22821.645      3392.4393      26214.084      9125.36        0              1926.1564      3633.368       8136.7607      0              0.79167606   
   7230000   105754.85      312.26041     -52.181117      22838.575      3442.9884      26281.563      9215.8268      0              1900.6262      3654.3975      8067.7242      0              0.7879559    
   7240000   105257.72      313.95107      35.266119      22966.008      3461.6296      26427.637      9108.6453      0              1970.3919      3732.1088      8154.8616      0              0.79167742   
   7250000   105617.94      308.46719     -266.66459      22920.677      3401.1643      26321.841      9214.3187      0              1952.9792      3657.8793      8095.4995      0              0.78897737   
   7260000   105977.41      309.97863      3.0620006      22883.684      3417.8294      26301.513      9170.7693      0              1901.2182      3690.6103      8121.0857      0              0.78630114   
   7270000   105102.02      308.29889      173.04793      22932.377      3399.3086      26331.686      9141.1109      0              1961.4         3736.3677      8093.4987      0              0.79285021   
   7280000   105433.58      307.33737     -183.7799       23017.756      3388.7069      26406.463      9205.7002      0              1993.3685      3722.8746      8095.8125      0              0.79035691   
   7290000   105298.76      303.76783      135.4697       22855.353      3349.3491      26204.702      9154.4622      0              1878.1294      3678.7861      8143.9749      0              0.79136887   
   7300000   105733.09      302.6504       49.690219      22844.388      3337.0282      26181.417      9103.2224      0              1917.3161      3725.3573      8098.4925      0              0.78811807   
   7310000   105542.76      316.09569     -281.92081      22855.63       3485.2763      26340.906      9118.721       0              1923.6391      3679.0328      8134.2367      0              0.78953932   
   7320000   104981.93      309.09244      671.48223      22859.828      3408.0583      26267.887      9160.6334      0              1864.2679      3693.3592      8141.5678      0              0.79375717   
   7330000   105887.48      305.3316      -467.18153      22911.044      3366.5913      26277.636      9210.1359      0              1881.257       3732.8825      8086.7689      0              0.786969     
   7340000   105638.1       304.20172      290.4558       22816.753      3354.1331      26170.886      9123.5377      0              1863.2616      3681.6772      8148.2765      0              0.78882674   
   7350000   105443.88      313.44519     -103.06952      22750.654      3456.0518      26206.705      9060.7812      0              1891.7047      3696.5646      8101.603       0              0.79027975   
   7360000   105982.4       298.90272      446.81027      22931.478      3295.7063      26227.184      9187.5167      0              1877.9494      3740.018       8125.9941      0              0.78626412   
   7370000   105630.59      309.47067     -210.46352      22895.386      3412.2287      26307.614      9147.7803      0              1951.2372      3678.0551      8118.3132      0              0.78888284   
   7380000   105129.33      307.16582     -589.01563      22908.847      3386.8154      26295.662      9072.0155      0              1943.0213      3700.6255      8193.1844      0              0.79264426   
   7390000   106662.46      303.67135     -510.67531      22865.505      3348.2853      26213.79       9129.755       0              1922.3753      3747.6858      8065.6884      0              0.78125106   
   7400000   106122.48      310.53997     -360.48397      22853.255      3424.0188      26277.274      9032.038       0              1944.8169      3693.1149      8183.285       0              0.78522631   
   7410000   105161.91      308.43483      113.45138      22797.441      3400.8075      26198.249      9122.1246      0              1876.2116      3658.9489      8140.1563      0              0.79239873   
   7420000   105613.85      308.94482     -486.15336      22981.181      3406.4306      26387.612      9142.5973      0              1949.5654      3734.3754      8154.6431      0              0.7890079    
   7430000   106073.29      305.38128      257.55252      22806.447      3367.139       26173.586      9171.1668      0              1843.7997      3725.9293      8065.5508      0              0.78559045   
   7440000   105187.74      311.88275      132.11189      22849.4        3438.8243      26288.224      9191.0184      0              1861.6745      3671.9358      8124.7711      0              0.79220415   
   7450000   105084.83      318.41399     -96.545484      22886.53       3510.8378      26397.368      9225.283       0              1893.4572      3669.7066      8098.0836      0              0.79297991   
   7460000   104907.95      311.13719      350.1607       22918.454      3430.6037      26349.058      9208.3195      0              1859.2685      3699.1798      8151.6864      0              0.79431696   
   7470000   105868.49      303.46162      378.56873      22825.504      3345.9728      26171.477      9208.4582      0              1841.5189      3698.8408      8076.6864      0              0.78711015   
   7480000   105399.25      316.89446     -51.901168      22807.682      3494.0835      26301.765      9051.4208      0              1908.4273      3700.2972      8147.5364      0              0.7906144    
   7490000   105400.7       309.03932      646.7639       22872.191      3407.4726      26279.663      9230.4122      0              1876.4896      3682.7328      8082.5561      0              0.79060345   
   7500000   105301.76      309.87327      145.93221      22892.224      3416.6677      26308.892      9123.7299      0              1923.2         3704.5248      8140.7695      0              0.79134633   
   7510000   105710.06      309.97068      439.37609      22890.441      3417.7418      26308.182      9168.8029      0              1893.0506      3663.3046      8165.2826      0              0.78828981   
   7520000   105283.3       314.44097     -73.659263      22818.964      3467.0313      26285.995      9151.3692      0              1922.6175      3714.457       8030.5202      0              0.79148507   
   7530000   104164.3       305.56963      366.03643      22904.872      3369.2158      26274.088      9250.7258      0              1896.9887      3701.0236      8056.1337      0              0.79998768   
   7540000   105586.29      313.95337      10.972837      22907.058      3461.655       26368.713      9195.7034      0              1935.878       3648.476       8127.001       0              0.78921385   
   7550000   106078.14      308.90352      1.4458939      22837.994      3405.9753      26243.97       9177.6626      0              1866.3003      3695.2087      8098.8228      0              0.78555454   
   7560000   105491.87      317.82349      93.482038      22854.676      3504.327       26359.003      9196.1185      0              1928.1967      3634.6408      8095.7199      0              0.78992019   
   7570000   106251.55      317.48307      59.044136      22670.566      3500.5736      26171.14       9060.9878      0              1836.6853      3668.2782      8104.6147      0              0.78427241   
   7580000   106573.14      306.27248     -245.84352      22733.844      3376.9654      26110.81       9058.2605      0              1886.26        3686.9249      8102.3989      0              0.78190582   
   7590000   106422.35      302.44459     -30.03818       22822.811      3334.759       26157.57       9092.2692      0              1931.151       3704.6684      8094.7226      0              0.78301371   
   7600000   107760.1       301.84464     -129.11088      22701.365      3328.1439      26029.509      9072.8427      0              1891.4157      3716.4688      8020.6381      0              0.77329327   
   7610000   108039.31      302.63923     -597.63254      22647.666      3336.9052      25984.571      9104.1709      0              1903.2044      3638.1552      8002.1352      0              0.7712948    
   7620000   107077.07      302.57174      62.517671      22867.671      3336.161       26203.832      9145.7339      0              1962.827       3722.1856      8036.9247      0              0.77822598   
   7630000   107035.42      303.83426      271.70065      22671.567      3350.0815      26021.648      9158.5374      0              1894.855       3660.6407      7957.5334      0              0.77852881   
   7640000   107045.12      305.52608     -325.36203      22873.416      3368.7356      26242.152      9148.5734      0              1897.7597      3754.5575      8072.5253      0              0.77845828   
   7650000   107397.93      305.50913     -116.70529      22689.126      3368.5486      26057.675      9117.8835      0              1883.0664      3703.6377      7984.5387      0              0.77590103   
   7660000   107521.79      308.76769      75.381945      22758.921      3404.4776      26163.399      9178.9918      0              1876.3774      3629.378       8074.1739      0              0.7750072    
   7670000   107630.59      311.94834      285.5614       22764.318      3439.5475      26203.865      9199.3164      0              1879.5974      3690.1804      7995.2237      0              0.77422377   
   7680000   107563.68      316.7297      -26.026317      22795.385      3492.2669      26287.652      9195.68        0              1863.4612      3707.2404      8029.0035      0              0.77470534   
   7690000   107349.2       310.52486     -435.2262       22829.471      3423.8522      26253.323      9134.9594      0              1947.2146      3722.7819      8024.5149      0              0.77625321   
   7700000   107425.68      315.42034     -298.62224      22744.367      3477.8298      26222.197      9148.006       0              1886.1716      3671.7743      8038.4149      0              0.77570057   
   7710000   107068.39      303.87624     -2.2716382      22742.459      3350.5444      26093.003      9148.3294      0              1869.4154      3689.2611      8035.4526      0              0.77828912   
   7720000   107438.24      310.08829     -43.225854      22814.168      3419.0386      26233.207      9255.5443      0              1929.2515      3671.802       7957.5703      0              0.77560991   
   7730000   107369.42      305.86609      105.32511      22744.191      3372.4845      26116.676      9136.0243      0              1881.3481      3688.9894      8037.8295      0              0.77610705   
   7740000   107131.91      309.71322      123.46302      22761.644      3414.903       26176.547      9240.442       0              1890.1464      3653.6236      7977.4324      0              0.77782761   
   7750000   107652.95      306.59913      1057.0878      22880.053      3380.567       26260.62       9206.7307      0              1851.1468      3721.9265      8100.249       0              0.77406294   
   7760000   107302.81      311.34832     -116.87595      22673.525      3432.9316      26106.456      9121.3374      0              1876.8331      3672.3871      8002.9672      0              0.77658882   
   7770000   106993.68      306.82032      775.94691      22822.871      3383.0059      26205.877      9257.6264      0              1865.4297      3705.886       7993.9288      0              0.77883253   
   7780000   107467.91      308.57881      66.56579       22758.018      3402.3951      26160.413      9176.8052      0              1907.0165      3686.9175      7987.2791      0              0.77539577   
   7790000   107615.81      309.73745      496.09338      22658.734      3415.1702      26073.904      9089.9063      0              1855.7785      3733.5377      7979.5111      0              0.77433006   
   7800000   107790.73      309.63731      180.35922      22748.677      3414.0661      26162.743      9170.3585      0              1898.3887      3681.1866      7998.7434      0              0.7730735    
   7810000   108239.74      310.49241     -244.5032       22722.927      3423.4944      26146.421      9208.63        0              1932.8299      3590.4095      7991.0574      0              0.76986657   
   7820000   107375.73      311.88564      1.3047295      22757.036      3438.8562      26195.892      9161.5393      0              1911.7865      3690.6848      7993.025       0              0.77606143   
   7830000   107521.76      302.37861     -81.477958      22729.363      3334.0315      26063.395      9128.5317      0              1940.5114      3668.7259      7991.594       0              0.7750074    
   7840000   108659.5       308.4467      -184.04076      22866.002      3400.9383      26266.94       9102.149       0              1945.2958      3775.9711      8042.5862      0              0.76689252   
   7850000   108281.29      307.24208     -5.8497199      22680.295      3387.6562      26067.951      9062.6055      0              1930.302       3665.9891      8021.3984      0              0.7695712    
   7860000   108225.2       302.05373     -282.63779      22748.212      3330.4493      26078.662      9081.0259      0              1895.183       3713.2912      8058.7122      0              0.76997004   
   7870000   108660.78      302.20975      539.33173      22627.883      3332.1697      25960.053      9105.6291      0              1808.1244      3702.4076      8011.7217      0              0.76688352   
   7880000   108262.74      310.97637     -29.18848       22743.623      3428.8306      26172.454      9159.9486      0              1880.059       3687.8924      8015.7229      0              0.76970304   
   7890000   108531.85      306.9639      -578.13406      22725.179      3384.589       26109.768      9160.6887      0              1901.5929      3693.3942      7969.5033      0              0.7677945    
   7900000   108263.16      309.35341     -534.88489      22725.713      3410.9357      26136.649      9072.0446      0              1928.0221      3723.5402      8002.1065      0              0.76970006   
   7910000   108271.33      312.84948     -175.96895      22770.92       3449.4835      26220.404      9075.2647      0              1929.6898      3773.6774      7992.2882      0              0.76964199   
   7920000   107889.18      303.53059      22.884859      22726.414      3346.7333      26073.148      9179.2682      0              1874.0543      3688.4767      7984.6152      0              0.77236807   
   7930000   108634.49      307.86828      39.477673      22642.696      3394.5607      26037.257      9117.1074      0              1847.7604      3716.1964      7961.6322      0              0.76706913   
   7940000   108081.81      309.66303     -41.635103      22728.755      3414.3497      26143.105      9157.9846      0              1886.777       3716.3095      7967.6838      0              0.77099151   
   7950000   107295.82      305.57565      561.01584      22912.442      3369.2822      26281.724      9330.16        0              1892.9486      3742.6055      7946.7278      0              0.77663939   
   7960000   108310.24      303.15952     -156.17812      22631.717      3342.6419      25974.359      9087.6842      0              1915.5189      3652.3392      7976.1747      0              0.76936549   
   7970000   108387.14      297.8703      -663.91527      22633.351      3284.3228      25917.674      9071.509       0              1917.9197      3691.2694      7952.6534      0              0.76881963   
   7980000   107877.98      304.15383     -17.095305      22661.075      3353.6051      26014.68       9101.3656      0              1877.7753      3719.0064      7962.9277      0              0.77244826   
   7990000   109087.15      306.02103     -554.04557      22655.671      3374.1929      26029.864      8986.7249      0              1930.0543      3733.0172      8005.8749      0              0.7638861    
   8000000   108331.8       314.89377      189.80131      22640.851      3472.0239      26112.875      9103.0352      0              1883.5637      3708.1192      7946.1325      0              0.76921235   
   8010000   108370.67      310.96648      23.081246      22757.81       3428.7215      26186.532      9211.8907      0              1897.308       3727.3967      7921.2148      0              0.76893647   
   8020000   108393.98      302.82033      56.461785      22532.856      3338.9019      25871.758      9062.8801      0              1843.9719      3656.504       7969.5         0              0.7687711    
   8030000   108902.45      306.49582     -152.63807      22678.072      3379.428       26057.5        9066.4243      0              1956.8159      3688.1908      7966.6408      0              0.76518172   
   8040000   108492.78      304.72535      188.34651      22625.711      3359.9067      25985.617      9160.281       0              1861.8758      3670.2451      7933.3088      0              0.76807102   
   8050000   109431.69      307.62058     -568.63009      22700.221      3391.8296      26092.051      9054.2445      0              1952.9817      3757.6682      7935.3267      0              0.76148107   
   8060000   109053.09      316.90711     -63.590636      22564.306      3494.2229      26058.529      8985.64        0              1872.6129      3723.6795      7982.3737      0              0.76412473   
   8070000   108296         308.56813     -428.05582      22725.696      3402.2772      26127.974      9058.8967      0              1931.2529      3713.7242      8021.8225      0              0.76946669   
   8080000   108123.81      312.66381      477.40515      22687.363      3447.4363      26134.8        9162.5629      0              1844.4754      3707.0792      7973.2458      0              0.77069205   
   8090000   108319.43      299.533       -264.19567      22726.234      3302.6558      26028.89       9120.3836      0              1939.3818      3666.0039      8000.4645      0              0.76930019   
   8100000   108778.84      310.24897     -319.47762      22656.078      3420.8102      26076.889      9111.7492      0              1901.5759      3684.9358      7957.8174      0              0.76605118   
   8110000   108702.18      312.17557      58.812796      22674.047      3442.053       26116.1        9112.4255      0              1905.4679      3723.6214      7932.5327      0              0.76659142   
   8120000   108875.07      310.05246     -372.08009      22671.21       3418.6435      26089.853      9175.7956      0              1849.4361      3660.5817      7985.3964      0              0.76537412   
   8130000   108985.31      310.60053     -578.55829      22673.434      3424.6866      26098.121      9141.3739      0              1934.8953      3651.8047      7945.3605      0              0.76459992   
   8140000   108446.23      309.24727      328.17838      22582.851      3409.7654      25992.616      9132.7144      0              1850.8628      3622.606       7976.6674      0              0.76840072   
   8150000   108854.26      310.8193      -3.1125101      22653.617      3427.0987      26080.716      9104.5459      0              1947.1702      3666.411       7935.4899      0              0.76552044   
   8160000   108102.01      311.2199      -49.927345      22725.455      3431.5157      26156.971      9226.6197      0              1898.356       3636.773       7963.7064      0              0.77084748   
   8170000   108173.68      312.4443      -79.506532      22780.722      3445.016       26225.738      9192.6798      0              1916.9528      3681.3935      7989.6958      0              0.77033671   
   8180000   108424.82      313.95836     -15.720033      22724.163      3461.71        26185.873      9159.4207      0              1921.5784      3676.4321      7966.7319      0              0.76855241   
   8190000   108470.27      307.54299      126.67189      22518.661      3390.9741      25909.635      9017.1121      0              1879.5981      3654.1431      7967.8076      0              0.76823043   
   8200000   108638.57      304.57819     -820.34635      22633.319      3358.2841      25991.603      9043.1536      0              1917.5189      3722.0076      7950.639       0              0.76704033   
   8210000   108166.02      309.91217     -457.19345      22761.139      3417.0967      26178.236      9103.4096      0              1940.9154      3686.2024      8030.6119      0              0.77039128   
   8220000   107574.11      304.92252      177.51189      22747.248      3362.0808      26109.329      9207.6826      0              1904.3781      3626.9098      8008.2779      0              0.77463024   
   8230000   108074.17      307.53497     -69.011037      22698.767      3390.8856      26089.653      9171.1138      0              1917.126       3689.5712      7920.9561      0              0.77104602   
   8240000   108195.61      302.80204      224.24175      22747.385      3338.7002      26086.085      9133.5959      0              1907.3898      3765.7486      7940.6507      0              0.77018057   
   8250000   108574.42      307.52665     -434.29297      22716.631      3390.7939      26107.425      9151.3379      0              1942.8763      3669.1094      7953.3072      0              0.7674935    
   8260000   108073.48      310.65714     -645.62094      22739.821      3425.3107      26165.131      9134.7329      0              1951.407       3709.2078      7944.4729      0              0.77105097   
   8270000   108962.68      300.79772      153.60827      22698.481      3316.6006      26015.081      9152.3031      0              1873.8926      3718.0364      7954.2487      0              0.76475873   
   8280000   107491.22      303.76087     -301.01031      22727.402      3349.2724      26076.674      9168.286       0              1948.8644      3689.8133      7920.4379      0              0.77522756   
   8290000   106548.86      310.11077      506.54546      22866.79       3419.2864      26286.077      9294.5241      0              1884.3416      3674.0833      8013.8414      0              0.78208405   
   8300000   106740.78      307.82488     -514.16487      22712.879      3394.0821      26106.961      9140.9881      0              1912.0441      3666.3542      7993.4924      0              0.78067786   
   8310000   108621.27      306.96729     -264.90881      22779.084      3384.6264      26163.71       9134.9215      0              1950.3213      3724.8583      7968.9826      0              0.76716243   
   8320000   108352.44      311.20138     -96.006077      22696.342      3431.3115      26127.653      9073.247       0              1940.1344      3716.6642      7966.2959      0              0.76906587   
   8330000   106927.39      303.93763      185.70438      22752.081      3351.2213      26103.303      9106.1335      0              1899.6168      3765.5703      7980.7609      0              0.77931542   
   8340000   108309.75      305.30707     -568.68066      22596.274      3366.3207      25962.595      9050.5453      0              1909.5718      3677.1148      7959.0423      0              0.76936896   
   8350000   108530.14      313.59706      122.03949      22699.238      3457.7263      26156.964      9189.259       0              1932.1373      3609.7836      7968.0581      0              0.76780664   
   8360000   109047.78      303.46956     -628.01434      22732.369      3346.0603      26078.429      9146.7541      0              1947.6968      3664.4632      7973.4548      0              0.76416192   
   8370000   107040.49      314.75069      249.77339      22764.746      3470.4462      26235.192      9160.9799      0              1934.7278      3689.0622      7979.9764      0              0.77849193   
   8380000   107223.73      303.10058     -257.55594      22810.432      3341.992       26152.424      9066.5979      0              1950.0181      3756.352       8037.464       0              0.77716158   
   8390000   107256.97      314.86324      198.58585      22798.868      3471.6872      26270.555      9129.1096      0              1947.679       3773.4672      7948.6118      0              0.77692072   
   8400000   107067.83      310.06089      750.79067      22785.061      3418.7364      26203.797      9217.8166      0              1855.7487      3725.5685      7985.9267      0              0.77829318   
   8410000   108335.99      312.02468      60.8486        22699.967      3440.3892      26140.356      9168.3031      0              1886.2839      3700.3339      7945.0463      0              0.76918264   
   8420000   107851.56      312.16586      152.31063      22664.089      3441.9458      26106.035      9169.6262      0              1887.0461      3690.3895      7917.0272      0              0.77263752   
   8430000   108874         304.6248      -205.07615      22785.898      3358.798       26144.696      9133.5002      0              1869.7072      3771.5902      8011.1005      0              0.76538161   
   8440000   108617.09      303.93969      26.213414      22633.886      3351.244       25985.13       9033.36        0              1892.3614      3711.0194      7997.1452      0              0.76719197   
   8450000   107900.88      312.0968       488.74808      22764.497      3441.1845      26205.681      9157.3013      0              1871.9671      3750.3742      7984.8541      0              0.77228432   
   8460000   107467.72      308.15517      46.256379      22739.737      3397.724       26137.461      9125.2804      0              1961.6812      3673.1012      7979.6744      0              0.77539711   
   8470000   108617.47      303.94844     -24.046119      22669.832      3351.3405      26021.172      9156.8961      0              1878.2355      3692.143       7942.5573      0              0.76718928   
   8480000   107975.58      304.71941     -36.097297      22698.988      3359.8412      26058.829      9148.6162      0              1865.8974      3689.1332      7995.3412      0              0.77175003   
   8490000   108176         308.02617      27.359777      22750.41       3396.3016      26146.712      9156.6113      0              1937.7511      3695.6873      7960.3604      0              0.77032025   
   8500000   107863.6       308.60129      363.09074      22746.674      3402.6429      26149.317      9183.1262      0              1830.9239      3702.905       8029.7186      0              0.77255129   
   8510000   108746.95      311.14246     -25.043913      22614.011      3430.6619      26044.672      9165.3324      0              1868.4355      3618.0151      7962.2276      0              0.76627583   
   8520000   108105.76      311.28006      11.637506      22651.82       3432.179       26083.999      9131.3938      0              1914.0862      3659.0296      7947.31        0              0.77082075   
   8530000   107847.89      310.63679     -214.24519      22653.404      3425.0863      26078.491      9106.8295      0              1912.6502      3706.8413      7927.0835      0              0.77266377   
   8540000   107659.89      305.089       -198.19179      22687.982      3363.9163      26051.898      9107.5259      0              1952.9463      3636.9096      7990.5999      0              0.77401304   
   8550000   108121.04      305.44038      381.03002      22758.651      3367.7906      26126.442      9177.7469      0              1909.9829      3686.0809      7984.8404      0              0.77071182   
   8560000   108431.47      308.42329     -226.93221      22674.972      3400.6803      26075.652      9087.2967      0              1949.8773      3663.3456      7974.4525      0              0.76850531   
   8570000   109241.46      310.64338      50.510967      22585.648      3425.159       26010.807      9075.7045      0              1861.3736      3664.1815      7984.3889      0              0.76280708   
   8580000   107892.36      305.12335      20.109853      22756.095      3364.2951      26120.39       9146.4274      0              1955.7107      3675.2633      7978.6933      0              0.7723453    
   8590000   108571.41      312.36484     -235.91268      22689.392      3444.1398      26133.532      9066.0437      0              1945.3187      3699.7337      7978.2962      0              0.76751475   
   8600000   108987.97      306.85915      203.09208      22697.092      3383.434       26080.526      9067.7568      0              1944.6433      3636.1841      8048.5076      0              0.76458129   
   8610000   108512.47      306.79884      206.98642      22718.26       3382.769       26101.029      9127.905       0              1899.6716      3678.0651      8012.618       0              0.76793164   
   8620000   108805.15      313.73606      262.48513      22645.775      3459.2589      26105.034      9029.2538      0              1890.777       3699.8139      8025.9299      0              0.76586595   
   8630000   108057         309.82119     -861.39525      22712.952      3416.0935      26129.045      9040.1253      0              1972.8839      3723.2054      7976.7372      0              0.77116852   
   8640000   108750.12      301.79616      97.812915      22635.141      3327.6094      25962.75       9133.6808      0              1920.294       3669.8654      7911.3005      0              0.76625354   
   8650000   109110.67      313.83389      840.11049      22555.665      3460.3376      26016.002      9084.8919      0              1847.7482      3672.7132      7950.3114      0              0.76372146   
   8660000   108591.6       313.94534     -89.164568      22729.038      3461.5664      26190.604      9136.6013      0              1963.2593      3672.6688      7956.5081      0              0.76737208   
   8670000   108197.23      308.87589      79.141694      22714.14       3405.6706      26119.81       9167.3623      0              1879.9833      3688.9101      7977.8842      0              0.77016908   
   8680000   107975.67      301.87166      476.62356      22783.98       3328.4419      26112.422      9243.3864      0              1842.1107      3709.2095      7989.2736      0              0.77174942   
   8690000   108455.84      304.00424     -58.751245      22784.012      3351.9558      26135.968      9145.9536      0              1891.9131      3717.4426      8028.7027      0              0.76833262   
   8700000   107831.85      311.45972     -471.52421      22726.467      3434.16        26160.627      9147.0327      0              1955.0297      3648.2756      7976.1288      0              0.77277872   
   8710000   108155.04      307.37906      23.173914      22776.031      3389.1666      26165.198      9150.1392      0              1869.1665      3739.4352      8017.2905      0              0.77046954   
   8720000   108437.41      310.60614      284.04915      22791.702      3424.7484      26216.45       9125.8318      0              1965.5231      3730.3211      7970.0259      0              0.76846318   
   8730000   108736.8       310.58445     -510.77257      22685.549      3424.5092      26110.058      9041.2945      0              1946.2276      3760.2187      7937.8084      0              0.76634736   
   8740000   108894.42      307.1122       141.25313      22739.53       3386.2241      26125.754      9147.5678      0              1891.9134      3721.8657      7978.1828      0              0.76523808   
   8750000   108712.71      309.85565      819.45034      22647.324      3416.4734      26063.798      9123.0368      0              1855.6344      3670.8774      7997.7758      0              0.76651721   
   8760000   108029.04      309.14265      247.99114      22693.419      3408.6119      26102.031      9130.6481      0              1904.3082      3630.2143      8028.2486      0              0.77136818   
   8770000   109164.61      310.54464     -62.210523      22617.554      3424.0703      26041.624      9077.7937      0              1885.889       3675.0457      7978.8255      0              0.76334408   
   8780000   108775.02      315.57541      443.36428      22692.441      3479.5397      26171.981      9127.1172      0              1901.6491      3681.9004      7981.7747      0              0.76607811   
   8790000   109204.38      306.42806      70.788251      22716.392      3378.6808      26095.073      9112.953       0              1916.7967      3683.0999      8003.5427      0              0.76306612   
   8800000   108956.32      304.64428      317.04017      22606.66       3359.0129      25965.673      9092.6016      0              1846.5977      3663.3145      8004.1459      0              0.76480334   
   8810000   108999.56      308.4735      -301.76318      22547.621      3401.2339      25948.855      9047.9906      0              1884.2593      3680.5648      7934.8061      0              0.7645       
   8820000   108990.15      299.21989     -324.37222      22654.452      3299.2034      25953.655      9136.6289      0              1910.1514      3675.6462      7932.0251      0              0.76456598   
   8830000   108050.94      309.95509      528.89955      22676.977      3417.5699      26094.547      9176.957       0              1884.6038      3666.62        7948.7958      0              0.77121177   
   8840000   109082.9       307.30921     -104.58485      22662.356      3388.3964      26050.753      9029.6586      0              1905.865       3682.8596      8043.9731      0              0.76391586   
   8850000   108439.68      303.56398     -228.99483      22751.92       3347.1014      26099.021      9165.1223      0              1921.8069      3683.0955      7981.8948      0              0.76844711   
   8860000   108700.31      313.00954      189.82833      22678.878      3451.2483      26130.126      9139.5429      0              1898.1229      3725.3624      7915.8499      0              0.76660466   
   8870000   108544.05      314.53851      32.497832      22639.65       3468.1067      26107.757      9131.1439      0              1890.1454      3660.5068      7957.8541      0              0.76770825   
   8880000   108793.05      303.53463     -671.38897      22702.95       3346.7778      26049.728      9093.5417      0              1973.2027      3654.9488      7981.257       0              0.76595116   
   8890000   109159.59      309.20003     -90.641071      22680.722      3409.2446      26089.967      9109.9522      0              1882.4463      3693.8563      7994.4675      0              0.76337919   
   8900000   107780.7       308.39035      199.84203      22720.968      3400.3171      26121.285      9191.2924      0              1889.2652      3672.0064      7968.4038      0              0.77314549   
   8910000   108539.38      306.79061      603.79191      22619.534      3382.6783      26002.213      9118.9895      0              1827.7535      3721.424       7951.3673      0              0.76774125   
   8920000   108548.09      298.66949     -47.200383      22692.029      3293.1347      25985.164      9171.7997      0              1914.0012      3659.9732      7946.2548      0              0.76767963   
   8930000   108555.06      305.57358     -268.29642      22629.012      3369.2593      25998.271      9062.1189      0              1917.9879      3686.3011      7962.6041      0              0.76763035   
   8940000   108162.27      307.21799      224.18765      22692.555      3387.3906      26079.946      9173.9189      0              1901.9969      3654.6662      7961.9735      0              0.77041804   
   8950000   109140.1       311.71012      180.09642      22641.298      3436.9209      26078.219      9140.5293      0              1810.7656      3668.7164      8021.2871      0              0.76351554   
   8960000   108687.31      307.61401     -524.75315      22644.688      3391.7571      26036.445      9052.5848      0              1914.5203      3713.2383      7964.3442      0              0.76669633   
   8970000   109234.43      306.46272      287.66234      22675.241      3379.063       26054.304      9120.7394      0              1946.2032      3641.4798      7966.8189      0              0.76285617   
   8980000   108749.35      310.30009      202.39921      22724.232      3421.3739      26145.606      9174.5392      0              1852.9385      3696.746       8000.0084      0              0.76625896   
   8990000   107948.8       312.70872     -272.01808      22740.496      3447.9315      26188.427      9077.2007      0              1958.8024      3740.5948      7963.8977      0              0.77194155   
   9000000   109477.44      310.58766      747.3539       22616.45       3424.5446      26040.994      9075.0012      0              1838.9023      3708.421       7994.1253      0              0.76116282   
   9010000   108524.86      310.68685      43.81109       22671.984      3425.6382      26097.622      9126.6592      0              1890.9822      3716.1587      7938.1837      0              0.76784399   
   9020000   108620.24      307.51558      51.603718      22679.641      3390.6718      26070.313      9128.9109      0              1930.3559      3645.2657      7975.1084      0              0.76716971   
   9030000   108363.63      308.20867      383.83231      22717.112      3398.3138      26115.426      9155.5297      0              1850.0503      3743.9392      7967.5929      0              0.76898641   
   9040000   109274.55      307.99527     -491.72873      22607.45       3395.9608      26003.411      9101.6856      0              1891.1205      3651.6455      7962.9984      0              0.76257609   
   9050000   109113.4       311.02882     -0.29874225     22597.139      3429.4088      26026.548      9067.3446      0              1810.6047      3743.6658      7975.5238      0              0.76370232   
   9060000   108192.97      310.54446      444.52408      22729.639      3424.0683      26153.707      9127.8656      0              1883.0938      3723.7657      7994.914       0              0.77019939   
   9070000   109477.09      310.86528     -47.786952      22641.533      3427.6057      26069.139      9082.9321      0              1906.7591      3698.6501      7953.1921      0              0.76116531   
   9080000   108481.91      313.95409      403.35772      22633.735      3461.663       26095.398      9103.3247      0              1892.8815      3719.4589      7918.0696      0              0.76814795   
   9090000   108927.62      300.50721      284.89351      22503.088      3313.3975      25816.485      9127.1724      0              1812.5647      3586.829       7976.5217      0              0.76500486   
   9100000   108338.44      307.99981     -40.160966      22571.081      3396.011       25967.092      8981.018       0              1877.602       3702.9157      8009.5456      0              0.76916525   
   9110000   108584.34      310.32932     -634.89571      22613.6        3421.6962      26035.296      9113.8808      0              1928.9148      3684.8761      7885.928       0              0.7674234    
   9120000   109279.61      310.00582      158.19178      22671.868      3418.1292      26089.998      9078.7211      0              1899.6001      3704.2509      7989.2963      0              0.76254077   
   9130000   109060.85      306.49975      126.09584      22687.889      3379.4712      26067.36       9164.3665      0              1948.6008      3637.4499      7937.4714      0              0.76407035   
   9140000   109070.91      305.39996     -544.50379      22735.358      3367.345       26102.703      9145.1277      0              1965.1274      3623.9239      8001.1792      0              0.76399989   
   9150000   108942.73      310.82313      308.14541      22562.602      3427.1409      25989.743      9089.4657      0              1892.7723      3636.3249      7944.0391      0              0.76489878   
   9160000   109060.58      307.86298     -99.19026       22518.776      3394.5022      25913.279      9080.0474      0              1863.3643      3651.9973      7923.3674      0              0.76407222   
   9170000   109346.58      312.95667     -32.487765      22637.167      3450.6654      26087.832      9069.1351      0              1861.5944      3713.5998      7992.8375      0              0.76207377   
   9180000   109635.1       301.94712     -182.25074      22535.187      3329.2739      25864.461      9089.1114      0              1868.0475      3637.4011      7940.6266      0              0.76006828   
   9190000   109343.36      305.48294     -7.7108446      22671.959      3368.2599      26040.219      9139.8939      0              1915.5624      3738.4722      7878.0304      0              0.76209623   
   9200000   109024.18      303.17327     -104.29925      22718.331      3342.7935      26061.125      9061.7091      0              1961.5496      3735.9547      7959.1177      0              0.76432735   
   9210000   108440.37      308.67965     -17.707862      22584.288      3403.5069      25987.795      9118.7526      0              1901.7546      3648.6065      7915.1741      0              0.7684422    
   9220000   108428.05      311.17769      667.19205      22701.181      3431.0503      26132.231      9101.5508      0              1892.9105      3696.9499      8009.7693      0              0.76852952   
   9230000   108225.21      308.27822      8.6226072      22646.799      3399.0807      26045.88       9074.2125      0              1916.5839      3654.5843      8001.4185      0              0.76996997   
   9240000   107845.13      308.73801      73.485299      22612.302      3404.1503      26016.452      9053.1571      0              1946.7625      3669.826       7942.5562      0              0.77268359   
   9250000   108533.15      307.68221      441.91954      22639.605      3392.5091      26032.114      9070.2747      0              1849.8888      3711.5658      8007.8752      0              0.76778531   
   9260000   109151.64      307.48331      28.111681      22658.465      3390.316       26048.781      9078.049       0              1925.0653      3655.0097      8000.3415      0              0.76343482   
   9270000   109039.38      306.09681      121.19835      22759.521      3375.0285      26134.549      9154.2954      0              1913.0618      3724.0693      7968.0946      0              0.7642208    
   9280000   108817.92      313.56918      123.18058      22656.623      3457.4189      26114.042      9087.4875      0              1920.3405      3677.9004      7970.8947      0              0.76577605   
   9290000   108736.71      303.64229     -200.61369      22677.742      3347.9649      26025.707      9052.4761      0              1902.1526      3660.8692      8062.244       0              0.76634797   
   9300000   109220.43      313.3685      -66.038295      22749.048      3455.2062      26204.254      9075.4721      0              1935.3685      3699.8064      8038.401       0              0.76295394   
   9310000   107932.07      301.45436      528.61305      22665.752      3323.8407      25989.593      9161.649       0              1843.7663      3665.1588      7995.1781      0              0.7720612    
   9320000   109230.41      307.95342      560.40293      22623.288      3395.4994      26018.788      9109.653       0              1841.0557      3715.4563      7957.1231      0              0.76288429   
   9330000   109016.76      311.62206     -490.20489      22658.853      3435.9499      26094.803      9107.6797      0              1938.0788      3661.3007      7951.7936      0              0.76437936   
   9340000   108115.49      307.45589      229.6398       22699.261      3390.0136      26089.275      9102.8168      0              1932.2884      3678.0412      7986.1147      0              0.77075139   
   9350000   109375.54      304.95897     -781.28547      22616.647      3362.4826      25979.13       9010.1295      0              1982.2481      3714.0873      7910.182       0              0.76187199   
   9360000   109229.06      300.42377     -697.26784      22667.664      3312.4774      25980.142      9092.7295      0              1988.2577      3643.9189      7942.7584      0              0.76289366   
   9370000   108857.42      315.17039      98.493584      22682.476      3475.0738      26157.55       9115.7463      0              1893.6012      3706.6738      7966.4551      0              0.76549824   
   9380000   108824.37      308.56834      107.67263      22666.086      3402.2795      26068.365      9100.6296      0              1884.0966      3712.485       7968.8743      0              0.76573066   
   9390000   109898.43      311.79426     -328.92165      22567.977      3437.8486      26005.825      9039.2307      0              1906.6028      3651.3149      7970.8285      0              0.75824702   
   9400000   109278.37      306.3445       191.79342      22553.281      3377.7595      25931.04       9037.3965      0              1841.1243      3698.449       7976.3107      0              0.76254941   
   9410000   108106.42      305.84162      597.60534      22639.58       3372.2147      26011.795      9082.9264      0              1855.4799      3727.7741      7973.3996      0              0.77081605   
   9420000   109505.08      300.94051     -545.01853      22673.888      3318.175       25992.063      9027.0032      0              1927.4664      3709.8487      8009.5693      0              0.76097071   
   9430000   109134.65      307.56365     -49.957591      22634.79       3391.2018      26025.992      9059.2335      0              1896.8166      3658.7437      8019.9962      0              0.76355365   
   9440000   108389.59      310.36951      221.53191      22561.449      3422.1393      25983.589      9111.011       0              1790.9293      3641.8086      8017.7004      0              0.76880224   
   9450000   108623.3       310.72884      257.50811      22632.429      3426.1013      26058.53       9061.059       0              1901.8764      3660.8374      8008.6564      0              0.76714815   
   9460000   108513.87      305.94363      77.756367      22650.907      3373.3395      26024.247      9102.22        0              1892.1101      3657.3138      7999.2635      0              0.76792177   
   9470000   108358.09      307.5496       346.43573      22709.502      3391.0469      26100.549      9154.8807      0              1860.7615      3687.0916      8006.7684      0              0.76902576   
   9480000   108209.63      300.97653      425.50306      22633.062      3318.5722      25951.634      9068.1237      0              1885.6772      3667.3738      8011.8873      0              0.77008084   
   9490000   109217.47      310.47768     -15.589398      22724.228      3423.3319      26147.559      9013.8243      0              1955.8958      3733.0646      8021.4428      0              0.76297462   
   9500000   108949.59      309.46412     -128.05059      22678.084      3412.1564      26090.241      9078.006       0              1941.275       3690.0179      7968.7852      0              0.76485064   
   9510000   108788.06      307.33595     -177.42209      22640.367      3388.6912      26029.058      9063.6194      0              1907.9794      3700.6183      7968.1498      0              0.7659863    
   9520000   109226.33      307.51025     -503.40344      22574.967      3390.6131      25965.58       8944.0097      0              1930.5451      3722.9047      7977.5069      0              0.76291278   
   9530000   109239.05      308.9678       134.3708       22699.503      3406.684       26106.187      9100.2548      0              1885.4466      3742.9421      7970.86        0              0.76282391   
   9540000   108547.38      312.45948      301.82432      22594.916      3445.1834      26040.099      9060.9202      0              1880.6096      3648.7541      8004.6317      0              0.76768467   
   9550000   109304.29      312.69874     -778.63519      22740.96       3447.8214      26188.781      9082.9708      0              1968.0276      3693.0211      7996.9405      0              0.76236865   
   9560000   108595.5       314.47346     -163.63705      22703.379      3467.3895      26170.769      9123.1463      0              1941.4783      3671.8234      7966.9315      0              0.76734453   
   9570000   108853.83      303.32382      60.43161       22613.901      3344.4534      25958.354      8976.449       0              1909.8256      3724.2011      8003.4248      0              0.76552347   
   9580000   109237.72      308.80309     -248.85392      22651.466      3404.8679      26056.334      9035.6008      0              1934.7867      3696.8686      7984.2101      0              0.76283323   
   9590000   108840.62      304.17784      41.538766      22618.738      3353.8698      25972.608      9041.3398      0              1860.3881      3732.0533      7984.9568      0              0.76561635   
   9600000   108639.51      307.54405      826.6142       22610.207      3390.9858      26001.193      9120.0573      0              1846.3495      3711.9331      7931.8676      0              0.76703367   
   9610000   109433.66      306.10152     -522.32421      22685.966      3375.0804      26061.047      9043.7286      0              1919.2439      3726.3529      7996.6407      0              0.76146738   
   9620000   108708.73      311.09415      499.88281      22655.263      3430.1292      26085.392      9147.5513      0              1861.7238      3659.3301      7986.6576      0              0.76654528   
   9630000   108082.39      305.45759      157.6355       22734.775      3367.9804      26102.755      9143.9826      0              1909.7545      3692.0368      7989.0011      0              0.7709874    
   9640000   108776.17      311.41756     -105.13622      22559.276      3433.6951      25992.971      9041.3455      0              1872.5232      3687.1693      7958.2379      0              0.76607001   
   9650000   109001.93      307.43337      293.35333      22677.655      3389.7654      26067.42       9046.3639      0              1926.4344      3729.2778      7975.5783      0              0.76448332   
   9660000   108883.63      306.94015     -745.37474      22658.688      3384.3271      26043.015      8964.83        0              1959.39        3735.909       7998.559       0              0.76531392   
   9670000   108458.17      307.50856     -128.40626      22723.246      3390.5944      26113.841      9095.455       0              1916.652       3726.4699      7984.6696      0              0.76831612   
   9680000   109420.6       310.15349     -292.56473      22611.047      3419.7575      26030.804      9006.8792      0              1972.8515      3656.2999      7975.0163      0              0.76155828   
   9690000   109509.4       308.82592      68.125954      22666.736      3405.1197      26071.855      9020.1816      0              1919.8075      3742.8049      7983.9418      0              0.76094072   
   9700000   108207.32      307.09741      421.91731      22698.081      3386.0611      26084.142      9149.0959      0              1880.5953      3699.055       7969.3349      0              0.77009723   
   9710000   109022.74      308.63476     -145.66175      22686.353      3403.0119      26089.365      9075.5092      0              1937.7914      3721.4643      7951.5878      0              0.76433741   
   9720000   109318.95      309.90371     -211.27412      22671.02       3417.0034      26088.023      9075.2079      0              1871.3453      3666.8948      8057.572       0              0.76226636   
   9730000   108244.74      311.44618      444.09963      22613.351      3434.0107      26047.362      9164.1108      0              1881.1563      3640.9364      7927.148       0              0.76983105   
   9740000   108412.74      317.2105       108.33728      22629.398      3497.5682      26126.966      9029.6823      0              1853.5406      3685.5529      8060.6225      0              0.76863806   
   9750000   108921.22      306.65936     -528.18692      22737.156      3381.2311      26118.387      9077.9489      0              1941.3708      3719.3918      7998.4446      0              0.76504985   
   9760000   109436.86      305.87523     -51.031868      22665.669      3372.5853      26038.254      9086.419       0              1899.0035      3691.6373      7988.6093      0              0.76144512   
   9770000   109143.05      310.40739     -157.91098      22583.615      3422.557       26006.172      9081.8022      0              1869.3089      3662.5073      7969.9969      0              0.7634949    
   9780000   108352.64      297.46359     -376.32163      22725.992      3279.8384      26005.83       9204.9277      0              1884.4785      3644.9791      7991.6063      0              0.76906443   
   9790000   109010.81      308.89965      680.36943      22627.707      3405.9326      26033.639      9042.0361      0              1870.9334      3753.6287      7961.1086      0              0.7644211    
   9800000   109309.32      305.14926     -117.7831       22558.238      3364.5807      25922.818      9076.4383      0              1911.1599      3648.252       7922.3873      0              0.76233352   
   9810000   108388.99      303.34111      193.63103      22620.765      3344.644       25965.409      9073.0973      0              1905.7373      3640.4191      8001.5116      0              0.7688065    
   9820000   108872.62      311.79675      377.39228      22611.054      3437.876       26048.93       9063.3809      0              1865.6954      3721.3251      7960.6524      0              0.76539136   
   9830000   109049.06      306.74266     -231.85295      22605.144      3382.1496      25987.294      8993.2594      0              1925.6828      3702.7454      7983.4568      0              0.76415295   
   9840000   108907.58      300.31264      424.3612       22729.565      3311.2521      26040.817      9122.8951      0              1899.3215      3742.3923      7964.9558      0              0.76514566   
   9850000   108501.97      313.53232     -661.09587      22724.184      3457.0125      26181.197      8995.8329      0              1978.0324      3728.1472      8022.1718      0              0.76800599   
   9860000   108358.72      304.10111      329.18396      22631.932      3353.0238      25984.956      9037.4408      0              1877.6391      3748.4086      7968.4434      0              0.7690213    
   9870000   109354.65      306.06516     -159.03334      22533.303      3374.6795      25907.983      9034.8433      0              1896.5036      3651.4221      7950.5341      0              0.76201756   
   9880000   108827.94      307.51075      283.86427      22727.115      3390.6185      26117.734      9118.2559      0              1892.1452      3730.8885      7985.8254      0              0.76570555   
   9890000   109437.5       310.9996       96.201696      22587.35       3429.0867      26016.437      9031.0691      0              1877.1978      3714.0389      7965.0445      0              0.76144062   
   9900000   108811.25      300.20905     -424.46188      22700.917      3310.1099      26011.027      9067.7574      0              1934.8188      3705.1533      7993.1875      0              0.76582299   
   9910000   109607.99      307.65681     -158.71979      22620.93       3392.2291      26013.159      9152.3492      0              1921.3429      3624.8123      7922.4254      0              0.76025627   
   9920000   109166.9       311.47951     -192.71648      22719.197      3434.3782      26153.575      9093.5498      0              1942.7858      3675.3278      8007.5333      0              0.76332808   
   9930000   109140         310.30428     -270.77971      22673.518      3421.4201      26094.938      9125.265       0              1912.154       3692.6367      7943.4625      0              0.76351623   
   9940000   108218.13      305.04253      648.56447      22785.61       3363.4039      26149.014      9268.874       0              1874.7839      3629.1301      8012.8225      0              0.77002034   
   9950000   108171.52      303.81536      278.23259      22722.368      3349.8731      26072.242      9170.8262      0              1880.671       3678.276       7992.5952      0              0.77035213   
   9960000   108911.86      307.66426      251.01342      22619.423      3392.3112      26011.734      9062.1218      0              1863.8654      3681.8742      8011.5612      0              0.76511558   
   9970000   108661.36      308.78364     -349.53727      22585.33       3404.6534      25989.984      9028.8919      0              1897.7461      3699.1079      7959.5843      0              0.76687945   
   9980000   108437.04      314.34462      393.14319      22689.629      3465.969       26155.598      9187.8481      0              1869.9996      3648.6255      7983.1557      0              0.76846586   
   9990000   108585.8       314.19409     -228.45221      22625.847      3464.3092      26090.156      9082.8087      0              1900.5969      3677.8807      7964.5604      0              0.76741308   
  10000000   108938.73      317.41907      113.61326      22621.594      3499.8679      26121.462      9159.5189      0              1873.7722      3626.8009      7961.5021      0              0.76492684   
  10010000   109124.14      309.89574      383.97812      22480.645      3416.9155      25897.561      9025.8606      0              1841.4627      3676.7352      7936.587       0              0.76362722   
  10020000   108790.29      309.19202      41.332092      22661.328      3409.1563      26070.484      9066.9498      0              1874.1872      3715.5336      8004.6572      0              0.76597057   
  10030000   109116.98      307.46011      183.54027      22731.367      3390.0602      26121.427      9116.9129      0              1848.319       3748.1786      8017.9559      0              0.76367733   
  10040000   108830.12      307.15526     -696.01357      22635.395      3386.6989      26022.094      9090.0608      0              1910.1516      3689.04        7946.1427      0              0.76569022   
  10050000   108953.01      307.85652      109.1938       22586.704      3394.431       25981.135      9072.4394      0              1854.1658      3714.11        7945.9887      0              0.76482664   
  10060000   108774.32      311.85958      31.845124      22739.661      3438.5688      26178.23       9164.5358      0              1914.2556      3680.1449      7980.7246      0              0.76608301   
  10070000   108829.19      311.41287      331.94009      22655.52       3433.6434      26089.163      9178.1897      0              1844.2242      3659.0964      7974.0093      0              0.76569681   
  10080000   109410.61      310.30298     -69.745026      22635.157      3421.4058      26056.562      8984.0727      0              1903.8859      3757.9694      7989.2286      0              0.76162777   
  10090000   109039.85      314.05991      613.73936      22716.803      3462.8297      26179.632      9140.0912      0              1906.3425      3703.1224      7967.2465      0              0.76421751   
  10100000   109325.63      306.56671     -434.19592      22576.614      3380.2095      25956.824      9016.3666      0              1867.019       3675.2551      8017.9736      0              0.76221982   
  10110000   108679.99      309.79248     -63.062614      22693.017      3415.777       26108.794      9145.4883      0              1930.8651      3655.8655      7960.7986      0              0.76674796   
  10120000   108957.41      306.96564      373.71457      22679.213      3384.6082      26063.821      9098.5439      0              1929.4373      3700.5322      7950.6996      0              0.76479571   
  10130000   109077.9       302.58053     -0.94480224     22603.118      3336.2579      25939.375      9061.9253      0              1872.4098      3729.286       7939.4964      0              0.76395092   
  10140000   108538.14      312.14337      186.2558       22698.162      3441.6979      26139.859      9094.6835      0              1876.1082      3721.545       8005.8248      0              0.76775001   
  10150000   108338.01      311.3317       620.57271      22692.048      3432.7484      26124.797      9158.2118      0              1862.0157      3679.6926      7992.128       0              0.76916825   
  10160000   109729.14      308.5692      -239.8688       22618.689      3402.289       26020.978      9007.556       0              1950.5175      3725.0762      7935.5395      0              0.7594169    
  10170000   108958.38      308.00968      217.68729      22552.961      3396.1198      25949.08       9037.4252      0              1908.2161      3615.3536      7991.9656      0              0.76478892   
  10180000   108506.08      309.67872      115.11546      22657.172      3414.5227      26071.695      9092.3604      0              1889.3947      3707.0532      7968.3638      0              0.76797688   
  10190000   108489.44      315.40685      230.54844      22588.287      3477.6811      26065.968      9004.2212      0              1904.4394      3691.6478      7987.9782      0              0.76809469   
  10200000   109470.22      303.56604     -158.80741      22594.73       3347.1241      25941.854      9113.5396      0              1891.9355      3631.2763      7957.9782      0              0.76121303   
  10210000   109032.41      303.56801     -415.07751      22573.672      3347.1459      25920.818      9023.3985      0              1933.3682      3701.6935      7915.2116      0              0.76426965   
  10220000   108722.23      315.24738      130.08245      22676.881      3475.9227      26152.804      9098.6721      0              1905.6717      3705.0569      7967.4804      0              0.76645007   
  10230000   108995.31      306.34418     -296.47142      22672.035      3377.7559      26049.791      9128.7618      0              1913.178       3709.0352      7921.0603      0              0.76452981   
  10240000   108636.13      307.251       -76.706576      22648.434      3387.7545      26036.189      9121.0966      0              1913.0096      3673.4798      7940.8481      0              0.7670575    
  10250000   109363.04      310.59941     -511.60259      22582.366      3424.6742      26007.04       9046.0029      0              1906.6514      3665.6497      7964.0615      0              0.7619591    
  10260000   108654.68      310.1162       40.696055      22708.998      3419.3463      26128.344      9147.8473      0              1928.7774      3680.3846      7951.9885      0              0.76692655   
  10270000   108301.93      310.33209     -412.02871      22756.22       3421.7268      26177.947      9157.075       0              1931.9509      3671.1972      7995.9969      0              0.76942454   
  10280000   109425.28      310.6538      -164.54097      22601.547      3425.2739      26026.821      9062.7222      0              1929.6361      3659.3164      7949.8722      0              0.76152568   
  10290000   109203.47      313.79294      615.47857      22588.78       3459.8861      26048.666      9081.5707      0              1833.4428      3665.1839      8008.5822      0              0.76307246   
  10300000   109270.11      306.09177     -527.96949      22674.621      3374.9729      26049.594      9106.0471      0              1948.3714      3659.0823      7961.1205      0              0.76260711   
  10310000   108836.85      300.76105     -464.10368      22717.726      3316.1963      26033.923      9102.5396      0              1925.7496      3703.9528      7985.4842      0              0.76564286   
  10320000   108576.12      306.08868      80.060685      22628.609      3374.9388      26003.547      9069.4172      0              1902.6589      3719.4339      7937.0986      0              0.76748145   
  10330000   108845.88      308.12044     -267.13169      22641.809      3397.3411      26039.15       9113.8237      0              1872.4312      3717.9901      7937.5639      0              0.76557934   
  10340000   108212.58      305.76014      289.75285      22632.302      3371.3163      26003.618      9094.7259      0              1899.9469      3667.9893      7969.6397      0              0.77005982   
  10350000   108903.04      310.10657      72.639617      22642.781      3419.2401      26062.021      9121.3893      0              1897.738       3683.98        7939.6735      0              0.76517755   
  10360000   108273.96      315.221        124.17804      22746.431      3475.6319      26222.063      9165.5382      0              1893.8614      3679.992       8007.0397      0              0.76962329   
  10370000   108065.19      305.31287     -383.80031      22692.738      3366.3847      26059.123      9126.9319      0              1950.2704      3666.9051      7948.6309      0              0.77111009   
  10380000   108395.6       311.2865       1.7084591      22838.343      3432.2501      26270.593      9170.8683      0              1937.8486      3673.8309      8055.795       0              0.76875965   
  10390000   107600.81      299.77865     -579.72038      22738.836      3305.3643      26044.201      9156.3356      0              1953.1342      3644.419       7984.9477      0              0.77443805   
  10400000   108355.68      309.17811     -183.19734      22685.356      3409.0029      26094.358      9102.4382      0              1931.8587      3655.7909      7995.2678      0              0.76904284   
  10410000   108391.99      310.28776     -155.30041      22683.784      3421.2379      26105.022      9093.268       0              1899.8448      3676.0994      8014.5718      0              0.7687852    
  10420000   108143.14      311.25281      1.6079316      22721.046      3431.8786      26152.925      9105.6114      0              1930.5069      3739.9292      7944.9986      0              0.77055431   
  10430000   108894.29      310.59368      408.78155      22685.853      3424.611       26110.464      9041.9565      0              1882.28        3770.4468      7991.17        0              0.76523905   
  10440000   109234.87      305.64213     -267.44768      22618.53       3370.0151      25988.546      9093.3943      0              1894.3497      3708.8174      7921.969       0              0.76285312   
  10450000   108396.86      313.71637      7.9298872      22643.015      3459.0418      26102.057      9088.5768      0              1931.9399      3683.2007      7939.298       0              0.7687507    
  10460000   107967.1       307.3778      -285.95469      22651.024      3389.1527      26040.176      9122.296       0              1903.5534      3666.398       7958.7763      0              0.77181065   
  10470000   108766.43      304.52359      51.582477      22633.578      3357.6821      25991.26       9037.6585      0              1889.205       3701.9864      8004.728       0              0.76613863   
  10480000   108488.1       311.36742     -49.388811      22586.31       3433.1423      26019.452      9136.4371      0              1872.7743      3632.172       7944.9269      0              0.76810413   
  10490000   109095.58      312.35196      309.04155      22715.322      3443.9978      26159.32       9190.1621      0              1855.3924      3722.3326      7947.4352      0              0.76382707   
  10500000   108085.04      312.86629     -372.90682      22528.277      3449.6688      25977.946      9050.4322      0              1922.0733      3632.2058      7923.566       0              0.7709685    
  10510000   108963.86      314.29961      358.59541      22620.161      3465.4727      26085.634      9113.1921      0              1826.0079      3668.4522      8012.5087      0              0.76475043   
  10520000   108707.38      310.80361      443.79944      22616.642      3426.9257      26043.568      9121.5297      0              1859.0669      3671.0742      7964.9714      0              0.76655475   
  10530000   108135.32      308.81348      671.72203      22649.625      3404.9825      26054.607      9182.8434      0              1866.6004      3665.0695      7935.1112      0              0.77061003   
  10540000   108316.27      313.18336      62.00854       22706.502      3453.1649      26159.667      9177.097       0              1896.0393      3650.6209      7982.7449      0              0.76932262   
  10550000   108461.71      306.05069      106.05004      22674.788      3374.5199      26049.308      9043.4323      0              1921.6439      3718.6783      7991.0339      0              0.76829107   
  10560000   108762.84      311.3945      -178.62857      22752.607      3433.4409      26186.048      9097.2839      0              1920.5982      3653.5202      8081.2052      0              0.76616387   
  10570000   108342.29      302.00202     -46.974826      22567.011      3329.8792      25896.89       9012.7258      0              1895.9841      3651.6677      8006.6333      0              0.7691379    
  10580000   108430.5       309.63113      614.18328      22635.34       3413.998       26049.338      9155.139       0              1880.5119      3676.0656      7923.6239      0              0.76851218   
  10590000   108898.53      306.37226     -173.25887      22619.202      3378.0656      25997.268      9049.954       0              1918.4395      3676.4815      7974.3272      0              0.76520921   
  10600000   109073.71      307.07003     -243.50955      22650.827      3385.7592      26036.586      9197.4085      0              1902.3367      3637.0967      7913.9854      0              0.76398024   
  10610000   108532.21      311.00937      878.87711      22752.874      3429.1944      26182.069      9167.0377      0              1844.0935      3686.6367      8055.1064      0              0.76779198   
  10620000   108335.46      309.75715     -276.90188      22648.884      3415.3874      26064.272      9080.9838      0              1860.2835      3698.0552      8009.5618      0              0.76918641   
  10630000   109006.13      303.18536      709.94019      22537.419      3342.9267      25880.346      9161.3993      0              1772.2702      3620.4658      7983.2835      0              0.76445386   
  10640000   108795.98      312.42532      472.25387      22558.724      3444.8067      26003.531      9108.0597      0              1835.0005      3647.7556      7967.9082      0              0.76593048   
  10650000   108701.1       303.17329     -57.177489      22808.308      3342.7937      26151.101      9184.4294      0              1928.5129      3697.1675      7998.1978      0              0.76659903   
  10660000   109477.65      308.5296       99.776855      22599.621      3401.8524      26001.474      9142.7173      0              1899.5527      3659.2961      7898.0552      0              0.7611614    
  10670000   109408.73      305.2636       221.57843      22564.49       3365.8415      25930.332      9031.4455      0              1884.4505      3677.7322      7970.8619      0              0.76164088   
  10680000   108994.92      307.17835     -129.62719      22557.406      3386.9535      25944.36       9078.1267      0              1844.9316      3678.1151      7956.233       0              0.76453251   
  10690000   108767.72      299.15797     -165.7354       22699.969      3298.5207      25998.49       9052.1778      0              1912.1351      3743.198       7992.4586      0              0.76612948   
  10700000   109158.62      304.21086      312.12377      22701.722      3354.2339      26055.956      9118.5286      0              1875.4598      3712.2627      7995.4708      0              0.76338597   
  10710000   108419.9       304.29019     -378.29289      22566.936      3355.1086      25922.044      9032.1009      0              1878.6776      3658.0772      7998.0799      0              0.76858734   
  10720000   108980.28      307.32966     -546.89025      22637.159      3388.6219      26025.78       8987.8556      0              1926.3104      3712.9026      8010.0899      0              0.76463519   
  10730000   108635.88      310.62585     -254.65995      22641.653      3424.9657      26066.618      9106.5855      0              1875.2072      3674.9911      7984.8688      0              0.76705927   
  10740000   109152.46      309.00373      267.50417      22635.65       3407.0802      26042.73       9142.1672      0              1911.3239      3608.3349      7973.8239      0              0.76342907   
  10750000   108530.39      308.10339      828.41624      22705.615      3397.153       26102.768      9185.5765      0              1853.4139      3656.941       8009.6838      0              0.76780483   
  10760000   108052.85      314.28045     -513.17104      22736.854      3465.2614      26202.115      9018.8279      0              1930.817       3757.532       8029.6767      0              0.77119819   
  10770000   108612.54      306.60462      199.94676      22752.934      3380.6275      26133.562      9227.8204      0              1893.8223      3672.9525      7958.3393      0              0.76722409   
  10780000   108061.84      317.66908      247.55325      22650.892      3502.6245      26153.517      9135.9153      0              1873.1802      3692.1842      7949.6125      0              0.77113402   
  10790000   108706.25      308.78971     -484.73978      22686.122      3404.7204      26090.842      9104.1218      0              1915.6008      3647.7709      8018.6285      0              0.76656271   
  10800000   109055.77      303.40589     -136.4497       22651.489      3345.3583      25996.848      9143.0256      0              1887.4176      3700.6153      7920.4307      0              0.76410594   
  10810000   108975.11      307.15393      193.93135      22703.051      3386.6843      26089.735      9169.2038      0              1831.5111      3695.3105      8007.0256      0              0.76467149   
  10820000   109184.25      309.22103     -116.92474      22663.15       3409.4761      26072.626      9107.3799      0              1900.2215      3686.0778      7969.4708      0              0.76320676   
  10830000   108375.89      312.49232      304.47829      22700.423      3445.5455      26145.968      9133.794       0              1877.1179      3667.933       8021.5779      0              0.76889941   
  10840000   109027.45      306.38039     -139.43361      22606.157      3378.1552      25984.312      9053.6552      0              1849.5043      3703.0127      7999.9848      0              0.76430443   
  10850000   108293.14      307.10458     -339.22444      22620.469      3386.1402      26006.609      9077.4042      0              1899.8032      3692.9621      7950.2991      0              0.76948698   
  10860000   108998.41      299.47133     -314.99795      22636.814      3301.9758      25938.79       9040.9425      0              1939.4124      3691.8137      7964.6453      0              0.76450801   
  10870000   108408.51      305.12867     -328.27593      22810.644      3364.3538      26174.998      9110.9306      0              1937.3862      3718.8432      8043.4839      0              0.76866809   
  10880000   107759.13      311.71558     -123.40885      22571.13       3436.9811      26008.111      9096.2868      0              1889.211       3675.1882      7910.4437      0              0.77330023   
  10890000   108149.79      304.36476      89.488878      22749.689      3355.9308      26105.62       9153.7105      0              1875.7209      3712.1719      8008.0859      0              0.77050689   
  10900000   108293.06      304.35767      337.14379      22698.773      3355.8526      26054.626      9198.7965      0              1896.7085      3660.4759      7942.7925      0              0.76948757   
  10910000   108670.22      302.98076     -609.54721      22692.202      3340.6708      26032.872      9103.9403      0              1892.2253      3692.8589      8003.177       0              0.76681687   
  10920000   109131.44      311.69005     -28.3516        22600.217      3436.6996      26036.917      9035.4057      0              1888.0052      3698.5273      7978.2791      0              0.76357609   
  10930000   108878.31      308.07675      194.93335      22691.822      3396.8593      26088.682      9117.4207      0              1927.6851      3705.1048      7941.6117      0              0.76535131   
  10940000   108664.34      305.39487      75.090998      22590.172      3367.2889      25957.46       9144.5316      0              1877.1922      3630.0255      7938.4223      0              0.76685842   
  10950000   108590.43      300.20291     -249.88711      22725.789      3310.0423      26035.831      9170.4274      0              1907.6791      3674.1256      7973.5566      0              0.76738033   
  10960000   108671.01      307.48959     -70.684064      22570.623      3390.3852      25961.008      9035.7395      0              1855.2384      3731.3421      7948.3031      0              0.76681134   
  10970000   109001.94      309.59082     -490.51948      22696.584      3413.5534      26110.137      9018.1639      0              1949.3985      3747.065       7981.9567      0              0.76448326   
  10980000   109298.99      299.51056      91.161407      22695.27       3302.4083      25997.678      9176.505       0              1910.3369      3690.4878      7917.9402      0              0.76240558   
  10990000   108260.35      304.08246      2.5796892      22738.439      3352.8182      26091.257      9184.3366      0              1852.8674      3703.6963      7997.5384      0              0.76972005   
  11000000   108360.04      309.35586     -40.563609      22661.046      3410.9628      26072.009      9097.5875      0              1882.8613      3695.8054      7984.7916      0              0.7690119    
  11010000   108542.14      319.4901      -361.23683      22678.071      3522.7031      26200.774      9122.7381      0              1964.8061      3646.3871      7944.1401      0              0.76772174   
  11020000   107801.74      309.69399     -185.21167      22789.922      3414.691       26204.613      9189.7184      0              1909.0739      3686.4693      8004.6607      0              0.7729946    
  11030000   109015.31      304.67909     -487.9661       22713.992      3359.3966      26073.388      9086.9606      0              1961.6912      3705.7056      7959.6344      0              0.76438953   
  11040000   107766.81      313.72736     -105.56207      22700.242      3459.163       26159.405      9166.4203      0              1870.9219      3675.9475      7986.9521      0              0.77324515   
  11050000   107944.45      308.10284     -72.181978      22540.037      3397.1469      25937.183      9064.2362      0              1916.8596      3621.3615      7937.5791      0              0.7719726    
  11060000   107783.89      301.62873     -319.59216      22746.818      3325.7634      26072.581      9162.011       0              1962.8682      3654.2649      7967.6734      0              0.77312259   
  11070000   108491.83      309.21547     -593.7017       22756.872      3409.4148      26166.287      9131.5754      0              1890.9121      3740.6975      7993.6871      0              0.76807775   
  11080000   107612.89      308.66227     -56.26638       22713.914      3403.3153      26117.23       9135.9682      0              1936.9465      3660.3817      7980.6179      0              0.77435113   
  11090000   106472.4       306.88304      234.86772      22732.394      3383.6974      26116.091      9144.8902      0              1877.7869      3667.5906      8042.1259      0              0.78264566   
  11100000   108476.92      309.84468     -649.827        22646.498      3416.3525      26062.851      9093.2238      0              1944.3489      3632.8109      7976.1147      0              0.7681833    
  11110000   109218.97      309.5386      -539.03119      22575.969      3412.9777      25988.946      9033.0736      0              1893.0634      3666.1403      7983.6913      0              0.76296413   
  11120000   108466.43      308.76014      811.57159      22630.35       3404.3944      26034.745      9141.7132      0              1867.9932      3631.9128      7988.7312      0              0.76825758   
  11130000   107979.29      305.99245     -253.91554      22749.82       3373.8778      26123.698      9121.563       0              1955.239       3726.1347      7946.8831      0              0.77172356   
  11140000   108393.08      304.05533     -86.773299      22664.441      3352.5191      26016.96       9153.4938      0              1902.4015      3690.9297      7917.6156      0              0.76877751   
  11150000   107903.35      304.33811      53.879154      22782.649      3355.637       26138.286      9176.8525      0              1883.6514      3694.6875      8027.458       0              0.77226666   
  11160000   108560.04      308.59348     -75.970694      22656.292      3402.5567      26058.849      9104.9959      0              1861.8833      3711.9671      7977.4458      0              0.76759513   
  11170000   107740         308.44209      229.79953      22600.837      3400.8875      26001.725      9073.8745      0              1859.94        3723.7314      7943.2912      0              0.77343753   
  11180000   107931.03      311.75382      69.412208      22852.556      3437.4027      26289.959      9217.7388      0              1974.1464      3688.2361      7972.4348      0              0.77206864   
  11190000   107865.2       310.60439      589.9523       22747.118      3424.7291      26171.847      9129.596       0              1890.6568      3758.4855      7968.3793      0              0.77253984   
  11200000   108643.14      302.23189     -250.32685      22663.304      3332.4138      25995.717      9121.9505      0              1871.1027      3696.8535      7973.3968      0              0.76700805   
  11210000   107929.59      307.27407     -237.49577      22706.116      3388.009       26094.125      9052.4701      0              1933.9492      3719.1496      8000.5469      0              0.77207889   
  11220000   108916.78      304.62172     -147.595        22537.42       3358.7641      25896.184      9056.3583      0              1860.3616      3668.2844      7952.4152      0              0.76508098   
  11230000   108930.47      298.69952      112.12846      22755.328      3293.4658      26048.794      9191.1811      0              1888.3327      3702.2861      7973.5281      0              0.76498484   
  11240000   108572.08      315.27181      389.28348      22538.629      3476.1921      26014.821      9164.1404      0              1860.2754      3596.29        7917.9228      0              0.76751005   
  11250000   108592.22      304.62876     -100.20637      22760.454      3358.8417      26119.295      9175.1046      0              1845.4729      3761.9545      7977.9216      0              0.76736766   
  11260000   109200.88      308.86098     -178.99402      22649.521      3405.5063      26055.028      9081.2468      0              1884.5563      3713.4203      7970.298       0              0.76309054   
  11270000   108377.7       309.84884      340.37137      22710.802      3416.3984      26127.201      9130.5436      0              1897.5338      3702.2723      7980.4525      0              0.76888662   
  11280000   108179.97      305.70166      71.041541      22724.287      3370.6715      26094.959      9144.7706      0              1901.8062      3667.593       8010.1174      0              0.77029194   
  11290000   108092.63      305.48042     -447.58905      22709.261      3368.2322      26077.493      9120.8818      0              1925.4601      3666.7679      7996.1514      0              0.77091438   
  11300000   108158.9       315.96118      162.7554       22731.829      3483.7932      26215.623      9112.2784      0              1915.7622      3706.2693      7997.5196      0              0.77044202   
  11310000   108715.31      309.37529      77.522693      22757.602      3411.177       26168.779      9140.311       0              1908.9559      3728.6157      7979.7197      0              0.76649884   
  11320000   109130.85      307.07597     -89.317527      22578.16       3385.8247      25963.985      9162.0164      0              1917.9209      3602.8819      7895.3407      0              0.76358021   
  11330000   108780.77      311.15242      538.17948      22590.845      3430.7717      26021.616      9165.1686      0              1867.9393      3641.0141      7916.7224      0              0.76603763   
  11340000   109245.84      312.29369     -331.75081      22578.955      3443.3553      26022.31       9092.4926      0              1888.6102      3668.6704      7929.1817      0              0.76277651   
  11350000   108991.77      308.32611     -228.72254      22620.194      3399.6087      26019.803      9003.8662      0              1909.7494      3737.6963      7968.882       0              0.76455463   
  11360000   109244.21      321.04522      372.00096      22700.583      3539.8498      26240.433      9185.4148      0              1853.5372      3676.8901      7984.741       0              0.7627879    
  11370000   108937.93      305.40567      179.39282      22569.228      3367.408       25936.636      9058.6851      0              1868.9136      3692.3884      7949.2411      0              0.76493248   
  11380000   109418.2       301.21364      24.675588      22529.477      3321.1865      25850.663      9063.7334      0              1853.1226      3645.8524      7966.7685      0              0.76157496   
  11390000   109188.37      307.92595     -761.2894       22703.179      3395.1966      26098.375      9055.4464      0              1937.7728      3692.0592      8017.9005      0              0.76317796   
  11400000   108632.24      304.43418     -82.319503      22753.166      3356.6962      26109.862      9052.2163      0              1935.8979      3727.1202      8037.9316      0              0.76708496   
  11410000   108444.99      308.08488     -92.461394      22708.168      3396.9489      26105.117      9026.9321      0              1936.0428      3721.9772      8023.2159      0              0.76840949   
  11420000   109333.08      312.01392     -550.94958      22670.28       3440.2706      26110.551      9035.1525      0              1937.0436      3719.5646      7978.5195      0              0.76216789   
  11430000   107966.81      309.53115      41.182917      22629.944      3412.8955      26042.84       9063.0288      0              1885.4399      3680.6879      8000.7878      0              0.77181274   
  11440000   108618.37      305.20123     -179.00881      22693.863      3365.1538      26059.017      9155.6845      0              1915.896       3657.5132      7964.7692      0              0.76718296   
  11450000   108691.7       301.82723     -54.731709      22685.842      3327.952       26013.794      9109.1902      0              1889.9737      3757.5588      7929.1189      0              0.76666534   
  11460000   108603.33      309.06321     -29.290682      22713.028      3407.736       26120.764      9121.988       0              1909.6068      3752.5989      7928.8338      0              0.76728915   
  11470000   108613.64      310.39884     -78.218116      22665.547      3422.4627      26088.009      9081.4512      0              1911.2212      3663.5815      8009.2927      0              0.76721635   
  11480000   108904.63      300.28021      19.44867       22632.244      3310.8945      25943.138      9088.4263      0              1911.4542      3671.9801      7960.3831      0              0.76516636   
  11490000   109198.38      304.78287      266.10361      22724.454      3360.5409      26084.995      9092.2033      0              1890.0632      3680.4708      8061.7165      0              0.76310803   
  11500000   109429.19      309.69315     -136.66487      22598.749      3414.6817      26013.431      9032.45        0              1894.6846      3701.8786      7969.7361      0              0.76149849   
  11510000   109333.14      313.95063     -186.93874      22599.004      3461.6248      26060.629      9005.0769      0              1920.2024      3708.5627      7965.1623      0              0.76216743   
  11520000   107740.09      302.04189      124.13191      22681.732      3330.3188      26012.051      9184.1142      0              1917.5151      3643.0871      7937.016       0              0.77343689   
  11530000   108503.51      310.52821      236.23596      22668.847      3423.8891      26092.736      9143.7657      0              1893.9428      3699.4322      7931.7059      0              0.76799508   
  11540000   109008.36      306.13315      461.20963      22687.701      3375.4292      26063.13       9065.7973      0              1898.0822      3744.013       7979.8088      0              0.76443826   
  11550000   109131.45      307.30551     -208.66872      22486.826      3388.3556      25875.181      8955.5803      0              1903.5189      3676.3787      7951.3476      0              0.76357604   
  11560000   109105.42      304.15842     -434.15199      22728.88       3353.6557      26082.536      9075.9105      0              1935.2862      3729.5574      7988.1264      0              0.76375824   
  11570000   109254.08      310.92881     -173.80095      22725.166      3428.3062      26153.472      9094.8297      0              1920.1307      3732.5603      7977.6452      0              0.76271898   
  11580000   108367.13      313.80339      17.877608      22716.134      3460.0013      26176.135      9120.2022      0              1938.065       3689.5043      7968.362       0              0.7689616    
  11590000   108691.4       307.621        679.13155      22580.466      3391.8342      25972.3        9056.8238      0              1850.494       3734.9674      7938.1809      0              0.7666675    
  11600000   109099.41      308.51466      315.59072      22602.339      3401.6877      26004.026      9072.1847      0              1833.5836      3654.111       8042.4592      0              0.7638003    
  11610000   108726.42      304.92884      180.98048      22613.899      3362.1503      25976.05       9106.9736      0              1826.0645      3692.5986      7988.2627      0              0.76642052   
  11620000   107961.9       306.8804      -12.272337      22746.637      3383.6683      26130.305      9175.4719      0              1919.1437      3671.8957      7980.1257      0              0.77184787   
  11630000   108289.23      303.71563      16.786324      22641.935      3348.7735      25990.708      9113.58        0              1887.47        3689.2054      7951.6792      0              0.76951477   
  11640000   108611.73      310.9101       325.62474      22698.296      3428.0998      26126.396      9212.9671      0              1849.2075      3665.6412      7970.4806      0              0.76722982   
  11650000   109289.93      308.86982      372.10574      22646.161      3405.6037      26051.765      9051.7008      0              1925.7436      3680.9656      7987.7513      0              0.76246881   
  11660000   108706.81      309.43647     -774.8473       22688.053      3411.8516      26099.904      9074.511       0              1882.8454      3725.5933      8005.1029      0              0.76655878   
  11670000   109378.31      309.77725     -320.66936      22638.71       3415.609       26054.319      9030.2996      0              1933.554       3679.1992      7995.6568      0              0.76185266   
  11680000   109499.95      309.03517     -695.25986      22601.918      3407.4269      26009.345      9055.7488      0              1927.2874      3664.8814      7954.0009      0              0.76100637   
  11690000   109806.59      312.00096     -112.83753      22595.949      3440.1277      26036.076      9024.3908      0              1922.6813      3646.2315      8002.645       0              0.75888124   
  11700000   108210.91      310.28076      577.60784      22696.735      3421.1608      26117.895      9151.9715      0              1883.7263      3654.999       8006.0377      0              0.7700717    
  11710000   108596.84      305.9613       66.719479      22710.286      3373.5343      26083.82       9116.0285      0              1890.9572      3717.2478      7986.0525      0              0.76733503   
  11720000   108717.61      303.20059      184.55556      22738.543      3343.0946      26081.638      9224.5702      0              1892.5288      3656.2444      7965.2         0              0.76648262   
  11730000   108488.59      306.78846      199.56768      22652.906      3382.6546      26035.561      9144.6009      0              1903.3753      3658.4773      7946.453       0              0.76810066   
  11740000   108501.43      313.53317     -117.19872      22588.287      3457.0219      26045.309      9113.8216      0              1880.3734      3641.9351      7952.1571      0              0.76800982   
  11750000   109382.51      305.49532     -450.41828      22660.279      3368.3964      26028.676      9144.9177      0              1886.2255      3681.0411      7948.095       0              0.76182341   
  11760000   108900.5       302.80855     -665.15641      22705.763      3338.772       26044.535      9014.1645      0              1994.7803      3707.841       7988.9771      0              0.76519541   
  11770000   108817.45      305.33486     -108.94897      22677.906      3366.6271      26044.533      9123.5559      0              1911.9977      3664.0776      7978.2748      0              0.76577939   
  11780000   108650.66      307.62135      237.40023      22679.002      3391.838       26070.84       9162.0344      0              1895.5715      3668.2137      7953.1823      0              0.76695493   
  11790000   109064.58      306.41696      307.44244      22638.605      3378.5585      26017.164      9085.716       0              1850.2038      3760.1119      7942.5734      0              0.76404417   
  11800000   108301.47      306.03477     -122.78126      22642.671      3374.3443      26017.016      9089.272       0              1897.1704      3691.6119      7964.617       0              0.76942778   
  11810000   108379.79      311.91994     -552.32471      22697.786      3439.2344      26137.021      9058.8057      0              1965.9479      3697.5128      7975.5198      0              0.76887174   
  11820000   108689.13      312.88658      316.01766      22614.523      3449.8925      26064.415      9093.4129      0              1891.8017      3672.4703      7956.8377      0              0.76668345   
  11830000   109217.78      304.21505      364.68536      22497.638      3354.2801      25851.918      9061.386       0              1845.3091      3651.1152      7939.828       0              0.76297248   
  11840000   108763.18      306.68934      372.21084      22622.333      3381.5617      26003.894      9197.2438      0              1856.6113      3636.1646      7932.313       0              0.76616149   
  11850000   108420.69      312.62637      99.360501      22684.003      3447.0234      26131.026      9119.1388      0              1871.1501      3672.8511      8020.8627      0              0.76858169   
  11860000   108394.49      303.32999      440.37264      22637.329      3344.5215      25981.85       9039.0201      0              1920.2732      3732.1991      7945.8365      0              0.76876748   
  11870000   108623         309.6993       37.711489      22689.115      3414.7495      26103.864      9102.9934      0              1912.9008      3674.0595      7999.1611      0              0.76715021   
  11880000   108987.07      309.31083     -283.51078      22605.74       3410.4663      26016.206      9049.6412      0              1890.3505      3696.965       7968.7833      0              0.76458761   
  11890000   109170.66      310.01202     -77.90896       22527.817      3418.1976      25946.014      8990.6935      0              1891.9431      3661.2218      7983.9583      0              0.76330177   
  11900000   108697.42      306.18751      229.67355      22661.076      3376.0285      26037.104      9135.4185      0              1877.2867      3704.6048      7943.7656      0              0.76662502   
  11910000   108672.29      309.00052     -297.07508      22770.574      3407.0447      26177.619      9041.8012      0              1933.8432      3737.2135      8057.7162      0              0.76680231   
  11920000   108783.5       298.40642      252.03104      22648.299      3290.234       25938.533      9137.1361      0              1856.9073      3692.9         7961.3558      0              0.76601841   
  11930000   109120.68      303.06193      485.07636      22566.945      3341.5658      25908.511      9095.3667      0              1857.2182      3671.7224      7942.6375      0              0.76365138   
  11940000   108862.11      308.88039     -407.53746      22624.826      3405.7203      26030.546      8985.8603      0              1904.9899      3722.3565      8011.6188      0              0.76546525   
  11950000   108481.04      302.4484       94.101511      22714.271      3334.801       26049.072      9147.8434      0              1895.7928      3665.2361      8005.3991      0              0.76815414   
  11960000   109044.09      309.65155     -120.64517      22605.662      3414.2231      26019.885      9018.2133      0              1914.1488      3679.5413      7993.7585      0              0.7641878    
  11970000   108608.18      300.72773     -94.59718       22565.776      3315.8288      25881.605      9085.0403      0              1864.9725      3687.7425      7928.0205      0              0.76725495   
  11980000   109093.39      306.34545      49.775216      22732.786      3377.77        26110.556      9187.2133      0              1924.1707      3676.0745      7945.3277      0              0.76384246   
  11990000   108807.58      306.28852      256.35325      22622.592      3377.1422      25999.734      9118.6679      0              1867.1557      3659.5083      7977.2603      0              0.76584886   
  12000000   109212.06      308.3999       554.72735      22704.856      3400.4224      26105.278      9142.7721      0              1882.1267      3719.3853      7960.5719      0              0.76301243   
  12010000   108658.51      305.46601      34.526617      22664.332      3368.0732      26032.405      9170.4986      0              1852.2253      3642.9384      7998.6693      0              0.76689951   
  12020000   108206.54      304.22821      433.7222       22570.426      3354.4252      25924.852      9111.873       0              1875.7616      3641.4237      7941.3681      0              0.77010283   
  12030000   108357.15      312.92134      26.252786      22704.736      3450.2759      26155.012      9101.2212      0              1942.3595      3696.0895      7965.0661      0              0.76903245   
  12040000   109043.84      309.61743      184.59743      22613.365      3413.8468      26027.212      9132.4827      0              1925.1398      3584.3638      7971.3789      0              0.76418954   
  12050000   108717.55      310.99565      153.72738      22585.886      3429.0431      26014.929      9092.1255      0              1908.2366      3621.7255      7963.7988      0              0.76648308   
  12060000   108353.28      300.49734     -159.26959      22651.623      3313.2886      25964.912      9076.8226      0              1884.7884      3706.3745      7983.6375      0              0.76905987   
  12070000   108342.88      311.15599     -846.75788      22708.907      3430.811       26139.718      9034.7771      0              2000.4847      3703.4186      7970.227       0              0.76913368   
  12080000   109086.06      309.89064     -725.3211       22511.69       3416.8592      25928.549      8995.1079      0              1930.1085      3635.5505      7950.923       0              0.76389379   
  12090000   109120.02      308.89185      215.87108      22641.418      3405.8466      26047.264      9135.3094      0              1901.9018      3669.0773      7935.129       0              0.763656     
  12100000   108657.82      303.18875      110.42007      22594.706      3342.9641      25937.67       9135.5213      0              1888.457       3632.951       7937.7763      0              0.7669044    
  12110000   109436.02      306.11561     -476.93174      22629.212      3375.2357      26004.448      9062.3437      0              1945.1225      3684.5844      7937.1616      0              0.76145095   
  12120000   109270.35      310.25703      93.606569      22589.844      3420.8991      26010.743      9062.3866      0              1892.7149      3691.7318      7943.0103      0              0.7626054    
  12130000   109017.09      308.17897     -236.12644      22629.162      3397.9864      26027.148      9038.9177      0              1880.4871      3706.5704      8003.1868      0              0.76437702   
  12140000   108169.46      313.68761      227.00199      22690.544      3458.7248      26149.269      9159.0935      0              1887.9741      3678.7034      7964.7734      0              0.77036676   
  12150000   108692.77      312.15036      44.160039      22603.2        3441.7749      26044.975      9050.5662      0              1850.9219      3740.2487      7961.4632      0              0.76665778   
  12160000   108974.32      313.97461     -278.05674      22622.769      3461.8892      26084.658      9066.3685      0              1874.1261      3678.7748      8003.4993      0              0.764677     
  12170000   108781.22      307.53251      98.757807      22589.07       3390.8585      25979.928      9082.2853      0              1836.1475      3684.194       7986.4432      0              0.76603446   
  12180000   108250.25      308.88419     -384.73568      22650.243      3405.7622      26056.005      9056.6877      0              1889.6129      3740.3465      7963.5956      0              0.76979184   
  12190000   108619.76      312.81516      638.93995      22691.552      3449.1051      26140.657      9118.8692      0              1882.8039      3718.8329      7971.046       0              0.76717313   
  12200000   109734.95      306.35676     -220.02948      22668.16       3377.8947      26046.055      9064.9234      0              1860.9906      3758.2575      7983.9889      0              0.75937667   
  12210000   108543.42      310.70256      5.5597429      22604.646      3425.8115      26030.457      9087.5014      0              1939.2493      3639.5065      7938.3887      0              0.76771271   
  12220000   109095.22      309.90983     -56.926223      22697.927      3417.0709      26114.998      9135.551       0              1880.4459      3720.2801      7961.65        0              0.76382959   
  12230000   109153.75      304.20027     -103.23902      22639.742      3354.1171      25993.86       8999.1576      0              1887.4044      3741.2521      8011.9283      0              0.76342003   
  12240000   108992.13      309.97215      248.6705       22602.9        3417.758       26020.658      9093.0458      0              1861.9993      3673.603       7974.252       0              0.76455208   
  12250000   108677.31      307.77888      141.46691      22719.515      3393.5749      26113.09       9059.5038      0              1906.0695      3733.6922      8020.2494      0              0.76676684   
  12260000   108871.94      310.28978     -592.09476      22529.718      3421.2602      25950.978      8984.8864      0              1955.6806      3652.3609      7936.7902      0              0.76539614   
  12270000   109525.26      302.3523      -214.89378      22502.56       3333.7414      25836.301      9051.3213      0              1896.3609      3674.1858      7880.6921      0              0.76083051   
  12280000   108503.78      304.00596      669.41006      22662.873      3351.9747      26014.847      9202.3577      0              1817.7913      3677.2695      7965.4541      0              0.76799317   
  12290000   107767.57      311.41264      268.10154      22668.974      3433.6408      26102.615      9116.7529      0              1926.1958      3664.3991      7961.6262      0              0.77323968   
  12300000   108644         309.13674      580.26907      22633.229      3408.5468      26041.775      9140.8359      0              1891.3248      3625.8161      7975.2517      0              0.76700199   
  12310000   109411.43      299.6093       106.33517      22675.833      3303.4971      25979.331      9123.313       0              1901.4572      3737.1224      7913.9409      0              0.76162208   
  12320000   108183.02      312.49866     -174.49184      22679.954      3445.6154      26125.569      9075.8061      0              1915.3544      3674.7142      8014.0791      0              0.77027027   
  12330000   108304.4       310.53875     -777.17477      22685.148      3424.0053      26109.154      9061.5994      0              1972.0614      3695.9872      7955.5002      0              0.76940698   
  12340000   108383.97      300.52401      174.84238      22723.909      3313.5826      26037.491      9090.6496      0              1917.7412      3694.9412      8020.5767      0              0.76884208   
  12350000   108937.22      309.98981     -53.836747      22709.955      3417.9527      26127.907      9185.9664      0              1906.2504      3681.7671      7935.9708      0              0.76493749   
  12360000   108204.45      306.51404      366.39301      22642.935      3379.6288      26022.564      9143.576       0              1876.2734      3689.2823      7933.8031      0              0.77011769   
  12370000   108505.97      310.38631     -177.58341      22741.126      3422.3245      26163.45       9093.8271      0              1932.26        3712.0696      8002.969       0              0.76797767   
  12380000   109270.7       309.28348      73.765626      22546.466      3410.1648      25956.631      9124.3857      0              1847.3927      3643.6304      7931.0573      0              0.76260296   
  12390000   108870.24      304.14011      132.49529      22558.7        3353.4538      25912.154      9083.5986      0              1873.5097      3653.1982      7948.3934      0              0.76540807   
  12400000   108623.63      311.29095     -1157.8306      22687.159      3432.2991      26119.458      8949.8828      0              1926.5411      3722.7379      8087.9974      0              0.7671458    
  12410000   107956.68      304.35792      14.324149      22687.47       3355.8554      26043.326      9092.2473      0              1908.5075      3650.9721      8035.7432      0              0.7718852    
  12420000   108455.59      301.51576     -107.04391      22561.796      3324.5177      25886.314      9044.0359      0              1886.9189      3697.866       7932.9753      0              0.76833439   
  12430000   108349.03      309.91528      242.90752      22603.51       3417.131       26020.641      9100.1667      0              1912.051       3642.9992      7948.2934      0              0.76909006   
  12440000   108742.26      301.86552      63.345522      22505.807      3328.3742      25834.181      9017.5152      0              1861.8355      3702.027       7924.4291      0              0.76630888   
  12450000   107970.12      305.06751     -10.870532      22562.076      3363.6794      25925.756      9119.8232      0              1835.6397      3667.9384      7938.6752      0              0.7717891    
  12460000   109113.55      303.29658     -203.65761      22564.989      3344.1531      25909.142      9031.8523      0              1916.1182      3657.834       7959.1843      0              0.76370131   
  12470000   108686.3       310.58643      449.80547      22685.798      3424.5311      26110.329      9167.7491      0              1907.7984      3649.995       7960.2556      0              0.76670343   
  12480000   109255.51      304.92949     -108.26892      22623.822      3362.1575      25985.979      9051.1957      0              1847.2776      3741.3593      7983.9894      0              0.76270902   
  12490000   108943.76      311.86294      126.61292      22674.743      3438.6059      26113.349      9112.7047      0              1953.2952      3670.4185      7938.325       0              0.76489156   
  12500000   109439.02      312.21633     -306.58865      22548.905      3442.5023      25991.407      9091.2039      0              1900.0086      3636.2013      7921.4911      0              0.76143008   
  12510000   109113.62      310.89259     -28.607198      22647.899      3427.9068      26075.805      9028.0187      0              1919.2077      3713.8319      7986.8403      0              0.7637008    
  12520000   108904.36      315.34918     -193.54946      22702.326      3477.0452      26179.371      9111.15        0              1937.2758      3670.7867      7983.1134      0              0.76516828   
  12530000   108848.97      311.6466      -562.9722       22667.642      3436.2205      26103.862      9064.5538      0              1932.1615      3711.0732      7959.8534      0              0.76555762   
  12540000   108680.87      306.95277     -465.19594      22625.851      3384.4663      26010.317      9123.919       0              1929.0578      3628.9919      7943.8825      0              0.76674176   
  12550000   107959.53      309.015        523.83437      22632.818      3407.2045      26040.023      9089.3753      0              1825.5087      3705.2633      8012.6711      0              0.77186476   
  12560000   108444.62      303.40264     -42.487369      22643.317      3345.3225      25988.64       9017.5838      0              1902.2448      3716.8132      8006.6754      0              0.76841212   
  12570000   109136.23      307.68481      238.88384      22582.696      3392.5378      25975.234      9082.2887      0              1866.3079      3682.8053      7951.2946      0              0.76354258   
  12580000   109061.13      306.45327     -287.35883      22466.67       3378.9588      25845.629      8990.9008      0              1893.2701      3675.0498      7907.4496      0              0.76406835   
  12590000   108861.63      307.16025     -136.92137      22568.55       3386.754       25955.304      9008.8117      0              1860.3964      3689.1816      8010.16        0              0.76546863   
  12600000   108291         309.64739     -473.69641      22687.042      3414.1772      26101.219      9169.7767      0              1902.4101      3697.7535      7917.1015      0              0.76950221   
  12610000   108443.82      309.304       -777.05999      22491.377      3410.391       25901.768      9008.9379      0              1902.4958      3616.1063      7963.8367      0              0.7684178    
  12620000   108548.39      309.06504      172.46948      22735.17       3407.7562      26142.926      9139.6488      0              1917.2985      3691.8261      7986.3965      0              0.76767754   
  12630000   109091.95      312.39078     -286.35466      22631.692      3444.4258      26076.118      9042.3396      0              1891.094       3689.8098      8008.4489      0              0.7638525    
  12640000   109499.44      309.6655      -15.046187      22665.254      3414.3768      26079.631      9102.2947      0              1932.2215      3658.6455      7972.0925      0              0.76100994   
  12650000   108759.63      311.10671      115.80139      22606.785      3430.2676      26037.053      9086.2338      0              1879.1194      3674.5085      7966.9238      0              0.76618654   
  12660000   108848.59      306.71333      29.646139      22610.164      3381.8262      25991.99       9063.963       0              1904.9055      3663.9553      7977.3403      0              0.76556031   
  12670000   109770.66      315.87089      255.41332      22732.677      3482.7976      26215.474      9124.884       0              1914.2195      3731.3938      7962.1794      0              0.7591296    
  12680000   109022.93      309.74347      263.25336      22658.704      3415.2366      26073.941      9157.307       0              1891.6443      3637.2162      7972.5365      0              0.76433606   
  12690000   107992.78      311.5204      -238.21332      22741.896      3434.8291      26176.726      9143.1387      0              1905.8823      3693.5746      7999.301       0              0.77162712   
  12700000   108543.67      311.57454      191.94849      22810.574      3435.4259      26246          9214.7205      0              1912.2685      3713.2116      7970.3731      0              0.76771091   
  12710000   109218.77      312.48381     -405.18372      22735.52       3445.4516      26180.972      9166.4251      0              1914.1441      3672.0501      7982.9009      0              0.76296555   
  12720000   108654.37      311.60874      274.88036      22699.236      3435.8031      26135.039      9113.4542      0              1875.3066      3712.1652      7998.31        0              0.76692876   
  12730000   108087.23      310.59746      434.96029      22765.066      3424.6527      26189.719      9127.1418      0              1919.9293      3703.8255      8014.1695      0              0.7709529    
  12740000   108259.25      309.79729      722.90131      22599.159      3415.83        26014.989      9011.9457      0              1884.7091      3720.5045      7981.9996      0              0.76972785   
  12750000   108756.71      314.75023     -245.15788      22587.398      3470.4411      26057.839      9079.7754      0              1928.9266      3656.1153      7922.581       0              0.7662071    
  12760000   109682.56      303.91464     -532.99641      22753.677      3350.9678      26104.644      9103.817       0              1999.3844      3671.8899      7978.5853      0              0.75973941   
  12770000   108457.75      305.3086       236.75129      22723.116      3366.3376      26089.453      9173.8293      0              1933.8333      3672.3651      7943.0879      0              0.76831911   
  12780000   108865.16      310.20809      175.71349      22584.831      3420.3595      26005.191      9079.7245      0              1898.3345      3627.9287      7978.8438      0              0.76544379   
  12790000   109551.72      309.22692      450.95699      22631.059      3409.5411      26040.6        9100.4192      0              1892.5831      3674.0869      7963.9695      0              0.76064675   
  12800000   109177.91      308.39432      612.95615      22580.914      3400.3608      25981.275      9092.9523      0              1797.4968      3706.0495      7984.4156      0              0.76325113   
  12810000   108678.83      302.1775       561.19484      22661.258      3331.8141      25993.073      9212.1235      0              1847.5819      3668.4129      7933.1401      0              0.76675616   
  12820000   108874.33      303.04843      280.72389      22709.096      3341.4169      26050.513      9173.9049      0              1904.6679      3692.1891      7938.3337      0              0.76537934   
  12830000   109192.15      307.16021     -199.66622      22661.047      3386.7535      26047.8        9119.116       0              1894.3248      3691.49        7956.1157      0              0.76315154   
  12840000   109602.35      304.75721     -65.068068      22577.43       3360.258       25937.688      8988.9906      0              1902.0091      3688.6183      7997.8125      0              0.76029541   
  12850000   109272.3       308.07588      738.2351       22728.68       3396.8497      26125.53       9168.2075      0              1855.32        3688.8707      8016.2817      0              0.76259177   
  12860000   109424.08      307.04038      611.13127      22564.068      3385.4322      25949.5        9127.6474      0              1803.2881      3682.2955      7950.8368      0              0.76153405   
  12870000   110279.42      313.52539     -362.42251      22595.989      3456.9361      26052.925      9074.4508      0              1921.0417      3654.7189      7945.7778      0              0.75562746   
  12880000   109177.99      300.64563      207.29934      22582.364      3314.9236      25897.287      9137.3934      0              1883.3243      3662.9205      7898.7257      0              0.76325058   
  12890000   109066.26      305.27707     -115.86923      22697.575      3365.99        26063.565      9120.1553      0              1933.6306      3677.1459      7966.6433      0              0.76403243   
  12900000   108758.23      312.08957      567.94074      22664.914      3441.1047      26106.019      9069.7386      0              1929.6675      3681.9033      7983.6046      0              0.76619638   
  12910000   108695.43      300.36125      869.36413      22679.513      3311.7881      25991.301      9130.6858      0              1900.4244      3688.7982      7959.6045      0              0.76663904   
  12920000   109779.42      314.3884       5.7146092      22760.627      3466.4517      26227.078      9138.7509      0              1883.9005      3734.885       8003.0904      0              0.75906904   
  12930000   109782.42      306.81965     -641.24377      22677.322      3382.9985      26060.321      9083.5621      0              1947.9216      3686.9633      7958.8751      0              0.75904828   
  12940000   109588.05      299.71809      76.643856      22572.331      3304.6966      25877.027      8994.2492      0              1904.58        3714.0888      7959.4126      0              0.76039458   
  12950000   110415.4       303.70868     -445.6147       22572.501      3348.6969      25921.197      9065.7941      0              1933.6698      3693.5648      7879.4718      0              0.75469689   
  12960000   110178.11      311.30501      65.068483      22655.207      3432.4541      26087.662      9105.5081      0              1888.1458      3717.389       7944.1645      0              0.75632229   
  12970000   109549.03      313.18788      205.44229      22597.462      3453.2147      26050.676      9117.757       0              1898.2167      3677.3455      7904.1423      0              0.76066544   
  12980000   109328.05      306.07769      44.641529      22688.957      3374.8176      26063.775      9116.6205      0              1932.259       3682.1104      7957.9671      0              0.76220295   
  12990000   109598.12      309.84572     -406.608        22638.244      3416.364       26054.608      9036.0911      0              1919.6146      3684.0358      7998.5023      0              0.7603247    
  13000000   109432.62      307.14856     -425.58861      22674.313      3386.625       26060.938      9073.8588      0              1917.1693      3674.6551      8008.6302      0              0.76147461   
  13010000   109565.38      305.17202      402.06765      22715.702      3364.8317      26080.534      9095.8597      0              1888.9998      3769.1368      7961.7057      0              0.76055191   
  13020000   109874.28      314.23359     -674.69003      22619.967      3464.7447      26084.712      9029.9994      0              1922.1365      3668.6662      7999.1648      0              0.75841373   
  13030000   109377.17      300.94508     -242.43095      22757.681      3318.2254      26075.907      9077.6545      0              1928.3613      3708.0878      8043.5776      0              0.76186066   
  13040000   110513.87      312.75389     -770.61022      22586.981      3448.4295      26035.411      9052.1108      0              1928.2993      3716.5114      7890.0596      0              0.75402444   
  13050000   110237.26      304.48836      118.80038      22661.638      3357.2936      26018.931      9098.2612      0              1916.4842      3699.7303      7947.1619      0              0.75591646   
  13060000   109607.92      311.07809      711.29891      22716.166      3429.9521      26146.118      9221.8574      0              1858.5707      3711.7933      7923.9444      0              0.76025673   
  13070000   109157.67      311.54329      265.05533      22639.646      3435.0814      26074.728      9072.5874      0              1924.284       3651.5958      7991.179       0              0.76339263   
  13080000   109478.71      307.74684      139.79513      22565.283      3393.2217      25958.504      9077.0271      0              1932.824       3683.9869      7871.4447      0              0.76115405   
  13090000   109234.69      304.60616      168.12564      22627.063      3358.5925      25985.655      9100.3201      0              1868.5598      3683.3772      7974.8054      0              0.76285436   
  13100000   109298.75      302.99237     -28.301315      22530.412      3340.7988      25871.211      9069.1335      0              1875.0367      3639.273       7946.9691      0              0.76240726   
  13110000   108981.33      303.58573      467.08898      22761.853      3347.3412      26109.194      9230.1569      0              1897.4391      3676.4199      7957.837       0              0.76462782   
  13120000   109091.25      306.86674      466.91385      22700.847      3383.5177      26084.365      9075.1855      0              1897.2814      3710.4006      8017.98        0              0.76385741   
  13130000   110184.92      305.18972     -1262.5514      22579.596      3365.0269      25944.623      8986.2608      0              1959.5106      3704.9492      7928.8756      0              0.75627555   
  13140000   109093.97      306.37164     -492.00902      22681.04       3378.0587      26059.098      9095.7354      0              1956.9211      3710.5203      7917.8629      0              0.76383838   
  13150000   109006.48      301.30262     -102.50993      22704.265      3322.1676      26026.432      9077.6489      0              1892.8558      3736.7074      7997.0524      0              0.76445141   
  13160000   109003.22      312.30035      201.36101      22660.061      3443.4288      26103.49       9073.9472      0              1891.1184      3667.3911      8027.6043      0              0.76447432   
  13170000   108698.41      314.8034       163.65797      22559.414      3471.0275      26030.441      9178.9446      0              1836.5462      3648.7769      7895.1463      0              0.766618     
  13180000   109332.16      308.1595      -26.005588      22666.273      3397.7717      26064.045      9057.044       0              1877.6399      3729.4678      8002.1216      0              0.76217427   
  13190000   109353.12      314.33588      554.59475      22546.677      3465.8726      26012.55       9107.8358      0              1838.6005      3641.3071      7958.9338      0              0.76202822   
  13200000   109322.13      308.51809     -429.30763      22666.389      3401.7255      26068.115      9083.8649      0              1948.924       3706.3837      7927.2167      0              0.76224421   
  13210000   109030.31      311.17843     -113.10033      22723.426      3431.0585      26154.485      9085.1523      0              1941.6617      3684.1073      8012.5049      0              0.76428432   
  13220000   108829.75      316.52923      70.927851      22718.924      3490.0564      26208.98       9077.9331      0              1970.1022      3699.7428      7971.1456      0              0.76569281   
  13230000   109553.46      303.50231     -170.70343      22612.658      3346.4214      25959.079      9043.4054      0              1895.7836      3679.0296      7994.439       0              0.76063471   
  13240000   110248.02      308.84287      261.03593      22718.764      3405.3066      26124.071      9174.9826      0              1870.6184      3684.3213      7988.8418      0              0.75584271   
  13250000   109685.75      303.12967     -567.87687      22637.347      3342.3127      25979.66       9057.2992      0              1929.7574      3674.9332      7975.3575      0              0.7597173    
  13260000   109257.9       302.69715     -502.42906      22704.444      3337.5438      26041.988      9077.7614      0              1919.6872      3707.2649      7999.7306      0              0.76269233   
  13270000   109198.49      306.47107     -565.07753      22647.216      3379.155       26026.371      9034.411       0              1946.7212      3648.347       8017.7371      0              0.76310723   
  13280000   110009.06      307.16857     -570.89152      22710.45       3386.8457      26097.296      9012.8617      0              1940.9053      3764.5766      7992.1063      0              0.75748451   
  13290000   108396.79      312.53445      323.59913      22684.636      3446.0099      26130.646      9085.4051      0              1939.5095      3697.0668      7962.6548      0              0.76875121   
  13300000   109265.21      305.39475      190.57608      22777.233      3367.2876      26144.521      9180.5135      0              1950.7665      3669.724       7976.2289      0              0.76264129   
  13310000   109612.18      312.72588      618.51296      22654.888      3448.1207      26103.008      9128.7027      0              1852.1418      3690.5114      7983.5318      0              0.76022722   
  13320000   109778.88      307.60455     -265.17879      22731.703      3391.6528      26123.356      9105.8417      0              1927.1929      3717.1675      7981.5007      0              0.75907282   
  13330000   109116.26      304.15633     -112.3998       22694.136      3353.6327      26047.769      9180.4093      0              1867.3731      3692.9141      7953.4395      0              0.76368237   
  13340000   108897.58      313.65338      510.89877      22632.122      3458.3473      26090.47       9135.9266      0              1851.769       3689.977       7954.4499      0              0.76521589   
  13350000   110191.07      308.97148     -108.4517       22681.829      3406.7246      26088.554      9087.4982      0              1882.4804      3708.4225      8003.4281      0              0.75623337   
  13360000   110995.68      307.5422       485.21328      22676.971      3390.9653      26067.937      9074.1382      0              1949.784       3686.9502      7966.099       0              0.75075138   
  13370000   110480.26      313.30036     -922.1918       22576.193      3454.455       26030.648      9018.3424      0              1931.3154      3718.6393      7907.8958      0              0.75425381   
  13380000   110749.45      313.74716      149.04417      22598.71       3459.3813      26058.092      9008.7844      0              1847.1367      3728.5089      8014.2805      0              0.75242052   
  13390000   110524.55      311.77396     -58.96247       22609.878      3437.6248      26047.502      9111.7264      0              1902.6187      3712.5282      7883.0042      0              0.75395158   
  13400000   110036.6       302.1362       401.12486      22749.531      3331.3587      26080.89       9142.8561      0              1856.4826      3739.1987      8010.9936      0              0.75729491   
  13410000   110612.1       308.18477     -15.856287      22555.282      3398.0503      25953.332      8985.1029      0              1888.6887      3737.1992      7944.2908      0              0.75335486   
  13420000   110637.75      309.44363      164.56763      22685.899      3411.9305      26097.83       9191.0385      0              1891.4963      3641.6517      7961.7128      0              0.75318018   
  13430000   110402.85      305.05361     -168.68437      22656.276      3363.5261      26019.802      9044.0229      0              1950.8132      3720.2238      7941.2162      0              0.75478268   
  13440000   110058.66      307.58711      89.476513      22588.428      3391.4605      25979.889      9127.2868      0              1866.421       3632.1328      7962.5874      0              0.75714312   
  13450000   110259.38      309.92555     -176.64875      22584.352      3417.2441      26001.596      9054.447       0              1853.7143      3697.926       7978.265       0              0.75576479   
  13460000   110618.73      305.18574      471.19885      22627.826      3364.983       25992.809      9166.104       0              1857.6539      3692.5671      7911.5008      0              0.7533097    
  13470000   110614.43      309.43959      106.50109      22660.621      3411.886       26072.507      9046.3787      0              1914.2156      3677.0878      8022.9389      0              0.75333898   
  13480000   109830.21      313.0704       224.35113      22608.446      3451.9193      26060.365      9066.9523      0              1903.1676      3655.1141      7983.212       0              0.75871803   
  13490000   110771.8       312.1317      -150.25597      22600.236      3441.5692      26041.805      9100.3049      0              1898.4849      3661.5893      7939.8564      0              0.75226873   
  13500000   111149.62      310.86684     -779.00819      22674.509      3427.6229      26102.132      9064.9672      0              1982.168       3709.0355      7918.3382      0              0.74971158   
  13510000   111308.72      305.06644     -214.9933       22643.974      3363.6676      26007.641      9073.4182      0              1929.4617      3683.5707      7957.5232      0              0.74864003   
  13520000   110380.83      304.69574     -272.10549      22643.283      3359.5802      26002.863      9052.8532      0              1892.1803      3700.9655      7997.2841      0              0.75493329   
  13530000   110800.6       313.17384      698.15141      22643.615      3453.0599      26096.675      9179.564       0              1824.9199      3691.608       7947.5232      0              0.75207321   
  13540000   111080.27      308.59588     -224.34642      22608.793      3402.5832      26011.376      9048.9659      0              1909.4895      3637.1056      8013.2315      0              0.7501797    
  13550000   111249.69      297.09009     -43.882533      22668.793      3275.7202      25944.513      9165.2494      0              1888.1911      3690.6378      7924.7143      0              0.74903726   
  13560000   111667.98      299.72981     -665.58438      22614.057      3304.8258      25918.883      8985.3944      0              1958.4562      3710.5032      7959.7033      0              0.74623149   
  13570000   110764.39      307.87134      313.55788      22673.574      3394.5944      26068.168      9073.2185      0              1887.0139      3742.3762      7970.9653      0              0.75231903   
  13580000   110762.35      307.77549      70.009175      22627.627      3393.5376      26021.164      9118.5063      0              1918.2242      3669.6967      7921.1994      0              0.75233292   
  13590000   110558.15      305.4294       60.298874      22559.362      3367.6695      25927.032      9036.9728      0              1889.97        3723.927       7908.4922      0              0.75372249   
  13600000   110239.77      312.67147     -583.40898      22729.25       3447.5208      26176.771      9081.5982      0              1961.5698      3708.1467      7977.9355      0              0.75589926   
  13610000   110451.65      310.51511      400.79126      22710.834      3423.7447      26134.578      9191.1869      0              1890.091       3661.8528      7967.7029      0              0.75444921   
  13620000   110582.1       303.833       -195.47759      22705.354      3350.0677      26055.421      9147.223       0              1901.6676      3685.3409      7971.1222      0              0.75355922   
  13630000   110771.23      317.64413      10.746882      22613.352      3502.3494      26115.701      9105.2141      0              1883.1473      3688.5121      7936.4784      0              0.75227262   
  13640000   110952.51      309.12864     -145.44187      22575.434      3408.4574      25983.891      9051.3251      0              1864.0944      3762.5746      7897.4395      0              0.7510435    
  13650000   111384.32      306.26321      71.494036      22599.024      3376.8632      25975.887      9094.229       0              1895.3617      3663.0618      7946.3716      0              0.74813189   
  13660000   111684.72      310.98987     -298.42021      22586.557      3428.9794      26015.536      9083.0842      0              1897.0866      3669.3995      7936.9866      0              0.74611964   
  13670000   110934.86      307.27757     -54.79768       22544.518      3388.0475      25932.565      9060.5434      0              1904.5815      3670.5205      7908.8721      0              0.75116302   
  13680000   111217.16      303.50715      330.13842      22597.605      3346.4748      25944.079      9087.5319      0              1905.3155      3693.9508      7910.8065      0              0.7492563    
  13690000   110075.42      310.71585      169.40141      22669.165      3425.9581      26095.123      9206.0272      0              1871.7809      3666.9036      7924.4536      0              0.75702786   
  13700000   111009.66      303.89451      50.877334      22698.871      3350.7458      26049.617      9116.8123      0              1936.6599      3726.8489      7918.5497      0              0.75065686   
  13710000   111190.85      305.90755      25.038183      22632.949      3372.9417      26005.891      9172.0305      0              1870.6177      3641.7883      7948.5127      0              0.74943362   
  13720000   110748.82      305.74977     -23.96298       22682.351      3371.202       26053.553      9095.8603      0              1912.5451      3727.8284      7946.1175      0              0.75242485   
  13730000   111149.83      307.88062      229.99334      22508.328      3394.6967      25903.025      9045.942       0              1826.1407      3705.4541      7930.7914      0              0.74971017   
  13740000   110314.56      306.90183      160.02311      22582.282      3383.9046      25966.187      9076.4182      0              1854.5127      3737.3735      7913.9777      0              0.75538678   
  13750000   111513.8       306.42755     -286.29219      22537.447      3378.6751      25916.122      8995.9364      0              1879.251       3718.7045      7943.5547      0              0.74726321   
  13760000   111040.42      318.6039       306.04831      22510.081      3512.9319      26023.012      9038.0249      0              1848.3861      3657.7001      7965.9695      0              0.75044887   
  13770000   111299.86      299.27483      582.27033      22693.089      3299.8092      25992.898      9100.3392      0              1882.2716      3761.3543      7949.1237      0              0.74869959   
  13780000   112284.43      315.17352      107.17214      22585.13       3475.1084      26060.238      9032.1374      0              1862.523       3766.5197      7923.9498      0              0.74213457   
  13790000   111542.78      300.508       -281.69158      22656.301      3313.4062      25969.707      9121.2522      0              1936.1213      3682.1283      7916.7995      0              0.74706904   
  13800000   110740.22      304.05624     -141.40151      22682.574      3352.5291      26035.103      9089.5982      0              1919.4557      3701.7189      7971.8008      0              0.75248325   
  13810000   112063.29      310.548       -635.75737      22694.041      3424.1073      26118.149      9124.1829      0              1985.4057      3679.1775      7905.2752      0              0.74359908   
  13820000   111637.58      310.3202       523.78408      22690.935      3421.5956      26112.53       9154.8333      0              1873.1792      3701.3827      7961.5394      0              0.7464347    
  13830000   110868.42      315.06778      280.95118      22685.564      3473.9425      26159.507      9153.6273      0              1902.1441      3684.2206      7945.572       0              0.75161314   
  13840000   111491.91      309.80169      531.78848      22760.889      3415.8785      26176.767      9230.7884      0              1862.1861      3725.9507      7941.9635      0              0.74740993   
  13850000   110964.83      309.90816     -160.50903      22522.437      3417.0525      25939.49       9043.6469      0              1903.8421      3649.1323      7925.816       0              0.75096014   
  13860000   110969.31      305.69586     -594.72183      22668.637      3370.6076      26039.244      9123.218       0              1973.55        3643.2435      7928.6254      0              0.75092977   
  13870000   110833.85      308.4078       297.62227      22706.553      3400.5095      26107.062      9213.5294      0              1882.172       3699.5151      7911.336       0              0.7518476    
  13880000   111489.95      310.42628     -177.65658      22750.087      3422.7653      26172.852      9175.2601      0              1940.3408      3700.9711      7933.5153      0              0.74742308   
  13890000   111367         304.1166       310.16631      22713.784      3353.1946      26066.979      9165.7943      0              1869.0922      3744.3877      7934.5098      0              0.74824822   
  13900000   110938.77      300.30068     -221.72319      22714.779      3311.1202      26025.899      9189.3603      0              1929.47        3700.8375      7895.1113      0              0.75113648   
  13910000   110964.95      309.30602      34.47393       22669.753      3410.4133      26080.167      9150.859       0              1854.7588      3714.429       7949.7066      0              0.75095927   
  13920000   111479.11      309.66241     -201.72569      22781.126      3414.3428      26195.469      9216.3339      0              1956.9478      3696.5473      7911.297       0              0.74749577   
  13930000   111409.71      307.5615      -569.48171      22579.878      3391.1781      25971.056      9000.5905      0              1890.9724      3686.9822      8001.333       0              0.74796138   
  13940000   111513.66      302.18217     -556.94624      22656.356      3331.8655      25988.222      9177.4737      0              1881.5656      3659.9611      7937.3557      0              0.74726418   
  13950000   110672.31      309.44733      602.37113      22659.173      3411.9713      26071.144      9096.3576      0              1857.4748      3717.7268      7987.6136      0              0.75294497   
  13960000   110993.21      302.55125      372.21553      22681.369      3335.9351      26017.304      9167.7404      0              1902.5765      3664.6646      7946.3874      0              0.75076808   
  13970000   110807.93      305.22105     -532.98049      22509.439      3365.3723      25874.811      8977.6266      0              1910.4103      3667.482       7953.9197      0              0.75202342   
  13980000   110224.34      313.61329      532.75733      22571.236      3457.9053      26029.141      9053.5344      0              1871.7915      3673.2424      7972.6674      0              0.75600505   
  13990000   111270.62      310.25529     -393.81403      22637.838      3420.8799      26058.718      9201.0766      0              1863.4304      3685.4773      7887.8534      0              0.74889633   
  14000000   112026.15      310.61418     -469.62189      22750.736      3424.837       26175.573      9136.9063      0              1947.0603      3707.5182      7959.2515      0              0.74384564   
  14010000   111960.62      305.36179      240.69034      22687.861      3366.9241      26054.785      9207.6176      0              1848.7001      3699.2418      7932.3015      0              0.74428101   
  14020000   111061.6       305.54709     -0.53980536     22571.051      3368.9672      25940.018      9087.6389      0              1845.9859      3695.4432      7941.9831      0              0.75030577   
  14030000   111850.28      305.78674     -272.28068      22755.483      3371.6096      26127.093      9139.0687      0              1935.1277      3733.5706      7947.7162      0              0.74501521   
  14040000   110843.65      311.0242       83.34133       22667.442      3429.358       26096.8        9162.838       0              1913.1294      3681.985       7909.4898      0              0.75178113   
  14050000   111306.23      307.85121      159.449        22619.249      3394.3725      26013.621      9082.1242      0              1874.7931      3709.8514      7952.4802      0              0.74865678   
  14060000   111115.79      302.67441      60.700355      22527.631      3337.293       25864.924      9092.5671      0              1834.3825      3673.7397      7926.9415      0              0.74993985   
  14070000   111495.1       305.85791      368.51501      22637.179      3372.3944      26009.574      9199.756       0              1872.5061      3673.969       7890.9481      0              0.74738852   
  14080000   110697         310.30232      846.26146      22673.82       3421.3984      26095.218      9108.2002      0              1856.9799      3701.6012      8007.0387      0              0.75277707   
  14090000   111198.1       309.84258      131.60343      22680.159      3416.3293      26096.488      9188.2085      0              1891.602       3670.7329      7929.6154      0              0.74938475   
  14100000   111616.06      304.82384     -156.28147      22629.054      3360.9926      25990.046      9128.0755      0              1920.5591      3648.4801      7931.9392      0              0.74657861   
  14110000   111675.89      309.64658     -919.06156      22463.234      3414.1683      25877.402      8978.4716      0              1899.416       3681.4384      7903.9074      0              0.74617858   
  14120000   110936.43      311.54472      157.94489      22705.208      3435.0972      26140.305      9187.2323      0              1897.0927      3710.7075      7910.1756      0              0.75115235   
  14130000   110756.76      307.85904      209.02118      22641.056      3394.4588      26035.515      9081.2886      0              1953.5744      3715.3903      7890.8024      0              0.75237088   
  14140000   111067.65      312.62717     -13.37548       22555.893      3447.0323      26002.926      9147.0056      0              1877.0322      3667           7864.8555      0              0.7502649    
  14150000   111732.02      300.44268     -712.99967      22557.335      3312.6859      25870.021      9013.4533      0              1939.0565      3685.627       7919.1978      0              0.74580377   
  14160000   111157.43      308.7641       304.54011      22642.029      3404.4381      26046.467      9133.6722      0              1889.7665      3670.6054      7947.985       0              0.74965894   
  14170000   111195.87      306.69454      164.2463       22588.338      3381.619       25969.957      9121.4384      0              1899.1794      3619.0954      7948.625       0              0.74939977   
  14180000   110201.75      309.64267      270.44219      22725.452      3414.1252      26139.577      9213.7868      0              1883.5054      3718.2291      7909.9305      0              0.75616006   
  14190000   111646.68      307.45607     -452.24003      22577.92       3390.0157      25967.936      9046.3648      0              1888.6157      3720.9503      7921.9894      0              0.74637383   
  14200000   110520.78      297.33695      44.414401      22614.203      3278.4421      25892.645      9118.4824      0              1910.0468      3699.0767      7886.5967      0              0.75397732   
  14210000   110496.6       310.09308      486.51284      22718.307      3419.0913      26137.398      9189.2535      0              1885.1107      3718.8222      7925.1201      0              0.75414232   
  14220000   111429.24      308.19598     -359.80701      22585.851      3398.1739      25984.025      9102.1774      0              1927.4421      3622.3387      7933.8931      0              0.74783031   
  14230000   111270.75      315.79618      154.16263      22635.216      3481.9739      26117.19       9128.3936      0              1842.267       3685.9185      7978.6371      0              0.74889548   
  14240000   111081.35      306.46147      91.674785      22720.848      3379.0491      26099.897      9180.8323      0              1879.5888      3695.1744      7965.252       0              0.75017237   
  14250000   111530.29      307.75504     -463.60047      22633.918      3393.3121      26027.23       9069.6987      0              1896.248       3705.854       7962.1171      0              0.74715274   
  14251069   111271.39      305.52703     -439.47356      22574.66       3368.7461      25943.406      9059.5121      0              1880.1624      3659.1427      7975.8426      0              0.74889118   
Loop time of 4656.52 on 48 procs for 8000000 steps with 3700 atoms

Performance: 14.844 ns/day, 1.617 hours/ns, 1718.021 timesteps/s, 6.357 Matom-step/s
99.9% CPU use with 48 MPI tasks x 1 OpenMP threads

MPI task timing breakdown:
Section |  min time  |  avg time  |  max time  |%varavg| %total
---------------------------------------------------------------
Pair    | 645.3      | 1858.9     | 3296       |1431.8 | 39.92
Bond    | 168.07     | 486.33     | 735.09     | 530.6 | 10.44
Neigh   | 8.8289     | 8.8721     | 8.9185     |   0.9 |  0.19
Comm    | 457.83     | 2131.8     | 3661.9     |1563.6 | 45.78
Output  | 0.32533    | 0.60005    | 0.85525    |  18.8 |  0.01
Modify  | 121.18     | 133.75     | 147.1      |  51.2 |  2.87
Other   |            | 36.23      |            |       |  0.78

Nlocal:        77.0833 ave         110 max          27 min
Histogram: 1 0 1 10 4 3 13 6 5 5
Nghost:        2277.69 ave        2413 max        2144 min
Histogram: 3 1 9 4 6 8 7 5 3 2
Neighs:        14590.5 ave       26506 max        4718 min
Histogram: 2 5 9 5 6 7 7 4 1 2

Total # of neighbors = 700344
Ave neighs/atom = 189.28216
Ave special neighs/atom = 11.898378
Neighbor list builds = 9145
Dangerous builds = 0
System init for write_data ...
Generated 0 of 1 mixed pair_coeff terms from geometric mixing rule
Total wall time: 2:26:00
